ts_utc,crypto,price_usd,mktcap_usd,volume_24h_usd,pct_change_1h,pct_change_24h,source,fetched_at_utc
2026-01-02T17:00:00Z,BTC,90443.0,1807070879669.2544,46737715905.21525,,2.504025283878817,coingecko,2026-01-02T17:49:24Z
2026-01-02T17:00:00Z,ETH,3122.95,377433337196.3156,23852466020.408577,,4.497577172974636,coingecko,2026-01-02T17:49:24Z
2026-01-02T17:00:00Z,BNB,885.8,122027714979.95209,1457498479.0684657,,3.147919411234125,coingecko,2026-01-02T17:49:24Z
2026-01-02T18:00:00Z,BTC,90267.0,1803856149263.5647,47087968769.10064,,2.5680813819378456,coingecko,2026-01-02T18:29:51Z
2026-01-02T18:00:00Z,ETH,3121.97,377054226140.309,23966254191.48889,,4.66273252650086,coingecko,2026-01-02T18:29:51Z
2026-01-02T18:00:00Z,BNB,885.65,122118113277.72476,1492746849.123217,,3.1983593141830635,coingecko,2026-01-02T18:29:51Z
2026-01-02T19:00:00Z,BTC,89877.0,1792880739095.2644,49092815144.82169,,2.1709756778910103,coingecko,2026-01-02T19:14:19Z
2026-01-02T19:00:00Z,ETH,3116.24,375433968144.568,25059623485.65396,,4.450702302065455,coingecko,2026-01-02T19:14:19Z
2026-01-02T19:00:00Z,BNB,881.29,121275848782.169,1545870742.1189196,,2.626648912617206,coingecko,2026-01-02T19:14:19Z
2026-01-02T20:00:00Z,BTC,89962.0,1794450416670.4226,50270090736.918,,1.9762206821623995,coingecko,2026-01-02T20:22:33Z
2026-01-02T20:00:00Z,ETH,3124.36,376575855245.66254,25392564485.967487,,4.549774114569644,coingecko,2026-01-02T20:22:33Z
2026-01-02T20:00:00Z,BNB,881.49,121431393163.19136,1573774075.4070623,,2.5239321678149174,coingecko,2026-01-02T20:22:33Z
2026-01-02T21:00:00Z,BTC,89772.0,1792292231509.2664,50879665673.3028,,1.7653190065402342,coingecko,2026-01-02T21:16:16Z
2026-01-02T21:00:00Z,ETH,3118.59,376485027113.3673,25568881115.46958,,4.3803987736569,coingecko,2026-01-02T21:16:16Z
2026-01-02T21:00:00Z,BNB,879.29,121067344098.82632,1430260993.0398004,,2.103828783327653,coingecko,2026-01-02T21:16:16Z
2026-01-02T22:00:00Z,BTC,90117.0,1800759186718.3655,51913107799.59788,,1.9794058816387825,coingecko,2026-01-02T22:20:36Z
2026-01-02T22:00:00Z,ETH,3135.47,378220842384.32855,26292385977.439064,,4.990010145575563,coingecko,2026-01-02T22:20:36Z
2026-01-02T22:00:00Z,BNB,883.15,121604739948.06767,1622409415.1124191,,2.6008333760623423,coingecko,2026-01-02T22:20:36Z
2026-01-02T23:00:00Z,BTC,89896.0,1795251644442.3467,50732477836.08523,,1.3166305115116672,coingecko,2026-01-02T23:53:30Z
2026-01-02T23:00:00Z,ETH,3120.85,376770956000.1568,26170887170.89667,,4.013908161462333,coingecko,2026-01-02T23:53:30Z
2026-01-02T23:00:00Z,BNB,880.53,121322839458.69112,1659786777.5278137,,2.031828204985493,coingecko,2026-01-02T23:53:30Z
2026-01-03T03:00:00Z,BTC,90208.0,1801961521833.548,50157100640.34116,,1.6645653671356484,coingecko,2026-01-03T03:22:23Z
2026-01-03T03:00:00Z,ETH,3122.12,376963059901.5946,25677312738.591022,,3.773000187499599,coingecko,2026-01-03T03:22:23Z
2026-01-03T03:00:00Z,BNB,877.79,120903030317.82108,1725595300.1620388,,1.6957972656643463,coingecko,2026-01-03T03:22:23Z
2026-01-03T04:00:00Z,BTC,90219.0,1802422444150.428,49052406123.09848,,1.7305626756929242,coingecko,2026-01-03T04:32:43Z
2026-01-03T04:00:00Z,ETH,3119.87,376597545360.317,24587937214.1076,,3.5509482211659,coingecko,2026-01-03T04:32:43Z
2026-01-03T04:00:00Z,BNB,878.96,121056168899.74216,1699514445.702851,,1.801263995082689,coingecko,2026-01-03T04:32:43Z
2026-01-03T05:00:00Z,BTC,90024.0,1799961253168.2195,49569609896.336266,,1.6359273952959288,coingecko,2026-01-03T05:21:19Z
2026-01-03T05:00:00Z,ETH,3112.17,376227982889.3248,24743773420.91451,,3.3481971167719893,coingecko,2026-01-03T05:21:19Z
2026-01-03T05:00:00Z,BNB,877.5,121019002756.5202,1738204198.854498,,1.5892449585853052,coingecko,2026-01-03T05:21:19Z
2026-01-03T06:00:00Z,BTC,89943.0,1797910498810.266,49145984892.9996,,1.3321621577500684,coingecko,2026-01-03T06:31:22Z
2026-01-03T06:00:00Z,ETH,3107.05,375563749712.5268,25952917871.85513,,2.968574726813588,coingecko,2026-01-03T06:31:22Z
2026-01-03T06:00:00Z,BNB,875.75,120662028576.43668,1732439380.440825,,1.18927584032774,coingecko,2026-01-03T06:31:22Z
2026-01-03T07:00:00Z,BTC,89687.0,1794812779661.7764,49899982218.214615,,0.9035096996001418,coingecko,2026-01-03T07:19:38Z
2026-01-03T07:00:00Z,ETH,3089.12,374055160974.36224,25038998617.97789,,2.1026783400321465,coingecko,2026-01-03T07:19:38Z
2026-01-03T07:00:00Z,BNB,871.74,120468910537.66522,1773962697.0488942,,0.7379347257148211,coingecko,2026-01-03T07:19:38Z
2026-01-03T08:00:00Z,BTC,89582.0,1787920799531.4597,50129197974.22104,,0.6704813268132775,coingecko,2026-01-03T08:27:16Z
2026-01-03T08:00:00Z,ETH,3094.62,373274459207.6812,25478589666.161068,,2.3557617925423364,coingecko,2026-01-03T08:27:16Z
2026-01-03T08:00:00Z,BNB,872.29,120142065543.57022,1731463620.2369788,,0.651587539897453,coingecko,2026-01-03T08:27:16Z
2026-01-03T09:00:00Z,BTC,89643.0,1789948137816.9204,49570856387.40325,,0.6031104565178368,coingecko,2026-01-03T09:20:44Z
2026-01-03T09:00:00Z,ETH,3093.07,373282424653.761,24997090197.113503,,1.9051170694560435,coingecko,2026-01-03T09:20:44Z
2026-01-03T09:00:00Z,BNB,873.66,120332227761.89912,1738087641.464426,,0.6868279861449875,coingecko,2026-01-03T09:20:44Z
2026-01-03T10:00:00Z,BTC,89701.0,1791188189050.955,47624957074.96175,,-0.0405213313684938,coingecko,2026-01-03T10:20:45Z
2026-01-03T10:00:00Z,ETH,3097.98,373870531654.4284,23850552747.183,,1.311168799905173,coingecko,2026-01-03T10:20:45Z
2026-01-03T10:00:00Z,BNB,873.31,120379787415.31136,1724504985.8561518,,0.1169192032602537,coingecko,2026-01-03T10:20:45Z
2026-01-03T11:00:00Z,BTC,89654.0,1791401681723.819,46176356757.41328,,0.2657993709640148,coingecko,2026-01-03T11:17:19Z
2026-01-03T11:00:00Z,ETH,3092.88,373622359614.9143,23330086580.72752,,1.6390065624856205,coingecko,2026-01-03T11:17:19Z
2026-01-03T11:00:00Z,BNB,872.4,120169567282.0302,1692271556.4466622,,0.4549386418435617,coingecko,2026-01-03T11:17:19Z
2026-01-03T12:00:00Z,BTC,89722.0,1791735313437.817,45318632438.587234,,0.377447496862097,coingecko,2026-01-03T12:39:33Z
2026-01-03T12:00:00Z,ETH,3095.65,373943778011.5296,24216761140.19591,,1.4917843927424987,coingecko,2026-01-03T12:39:33Z
2026-01-03T12:00:00Z,BNB,874.42,120472276758.0463,1694999822.612637,,0.5457793561402113,coingecko,2026-01-03T12:39:33Z
2026-01-03T13:00:00Z,BTC,89940.0,1795930287246.6414,45137361955.64372,,0.4908190158268439,coingecko,2026-01-03T13:29:01Z
2026-01-03T13:00:00Z,ETH,3103.19,374479075128.8277,22679409516.74619,,1.7176646324864715,coingecko,2026-01-03T13:29:01Z
2026-01-03T13:00:00Z,BNB,875.44,120570023685.98044,1678909584.3267343,,0.5241807363756237,coingecko,2026-01-03T13:29:01Z
<<<<<<< HEAD,,,,,,,,
2026-01-03T14:00:00Z,BTC,89993.0,1796281330274.6506,43503886433.99376,,1.044038832636072,coingecko,2026-01-03T14:19:08Z
2026-01-03T14:00:00Z,ETH,3104.05,374284341267.0822,21967650131.873,,2.0743904229639383,coingecko,2026-01-03T14:19:08Z
2026-01-03T14:00:00Z,BNB,875.07,120635344765.95811,1650792056.0216515,,0.6823659461801047,coingecko,2026-01-03T14:19:08Z
2026-01-03T15:00:00Z,BTC,89943.0,1797132270443.366,39003998058.80582,,0.8600512918859178,coingecko,2026-01-03T15:19:29Z
2026-01-03T15:00:00Z,ETH,3100.23,374223757653.8895,18899810906.311226,,0.9770256262647662,coingecko,2026-01-03T15:19:29Z
2026-01-03T15:00:00Z,BNB,872.09,120256741377.62234,1551215001.4448216,,-0.0885719479545425,coingecko,2026-01-03T15:19:29Z
=======,,,,,,,,
2026-01-03T01:00:00Z,BTC,90149.0,1800037752820.2517,50195230385.06516,,1.8322848406552408,coingecko,2026-01-03T01:50:50Z
2026-01-03T01:00:00Z,ETH,3129.12,377697196040.6678,25995469069.05046,,4.392351937084738,coingecko,2026-01-03T01:50:50Z
2026-01-03T01:00:00Z,BNB,880.19,121257604562.0216,1684575866.5231133,,2.184721725185125,coingecko,2026-01-03T01:50:50Z
>>>>>>> 1b95c18 (Finalize live dashboard UI, sentiment display, and prediction tracking),,,,,,
>>>>>>> b326b55 (Finalize live dashboard UI, sentiment display, and prediction tracking),,,,,,
2026-01-03T16:00:00Z,BTC,89923.0,1795624971321.7705,34600677856.66243,,0.0481814624973235,coingecko,2026-01-03T16:27:15Z
2026-01-03T16:00:00Z,ETH,3099.2,374046097204.3307,16797219779.913357,,-0.007778979760981,coingecko,2026-01-03T16:27:15Z
2026-01-03T16:00:00Z,BNB,873.74,120360618654.45293,1393601301.0453448,,-0.7351962000395073,coingecko,2026-01-03T16:27:15Z
2026-01-03T17:00:00Z,BTC,90016.0,1798423752048.142,30423573111.09866,,-0.8272630505825024,coingecko,2026-01-03T17:17:51Z
2026-01-03T17:00:00Z,ETH,3105.29,374909696524.9269,15791611511.29939,,-1.2397754504146763,coingecko,2026-01-03T17:17:51Z
2026-01-03T17:00:00Z,BNB,875.12,120575899000.82414,1248599150.8180308,,-1.6244314988358082,coingecko,2026-01-03T17:17:51Z
2026-01-03T18:00:00Z,BTC,90100.0,1797721196950.6262,27716094802.54137,,-0.174021713535291,coingecko,2026-01-03T18:29:01Z
2026-01-03T18:00:00Z,ETH,3112.44,374900850033.6549,14867597422.429949,,-0.2823464539666154,coingecko,2026-01-03T18:29:01Z
2026-01-03T18:00:00Z,BNB,876.44,120668632861.42502,1209150169.7505724,,-1.0534936845044665,coingecko,2026-01-03T18:29:01Z
2026-01-03T19:00:00Z,BTC,90027.0,1797922724055.5825,25755366817.06624,,0.0520140264356027,coingecko,2026-01-03T19:15:39Z
2026-01-03T19:00:00Z,ETH,3109.72,375313903371.2704,13804431335.875343,,-0.3117906202304249,coingecko,2026-01-03T19:15:39Z
2026-01-03T19:00:00Z,BNB,875.97,120658877990.63446,1132471910.0164669,,-0.5254227273018324,coingecko,2026-01-03T19:15:39Z
2026-01-03T20:00:00Z,BTC,90031.0,1797382369929.8655,24073177566.27672,,0.0915240006444733,coingecko,2026-01-03T20:22:15Z
2026-01-03T20:00:00Z,ETH,3107.49,375011082833.1483,12101556865.74049,,-0.5120966485561864,coingecko,2026-01-03T20:22:15Z
2026-01-03T20:00:00Z,BNB,875.59,120557240526.03725,1081964699.432556,,-0.6313234619797531,coingecko,2026-01-03T20:22:15Z
2026-01-03T21:00:00Z,BTC,90350.0,1803731123899.298,23396100372.869537,,0.6253214813760338,coingecko,2026-01-03T21:18:21Z
2026-01-03T21:00:00Z,ETH,3115.02,375685405951.1607,12037396672.675968,,-0.0833152289184396,coingecko,2026-01-03T21:18:21Z
2026-01-03T21:00:00Z,BNB,877.3,120794439185.68108,1085886924.2191925,,-0.1916315997826478,coingecko,2026-01-03T21:18:21Z
2026-01-03T22:00:00Z,BTC,90557.0,1806643382700.009,23378431776.85788,,0.4531319726748216,coingecko,2026-01-03T22:19:30Z
2026-01-03T22:00:00Z,ETH,3118.43,376151076269.9944,11662905191.309929,,-0.4580336376042683,coingecko,2026-01-03T22:19:30Z
2026-01-03T22:00:00Z,BNB,879.04,121064889177.16965,1056012685.9951274,,-0.4125582138819251,coingecko,2026-01-03T22:19:30Z
2026-01-03T23:00:00Z,BTC,90595.0,1806557040386.7207,23566311284.130707,,0.5881598535093803,coingecko,2026-01-03T23:19:31Z
2026-01-03T23:00:00Z,ETH,3126.11,376918873240.8215,11534932282.924286,,-0.1468256752197299,coingecko,2026-01-03T23:19:31Z
2026-01-03T23:00:00Z,BNB,879.06,121011165794.32158,1041770309.185178,,-0.5881827873616245,coingecko,2026-01-03T23:19:31Z
2026-01-04T01:00:00Z,BTC,91001.0,1818105535266.7664,26377074006.189167,,0.9465050465993357,coingecko,2026-01-04T01:52:51Z
2026-01-04T01:00:00Z,ETH,3143.3,379234584688.01,12769498315.913946,,0.4553070167436176,coingecko,2026-01-04T01:52:51Z
2026-01-04T01:00:00Z,BNB,881.26,121379014149.69193,1064271789.6822022,,0.1264258018179955,coingecko,2026-01-04T01:52:51Z
2026-01-04T03:00:00Z,BTC,91247.0,1822281733664.181,27093098945.75367,,1.0303465537720848,coingecko,2026-01-04T03:51:13Z
2026-01-04T03:00:00Z,ETH,3147.99,379905405298.9487,14277548847.774042,,0.7713814660759122,coingecko,2026-01-04T03:51:13Z
2026-01-04T03:00:00Z,BNB,882.71,121559822475.7032,998372615.84215,,0.4494897104539646,coingecko,2026-01-04T03:51:13Z
2026-01-04T04:00:00Z,BTC,91459.0,1826617333642.576,26811905280.80789,,1.5321518266612124,coingecko,2026-01-04T04:49:43Z
2026-01-04T04:00:00Z,ETH,3150.9,380239000228.5438,12866338444.36273,,1.1084537799966645,coingecko,2026-01-04T04:49:43Z
2026-01-04T04:00:00Z,BNB,890.02,122272898458.4389,1035887669.5006404,,1.3641278443285134,coingecko,2026-01-04T04:49:43Z
2026-01-04T05:00:00Z,BTC,91408.0,1824389872601.16,26623746977.19008,,1.5460614347369803,coingecko,2026-01-04T05:25:43Z
2026-01-04T05:00:00Z,ETH,3148.47,380031209408.0024,12295279609.44148,,1.176055230500563,coingecko,2026-01-04T05:25:43Z
2026-01-04T05:00:00Z,BNB,887.48,121962320526.7081,1043873680.921393,,1.1477659708666588,coingecko,2026-01-04T05:25:43Z
2026-01-04T06:00:00Z,BTC,91541.0,1828868647077.1943,27347912366.30835,,1.7870681713356984,coingecko,2026-01-04T06:31:45Z
2026-01-04T06:00:00Z,ETH,3149.96,380005999481.2449,13038607291.329617,,1.3923296798879534,coingecko,2026-01-04T06:31:45Z
2026-01-04T06:00:00Z,BNB,887.34,122302229434.7799,1052011410.566251,,1.2993725851831162,coingecko,2026-01-04T06:31:45Z
2026-01-04T07:00:00Z,BTC,91294.0,1823059601332.872,27286338979.73968,,1.9690047104761816,coingecko,2026-01-04T07:21:27Z
2026-01-04T07:00:00Z,ETH,3139.42,378911872850.9449,12821173578.839417,,1.5145577153080698,coingecko,2026-01-04T07:21:27Z
2026-01-04T07:00:00Z,BNB,884.16,121824373644.64856,1029714960.317238,,1.4396548097150916,coingecko,2026-01-04T07:21:27Z
2026-01-04T08:00:00Z,BTC,91187.0,1821400850808.6057,26825414632.720177,,1.7029429140942716,coingecko,2026-01-04T08:27:44Z
2026-01-04T08:00:00Z,ETH,3131.24,378034397044.82745,13738448218.17698,,1.1924328573146596,coingecko,2026-01-04T08:27:44Z
2026-01-04T08:00:00Z,BNB,883.46,121697180925.78104,983839692.5437032,,1.2880612060709582,coingecko,2026-01-04T08:27:44Z
2026-01-04T09:00:00Z,BTC,91333.0,1822237584872.316,27659536108.78679,,1.9137667579410471,coingecko,2026-01-04T09:19:49Z
2026-01-04T09:00:00Z,ETH,3138.11,378354790159.94696,12537905961.43797,,1.484323561415704,coingecko,2026-01-04T09:19:49Z
2026-01-04T09:00:00Z,BNB,884.89,121810433990.57616,972784129.4419088,,1.288792565447409,coingecko,2026-01-04T09:19:49Z
2026-01-04T10:00:00Z,BTC,91442.0,1826539704806.057,28498378182.35247,,1.9425423821160643,coingecko,2026-01-04T10:20:26Z
2026-01-04T10:00:00Z,ETH,3142.46,379497965872.5329,12710981720.444635,,1.4356387033397673,coingecko,2026-01-04T10:20:26Z
2026-01-04T10:00:00Z,BNB,886.26,122099358904.63148,1010179419.1034888,,1.4822669638776242,coingecko,2026-01-04T10:20:26Z
2026-01-04T11:00:00Z,BTC,91316.0,1825155631459.6592,29711585722.82734,,1.854511450066416,coingecko,2026-01-04T11:17:05Z
2026-01-04T11:00:00Z,ETH,3140.47,379163879527.7191,13968819838.809008,,1.532492628839605,coingecko,2026-01-04T11:17:05Z
2026-01-04T11:00:00Z,BNB,885.36,121947818193.07803,1028527364.4779868,,1.4953529184242922,coingecko,2026-01-04T11:17:05Z
2026-01-04T12:00:00Z,BTC,91161.0,1820611282325.295,29878118808.51261,,1.6192577684272556,coingecko,2026-01-04T12:40:10Z
2026-01-04T12:00:00Z,ETH,3138.41,378789845792.30896,12676254507.556698,,1.387910195411299,coingecko,2026-01-04T12:40:10Z
2026-01-04T12:00:00Z,BNB,886.35,122081029179.25829,982588172.1351776,,1.4096128543194757,coingecko,2026-01-04T12:40:10Z
2026-01-04T13:00:00Z,BTC,91135.0,1819100543544.8567,29740746366.86181,,1.2994587666064044,coingecko,2026-01-04T13:29:41Z
2026-01-04T13:00:00Z,ETH,3136.52,378213482567.7219,12781091647.012112,,1.0367552022521025,coingecko,2026-01-04T13:29:41Z
2026-01-04T13:00:00Z,BNB,887.98,122319959956.12411,1020616740.0831822,,1.4459506955854835,coingecko,2026-01-04T13:29:41Z
2026-01-04T14:00:00Z,BTC,91270.0,1821656786558.0264,30283522202.10909,,1.428125406096073,coingecko,2026-01-04T14:18:43Z
2026-01-04T14:00:00Z,ETH,3137.02,378568100857.7116,12905554119.63326,,1.0633570031551616,coingecko,2026-01-04T14:18:43Z
2026-01-04T14:00:00Z,BNB,887.02,122257256063.15588,1032849324.9640664,,1.397163473398792,coingecko,2026-01-04T14:18:43Z
2026-01-04T15:00:00Z,BTC,91239.0,1823108782233.1843,30139431213.920147,,1.432504684844344,coingecko,2026-01-04T15:19:43Z
2026-01-04T15:00:00Z,ETH,3135.57,378551453180.5584,12750093127.592964,,1.0956308101857837,coingecko,2026-01-04T15:19:43Z
2026-01-04T15:00:00Z,BNB,887.76,122221801741.7232,1020401703.0996144,,1.7663303872032177,coingecko,2026-01-04T15:19:43Z
2026-01-04T16:00:00Z,BTC,91290.0,1822750049908.0583,30932635908.492992,,1.5296184768570569,coingecko,2026-01-04T16:24:20Z
2026-01-04T16:00:00Z,ETH,3132.21,378115118301.7229,13156466291.013033,,1.0744960505185377,coingecko,2026-01-04T16:24:20Z
2026-01-04T16:00:00Z,BNB,891.06,122854172645.78967,1053132435.8441876,,1.92906093493838,coingecko,2026-01-04T16:24:20Z
2026-01-04T17:00:00Z,BTC,91301.0,1823882124871.9749,30681019967.73838,,1.462947094573979,coingecko,2026-01-04T17:17:52Z
2026-01-04T17:00:00Z,ETH,3135.59,378844218607.9351,13326210899.231789,,0.9991345760572312,coingecko,2026-01-04T17:17:52Z
2026-01-04T17:00:00Z,BNB,897.5,123744828734.73788,1105678708.36848,,2.559294605823569,coingecko,2026-01-04T17:17:52Z
2026-01-04T18:00:00Z,BTC,91136.0,1821420695750.95,31128842297.424747,,1.1263791340423557,coingecko,2026-01-04T18:29:21Z
2026-01-04T18:00:00Z,ETH,3128.76,377868626716.5701,14422571907.48171,,0.4741727346263742,coingecko,2026-01-04T18:29:21Z
2026-01-04T18:00:00Z,BNB,896.85,123715839648.92355,1157318572.8282316,,2.3706031493743005,coingecko,2026-01-04T18:29:21Z
2026-01-04T19:00:00Z,BTC,90976.0,1817680587376.8145,31662902770.74104,,1.0608172200638468,coingecko,2026-01-04T19:16:22Z
2026-01-04T19:00:00Z,ETH,3125.91,377225683041.0748,14812455462.612856,,0.5256508514152402,coingecko,2026-01-04T19:16:22Z
2026-01-04T19:00:00Z,BNB,891.68,122935676873.55035,1215272829.9981964,,1.803934122094459,coingecko,2026-01-04T19:16:22Z
2026-01-04T20:00:00Z,BTC,91219.0,1821774294026.059,32024303133.71255,,1.3092812613740008,coingecko,2026-01-04T20:23:07Z
2026-01-04T20:00:00Z,ETH,3136.11,378293289387.62286,13908895045.881395,,0.9237888450820476,coingecko,2026-01-04T20:23:07Z
2026-01-04T20:00:00Z,BNB,895.19,123304681152.59082,1259652666.619985,,2.224733318688011,coingecko,2026-01-04T20:23:07Z
2026-01-04T21:00:00Z,BTC,91301.0,1823752265221.9675,31730138493.938293,,1.032970912831168,coingecko,2026-01-04T21:18:49Z
2026-01-04T21:00:00Z,ETH,3146.61,379276244264.3691,14146257362.767117,,0.9391073896579184,coingecko,2026-01-04T21:18:49Z
2026-01-04T21:00:00Z,BNB,895.78,123348527440.91634,1258631779.7351787,,2.0782808598069464,coingecko,2026-01-04T21:18:49Z
2026-01-04T22:00:00Z,BTC,91170.0,1824102709746.38,31416505705.31248,,0.7045914460854447,coingecko,2026-01-04T22:19:47Z
2026-01-04T22:00:00Z,ETH,3140.5,379969810074.248,14165020912.902777,,0.7893980294934559,coingecko,2026-01-04T22:19:47Z
2026-01-04T22:00:00Z,BNB,893.02,123530513335.2598,1243979425.9160807,,1.5923204543129317,coingecko,2026-01-04T22:19:47Z
2026-01-04T23:00:00Z,BTC,91291.0,1825649898805.132,30771833935.704247,,0.7782633679494089,coingecko,2026-01-04T23:19:44Z
2026-01-04T23:00:00Z,ETH,3138.68,380006056566.8953,14175378897.099096,,0.4099691978286459,coingecko,2026-01-04T23:19:44Z
2026-01-04T23:00:00Z,BNB,893.49,123359484578.91704,1265729000.9091258,,1.658334452243034,coingecko,2026-01-04T23:19:44Z
2026-01-05T01:00:00Z,BTC,93035.0,1860336318212.563,35979579495.51728,,2.097550069319356,coingecko,2026-01-05T01:52:51Z
2026-01-05T01:00:00Z,ETH,3203.03,386970465977.867,17265631908.903843,,1.9340512269970296,coingecko,2026-01-05T01:52:51Z
2026-01-05T01:00:00Z,BNB,904.4,124634527476.6476,1348177168.92729,,2.6268973508259275,coingecko,2026-01-05T01:52:51Z
2026-01-05T03:00:00Z,BTC,92875.0,1855243770863.1924,37462075916.82767,,1.7980511728292994,coingecko,2026-01-05T03:55:49Z
2026-01-05T03:00:00Z,ETH,3185.24,384458714130.1086,17668239955.27492,,1.1672486874174757,coingecko,2026-01-05T03:55:49Z
2026-01-05T03:00:00Z,BNB,899.19,123902960396.006,1313679610.0444198,,1.8330689658095296,coingecko,2026-01-05T03:55:49Z
2026-01-05T04:00:00Z,BTC,92546.0,1847769995232.8025,38174626251.18603,,1.3016434084424855,coingecko,2026-01-05T04:57:34Z
2026-01-05T04:00:00Z,ETH,3165.4,382027517097.7081,17062205493.92996,,0.5944926072025531,coingecko,2026-01-05T04:57:34Z
2026-01-05T04:00:00Z,BNB,895.04,123280738555.7912,1356349874.8565245,,0.7267104121473626,coingecko,2026-01-05T04:57:34Z
2026-01-05T05:00:00Z,BTC,92586.0,1849459979914.5408,37981248321.30292,,1.273418742394444,coingecko,2026-01-05T05:39:01Z
2026-01-05T05:00:00Z,ETH,3162.51,381805807249.41473,16057995572.345448,,0.541200801862127,coingecko,2026-01-05T05:39:01Z
2026-01-05T05:00:00Z,BNB,894.23,123157966963.34044,1160170381.545468,,0.7703883676091283,coingecko,2026-01-05T05:39:01Z
2026-01-05T06:00:00Z,BTC,92269.0,1841523169347.896,37785624620.94525,,0.9045305475088182,coingecko,2026-01-05T06:39:13Z
2026-01-05T06:00:00Z,ETH,3148.73,379532235085.89984,17432510403.05509,,0.0834291246727931,coingecko,2026-01-05T06:39:13Z
2026-01-05T06:00:00Z,BNB,895.68,123223206457.74768,1329447445.7805665,,1.1142562447936668,coingecko,2026-01-05T06:39:13Z
2026-01-05T07:00:00Z,BTC,92507.0,1847495522658.9785,37636668803.23866,,1.4023553930258046,coingecko,2026-01-05T07:29:00Z
2026-01-05T07:00:00Z,ETH,3155.44,380807747849.0992,17235080113.571846,,0.6442248879617468,coingecko,2026-01-05T07:29:00Z
2026-01-05T07:00:00Z,BNB,898.41,123718462114.73643,1308434013.0510175,,1.7352781369446266,coingecko,2026-01-05T07:29:00Z
2026-01-05T08:00:00Z,BTC,92658.0,1850212542492.2893,37424889147.645775,,1.5650634120065434,coingecko,2026-01-05T08:33:38Z
2026-01-05T08:00:00Z,ETH,3166.35,382035676145.3571,17059477800.28397,,1.006309023292516,coingecko,2026-01-05T08:33:38Z
2026-01-05T08:00:00Z,BNB,899.6,123880719211.33086,1303506864.694319,,1.751075844234142,coingecko,2026-01-05T08:33:38Z
2026-01-05T09:00:00Z,BTC,92550.0,1848780013418.6848,37533689496.76966,,1.3492151395995382,coingecko,2026-01-05T09:31:54Z
2026-01-05T09:00:00Z,ETH,3159.28,381433044494.827,16250904212.566414,,0.7629371809713453,coingecko,2026-01-05T09:31:54Z
2026-01-05T09:00:00Z,BNB,897.69,123602706032.71556,1329683078.239602,,1.4438230605365363,coingecko,2026-01-05T09:31:54Z
2026-01-05T10:00:00Z,BTC,92842.0,1854127154556.668,37057918960.97447,,1.53813197818402,coingecko,2026-01-05T10:25:22Z
2026-01-05T10:00:00Z,ETH,3172.48,382883913473.2017,17097426542.233076,,0.919275447344498,coingecko,2026-01-05T10:25:22Z
2026-01-05T10:00:00Z,BNB,902.44,124248979328.30536,1331335015.0635736,,1.8383620669112244,coingecko,2026-01-05T10:25:22Z
2026-01-05T11:00:00Z,BTC,92876.0,1854562621505.4656,37639087174.16867,,1.682776473433694,coingecko,2026-01-05T11:20:03Z
2026-01-05T11:00:00Z,ETH,3168.98,382340032474.8674,17155166204.063473,,0.9304950407895524,coingecko,2026-01-05T11:20:03Z
2026-01-05T11:00:00Z,BNB,902.63,124352020839.57031,1338774137.6011846,,1.947060220001647,coingecko,2026-01-05T11:20:03Z
2026-01-05T12:00:00Z,BTC,92756.0,1853295158894.86,38066157519.81541,,1.8514858180440263,coingecko,2026-01-05T12:46:31Z
2026-01-05T12:00:00Z,ETH,3166.23,382329823884.81055,17900144582.204,,1.0105833964818147,coingecko,2026-01-05T12:46:31Z
2026-01-05T12:00:00Z,BNB,904.58,124489842639.72511,1404452600.0508575,,2.099356660005605,coingecko,2026-01-05T12:46:31Z
2026-01-05T13:00:00Z,BTC,92639.0,1850905202011.1096,38430626508.07922,,1.6054410562974673,coingecko,2026-01-05T13:40:42Z
2026-01-05T13:00:00Z,ETH,3152.23,380878036366.1563,18456577861.557125,,0.5330756692919718,coingecko,2026-01-05T13:40:42Z
2026-01-05T13:00:00Z,BNB,901.87,124273706047.49886,1436107781.4984596,,1.5076508813237748,coingecko,2026-01-05T13:40:42Z
2026-01-05T14:00:00Z,BTC,92738.0,1851184721569.4988,39049198364.23052,,1.6393044172149984,coingecko,2026-01-05T14:24:48Z
2026-01-05T14:00:00Z,ETH,3150.96,380206634205.337,18923302316.66408,,0.5303483900703989,coingecko,2026-01-05T14:24:48Z
2026-01-05T14:00:00Z,BNB,902.13,124272166504.135,1447197557.014402,,1.716145914987694,coingecko,2026-01-05T14:24:48Z
2026-01-05T15:00:00Z,BTC,93311.0,1864116553486.741,43535492908.01599,,2.3047258328305067,coingecko,2026-01-05T15:24:41Z
2026-01-05T15:00:00Z,ETH,3158.28,381395244193.6481,20899080952.18668,,0.7454066613081203,coingecko,2026-01-05T15:24:41Z
2026-01-05T15:00:00Z,BNB,901.32,124250238190.56718,1431831892.9334092,,1.550762521164898,coingecko,2026-01-05T15:24:41Z
2026-01-05T16:00:00Z,BTC,93818.0,1875111703515.489,47848373907.35299,,2.774553708775032,coingecko,2026-01-05T16:27:22Z
2026-01-05T16:00:00Z,ETH,3180.66,384250976432.8584,23468215696.02172,,1.5567861268840526,coingecko,2026-01-05T16:27:22Z
2026-01-05T16:00:00Z,BNB,905.27,124698828357.7371,1517414820.2305496,,1.58031396717092,coingecko,2026-01-05T16:27:22Z
2026-01-05T17:00:00Z,BTC,93503.0,1868786716487.2788,49438767458.30281,,2.394258174795122,coingecko,2026-01-05T17:22:55Z
2026-01-05T17:00:00Z,ETH,3173.26,384128456037.5962,24039600935.983334,,1.221972535659636,coingecko,2026-01-05T17:22:55Z
2026-01-05T17:00:00Z,BNB,903.32,124512426033.67732,1489673815.3175888,,0.7435076039831939,coingecko,2026-01-05T17:22:55Z
2026-01-05T18:00:00Z,BTC,94003.0,1878011762756.0127,52642139304.83294,,3.146847319053573,coingecko,2026-01-05T18:33:12Z
2026-01-05T18:00:00Z,ETH,3200.4,386412650151.5247,24748207268.84576,,2.307461768790442,coingecko,2026-01-05T18:33:12Z
2026-01-05T18:00:00Z,BNB,904.6,124567912025.35858,1470934448.8904428,,0.8407274697672051,coingecko,2026-01-05T18:33:12Z
2026-01-05T19:00:00Z,BTC,94335.0,1882186791789.433,54209502713.0256,,3.646439568514796,coingecko,2026-01-05T19:20:26Z
2026-01-05T19:00:00Z,ETH,3222.88,388624283557.9903,26595680471.973625,,3.0592428205226585,coingecko,2026-01-05T19:20:26Z
2026-01-05T19:00:00Z,BNB,907.46,124968387332.51736,1283889006.5772662,,1.778989705416389,coingecko,2026-01-05T19:20:26Z
2026-01-05T20:00:00Z,BTC,94459.0,1883897215639.476,56294344717.1992,,3.52509905192627,coingecko,2026-01-05T20:25:53Z
2026-01-05T20:00:00Z,ETH,3238.15,390187879813.5129,26559853090.158512,,3.195338175303123,coingecko,2026-01-05T20:25:53Z
2026-01-05T20:00:00Z,BNB,914.54,125838980122.46512,1474055499.4327223,,2.1099755873889405,coingecko,2026-01-05T20:25:53Z
2026-01-05T21:00:00Z,BTC,94058.0,1879657774904.6067,58091396112.020645,,3.024766043169272,coingecko,2026-01-05T21:20:49Z
2026-01-05T21:00:00Z,ETH,3240.44,390978695378.70886,27448478280.860355,,3.0029671278406336,coingecko,2026-01-05T21:20:49Z
2026-01-05T21:00:00Z,BNB,910.99,125654648808.8515,1490978221.8672657,,1.6854841117149404,coingecko,2026-01-05T21:20:49Z
2026-01-05T22:00:00Z,BTC,94270.0,1879034433869.1704,58928160833.77157,,3.433085668658408,coingecko,2026-01-05T22:21:06Z
2026-01-05T22:00:00Z,ETH,3242.3,390480850347.967,28430416191.11647,,3.322928815326788,coingecko,2026-01-05T22:21:06Z
2026-01-05T22:00:00Z,BNB,913.15,125757410800.56557,1486890991.8338194,,2.242940027644256,coingecko,2026-01-05T22:21:06Z
2026-01-05T23:00:00Z,BTC,94013.0,1878548652161.0989,59676925580.08041,,2.9224280372818834,coingecko,2026-01-05T23:20:22Z
2026-01-05T23:00:00Z,ETH,3232.12,390455660492.0003,29317200007.856148,,2.910049536134598,coingecko,2026-01-05T23:20:22Z
2026-01-05T23:00:00Z,BNB,912.0,125564687702.97437,1533208312.3293395,,2.025136968581156,coingecko,2026-01-05T23:20:22Z
2026-01-06T01:00:00Z,BTC,93906.0,1877458532169.2463,54190261367.253525,,0.8783241026304204,coingecko,2026-01-06T01:44:17Z
2026-01-06T01:00:00Z,ETH,3230.25,390253475418.11145,27640142724.30388,,0.7607285480435317,coingecko,2026-01-06T01:44:17Z
2026-01-06T01:00:00Z,BNB,908.78,125145796556.7086,1429780122.2807736,,0.4125127634634731,coingecko,2026-01-06T01:44:17Z
2026-01-06T03:00:00Z,BTC,93869.0,1873916557609.0984,51839934496.80428,,0.984419870581174,coingecko,2026-01-06T03:38:43Z
2026-01-06T03:00:00Z,ETH,3227.82,389518932440.368,27001688481.57286,,1.1726807974971072,coingecko,2026-01-06T03:38:43Z
2026-01-06T03:00:00Z,BNB,908.13,125010905769.3045,1418706018.1875644,,0.9556616417928951,coingecko,2026-01-06T03:38:43Z
2026-01-06T04:00:00Z,BTC,93891.0,1875226539284.283,50807870098.8604,,1.5422695485622702,coingecko,2026-01-06T04:39:37Z
2026-01-06T04:00:00Z,ETH,3229.76,389829706404.77625,25010308369.25364,,2.0577416677508578,coingecko,2026-01-06T04:39:37Z
2026-01-06T04:00:00Z,BNB,908.79,125172274012.93236,1361612717.8538775,,1.9096885226446527,coingecko,2026-01-06T04:39:37Z
2026-01-06T05:00:00Z,BTC,93756.0,1871015983338.9795,50674241246.59594,,1.179404045663393,coingecko,2026-01-06T05:25:07Z
2026-01-06T05:00:00Z,ETH,3225.27,389095911468.1824,24816071037.22642,,1.9045241988206512,coingecko,2026-01-06T05:25:07Z
2026-01-06T05:00:00Z,BNB,906.12,124855482907.5052,1358126835.9570827,,1.2867565930787586,coingecko,2026-01-06T05:25:07Z
2026-01-06T06:00:00Z,BTC,93825.0,1870383147391.754,50757723136.51469,,1.81717866565308,coingecko,2026-01-06T06:35:11Z
2026-01-06T06:00:00Z,ETH,3228.97,388446874181.3376,24168629596.93808,,2.8637457434132334,coingecko,2026-01-06T06:35:11Z
2026-01-06T06:00:00Z,BNB,907.0,124635120965.8345,1295297486.0987215,,1.620050133102843,coingecko,2026-01-06T06:35:11Z
2026-01-06T07:00:00Z,BTC,93348.0,1864692717334.172,51564829766.23378,,0.9088153598552676,coingecko,2026-01-06T07:26:09Z
2026-01-06T07:00:00Z,ETH,3223.83,389146040583.97845,26329121806.26897,,2.1714254933497745,coingecko,2026-01-06T07:26:09Z
2026-01-06T07:00:00Z,BNB,904.82,124671069777.89249,1364350260.2153475,,0.7017813535850017,coingecko,2026-01-06T07:26:09Z
2026-01-06T08:00:00Z,BTC,93275.0,1862902684736.6548,52179177570.249,,0.6805482675250771,coingecko,2026-01-06T08:31:14Z
2026-01-06T08:00:00Z,ETH,3216.65,388233180891.76166,25730192706.496822,,1.6153141470817811,coingecko,2026-01-06T08:31:14Z
2026-01-06T08:00:00Z,BNB,904.69,124652420528.5443,1387295886.465317,,0.5847209803069067,coingecko,2026-01-06T08:31:14Z
2026-01-06T09:00:00Z,BTC,93455.0,1866802739349.073,51851334133.765884,,1.0138284939523674,coingecko,2026-01-06T09:26:48Z
2026-01-06T09:00:00Z,ETH,3225.35,389324738791.19147,26497559339.16281,,2.064899061582784,coingecko,2026-01-06T09:26:48Z
2026-01-06T09:00:00Z,BNB,912.84,125688540481.59296,1324893671.9348898,,1.7656278256278617,coingecko,2026-01-06T09:26:48Z
2026-01-06T10:00:00Z,BTC,93510.0,1868491484533.08,51053231850.51482,,0.7381821670430752,coingecko,2026-01-06T10:24:07Z
2026-01-06T10:00:00Z,ETH,3225.15,389528146798.2479,25368684769.00625,,1.72338914175096,coingecko,2026-01-06T10:24:07Z
2026-01-06T10:00:00Z,BNB,913.58,125857077258.4678,1379384065.3870327,,1.2726693296260314,coingecko,2026-01-06T10:24:07Z
2026-01-06T11:00:00Z,BTC,93672.0,1870213946461.57,50449400977.89916,,0.8604246902061123,coingecko,2026-01-06T11:19:11Z
2026-01-06T11:00:00Z,ETH,3233.57,390240556457.4075,26244926802.364105,,1.974000948787352,coingecko,2026-01-06T11:19:11Z
2026-01-06T11:00:00Z,BNB,912.36,125677246530.6168,1382632256.3141894,,1.064332876859312,coingecko,2026-01-06T11:19:11Z
2026-01-06T12:00:00Z,BTC,93761.0,1872891590520.168,50441754005.81674,,1.0372710265416103,coingecko,2026-01-06T12:44:05Z
2026-01-06T12:00:00Z,ETH,3237.33,390800232863.1303,26893691284.69456,,2.1888799438405804,coingecko,2026-01-06T12:44:05Z
2026-01-06T12:00:00Z,BNB,911.54,125557765335.29524,1323339980.064242,,0.8457299837513175,coingecko,2026-01-06T12:44:05Z
2026-01-06T13:00:00Z,BTC,93664.0,1871894637798.5664,49841625086.71175,,1.0665813774671788,coingecko,2026-01-06T13:37:46Z
2026-01-06T13:00:00Z,ETH,3232.48,390522630970.294,25437925936.994183,,2.5932004008324587,coingecko,2026-01-06T13:37:46Z
2026-01-06T13:00:00Z,BNB,913.67,125855425796.0143,1281470589.8368535,,1.307550710431464,coingecko,2026-01-06T13:37:46Z
2026-01-06T14:00:00Z,BTC,94317.0,1874091287908.3352,50744046875.18483,,1.7030180226268663,coingecko,2026-01-06T14:22:43Z
2026-01-06T14:00:00Z,ETH,3290.39,391762343830.0154,27544196832.588806,,4.33674926663102,coingecko,2026-01-06T14:22:43Z
2026-01-06T14:00:00Z,BNB,919.52,126007449916.46384,1149301858.6044683,,1.9599899155809024,coingecko,2026-01-06T14:22:43Z
2026-01-06T15:00:00Z,BTC,94090.0,1872331614552.8647,50410299134.57445,,0.8986029160336708,coingecko,2026-01-06T15:23:16Z
2026-01-06T15:00:00Z,ETH,3294.46,395605403878.398,28759657627.21669,,4.335422198339186,coingecko,2026-01-06T15:23:16Z
2026-01-06T15:00:00Z,BNB,920.25,126665246625.6142,1460214050.022081,,2.097241850032184,coingecko,2026-01-06T15:23:16Z
2026-01-06T16:00:00Z,BTC,92937.0,1862039448243.0183,50642552550.4937,,-0.8954169213028489,coingecko,2026-01-06T16:29:14Z
2026-01-06T16:00:00Z,ETH,3252.52,393602724370.01904,27081238878.852108,,2.268735558622197,coingecko,2026-01-06T16:29:14Z
2026-01-06T16:00:00Z,BNB,911.62,125940042552.77805,1460228718.8913274,,0.6931147201085907,coingecko,2026-01-06T16:29:14Z
2026-01-06T17:00:00Z,BTC,92523.0,1851218213608.328,52478440295.10791,,-0.9414267203980689,coingecko,2026-01-06T17:23:36Z
2026-01-06T17:00:00Z,ETH,3246.89,392392868329.57007,28575616177.462387,,2.66020874515338,coingecko,2026-01-06T17:23:36Z
2026-01-06T17:00:00Z,BNB,907.19,125078791485.17064,1522330057.774927,,0.5554614528350483,coingecko,2026-01-06T17:23:36Z
2026-01-06T18:00:00Z,BTC,91925.0,1834273418022.554,54518874386.36649,,-2.217831983374487,coingecko,2026-01-06T18:32:02Z
2026-01-06T18:00:00Z,ETH,3217.81,388187772326.21387,29226413102.59885,,0.5660160402012959,coingecko,2026-01-06T18:32:02Z
2026-01-06T18:00:00Z,BNB,900.15,124009343187.2744,1620215055.7769918,,-0.4531418581318837,coingecko,2026-01-06T18:32:02Z
2026-01-06T19:00:00Z,BTC,92154.0,1838457441217.785,54808476910.6586,,-2.308308191641549,coingecko,2026-01-06T19:17:11Z
2026-01-06T19:00:00Z,ETH,3225.41,388740018367.2334,28250988295.374485,,0.0656960058309724,coingecko,2026-01-06T19:17:11Z
2026-01-06T19:00:00Z,BNB,901.72,124135608618.23238,1610791699.9336667,,-0.6210487591740446,coingecko,2026-01-06T19:17:11Z
2026-01-06T20:00:00Z,BTC,92459.0,1844671218340.1787,54658061191.62691,,-2.129267232620224,coingecko,2026-01-06T20:24:13Z
2026-01-06T20:00:00Z,ETH,3238.76,390177333220.06287,28050243974.37235,,0.0072314573746444,coingecko,2026-01-06T20:24:13Z
2026-01-06T20:00:00Z,BNB,905.06,124396301679.91573,1599674495.2825034,,-0.9827580539547084,coingecko,2026-01-06T20:24:13Z
2026-01-06T21:00:00Z,BTC,93645.0,1844895271168.2407,55621758797.47602,,-0.494172157842287,coingecko,2026-01-06T21:20:55Z
2026-01-06T21:00:00Z,ETH,3282.23,390883647434.0668,29119781066.182926,,1.2848911897126891,coingecko,2026-01-06T21:20:55Z
2026-01-06T21:00:00Z,BNB,912.98,124552482453.46507,1618718561.7985337,,0.2287565829120534,coingecko,2026-01-06T21:20:55Z
2026-01-06T22:00:00Z,BTC,92964.0,1862756203626.467,57316634467.80345,,-1.4092962750447715,coingecko,2026-01-06T22:21:25Z
2026-01-06T22:00:00Z,ETH,3268.23,395993935110.8824,28864779395.43644,,0.7582315413080826,coingecko,2026-01-06T22:21:25Z
2026-01-06T22:00:00Z,BNB,912.42,125823398203.7315,1663469830.7133472,,-0.1214478843709426,coingecko,2026-01-06T22:21:25Z
2026-01-06T23:00:00Z,BTC,93461.0,1866143998887.8108,57162025114.94216,,-0.6555572266383782,coingecko,2026-01-06T23:20:44Z
2026-01-06T23:00:00Z,ETH,3286.79,396292627061.8969,28277053337.8319,,1.5673429338514158,coingecko,2026-01-06T23:20:44Z
2026-01-06T23:00:00Z,BNB,919.25,126182987542.55336,1679598886.145786,,0.7831487608420867,coingecko,2026-01-06T23:20:44Z
2026-01-07T01:00:00Z,BTC,92445.0,1846345403836.0625,59654869081.56206,,-1.623894422008071,coingecko,2026-01-07T01:43:57Z
2026-01-07T01:00:00Z,ETH,3246.25,391805152386.8695,28533495061.01963,,0.5567630205854881,coingecko,2026-01-07T01:43:57Z
2026-01-07T01:00:00Z,BNB,906.56,124864041847.93784,1704486903.0915084,,-0.2435117137783717,coingecko,2026-01-07T01:43:57Z
2026-01-07T03:00:00Z,BTC,92780.0,1853310211445.329,55438938379.46672,,-1.1469022954684678,coingecko,2026-01-07T03:38:58Z
2026-01-07T03:00:00Z,ETH,3267.17,394382246722.1297,28381038539.895203,,1.226142523041677,coingecko,2026-01-07T03:38:58Z
2026-01-07T03:00:00Z,BNB,909.7,125309787278.31386,1686075753.146835,,0.2008083335983619,coingecko,2026-01-07T03:38:58Z
2026-01-07T04:00:00Z,BTC,92591.0,1850843259382.8108,61454468014.18861,,-1.3544067305206984,coingecko,2026-01-07T04:41:02Z
2026-01-07T04:00:00Z,ETH,3254.19,393239181699.592,28811314110.69208,,0.7998809002359423,coingecko,2026-01-07T04:41:02Z
2026-01-07T04:00:00Z,BNB,909.05,125290084266.27657,1701834836.0501432,,0.0916227598664238,coingecko,2026-01-07T04:41:02Z
2026-01-07T05:00:00Z,BTC,92671.0,1851515261783.7373,61265906227.818825,,-1.072907181568185,coingecko,2026-01-07T05:25:34Z
2026-01-07T05:00:00Z,ETH,3255.2,393006821813.51904,28606352030.722065,,1.004748131873627,coingecko,2026-01-07T05:25:34Z
2026-01-07T05:00:00Z,BNB,912.75,125704881382.59567,1707334211.457448,,0.7941178337941134,coingecko,2026-01-07T05:25:34Z
2026-01-07T06:00:00Z,BTC,92769.0,1852822972906.0527,61006066248.93757,,-1.1268908740294834,coingecko,2026-01-07T06:34:34Z
2026-01-07T06:00:00Z,ETH,3253.83,392878709078.6375,28681204061.97603,,0.7894192673260386,coingecko,2026-01-07T06:34:34Z
2026-01-07T06:00:00Z,BNB,916.05,126126834185.91348,1693113729.7975352,,0.9962208450765418,coingecko,2026-01-07T06:34:34Z
2026-01-07T07:00:00Z,BTC,92709.0,1851885850639.081,59826423162.27612,,-0.8673128176050164,coingecko,2026-01-07T07:25:25Z
2026-01-07T07:00:00Z,ETH,3256.28,393094700727.3865,27676010916.915703,,0.7939544227530718,coingecko,2026-01-07T07:25:25Z
2026-01-07T07:00:00Z,BNB,915.1,126079913997.51256,1715109604.1111927,,1.139793224575471,coingecko,2026-01-07T07:25:25Z
2026-01-07T08:00:00Z,BTC,92809.0,1853000102682.4617,59121223134.881,,-0.4584794938155886,coingecko,2026-01-07T08:30:59Z
2026-01-07T08:00:00Z,ETH,3254.9,392748643069.22986,27367027181.03563,,1.222452321067331,coingecko,2026-01-07T08:30:59Z
2026-01-07T08:00:00Z,BNB,917.61,126299827226.89638,1748442554.957163,,1.4265029527143065,coingecko,2026-01-07T08:30:59Z
2026-01-07T09:00:00Z,BTC,91923.0,1836705886678.028,58248903299.40425,,-1.6204799829478025,coingecko,2026-01-07T09:28:19Z
2026-01-07T09:00:00Z,ETH,3225.47,389242666149.412,28956575725.71417,,0.0418723694708882,coingecko,2026-01-07T09:28:19Z
2026-01-07T09:00:00Z,BNB,913.48,125847946269.16476,1769253001.2625723,,0.0759478532436241,coingecko,2026-01-07T09:28:19Z
2026-01-07T10:00:00Z,BTC,91710.0,1832867694768.3845,60935378155.18536,,-1.907742240439449,coingecko,2026-01-07T10:24:56Z
2026-01-07T10:00:00Z,ETH,3207.01,387119025282.31793,28677353981.848427,,-0.5604691139820156,coingecko,2026-01-07T10:24:56Z
2026-01-07T10:00:00Z,BNB,908.47,125262844557.8429,1898024003.6806817,,-0.5569690179574146,coingecko,2026-01-07T10:24:56Z
2026-01-07T11:00:00Z,BTC,92027.0,1837758245780.196,61632838992.570274,,-1.7804740769039262,coingecko,2026-01-07T11:20:27Z
2026-01-07T11:00:00Z,ETH,3222.03,388849064387.9512,29236789628.711697,,-0.3805089038674719,coingecko,2026-01-07T11:20:27Z
2026-01-07T11:00:00Z,BNB,911.19,125497087480.02827,1924041988.802985,,-0.1336360025376394,coingecko,2026-01-07T11:20:27Z
2026-01-07T12:00:00Z,BTC,91943.0,1836196809200.152,59354963646.60619,,-1.9677164876803908,coingecko,2026-01-07T12:45:10Z
2026-01-07T12:00:00Z,ETH,3212.3,387596688130.7618,28815909116.221504,,-0.8048404717125359,coingecko,2026-01-07T12:45:10Z
2026-01-07T12:00:00Z,BNB,905.73,124725502496.90738,1997625866.6533773,,-0.6240916165665298,coingecko,2026-01-07T12:45:10Z
2026-01-07T13:00:00Z,BTC,92032.0,1837628605180.7937,58715441491.60237,,-1.737485875427382,coingecko,2026-01-07T13:39:43Z
2026-01-07T13:00:00Z,ETH,3215.36,388083435028.8421,30370048646.861927,,-0.5488951173142089,coingecko,2026-01-07T13:39:43Z
2026-01-07T13:00:00Z,BNB,905.21,124678114946.6048,2032969814.109424,,-0.9313925554881828,coingecko,2026-01-07T13:39:43Z
2026-01-07T14:00:00Z,BTC,91492.0,1827994074117.7727,61179926022.038216,,-3.022783883018005,coingecko,2026-01-07T14:24:22Z
2026-01-07T14:00:00Z,ETH,3190.7,385292729628.50006,27653976503.12172,,-3.272008571676262,coingecko,2026-01-07T14:24:22Z
2026-01-07T14:00:00Z,BNB,899.56,123919435820.68088,1971030591.688483,,-2.170149120026858,coingecko,2026-01-07T14:24:22Z
2026-01-07T15:00:00Z,BTC,91241.0,1818234150831.9563,61424828936.46632,,-2.901886523178556,coingecko,2026-01-07T15:25:31Z
2026-01-07T15:00:00Z,ETH,3153.58,380080924177.1934,25910666182.44117,,-4.241882467512218,coingecko,2026-01-07T15:25:31Z
2026-01-07T15:00:00Z,BNB,898.59,123443178651.3131,1934713772.828538,,-2.374666362317309,coingecko,2026-01-07T15:25:31Z
2026-01-07T16:00:00Z,BTC,91485.0,1828784293997.0847,58954140894.20139,,-1.513629757368399,coingecko,2026-01-07T16:30:36Z
2026-01-07T16:00:00Z,ETH,3164.89,382477499096.4051,26368478128.347904,,-2.673993370133656,coingecko,2026-01-07T16:30:36Z
2026-01-07T16:00:00Z,BNB,899.13,123832816968.75922,1895804822.8342512,,-1.3649897038179533,coingecko,2026-01-07T16:30:36Z
2026-01-07T17:00:00Z,BTC,91456.0,1826764777721.7607,56320971333.48316,,-1.2461906881751652,coingecko,2026-01-07T17:26:18Z
2026-01-07T17:00:00Z,ETH,3162.46,381692997042.8813,25416971322.92992,,-2.6225601338560693,coingecko,2026-01-07T17:26:18Z
2026-01-07T17:00:00Z,BNB,900.13,123890800872.2438,1826400942.4055803,,-0.8155947993200636,coingecko,2026-01-07T17:26:18Z
2026-01-07T18:00:00Z,BTC,91320.0,1821902266983.1536,52133138691.74618,,-0.6645475771021245,coingecko,2026-01-07T18:33:24Z
2026-01-07T18:00:00Z,ETH,3157.96,380169698724.1603,23027259739.530457,,-1.9254743240884624,coingecko,2026-01-07T18:33:24Z
2026-01-07T18:00:00Z,BNB,898.4,123565740570.80142,1652190022.0747142,,-0.2381831681343713,coingecko,2026-01-07T18:33:24Z
2026-01-07T19:00:00Z,BTC,90746.0,1812000802950.196,52397794646.88658,,-1.4888469585581692,coingecko,2026-01-07T19:20:37Z
2026-01-07T19:00:00Z,ETH,3133.81,378153353198.5566,25194427584.46509,,-2.823488635274261,coingecko,2026-01-07T19:20:37Z
2026-01-07T19:00:00Z,BNB,893.48,123034421774.09772,1714493790.4431014,,-0.833095787502631,coingecko,2026-01-07T19:20:37Z
2026-01-07T20:00:00Z,BTC,90751.0,1812309500478.9675,51550734065.42979,,-1.85841478994711,coingecko,2026-01-07T20:26:12Z
2026-01-07T20:00:00Z,ETH,3127.64,377463534635.78,23422526861.204773,,-3.424418550633626,coingecko,2026-01-07T20:26:12Z
2026-01-07T20:00:00Z,BNB,893.45,123049551221.80716,1745060442.6465776,,-1.2360575735801835,coingecko,2026-01-07T20:26:12Z
2026-01-07T21:00:00Z,BTC,91109.0,1819186508122.0825,49654533204.026085,,-2.3655281407647024,coingecko,2026-01-07T21:20:24Z
2026-01-07T21:00:00Z,ETH,3142.76,379209483840.0316,23851220368.550365,,-3.735467603044616,coingecko,2026-01-07T21:20:24Z
2026-01-07T21:00:00Z,BNB,896.61,123460256109.43694,1731726849.6602302,,-1.3803864729467896,coingecko,2026-01-07T21:20:24Z
2026-01-07T22:00:00Z,BTC,90906.0,1815401543920.1912,47167803267.65786,,-2.313080390567153,coingecko,2026-01-07T22:20:54Z
2026-01-07T22:00:00Z,ETH,3143.58,379127952355.0378,24162685769.82732,,-3.947971849579007,coingecko,2026-01-07T22:20:54Z
2026-01-07T22:00:00Z,BNB,896.76,123485986669.90274,1669907249.3220186,,-1.8208997517605352,coingecko,2026-01-07T22:20:54Z
2026-01-07T23:00:00Z,BTC,91264.0,1820174584639.1208,47767214664.10462,,-2.3598047538391613,coingecko,2026-01-07T23:20:38Z
2026-01-07T23:00:00Z,ETH,3164.97,381127872843.6893,24656860850.17667,,-3.6830128718501296,coingecko,2026-01-07T23:20:38Z
2026-01-07T23:00:00Z,BNB,898.51,123649127032.07877,1641756145.544392,,-2.249347422844224,coingecko,2026-01-07T23:20:38Z
2026-01-08T01:00:00Z,BTC,91290.0,1823238721779.7903,44699829321.3523,,-1.1903795163174025,coingecko,2026-01-08T01:44:35Z
2026-01-08T01:00:00Z,ETH,3170.77,382649589875.4219,23550009705.25156,,-2.363717629216631,coingecko,2026-01-08T01:44:35Z
2026-01-08T01:00:00Z,BNB,901.78,124253478158.16805,1614307880.4736297,,-0.5460559287000701,coingecko,2026-01-08T01:44:35Z
2026-01-08T03:00:00Z,BTC,90915.0,1815779994473.2048,43676478423.900894,,-2.0095283376163566,coingecko,2026-01-08T03:39:21Z
2026-01-08T03:00:00Z,ETH,3150.8,380287830509.6569,22460113834.320103,,-3.6153760365309817,coingecko,2026-01-08T03:39:21Z
2026-01-08T03:00:00Z,BNB,895.54,123313083853.9291,1621703379.4123635,,-1.5552033686977649,coingecko,2026-01-08T03:39:21Z
2026-01-08T04:00:00Z,BTC,90940.0,1817030049273.67,44065342478.4304,,-1.9068913617333043,coingecko,2026-01-08T04:39:28Z
2026-01-08T04:00:00Z,ETH,3152.0,380602148130.0571,23960483342.05198,,-3.321971192845296,coingecko,2026-01-08T04:39:28Z
2026-01-08T04:00:00Z,BNB,894.44,123214876613.17915,1653281807.967126,,-1.6886081159351232,coingecko,2026-01-08T04:39:28Z
2026-01-08T05:00:00Z,BTC,91037.0,1818152836039.243,43776340675.159225,,-1.7768162101677956,coingecko,2026-01-08T05:24:51Z
2026-01-08T05:00:00Z,ETH,3154.79,380868852739.0943,22680644129.41088,,-3.096182117937896,coingecko,2026-01-08T05:24:51Z
2026-01-08T05:00:00Z,BNB,895.34,123273238592.55824,1634139070.0889776,,-1.8947505090043248,coingecko,2026-01-08T05:24:51Z
2026-01-08T06:00:00Z,BTC,90183.0,1800748840087.445,44733373792.07576,,-2.786963029020737,coingecko,2026-01-08T06:35:03Z
2026-01-08T06:00:00Z,ETH,3116.71,375802009163.5216,23413961797.28392,,-4.252611256843382,coingecko,2026-01-08T06:35:03Z
2026-01-08T06:00:00Z,BNB,882.47,121503117239.30173,1695272671.8137364,,-3.64255593193246,coingecko,2026-01-08T06:35:03Z
2026-01-08T07:00:00Z,BTC,90031.0,1797379584444.1687,46727919563.80783,,-2.886274463432434,coingecko,2026-01-08T07:24:36Z
2026-01-08T07:00:00Z,ETH,3112.71,375382320896.48645,23789399751.819366,,-4.416598861145553,coingecko,2026-01-08T07:24:36Z
2026-01-08T07:00:00Z,BNB,879.14,121068023221.81184,1778904692.0996878,,-3.988881875932349,coingecko,2026-01-08T07:24:36Z
2026-01-08T08:00:00Z,BTC,90574.0,1808654696002.6768,47644692278.14005,,-2.2943326239254063,coingecko,2026-01-08T08:30:43Z
2026-01-08T08:00:00Z,ETH,3129.73,377756368502.194,25897446420.196774,,-3.8454750706608287,coingecko,2026-01-08T08:30:43Z
2026-01-08T08:00:00Z,BNB,885.78,121920560690.94933,1742616530.4002292,,-3.48969373590923,coingecko,2026-01-08T08:30:43Z
2026-01-08T09:00:00Z,BTC,89981.0,1797359427467.046,48103522088.20896,,-2.01485287181408,coingecko,2026-01-08T09:28:24Z
2026-01-08T09:00:00Z,ETH,3106.9,375034154987.8895,24384865782.26813,,-3.57849244502844,coingecko,2026-01-08T09:28:24Z
2026-01-08T09:00:00Z,BNB,880.71,121327110757.75726,1746299583.6747832,,-3.563580334181351,coingecko,2026-01-08T09:28:24Z
2026-01-08T10:00:00Z,BTC,90074.0,1795979267831.33,47322418415.092094,,-1.7708023623526394,coingecko,2026-01-08T10:24:52Z
2026-01-08T10:00:00Z,ETH,3111.73,374960316874.37415,23634128344.931763,,-2.965815966399409,coingecko,2026-01-08T10:24:52Z
2026-01-08T10:00:00Z,BNB,883.49,121621062544.44948,1652716298.104767,,-2.809811843179416,coingecko,2026-01-08T10:24:52Z
2026-01-08T11:00:00Z,BTC,90081.0,1801076383096.431,46911283417.37064,,-2.1183013512490705,coingecko,2026-01-08T11:20:55Z
2026-01-08T11:00:00Z,ETH,3119.98,376702903084.5304,21445661195.75969,,-3.1680307918107253,coingecko,2026-01-08T11:20:55Z
2026-01-08T11:00:00Z,BNB,885.13,121914489443.48747,800940881.0387533,,-2.813887065098222,coingecko,2026-01-08T11:20:55Z
2026-01-08T12:00:00Z,BTC,89877.0,1793855354446.9058,48837476766.09533,,-2.241076237882982,coingecko,2026-01-08T12:45:16Z
2026-01-08T12:00:00Z,ETH,3094.77,373345649500.0111,24120112251.156853,,-3.633834338186797,coingecko,2026-01-08T12:45:16Z
2026-01-08T12:00:00Z,BNB,883.36,121577002823.73544,1625979219.889498,,-2.4810170233402795,coingecko,2026-01-08T12:45:16Z
2026-01-08T13:00:00Z,BTC,89857.0,1793683844008.869,48729126514.918274,,-2.418161645308868,coingecko,2026-01-08T13:40:33Z
2026-01-08T13:00:00Z,ETH,3092.53,372891005173.7979,24554738489.80056,,-3.8618053861486654,coingecko,2026-01-08T13:40:33Z
2026-01-08T13:00:00Z,BNB,883.32,121612954191.44072,1593459239.0031693,,-2.4288511853346555,coingecko,2026-01-08T13:40:33Z
2026-01-08T14:00:00Z,BTC,89651.0,1790685668500.9055,48011227473.07542,,-2.030616372572786,coingecko,2026-01-08T14:25:32Z
2026-01-08T14:00:00Z,ETH,3081.06,371860006390.38007,25054001660.70531,,-3.4180930253370647,coingecko,2026-01-08T14:25:32Z
2026-01-08T14:00:00Z,BNB,880.62,121284181829.66669,1562088999.9044492,,-2.064281587718522,coingecko,2026-01-08T14:25:32Z
2026-01-08T15:00:00Z,BTC,90400.0,1803819042034.6711,48150805222.13794,,-0.7867561313950916,coingecko,2026-01-08T15:26:18Z
2026-01-08T15:00:00Z,ETH,3098.94,373050149814.7784,25532674033.425934,,-1.8639124335445936,coingecko,2026-01-08T15:26:18Z
2026-01-08T15:00:00Z,BNB,886.55,122108859920.8897,1563061402.3810177,,-1.3124250841716782,coingecko,2026-01-08T15:26:18Z
2026-01-08T16:00:00Z,BTC,90505.0,1806911768561.1912,48782292086.66059,,-1.071432950312882,coingecko,2026-01-08T16:30:13Z
2026-01-08T16:00:00Z,ETH,3095.46,373562757453.2336,24247855575.649483,,-2.315102916212162,coingecko,2026-01-08T16:30:13Z
2026-01-08T16:00:00Z,BNB,886.32,122045344146.39066,1555458983.618786,,-1.448325246799891,coingecko,2026-01-08T16:30:13Z
2026-01-08T17:00:00Z,BTC,90953.0,1817752956085.0093,49463993989.83666,,-0.5754503393777403,coingecko,2026-01-08T17:26:53Z
2026-01-08T17:00:00Z,ETH,3113.87,376324916690.4951,24837137245.179512,,-1.5366782239009087,coingecko,2026-01-08T17:26:53Z
2026-01-08T17:00:00Z,BNB,888.33,122440643916.95616,1570076836.6417892,,-1.374301902624354,coingecko,2026-01-08T17:26:53Z
2026-01-08T18:00:00Z,BTC,91164.0,1820914789734.3384,49524966417.248405,,-0.1799016238611007,coingecko,2026-01-08T18:29:13Z
2026-01-08T18:00:00Z,ETH,3121.86,376687921795.7297,23846588819.08969,,-0.9760160972470436,coingecko,2026-01-08T18:29:13Z
2026-01-08T18:00:00Z,BNB,888.51,122337882619.142,1528307833.912357,,-0.8499225574631616,coingecko,2026-01-08T18:29:13Z
2026-01-08T19:00:00Z,BTC,90965.0,1816151171975.308,49050452958.724144,,0.2284920024287187,coingecko,2026-01-08T19:19:49Z
2026-01-08T19:00:00Z,ETH,3110.89,375353186122.8367,23915812599.91801,,-0.7497264833210665,coingecko,2026-01-08T19:19:49Z
2026-01-08T19:00:00Z,BNB,887.12,122157987949.19864,1522685162.7675123,,-0.7161988113104631,coingecko,2026-01-08T19:19:49Z
2026-01-08T20:00:00Z,BTC,90615.0,1808930955668.284,48733018907.91984,,-0.3040209499889628,coingecko,2026-01-08T20:25:10Z
2026-01-08T20:00:00Z,ETH,3096.75,373519636413.21857,24143466938.501945,,-1.104468272185624,coingecko,2026-01-08T20:25:10Z
2026-01-08T20:00:00Z,BNB,885.78,121939406799.20016,1515178959.4196577,,-0.8581007689272089,coingecko,2026-01-08T20:25:10Z
2026-01-08T21:00:00Z,BTC,90998.0,1818812311357.39,48732165808.0368,,-0.1216291753350561,coingecko,2026-01-08T21:21:07Z
2026-01-08T21:00:00Z,ETH,3106.8,374926348078.1887,24046107069.923607,,-1.1220204462201189,coingecko,2026-01-08T21:21:07Z
2026-01-08T21:00:00Z,BNB,889.32,122481197741.9485,1516388457.310246,,-0.8311247929566039,coingecko,2026-01-08T21:21:07Z
2026-01-08T22:00:00Z,BTC,91272.0,1822931030665.868,49539420975.54948,,0.3553447765592619,coingecko,2026-01-08T22:21:20Z
2026-01-08T22:00:00Z,ETH,3120.96,376758265984.1483,24139923294.57094,,-0.8641872939300452,coingecko,2026-01-08T22:21:20Z
2026-01-08T22:00:00Z,BNB,892.21,122902954617.68336,1538427343.0144284,,-0.5489408220623915,coingecko,2026-01-08T22:21:20Z
2026-01-08T23:00:00Z,BTC,91222.0,1821556346392.3896,48854988295.26187,,0.0180966755254364,coingecko,2026-01-08T23:18:44Z
2026-01-08T23:00:00Z,ETH,3118.0,376109784228.205,25012168529.72553,,-1.3420085422051746,coingecko,2026-01-08T23:18:44Z
2026-01-08T23:00:00Z,BNB,892.71,122928771561.25523,1517371055.0838592,,-0.647537402490802,coingecko,2026-01-08T23:18:44Z
2026-01-09T01:00:00Z,BTC,90851.0,1815454486481.8696,48486404114.45364,,-0.466057094538708,coingecko,2026-01-09T01:44:44Z
2026-01-09T01:00:00Z,ETH,3093.87,373284707891.9752,25514717316.86289,,-2.4620078961953946,coingecko,2026-01-09T01:44:44Z
2026-01-09T01:00:00Z,BNB,888.45,122431435034.89496,1515855211.502988,,-1.4575590092890816,coingecko,2026-01-09T01:44:44Z
2026-01-09T03:00:00Z,BTC,91106.0,1819664157494.709,45382600220.75504,,0.2368167567513475,coingecko,2026-01-09T03:39:59Z
2026-01-09T03:00:00Z,ETH,3111.7,375262332301.7141,23097991304.57494,,-1.251754381441345,coingecko,2026-01-09T03:39:59Z
2026-01-09T03:00:00Z,BNB,893.77,122957181254.70322,1467379796.8849978,,-0.1583515072772677,coingecko,2026-01-09T03:39:59Z
2026-01-09T04:00:00Z,BTC,90872.0,1814435093074.456,46744570620.91329,,-0.0687486912826583,coingecko,2026-01-09T04:40:18Z
2026-01-09T04:00:00Z,ETH,3110.64,375352649016.47375,23393467514.73188,,-1.285279734324999,coingecko,2026-01-09T04:40:18Z
2026-01-09T04:00:00Z,BNB,893.8,123101920258.24294,1435588179.8775556,,-0.1221228420400406,coingecko,2026-01-09T04:40:18Z
2026-01-09T05:00:00Z,BTC,90877.0,1815117805645.854,46586885387.71592,,-0.1376115998165806,coingecko,2026-01-09T05:25:34Z
2026-01-09T05:00:00Z,ETH,3112.61,375560630702.9565,23273445916.81557,,-1.2396344953449818,coingecko,2026-01-09T05:25:34Z
2026-01-09T05:00:00Z,BNB,895.3,123355801713.63544,1470470176.4792547,,0.0001570753816317,coingecko,2026-01-09T05:25:34Z
2026-01-09T06:00:00Z,BTC,90918.0,1815293720963.465,45547409312.513565,,0.8400280726392961,coingecko,2026-01-09T06:34:38Z
2026-01-09T06:00:00Z,ETH,3116.85,375907665457.0168,23591998717.70686,,0.1015606138944003,coingecko,2026-01-09T06:34:38Z
2026-01-09T06:00:00Z,BNB,894.74,123269059031.77551,1381903818.2520893,,1.3779508758602206,coingecko,2026-01-09T06:34:38Z
2026-01-09T07:00:00Z,BTC,90929.0,1816160622853.476,42961018850.33402,,0.9766917642355064,coingecko,2026-01-09T07:25:24Z
2026-01-09T07:00:00Z,ETH,3114.72,375930161920.93207,20962845696.110905,,-0.0331940922728804,coingecko,2026-01-09T07:25:24Z
2026-01-09T07:00:00Z,BNB,894.51,123127812918.10066,1244917644.3517847,,1.6635244777612448,coingecko,2026-01-09T07:25:24Z
2026-01-09T08:00:00Z,BTC,90576.0,1809247214189.6333,42881692550.24366,,0.0429464729302211,coingecko,2026-01-09T08:31:14Z
2026-01-09T08:00:00Z,ETH,3106.64,374967151660.51953,22422604085.12941,,-0.7257913274934953,coingecko,2026-01-09T08:31:14Z
2026-01-09T08:00:00Z,BNB,892.86,122995003833.91772,1227681780.176787,,0.7517872103627102,coingecko,2026-01-09T08:31:14Z
2026-01-09T09:00:00Z,BTC,90241.0,1801657042245.544,43738575862.12797,,0.2623910025779696,coingecko,2026-01-09T09:28:01Z
2026-01-09T09:00:00Z,ETH,3095.14,373443774171.0998,20751245709.42677,,-0.4213318960648937,coingecko,2026-01-09T09:28:01Z
2026-01-09T09:00:00Z,BNB,889.83,122558708942.21275,1226892879.164611,,1.0353868543470357,coingecko,2026-01-09T09:28:01Z
2026-01-09T10:00:00Z,BTC,90380.0,1804849853588.892,43193421010.0796,,0.4787215240235203,coingecko,2026-01-09T10:23:29Z
2026-01-09T10:00:00Z,ETH,3092.32,373176944407.9725,21441675689.94466,,-0.6837907120215749,coingecko,2026-01-09T10:23:29Z
2026-01-09T10:00:00Z,BNB,888.71,122410457689.45406,1165611703.759845,,0.5595328912634775,coingecko,2026-01-09T10:23:29Z
2026-01-09T11:00:00Z,BTC,90508.0,1806997109790.4905,43067395267.283554,,0.3694414479538355,coingecko,2026-01-09T11:19:46Z
2026-01-09T11:00:00Z,ETH,3098.34,373605062689.91113,22033061790.9678,,-0.7340202996078478,coingecko,2026-01-09T11:19:46Z
2026-01-09T11:00:00Z,BNB,890.18,122599100469.415,1172131816.42592,,0.5701913334713575,coingecko,2026-01-09T11:19:46Z
2026-01-09T12:00:00Z,BTC,90337.0,1804323409270.0168,42429777559.74156,,0.5242923826574187,coingecko,2026-01-09T12:44:04Z
2026-01-09T12:00:00Z,ETH,3083.52,372042086546.3497,19156942483.01012,,-0.2465737296359242,coingecko,2026-01-09T12:44:04Z
2026-01-09T12:00:00Z,BNB,888.32,122308733357.90762,1085555180.155371,,0.5185826132405728,coingecko,2026-01-09T12:44:04Z
2026-01-09T13:00:00Z,BTC,90659.0,1810786695466.8665,43137395784.39356,,0.8971031489904863,coingecko,2026-01-09T13:38:12Z
2026-01-09T13:00:00Z,ETH,3102.6,373352158978.2768,20767305757.647053,,0.3364843398256325,coingecko,2026-01-09T13:38:12Z
2026-01-09T13:00:00Z,BNB,890.48,122538939980.23656,1137888392.672848,,0.8595948545000096,coingecko,2026-01-09T13:38:12Z
2026-01-09T14:00:00Z,BTC,90356.0,1804260585798.752,42602460598.93589,,0.8647727003705505,coingecko,2026-01-09T14:24:36Z
2026-01-09T14:00:00Z,ETH,3085.71,372409620637.7196,18670533130.45349,,0.2762467131380843,coingecko,2026-01-09T14:24:36Z
2026-01-09T14:00:00Z,BNB,887.68,122264428847.39848,1112560699.879074,,0.7155719764001772,coingecko,2026-01-09T14:24:36Z
2026-01-09T15:00:00Z,BTC,90562.0,1808855095502.6533,41141363659.32664,,0.1742497110803993,coingecko,2026-01-09T15:24:20Z
2026-01-09T15:00:00Z,ETH,3093.19,371657507099.7966,19973586922.98315,,-0.1779156714116539,coingecko,2026-01-09T15:24:20Z
2026-01-09T15:00:00Z,BNB,890.63,122395930327.38878,1081480543.9033809,,0.4688352101262625,coingecko,2026-01-09T15:24:20Z
2026-01-09T16:00:00Z,BTC,91309.0,1824922813837.6265,44859494683.578415,,0.905077914215339,coingecko,2026-01-09T16:28:22Z
2026-01-09T16:00:00Z,ETH,3124.39,377104694668.54913,21290252469.012764,,0.9409350700551014,coingecko,2026-01-09T16:28:22Z
2026-01-09T16:00:00Z,BNB,897.09,123558145512.69948,1140840432.3181665,,1.211981135079279,coingecko,2026-01-09T16:28:22Z
2026-01-09T17:00:00Z,BTC,91045.0,1817391901462.78,45301267745.8187,,0.0552048006158269,coingecko,2026-01-09T17:23:18Z
2026-01-09T17:00:00Z,ETH,3110.12,375122381431.8923,20831876356.788254,,-0.2027859948974069,coingecko,2026-01-09T17:23:18Z
2026-01-09T17:00:00Z,BNB,895.65,123270057836.40884,1133905183.6446722,,0.7785257013043811,coingecko,2026-01-09T17:23:18Z
2026-01-09T18:00:00Z,BTC,90419.0,1812950185333.108,44694496266.84262,,-0.8348127146432627,coingecko,2026-01-09T18:32:37Z
2026-01-09T18:00:00Z,ETH,3078.28,372593939961.2513,20563947687.15933,,-1.3815165588281897,coingecko,2026-01-09T18:32:37Z
2026-01-09T18:00:00Z,BNB,892.01,122966069898.62776,1074535572.2398956,,0.4220337384828078,coingecko,2026-01-09T18:32:37Z
2026-01-09T19:00:00Z,BTC,90333.0,1804336100407.9863,44041413200.23688,,-0.7100148625491345,coingecko,2026-01-09T19:19:57Z
2026-01-09T19:00:00Z,ETH,3077.13,371411367970.7451,18130830241.83368,,-1.1631009232224525,coingecko,2026-01-09T19:19:57Z
2026-01-09T19:00:00Z,BNB,891.36,122985466307.74097,1068280045.1721314,,0.4479723353496313,coingecko,2026-01-09T19:19:57Z
2026-01-09T20:00:00Z,BTC,90358.0,1805391971827.4087,45242642141.426674,,-0.2299294849214883,coingecko,2026-01-09T20:24:53Z
2026-01-09T20:00:00Z,ETH,3082.17,372150342273.0666,20796838606.52403,,-0.3468643514740256,coingecko,2026-01-09T20:24:53Z
2026-01-09T20:00:00Z,BNB,894.27,123216649187.05928,1120751872.5405414,,1.0040018337460983,coingecko,2026-01-09T20:24:53Z
2026-01-09T21:00:00Z,BTC,90301.0,1803527425608.3733,44789218231.33608,,-0.7771567483136896,coingecko,2026-01-09T21:20:52Z
2026-01-09T21:00:00Z,ETH,3078.98,371221770655.5349,20843701062.51541,,-0.894696559728187,coingecko,2026-01-09T21:20:52Z
2026-01-09T21:00:00Z,BNB,893.75,123090658400.63864,1092837452.2137263,,0.4935882313289471,coingecko,2026-01-09T21:20:52Z
2026-01-09T22:00:00Z,BTC,90290.0,1805800149655.285,43479272885.79731,,-1.0772070080571996,coingecko,2026-01-09T22:21:14Z
2026-01-09T22:00:00Z,ETH,3076.24,372125252365.7213,19559143999.685726,,-1.437523675825951,coingecko,2026-01-09T22:21:14Z
2026-01-09T22:00:00Z,BNB,894.27,123338911400.64276,1078813149.5653384,,0.2454810594114119,coingecko,2026-01-09T22:21:14Z
2026-01-09T23:00:00Z,BTC,90572.0,1808588478600.9736,43321819333.29275,,-0.6903994729370906,coingecko,2026-01-09T23:20:27Z
2026-01-09T23:00:00Z,ETH,3083.71,372351319826.1032,19291323907.44396,,-1.0444265434635054,coingecko,2026-01-09T23:20:27Z
2026-01-09T23:00:00Z,BNB,895.43,123348930924.47556,1064306718.4121314,,0.3264883047402123,coingecko,2026-01-09T23:20:27Z
2026-01-10T01:00:00Z,BTC,90568.0,1809007209393.639,41948726035.53948,,-0.3563365554134022,coingecko,2026-01-10T01:41:35Z
2026-01-10T01:00:00Z,ETH,3084.99,372339062850.62585,19311343122.673813,,-0.2696913558611695,coingecko,2026-01-10T01:41:35Z
2026-01-10T01:00:00Z,BNB,898.14,123711479638.41965,1031142523.976168,,1.0401474510082642,coingecko,2026-01-10T01:41:35Z
2026-01-10T03:00:00Z,BTC,90498.0,1807580705472.8567,40573772682.55433,,-0.5426210060978305,coingecko,2026-01-10T03:24:16Z
2026-01-10T03:00:00Z,ETH,3081.06,371836826088.9324,17048026979.811726,,-0.8235200232666566,coingecko,2026-01-10T03:24:16Z
2026-01-10T03:00:00Z,BNB,899.24,123889715627.65468,1053290977.9506865,,0.7285676906229256,coingecko,2026-01-10T03:24:16Z
2026-01-10T04:00:00Z,BTC,90417.0,1805847338123.6377,40360176811.921165,,-0.490821221173169,coingecko,2026-01-10T04:34:01Z
2026-01-10T04:00:00Z,ETH,3079.72,371625375056.773,17189100754.65656,,-1.0288052322582986,coingecko,2026-01-10T04:34:01Z
2026-01-10T04:00:00Z,BNB,902.62,124381341272.32816,1148359071.902028,,0.9643132761858432,coingecko,2026-01-10T04:34:01Z
2026-01-10T05:00:00Z,BTC,90414.0,1805917568455.475,40240974304.99455,,-0.4661158548749062,coingecko,2026-01-10T05:21:28Z
2026-01-10T05:00:00Z,ETH,3079.65,371732161163.20667,17408119916.663578,,-1.0315565535329887,coingecko,2026-01-10T05:21:28Z
2026-01-10T05:00:00Z,BNB,906.31,124806363896.49062,1152376098.5672038,,1.1974508956162877,coingecko,2026-01-10T05:21:28Z
2026-01-10T06:00:00Z,BTC,90410.0,1805711450636.4905,39372353549.18211,,-0.5327516423701603,coingecko,2026-01-10T06:30:40Z
2026-01-10T06:00:00Z,ETH,3082.57,371932519280.554,18477909286.640163,,-1.029470295947736,coingecko,2026-01-10T06:30:40Z
2026-01-10T06:00:00Z,BNB,906.31,124831870736.8213,1138315592.2526658,,1.1712767361143577,coingecko,2026-01-10T06:30:40Z
2026-01-10T07:00:00Z,BTC,90458.0,1807241539257.641,39432874094.99516,,-0.5065295735833166,coingecko,2026-01-10T07:19:41Z
2026-01-10T07:00:00Z,ETH,3086.45,372554105972.16656,17316956554.400757,,-0.891338108650808,coingecko,2026-01-10T07:19:41Z
2026-01-10T07:00:00Z,BNB,905.97,124823998212.1174,1198742839.3145723,,1.3160920102799991,coingecko,2026-01-10T07:19:41Z
2026-01-10T08:00:00Z,BTC,90560.0,1808867823916.944,38644813966.53552,,-0.1673131634245988,coingecko,2026-01-10T08:26:25Z
2026-01-10T08:00:00Z,ETH,3085.91,372448524759.25934,17984008737.283577,,-0.6527090372148239,coingecko,2026-01-10T08:26:25Z
2026-01-10T08:00:00Z,BNB,903.23,124398517948.1553,1222335360.0730152,,1.181324295096731,coingecko,2026-01-10T08:26:25Z
2026-01-10T09:00:00Z,BTC,90522.0,1808078755126.444,36141231337.401,,0.5147044222964549,coingecko,2026-01-10T09:20:21Z
2026-01-10T09:00:00Z,ETH,3086.06,372468741731.8378,14264597919.585089,,-0.0782719402168931,coingecko,2026-01-10T09:20:21Z
2026-01-10T09:00:00Z,BNB,900.84,124079596931.71016,1197206256.8328297,,1.257792073305821,coingecko,2026-01-10T09:20:21Z
2026-01-10T10:00:00Z,BTC,90645.0,1810666126764.3013,35663228225.3061,,0.3352956490023553,coingecko,2026-01-10T10:20:24Z
2026-01-10T10:00:00Z,ETH,3093.8,373396473640.0889,15414775636.390802,,0.0691113984524373,coingecko,2026-01-10T10:20:24Z
2026-01-10T10:00:00Z,BNB,900.23,124007765238.17924,1163928235.0440924,,1.3018889743108812,coingecko,2026-01-10T10:20:24Z
2026-01-10T11:00:00Z,BTC,90674.0,1810979126957.5808,35163648420.17927,,0.1496058826404653,coingecko,2026-01-10T11:17:42Z
2026-01-10T11:00:00Z,ETH,3096.26,373663644026.436,15817492154.550718,,-0.0908130800420731,coingecko,2026-01-10T11:17:42Z
2026-01-10T11:00:00Z,BNB,901.03,124114075185.0498,1236748556.7782762,,1.207180495609897,coingecko,2026-01-10T11:17:42Z
2026-01-10T12:00:00Z,BTC,90585.0,1809342856544.8733,32872046025.666924,,0.3034689622490014,coingecko,2026-01-10T12:39:34Z
2026-01-10T12:00:00Z,ETH,3092.9,373296353821.3021,15246175065.952436,,0.3363496076342387,coingecko,2026-01-10T12:39:34Z
2026-01-10T12:00:00Z,BNB,899.17,123846474826.32466,1193308938.5850203,,1.2348289928673288,coingecko,2026-01-10T12:39:34Z
2026-01-10T13:00:00Z,BTC,90614.0,1809938627359.696,32084729794.22997,,0.0667087967318406,coingecko,2026-01-10T13:28:56Z
2026-01-10T13:00:00Z,ETH,3092.55,373310952887.065,14921524297.446056,,-0.125129395980182,coingecko,2026-01-10T13:28:56Z
2026-01-10T13:00:00Z,BNB,900.99,124096824978.98738,1178551346.8186376,,1.155285892043867,coingecko,2026-01-10T13:28:56Z
2026-01-10T14:00:00Z,BTC,90477.0,1806546607232.0908,30578786641.05572,,0.170574921143958,coingecko,2026-01-10T14:19:17Z
2026-01-10T14:00:00Z,ETH,3089.35,372632320443.7061,13773843666.839378,,0.2431736701776438,coingecko,2026-01-10T14:19:17Z
2026-01-10T14:00:00Z,BNB,902.29,124256014274.91656,1219392172.6365254,,1.708386870297521,coingecko,2026-01-10T14:19:17Z
2026-01-10T15:00:00Z,BTC,90508.0,1808063436372.3728,27835470950.34956,,0.2237777975533197,coingecko,2026-01-10T15:19:58Z
2026-01-10T15:00:00Z,ETH,3090.21,372911318320.9495,12328044163.544395,,0.2075446922865601,coingecko,2026-01-10T15:19:58Z
2026-01-10T15:00:00Z,BNB,905.65,124702976731.3334,1204926526.7275858,,1.8778864501654355,coingecko,2026-01-10T15:19:58Z
2026-01-10T16:00:00Z,BTC,90522.0,1808070646034.3472,22046555128.84653,,-0.885873321517958,coingecko,2026-01-10T16:25:06Z
2026-01-10T16:00:00Z,ETH,3089.93,372908034745.5837,10135543231.508406,,-1.2053429819493178,coingecko,2026-01-10T16:25:06Z
2026-01-10T16:00:00Z,BNB,906.08,124849145399.56184,1199345014.4783573,,0.9232720919636564,coingecko,2026-01-10T16:25:06Z
2026-01-10T17:00:00Z,BTC,90598.0,1809629664754.2927,19895534438.55561,,-0.6798721827344167,coingecko,2026-01-10T17:17:53Z
2026-01-10T17:00:00Z,ETH,3094.17,373450866345.3747,9524764264.517628,,-0.4429367333433751,coingecko,2026-01-10T17:17:53Z
2026-01-10T17:00:00Z,BNB,908.03,125066456204.23264,1171278364.3493598,,1.411312343460443,coingecko,2026-01-10T17:17:53Z
2026-01-10T18:00:00Z,BTC,90437.0,1806381128330.356,18591258059.092083,,-0.3522688907752286,coingecko,2026-01-10T18:29:25Z
2026-01-10T18:00:00Z,ETH,3089.05,372829662598.23553,8212179957.044085,,0.3499254454008877,coingecko,2026-01-10T18:29:25Z
2026-01-10T18:00:00Z,BNB,908.92,125187267752.05772,1193775868.1440709,,1.8960057506885657,coingecko,2026-01-10T18:29:25Z
2026-01-10T19:00:00Z,BTC,90462.0,1807216463384.347,16959520425.496067,,0.0617904393503221,coingecko,2026-01-10T19:16:07Z
2026-01-10T19:00:00Z,ETH,3088.9,372908551736.6604,8001050685.964006,,0.2892178340774475,coingecko,2026-01-10T19:16:07Z
2026-01-10T19:00:00Z,BNB,910.41,125488715015.22038,1192542961.807468,,2.0880029741626727,coingecko,2026-01-10T19:16:07Z
2026-01-10T20:00:00Z,BTC,90521.0,1808165555595.5305,15666256782.039778,,0.1203292213954111,coingecko,2026-01-10T20:21:58Z
2026-01-10T20:00:00Z,ETH,3087.72,372693811185.65656,5236382981.717921,,0.1321721811084435,coingecko,2026-01-10T20:21:58Z
2026-01-10T20:00:00Z,BNB,913.4,125808753842.78236,1112809018.860752,,2.091455625510928,coingecko,2026-01-10T20:21:58Z
2026-01-10T21:00:00Z,BTC,90403.0,1805913326241.504,14894771524.885529,,0.1976835237266607,coingecko,2026-01-10T21:18:36Z
2026-01-10T21:00:00Z,ETH,3084.2,372187092850.2157,7129327945.862332,,0.3499842357919052,coingecko,2026-01-10T21:18:36Z
2026-01-10T21:00:00Z,BNB,906.9,124995791232.03976,1272241166.3275664,,1.5546851332499798,coingecko,2026-01-10T21:18:36Z
2026-01-10T22:00:00Z,BTC,90312.0,1803448110748.2024,14643466138.234749,,0.0222588792210633,coingecko,2026-01-10T22:19:53Z
2026-01-10T22:00:00Z,ETH,3077.58,371252746234.2698,6955753952.125908,,0.0469767987298421,coingecko,2026-01-10T22:19:53Z
2026-01-10T22:00:00Z,BNB,901.61,124169012153.26283,1291719710.5497527,,0.8272159271708398,coingecko,2026-01-10T22:19:53Z
2026-01-10T23:00:00Z,BTC,90402.0,1805707686611.2896,14081908063.635052,,-0.1693987682313271,coingecko,2026-01-10T23:19:20Z
2026-01-10T23:00:00Z,ETH,3080.97,371866608147.5837,6494026010.105405,,-0.0729190536756811,coingecko,2026-01-10T23:19:20Z
2026-01-10T23:00:00Z,BNB,903.85,124541819495.03636,1312065078.1403542,,0.940282590098055,coingecko,2026-01-10T23:19:20Z
2026-01-11T01:00:00Z,BTC,90487.0,1807372582471.9243,13725294437.402016,,-0.1205073402975063,coingecko,2026-01-11T01:52:50Z
2026-01-11T01:00:00Z,ETH,3090.63,372964206577.4389,6827557452.632903,,0.1768878952446802,coingecko,2026-01-11T01:52:50Z
2026-01-11T01:00:00Z,BNB,906.42,124861809673.29422,1320519036.1829798,,0.91850788618264,coingecko,2026-01-11T01:52:50Z
2026-01-11T03:00:00Z,BTC,90590.0,1809375043249.332,13606242597.73334,,0.1241725851675161,coingecko,2026-01-11T03:50:31Z
2026-01-11T03:00:00Z,ETH,3093.11,373302755645.9547,6733529228.995811,,0.3698769478713148,coingecko,2026-01-11T03:50:31Z
2026-01-11T03:00:00Z,BNB,910.0,125342120410.75185,1291307245.8208337,,0.6612672641679154,coingecko,2026-01-11T03:50:31Z
2026-01-11T04:00:00Z,BTC,90640.0,1810417494423.065,13396493513.881369,,0.2934122423942926,coingecko,2026-01-11T04:48:11Z
2026-01-11T04:00:00Z,ETH,3091.91,373137778526.6888,6313136491.095248,,0.3911916044896897,coingecko,2026-01-11T04:48:11Z
2026-01-11T04:00:00Z,BNB,912.04,125555124468.03844,1267807281.4706783,,0.907438771621526,coingecko,2026-01-11T04:48:11Z
2026-01-11T05:00:00Z,BTC,90627.0,1810556950507.2825,13418960969.73015,,0.2364509127731977,coingecko,2026-01-11T05:25:29Z
2026-01-11T05:00:00Z,ETH,3092.43,373341900747.6885,6416669502.252843,,0.4152970144003616,coingecko,2026-01-11T05:25:29Z
2026-01-11T05:00:00Z,BNB,909.84,125338892330.70804,1269453752.066454,,0.3919893697609095,coingecko,2026-01-11T05:25:29Z
2026-01-11T06:00:00Z,BTC,90556.0,1808636253973.1504,13853907960.782654,,0.1584908135242111,coingecko,2026-01-11T06:32:06Z
2026-01-11T06:00:00Z,ETH,3089.6,372899616157.6053,6462351379.173101,,0.2222825211522256,coingecko,2026-01-11T06:32:06Z
2026-01-11T06:00:00Z,BNB,910.99,125407998705.36496,1236850927.0501983,,0.5050502457600633,coingecko,2026-01-11T06:32:06Z
2026-01-11T07:00:00Z,BTC,90569.0,1809250068249.4016,13711781348.28158,,0.1400249305641834,coingecko,2026-01-11T07:20:53Z
2026-01-11T07:00:00Z,ETH,3091.21,373149239050.49207,5336038753.809073,,0.1540618182246549,coingecko,2026-01-11T07:20:53Z
2026-01-11T07:00:00Z,BNB,913.08,125764842970.03656,1236348954.7113612,,0.7887358750905413,coingecko,2026-01-11T07:20:53Z
2026-01-11T08:00:00Z,BTC,90603.0,1809631092538.6543,13488531343.330463,,0.049601197410567,coingecko,2026-01-11T08:27:16Z
2026-01-11T08:00:00Z,ETH,3093.2,373316147577.91,6782045554.608806,,0.2457883277371179,coingecko,2026-01-11T08:27:16Z
2026-01-11T08:00:00Z,BNB,912.68,125709074202.28558,1233394262.1464643,,1.0627533051294291,coingecko,2026-01-11T08:27:16Z
2026-01-11T09:00:00Z,BTC,90664.0,1810777109215.476,13622915019.6792,,0.1589768296560673,coingecko,2026-01-11T09:21:03Z
2026-01-11T09:00:00Z,ETH,3099.81,374091801434.0701,5981302942.827206,,0.4602243701090631,coingecko,2026-01-11T09:21:03Z
2026-01-11T09:00:00Z,BNB,914.51,125979382765.24828,1245260725.9044452,,1.530014577156115,coingecko,2026-01-11T09:21:03Z
2026-01-11T10:00:00Z,BTC,90594.0,1809506723439.827,13721686597.28554,,-0.0495791617406012,coingecko,2026-01-11T10:21:26Z
2026-01-11T10:00:00Z,ETH,3102.8,374487716485.6846,5694773099.382212,,0.2787004392873554,coingecko,2026-01-11T10:21:26Z
2026-01-11T10:00:00Z,BNB,912.09,125592051965.4565,1225544218.567248,,1.1900944761267862,coingecko,2026-01-11T10:21:26Z
2026-01-11T11:00:00Z,BTC,90587.0,1809436079834.4968,13700648773.320826,,-0.0884586787097608,coingecko,2026-01-11T11:17:33Z
2026-01-11T11:00:00Z,ETH,3099.62,374104142135.3068,5638435958.374439,,0.1188697021529906,coingecko,2026-01-11T11:17:33Z
2026-01-11T11:00:00Z,BNB,911.22,125499367314.33913,1163519845.9372911,,1.121352891906416,coingecko,2026-01-11T11:17:33Z
2026-01-11T12:00:00Z,BTC,90735.0,1812102558601.9167,14029844232.148611,,0.1972655281295226,coingecko,2026-01-11T12:40:45Z
2026-01-11T12:00:00Z,ETH,3105.56,374757004787.66406,4560603135.653559,,0.4144969760342495,coingecko,2026-01-11T12:40:45Z
2026-01-11T12:00:00Z,BNB,911.65,125532441970.21507,1201939320.5574815,,1.3861580429039495,coingecko,2026-01-11T12:40:45Z
2026-01-11T13:00:00Z,BTC,90769.0,1812810713682.5044,14436329455.998297,,0.1738133381935341,coingecko,2026-01-11T13:29:50Z
2026-01-11T13:00:00Z,ETH,3107.63,374900063586.1124,6706582390.639306,,0.4778286034262348,coingecko,2026-01-11T13:29:50Z
2026-01-11T13:00:00Z,BNB,912.41,125599136009.1292,1209144266.689229,,1.268232504815232,coingecko,2026-01-11T13:29:50Z
2026-01-11T14:00:00Z,BTC,90814.0,1814136267680.144,14417819177.275486,,0.3812473316303321,coingecko,2026-01-11T14:19:13Z
2026-01-11T14:00:00Z,ETH,3109.08,375351296339.8525,6483043786.62323,,0.654164125235639,coingecko,2026-01-11T14:19:13Z
2026-01-11T14:00:00Z,BNB,913.98,125855449100.8745,1192205781.436024,,1.308415774417398,coingecko,2026-01-11T14:19:13Z
2026-01-11T15:00:00Z,BTC,90831.0,1813271663505.0503,15059052472.374107,,0.3483407183361968,coingecko,2026-01-11T15:20:00Z
2026-01-11T15:00:00Z,ETH,3117.06,375906376860.0239,7107903930.225942,,0.8621144036338892,coingecko,2026-01-11T15:20:00Z
2026-01-11T15:00:00Z,BNB,909.64,125158445763.05692,1208282774.6590416,,0.463705473366331,coingecko,2026-01-11T15:20:00Z
2026-01-11T16:00:00Z,BTC,90852.0,1814105892205.0176,15752847855.936968,,0.3762638495915023,coingecko,2026-01-11T16:24:58Z
2026-01-11T16:00:00Z,ETH,3115.15,375918101280.4556,7556640142.164615,,0.8505951457708383,coingecko,2026-01-11T16:24:58Z
2026-01-11T16:00:00Z,BNB,908.32,125088669268.8546,1197244067.923452,,0.2117566465207941,coingecko,2026-01-11T16:24:58Z
2026-01-11T17:00:00Z,BTC,90875.0,1815300044263.192,16635235419.777004,,0.3078583333443109,coingecko,2026-01-11T17:17:35Z
2026-01-11T17:00:00Z,ETH,3123.87,377070732294.5906,8618243010.091345,,0.952059790296406,coingecko,2026-01-11T17:17:35Z
2026-01-11T17:00:00Z,BNB,906.47,124865339417.2793,1208901545.783975,,-0.1654236232297334,coingecko,2026-01-11T17:17:35Z
2026-01-11T18:00:00Z,BTC,90769.0,1813245203952.768,16809434798.930878,,0.370280272407208,coingecko,2026-01-11T18:29:20Z
2026-01-11T18:00:00Z,ETH,3120.16,376506227511.2454,10074407150.81563,,1.0016392215587997,coingecko,2026-01-11T18:29:20Z
2026-01-11T18:00:00Z,BNB,905.09,124660394963.44817,1190578106.5562997,,-0.415032363283967,coingecko,2026-01-11T18:29:20Z
2026-01-11T19:00:00Z,BTC,90787.0,1812855287894.241,16964575903.371248,,0.3599076414335512,coingecko,2026-01-11T19:16:10Z
2026-01-11T19:00:00Z,ETH,3127.09,377141254496.09503,8814512285.498875,,1.2595018723486664,coingecko,2026-01-11T19:16:10Z
2026-01-11T19:00:00Z,BNB,905.29,124551390208.5768,1038302280.2558324,,-0.6227825675920422,coingecko,2026-01-11T19:16:10Z
2026-01-11T20:00:00Z,BTC,90378.0,1804629790652.4253,17013279195.616407,,-0.1597203734882455,coingecko,2026-01-11T20:23:11Z
2026-01-11T20:00:00Z,ETH,3102.08,374318421642.0095,7278255250.917104,,0.4700984567442339,coingecko,2026-01-11T20:23:11Z
2026-01-11T20:00:00Z,BNB,900.54,123945331839.13033,1035264086.102286,,-1.3958447297066,coingecko,2026-01-11T20:23:11Z
2026-01-11T21:00:00Z,BTC,90578.0,1808355661774.4023,18337840790.167786,,0.1958381561802972,coingecko,2026-01-11T21:19:01Z
2026-01-11T21:00:00Z,ETH,3110.22,375250228575.1296,10853771138.65064,,0.8626737822948427,coingecko,2026-01-11T21:19:01Z
2026-01-11T21:00:00Z,BNB,900.16,123964847431.85352,980611466.8163576,,-0.7101130851118467,coingecko,2026-01-11T21:19:01Z
2026-01-11T22:00:00Z,BTC,90434.0,1806418905617.092,18339075664.82767,,0.1407969932772723,coingecko,2026-01-11T22:20:12Z
2026-01-11T22:00:00Z,ETH,3105.63,375208919142.6587,9910566394.87905,,0.9349792754522556,coingecko,2026-01-11T22:20:12Z
2026-01-11T22:00:00Z,BNB,900.53,124103268147.00496,1112339236.321107,,-0.1205016389391312,coingecko,2026-01-11T22:20:12Z
2026-01-11T23:00:00Z,BTC,90769.0,1805658711179.299,19428525537.95131,,0.4000066508969097,coingecko,2026-01-11T23:19:50Z
2026-01-11T23:00:00Z,ETH,3114.19,374161431035.87,9904065502.136911,,1.056928980655749,coingecko,2026-01-11T23:19:50Z
2026-01-11T23:00:00Z,BNB,902.43,124294605241.56636,1129795000.8891869,,-0.1788949532021771,coingecko,2026-01-11T23:19:50Z
2026-01-12T01:00:00Z,BTC,91306.0,1822855996316.5632,23595405841.98764,,0.9120388411591286,coingecko,2026-01-12T01:49:38Z
2026-01-12T01:00:00Z,ETH,3121.14,376561676722.11255,12340609588.558508,,1.0429800304160632,coingecko,2026-01-12T01:49:38Z
2026-01-12T01:00:00Z,BNB,901.48,124098191813.39876,1171709616.0413835,,-0.5626948430595106,coingecko,2026-01-12T01:49:38Z
2026-01-12T03:00:00Z,BTC,91843.0,1835129858778.1687,27842693319.80985,,1.382059827897347,coingecko,2026-01-12T03:49:32Z
2026-01-12T03:00:00Z,ETH,3150.5,380511854301.2329,14529660729.498508,,1.884978068604927,coingecko,2026-01-12T03:49:32Z
2026-01-12T03:00:00Z,BNB,905.2,124734739365.9038,1290102392.7139475,,-0.5256952386083559,coingecko,2026-01-12T03:49:32Z
2026-01-12T04:00:00Z,BTC,92123.0,1839742981953.98,28795331429.775955,,1.6338185234673237,coingecko,2026-01-12T04:50:57Z
2026-01-12T04:00:00Z,ETH,3158.29,381114555906.41614,13809593647.32373,,2.102010468935343,coingecko,2026-01-12T04:50:57Z
2026-01-12T04:00:00Z,BNB,908.35,125075481723.02933,1168151742.886608,,-0.3905436640531863,coingecko,2026-01-12T04:50:57Z
2026-01-12T05:00:00Z,BTC,92092.0,1839022491353.904,29430001479.54889,,1.5956044841118182,coingecko,2026-01-12T05:29:35Z
2026-01-12T05:00:00Z,ETH,3160.75,381327718781.66113,14864831713.424114,,2.1807903487247966,coingecko,2026-01-12T05:29:35Z
2026-01-12T05:00:00Z,BNB,908.24,125043178740.00037,1213997645.4604516,,-0.1739019634457674,coingecko,2026-01-12T05:29:35Z
2026-01-12T06:00:00Z,BTC,91758.0,1833796663655.0835,29855115463.14021,,1.333787766791281,coingecko,2026-01-12T06:36:56Z
2026-01-12T06:00:00Z,ETH,3151.22,380558850101.4345,16452973414.803238,,2.015308313130902,coingecko,2026-01-12T06:36:56Z
2026-01-12T06:00:00Z,BNB,906.15,124858886992.58195,1326248452.1327045,,-0.6502815669729736,coingecko,2026-01-12T06:36:56Z
2026-01-12T07:00:00Z,BTC,91641.0,1830549352356.8225,30153047071.99047,,1.1137147664371054,coingecko,2026-01-12T07:27:26Z
2026-01-12T07:00:00Z,ETH,3150.1,380277132784.2036,14872604587.664898,,1.9121886003936444,coingecko,2026-01-12T07:27:26Z
2026-01-12T07:00:00Z,BNB,904.55,124585192817.87784,1316858677.9139633,,-0.8068087804917878,coingecko,2026-01-12T07:27:26Z
2026-01-12T08:00:00Z,BTC,91214.0,1824725514445.4976,31866227754.64949,,0.6335477359160423,coingecko,2026-01-12T08:32:41Z
2026-01-12T08:00:00Z,ETH,3128.84,378603332109.3848,17645759728.78538,,1.1568455473105548,coingecko,2026-01-12T08:32:41Z
2026-01-12T08:00:00Z,BNB,905.43,124835400851.36,1335564688.4486828,,-0.8783867042205225,coingecko,2026-01-12T08:32:41Z
2026-01-12T09:00:00Z,BTC,90750.0,1811412097309.17,34223637586.817577,,0.150358870355029,coingecko,2026-01-12T09:32:15Z
2026-01-12T09:00:00Z,ETH,3116.24,375760866430.125,17255684535.22366,,0.4859733888808453,coingecko,2026-01-12T09:32:15Z
2026-01-12T09:00:00Z,BNB,901.33,124100954316.25104,1365011560.9483154,,-1.3584500172296023,coingecko,2026-01-12T09:32:15Z
2026-01-12T10:00:00Z,BTC,90453.0,1808937355922.2605,34260217426.59456,,-0.1587035183687271,coingecko,2026-01-12T10:25:59Z
2026-01-12T10:00:00Z,ETH,3108.58,375369858869.9716,17229504503.28165,,0.1873491206074221,coingecko,2026-01-12T10:25:59Z
2026-01-12T10:00:00Z,BNB,898.82,123833134837.7202,1358425820.0731556,,-1.455384174773702,coingecko,2026-01-12T10:25:59Z
2026-01-12T11:00:00Z,BTC,90455.0,1806913313850.485,35342946561.14941,,-0.1459719288304231,coingecko,2026-01-12T11:20:32Z
2026-01-12T11:00:00Z,ETH,3107.5,375075904869.27655,17482120873.66234,,0.2512471785886457,coingecko,2026-01-12T11:20:32Z
2026-01-12T11:00:00Z,BNB,899.15,123831959648.1242,1363269458.047889,,-1.3901590252311444,coingecko,2026-01-12T11:20:32Z
2026-01-12T12:00:00Z,BTC,90591.0,1809679188533.6064,35849449236.614494,,-0.202617702331511,coingecko,2026-01-12T12:47:57Z
2026-01-12T12:00:00Z,ETH,3111.74,375626059873.5337,17399398990.11215,,0.1445865692691848,coingecko,2026-01-12T12:47:57Z
2026-01-12T12:00:00Z,BNB,899.41,123891718546.0346,1372736659.5140169,,-1.3706068959909794,coingecko,2026-01-12T12:47:57Z
2026-01-12T13:00:00Z,BTC,90605.0,1810126977166.6587,36439772322.36878,,-0.1525374444149438,coingecko,2026-01-12T13:42:13Z
2026-01-12T13:00:00Z,ETH,3110.02,375300334329.1584,19049841811.941044,,0.174897532631954,coingecko,2026-01-12T13:42:13Z
2026-01-12T13:00:00Z,BNB,899.46,123887247786.6728,1368433970.726544,,-1.426646429375785,coingecko,2026-01-12T13:42:13Z
2026-01-12T14:00:00Z,BTC,90098.0,1804592349471.74,36592241924.31767,,-0.8295954937227271,coingecko,2026-01-12T14:25:49Z
2026-01-12T14:00:00Z,ETH,3070.68,372439735676.18256,18876779520.89258,,-1.276043224784192,coingecko,2026-01-12T14:25:49Z
2026-01-12T14:00:00Z,BNB,894.18,123431605535.44524,1393010034.942672,,-2.07817186225617,coingecko,2026-01-12T14:25:49Z
2026-01-12T15:00:00Z,BTC,91135.0,1818686960613.2727,39284849439.23833,,0.2891843206364852,coingecko,2026-01-12T15:26:20Z
2026-01-12T15:00:00Z,ETH,3115.04,375383790910.95386,20465942414.6644,,-0.1471697804416797,coingecko,2026-01-12T15:26:20Z
2026-01-12T15:00:00Z,BNB,901.07,124059209755.52477,1411223028.8124073,,-0.7688879102940019,coingecko,2026-01-12T15:26:20Z
2026-01-12T16:00:00Z,BTC,91834.0,1834252182111.6248,41965161335.254,,0.9713381140730578,coingecko,2026-01-12T16:27:34Z
2026-01-12T16:00:00Z,ETH,3130.32,377817134695.0158,20481854199.86996,,0.3960218095518747,coingecko,2026-01-12T16:27:34Z
2026-01-12T16:00:00Z,BNB,905.82,124586333366.94524,1411359564.7689967,,-0.2879362847766869,coingecko,2026-01-12T16:27:34Z
2026-01-12T17:00:00Z,BTC,91817.0,1836930841901.574,44268931545.46092,,1.0189702264172698,coingecko,2026-01-12T17:23:57Z
2026-01-12T17:00:00Z,ETH,3121.49,377479141845.95,20768113326.80759,,-0.167044496622034,coingecko,2026-01-12T17:23:57Z
2026-01-12T17:00:00Z,BNB,905.16,124670468248.93228,1424707919.6463175,,-0.0960010217855817,coingecko,2026-01-12T17:23:57Z
2026-01-12T18:00:00Z,BTC,91688.0,1833900799857.987,47130695398.396965,,0.9904842696350028,coingecko,2026-01-12T18:33:18Z
2026-01-12T18:00:00Z,ETH,3112.56,376025742553.4258,21821287548.60385,,-0.2335633854628315,coingecko,2026-01-12T18:33:18Z
2026-01-12T18:00:00Z,BNB,906.15,124806395782.96968,1454355507.0915058,,0.1506189408010453,coingecko,2026-01-12T18:33:18Z
2026-01-12T19:00:00Z,BTC,91712.0,1831465858236.4685,47256457276.32236,,1.0389939662593983,coingecko,2026-01-12T19:20:42Z
2026-01-12T19:00:00Z,ETH,3111.11,375437417295.9403,21900430178.08148,,-0.4115534579561275,coingecko,2026-01-12T19:20:42Z
2026-01-12T19:00:00Z,BNB,907.02,124792987607.05746,1396788405.352655,,0.2098883425104847,coingecko,2026-01-12T19:20:42Z
2026-01-12T20:00:00Z,BTC,91702.0,1831278899295.7825,47265149175.04648,,1.4151105040363037,coingecko,2026-01-12T20:25:40Z
2026-01-12T20:00:00Z,ETH,3112.6,375579318465.1028,21882701064.90807,,0.2831374279811133,coingecko,2026-01-12T20:25:40Z
2026-01-12T20:00:00Z,BNB,905.74,124751142716.12135,1435268414.4449377,,0.5583082629432078,coingecko,2026-01-12T20:25:40Z
2026-01-12T21:00:00Z,BTC,91364.0,1825037036167.996,47641244597.23713,,0.8841578362743145,coingecko,2026-01-12T21:21:02Z
2026-01-12T21:00:00Z,ETH,3099.7,374435548423.6407,22041652294.53421,,-0.3012693235727281,coingecko,2026-01-12T21:21:02Z
2026-01-12T21:00:00Z,BNB,905.08,124661799628.9064,1439104405.813301,,0.5876677449946586,coingecko,2026-01-12T21:21:02Z
2026-01-12T22:00:00Z,BTC,91229.0,1823653236229.3083,48160414388.96387,,0.7952824795274052,coingecko,2026-01-12T22:19:20Z
2026-01-12T22:00:00Z,ETH,3099.7,374510872339.46765,22180048323.526543,,-0.2565950958329749,coingecko,2026-01-12T22:19:20Z
2026-01-12T22:00:00Z,BNB,903.54,124519578382.43088,1441261635.907057,,0.2774781258121527,coingecko,2026-01-12T22:19:20Z
2026-01-12T23:00:00Z,BTC,91068.0,1818950122029.0627,47817428744.58487,,0.5142554888265133,coingecko,2026-01-12T23:17:26Z
2026-01-12T23:00:00Z,ETH,3088.45,372694190798.702,22841989769.253704,,-0.8887755449068865,coingecko,2026-01-12T23:17:26Z
2026-01-12T23:00:00Z,BNB,904.13,124507410018.99168,1410777236.2315516,,0.1354421925114792,coingecko,2026-01-12T23:17:26Z
2026-01-13T01:00:00Z,BTC,91007.0,1818744509757.4863,44793562400.1369,,-0.1096090589686444,coingecko,2026-01-13T01:41:25Z
2026-01-13T01:00:00Z,ETH,3091.23,373172509513.8599,19386484229.552845,,-0.8075219380639151,coingecko,2026-01-13T01:41:25Z
2026-01-13T01:00:00Z,BNB,902.84,124375884830.4484,1345452026.6362848,,0.2744658762260534,coingecko,2026-01-13T01:41:25Z
2026-01-13T03:00:00Z,BTC,91295.0,1824223504861.973,41462589066.15289,,-1.0734695938729288,coingecko,2026-01-13T03:28:09Z
2026-01-13T03:00:00Z,ETH,3111.49,375673065153.91736,18195516030.150127,,-1.6573745296535034,coingecko,2026-01-13T03:28:09Z
2026-01-13T03:00:00Z,BNB,905.08,124656777098.61028,1093704846.3768468,,-0.336105013536391,coingecko,2026-01-13T03:28:09Z
2026-01-13T04:00:00Z,BTC,91264.0,1823404796590.1628,41094791387.112366,,-0.8715755068719904,coingecko,2026-01-13T04:40:19Z
2026-01-13T04:00:00Z,ETH,3111.17,375288955812.5813,18524143379.70244,,-1.4264662686567229,coingecko,2026-01-13T04:40:19Z
2026-01-13T04:00:00Z,BNB,906.36,124788001545.69662,1258437659.2413306,,-0.0706148215481914,coingecko,2026-01-13T04:40:19Z
2026-01-13T05:00:00Z,BTC,92043.0,1837054385348.524,41942648126.43256,,-0.0294139239926264,coingecko,2026-01-13T05:25:55Z
2026-01-13T05:00:00Z,ETH,3138.2,378576386491.5169,20279935538.297752,,-0.6701478154121158,coingecko,2026-01-13T05:25:55Z
2026-01-13T05:00:00Z,BNB,908.49,125256561910.73444,1284078056.3594842,,0.0587947826247765,coingecko,2026-01-13T05:25:55Z
2026-01-13T06:00:00Z,BTC,91863.0,1835263101997.088,42840423896.93749,,0.083400250569963,coingecko,2026-01-13T06:34:23Z
2026-01-13T06:00:00Z,ETH,3127.5,377620266145.7187,19402555645.23052,,-0.7697519679280392,coingecko,2026-01-13T06:34:23Z
2026-01-13T06:00:00Z,BNB,909.37,125233638591.65083,1287189850.2833345,,0.343242593860775,coingecko,2026-01-13T06:34:23Z
2026-01-13T07:00:00Z,BTC,91889.0,1833940764170.9856,46049854731.823296,,0.2716703975246776,coingecko,2026-01-13T07:25:03Z
2026-01-13T07:00:00Z,ETH,3124.38,376932413699.2786,22585837681.760933,,-0.8264723710055993,coingecko,2026-01-13T07:25:03Z
2026-01-13T07:00:00Z,BNB,912.13,125619905876.47916,1437340531.5013463,,0.8543482108903393,coingecko,2026-01-13T07:25:03Z
2026-01-13T08:00:00Z,BTC,91864.0,1834985120707.0056,44788047983.97012,,0.6527974308847646,coingecko,2026-01-13T08:31:07Z
2026-01-13T08:00:00Z,ETH,3123.02,376935895159.12616,18165655699.03862,,-0.3021931054091025,coingecko,2026-01-13T08:31:07Z
2026-01-13T08:00:00Z,BNB,909.19,125225277110.31029,1522514695.101016,,0.3775622809528551,coingecko,2026-01-13T08:31:07Z
2026-01-13T09:00:00Z,BTC,92405.0,1845664300570.9097,44739068582.60584,,1.8279646711496,coingecko,2026-01-13T09:28:16Z
2026-01-13T09:00:00Z,ETH,3139.53,378924589610.70337,21051004928.52172,,0.7644273398745154,coingecko,2026-01-13T09:28:16Z
2026-01-13T09:00:00Z,BNB,908.92,125177830019.61194,1605318705.965636,,0.8901308938475008,coingecko,2026-01-13T09:28:16Z
2026-01-13T10:00:00Z,BTC,92132.0,1839901226343.7268,45244875954.61119,,1.7334523766940106,coingecko,2026-01-13T10:24:36Z
2026-01-13T10:00:00Z,ETH,3134.06,378172524088.75287,21382376970.043385,,0.7693063578987388,coingecko,2026-01-13T10:24:36Z
2026-01-13T10:00:00Z,BNB,908.05,125029537211.04764,1864830120.751116,,0.981301624468098,coingecko,2026-01-13T10:24:36Z
2026-01-13T11:00:00Z,BTC,92100.0,1840288238003.6028,45257830862.1357,,1.823365377254985,coingecko,2026-01-13T11:20:30Z
2026-01-13T11:00:00Z,ETH,3133.15,378296344263.14246,21937423915.323868,,0.8167769604789392,coingecko,2026-01-13T11:20:30Z
2026-01-13T11:00:00Z,BNB,907.87,125045838342.52596,1910397643.4091165,,0.9827207957777824,coingecko,2026-01-13T11:20:30Z
2026-01-13T12:00:00Z,BTC,92027.0,1838313399089.1743,44738237754.06737,,1.5709268137757133,coingecko,2026-01-13T12:47:35Z
2026-01-13T12:00:00Z,ETH,3132.11,378053544001.2524,22798970755.47988,,0.6532860703930977,coingecko,2026-01-13T12:47:35Z
2026-01-13T12:00:00Z,BNB,907.88,125042679628.4126,1669219367.430101,,0.793641463148454,coingecko,2026-01-13T12:47:35Z
2026-01-13T13:00:00Z,BTC,92022.0,1838598648809.073,44125839099.74111,,1.5438989546485162,coingecko,2026-01-13T13:41:31Z
2026-01-13T13:00:00Z,ETH,3136.66,378576262615.2496,19079493307.389824,,0.9960260793181328,coingecko,2026-01-13T13:41:31Z
2026-01-13T13:00:00Z,BNB,909.38,125258845643.2986,2009595767.7101912,,1.121538114525306,coingecko,2026-01-13T13:41:31Z
2026-01-13T14:00:00Z,BTC,92128.0,1839754960691.788,46819173418.94873,,2.218420550318965,coingecko,2026-01-13T14:26:07Z
2026-01-13T14:00:00Z,ETH,3146.07,379614547921.65375,17175530201.445305,,2.4434670106542065,coingecko,2026-01-13T14:26:07Z
2026-01-13T14:00:00Z,BNB,909.03,125172006000.8338,1917766446.520788,,1.6234293279317455,coingecko,2026-01-13T14:26:07Z
2026-01-13T15:00:00Z,BTC,92279.0,1842019361143.4924,47992456213.55953,,1.241809941441629,coingecko,2026-01-13T15:25:46Z
2026-01-13T15:00:00Z,ETH,3138.49,378449099501.4635,22859172336.14323,,0.7382259888984164,coingecko,2026-01-13T15:25:46Z
2026-01-13T15:00:00Z,BNB,909.85,125258569339.40652,1958434217.082355,,0.9705082078803128,coingecko,2026-01-13T15:25:46Z
2026-01-13T16:00:00Z,BTC,93192.0,1860318081116.9097,49995461667.98528,,1.1697335495101386,coingecko,2026-01-13T16:32:14Z
2026-01-13T16:00:00Z,ETH,3175.44,382795404637.4289,20447659329.064003,,1.0905784853963292,coingecko,2026-01-13T16:32:14Z
2026-01-13T16:00:00Z,BNB,919.03,126496893340.19176,2139119624.5941608,,1.5626188429631829,coingecko,2026-01-13T16:32:14Z
2026-01-13T17:00:00Z,BTC,93311.0,1862312513558.732,50034654641.176834,,1.6755521026784028,coingecko,2026-01-13T17:26:27Z
2026-01-13T17:00:00Z,ETH,3180.68,383631785739.673,24021934425.45018,,1.7093618895986329,coingecko,2026-01-13T17:26:27Z
2026-01-13T17:00:00Z,BNB,919.38,126461165317.0406,2003751361.62724,,1.5106725804450498,coingecko,2026-01-13T17:26:27Z
2026-01-13T18:00:00Z,BTC,93511.0,1868968628770.807,49946480114.35868,,2.151731486359484,coingecko,2026-01-13T18:31:31Z
2026-01-13T18:00:00Z,ETH,3191.27,385461750313.0552,23294855806.407,,2.449027436970691,coingecko,2026-01-13T18:31:31Z
2026-01-13T18:00:00Z,BNB,934.87,128784660158.50816,2411400514.1170774,,3.14977169597929,coingecko,2026-01-13T18:31:31Z
2026-01-13T19:00:00Z,BTC,93531.0,1867751820251.772,50698102790.25527,,2.106291442954347,coingecko,2026-01-13T19:20:24Z
2026-01-13T19:00:00Z,ETH,3192.97,385279435548.7244,25066541465.3585,,2.636019942916871,coingecko,2026-01-13T19:20:24Z
2026-01-13T19:00:00Z,BNB,940.62,129710052770.397,2547571399.472601,,3.8291535269510137,coingecko,2026-01-13T19:20:24Z
2026-01-13T20:00:00Z,BTC,94390.0,1885356947305.104,53722324158.86367,,2.94607582884732,coingecko,2026-01-13T20:25:34Z
2026-01-13T20:00:00Z,ETH,3212.4,387817852898.19183,26143682124.18209,,3.255392792639574,coingecko,2026-01-13T20:25:34Z
2026-01-13T20:00:00Z,BNB,943.7,129906619048.33444,2632131752.0598507,,4.190757320461661,coingecko,2026-01-13T20:25:34Z
2026-01-13T21:00:00Z,BTC,94366.0,1885945121932.8704,57068974386.29106,,3.2661746206145867,coingecko,2026-01-13T21:21:19Z
2026-01-13T21:00:00Z,ETH,3208.83,387253097000.4723,25884566833.77769,,3.5038603170844387,coingecko,2026-01-13T21:21:19Z
2026-01-13T21:00:00Z,BNB,941.32,129617860269.1816,2643611955.996984,,4.022257041574735,coingecko,2026-01-13T21:21:19Z
2026-01-13T22:00:00Z,BTC,95359.0,1904452410701.1184,61521361863.266464,,4.504650717831379,coingecko,2026-01-13T22:22:03Z
2026-01-13T22:00:00Z,ETH,3326.3,401373907335.485,24436548296.34833,,7.308043631656928,coingecko,2026-01-13T22:22:03Z
2026-01-13T22:00:00Z,BNB,946.73,130401734038.42424,2870440491.481097,,4.691171589717774,coingecko,2026-01-13T22:22:03Z
2026-01-13T23:00:00Z,BTC,95572.0,1909170214390.8064,65086649478.200935,,4.954388866397865,coingecko,2026-01-13T23:20:09Z
2026-01-13T23:00:00Z,ETH,3332.8,402253842863.4267,32663832079.12509,,7.898012377508309,coingecko,2026-01-13T23:20:09Z
2026-01-13T23:00:00Z,BNB,945.65,130241059911.32085,2938573801.128656,,4.615877813700284,coingecko,2026-01-13T23:20:09Z
2026-01-14T01:00:00Z,BTC,95174.0,1901560671276.96,68939127573.04317,,4.597541427874985,coingecko,2026-01-14T01:48:29Z
2026-01-14T01:00:00Z,ETH,3327.5,401607701685.26,35781278042.72913,,7.558922927332899,coingecko,2026-01-14T01:48:29Z
2026-01-14T01:00:00Z,BNB,946.77,130480814326.28545,3106536758.198903,,4.957167504026427,coingecko,2026-01-14T01:48:29Z
2026-01-14T03:00:00Z,BTC,95483.0,1907181121809.324,70106409200.6161,,4.690699293377124,coingecko,2026-01-14T03:47:27Z
2026-01-14T03:00:00Z,ETH,3336.14,402677145168.4116,37429229815.33272,,7.297003866106197,coingecko,2026-01-14T03:47:27Z
2026-01-14T03:00:00Z,BNB,949.11,130677665049.48776,3133866926.10378,,5.022613466354313,coingecko,2026-01-14T03:47:27Z
2026-01-14T04:00:00Z,BTC,95240.0,1902562764437.7832,68750103650.6235,,4.38092932402618,coingecko,2026-01-14T04:46:43Z
2026-01-14T04:00:00Z,ETH,3336.81,402848626068.4949,33889515579.412067,,7.195160570075679,coingecko,2026-01-14T04:46:43Z
2026-01-14T04:00:00Z,BNB,942.95,129859104049.14417,3051443642.581248,,3.960167889295987,coingecko,2026-01-14T04:46:43Z
2026-01-14T05:00:00Z,BTC,94973.0,1901613277020.3213,68332386526.25183,,3.2682320823279065,coingecko,2026-01-14T05:24:34Z
2026-01-14T05:00:00Z,ETH,3327.22,402459352285.0966,32007036474.36539,,5.996431806773447,coingecko,2026-01-14T05:24:34Z
2026-01-14T05:00:00Z,BNB,940.89,129580643301.82208,3057961505.5374565,,3.56306466805202,coingecko,2026-01-14T05:24:34Z
2026-01-14T06:00:00Z,BTC,94647.0,1891174661288.5764,68067255737.57675,,3.0238564983354808,coingecko,2026-01-14T06:34:29Z
2026-01-14T06:00:00Z,ETH,3323.45,401136552545.8479,36103168258.64063,,6.228350833577603,coingecko,2026-01-14T06:34:29Z
2026-01-14T06:00:00Z,BNB,936.6,129001535380.30772,3114935233.8239865,,2.960343075952508,coingecko,2026-01-14T06:34:29Z
2026-01-14T07:00:00Z,BTC,95015.0,1898383145045.465,68401585268.7281,,3.368081311054342,coingecko,2026-01-14T07:25:36Z
2026-01-14T07:00:00Z,ETH,3334.69,402423230269.8039,35181181011.771034,,6.73091932254259,coingecko,2026-01-14T07:25:36Z
2026-01-14T07:00:00Z,BNB,938.33,129272774276.11116,2772123648.2254624,,2.8694575521828805,coingecko,2026-01-14T07:25:36Z
2026-01-14T08:00:00Z,BTC,95124.0,1900179706979.58,68931448186.33034,,3.4388533419442666,coingecko,2026-01-14T08:31:01Z
2026-01-14T08:00:00Z,ETH,3334.64,402486107519.4506,35252396646.713104,,6.693294753486997,coingecko,2026-01-14T08:31:01Z
2026-01-14T08:00:00Z,BNB,936.7,129040521111.4544,2980630117.195623,,2.977644274915167,coingecko,2026-01-14T08:31:01Z
2026-01-14T09:00:00Z,BTC,95067.0,1900034887622.621,68923618554.1206,,2.847768510511082,coingecko,2026-01-14T09:28:53Z
2026-01-14T09:00:00Z,ETH,3330.39,402076610179.4645,36693405318.27301,,6.086731934823983,coingecko,2026-01-14T09:28:53Z
2026-01-14T09:00:00Z,BNB,937.36,129061631642.88704,2867080578.223842,,3.150618093303513,coingecko,2026-01-14T09:28:53Z
2026-01-14T10:00:00Z,BTC,94926.0,1897479600518.128,67912627583.90321,,3.059490780875353,coingecko,2026-01-14T10:25:16Z
2026-01-14T10:00:00Z,ETH,3310.52,400050062822.3432,33720530582.368168,,5.64149851861957,coingecko,2026-01-14T10:25:16Z
2026-01-14T10:00:00Z,BNB,936.58,129181158147.13612,2627185558.6300926,,3.114401906314372,coingecko,2026-01-14T10:25:16Z
2026-01-14T11:00:00Z,BTC,94835.0,1896987284099.468,67472190302.23349,,3.006704190464899,coingecko,2026-01-14T11:21:26Z
2026-01-14T11:00:00Z,ETH,3292.68,399082586968.9093,35782917535.97957,,5.111869572414665,coingecko,2026-01-14T11:21:26Z
2026-01-14T11:00:00Z,BNB,929.88,128242803474.86214,2621289568.712361,,2.431901361466492,coingecko,2026-01-14T11:21:26Z
2026-01-14T12:00:00Z,BTC,95015.0,1898200789234.66,68470461659.20479,,3.282098601225229,coingecko,2026-01-14T12:45:52Z
2026-01-14T12:00:00Z,ETH,3292.69,397579804840.8703,38091337628.59265,,5.115469679406643,coingecko,2026-01-14T12:45:52Z
2026-01-14T12:00:00Z,BNB,934.19,128716422656.64491,2664147837.6876936,,2.997672289321111,coingecko,2026-01-14T12:45:52Z
2026-01-14T13:00:00Z,BTC,95043.0,1899154511279.154,67258681425.99657,,3.198652505103844,coingecko,2026-01-14T13:40:19Z
2026-01-14T13:00:00Z,ETH,3299.93,398283751766.6196,35994768869.91692,,5.178451580386893,coingecko,2026-01-14T13:40:19Z
2026-01-14T13:00:00Z,BNB,933.79,128637847001.4635,2664268982.6013994,,2.641336304249676,coingecko,2026-01-14T13:40:19Z
2026-01-14T14:00:00Z,BTC,95744.0,1909745167049.2136,66026662716.10797,,3.914416717642435,coingecko,2026-01-14T14:25:46Z
2026-01-14T14:00:00Z,ETH,3322.43,400652153375.3564,33923307992.23088,,5.5957845620959175,coingecko,2026-01-14T14:25:46Z
2026-01-14T14:00:00Z,BNB,937.65,129038066153.77002,2630489792.044138,,3.14410103647524,coingecko,2026-01-14T14:25:46Z
2026-01-14T15:00:00Z,BTC,96862.0,1934663643566.8103,66097169348.01392,,4.951624105712376,coingecko,2026-01-14T15:26:38Z
2026-01-14T15:00:00Z,ETH,3354.5,404862813118.1624,37684253934.16521,,6.827689313244336,coingecko,2026-01-14T15:26:38Z
2026-01-14T15:00:00Z,BNB,943.18,129779927675.87602,2779692295.120164,,3.658943311376957,coingecko,2026-01-14T15:26:38Z
2026-01-14T16:00:00Z,BTC,97245.0,1942109328314.0183,72336711070.08618,,4.34672777359245,coingecko,2026-01-14T16:30:42Z
2026-01-14T16:00:00Z,ETH,3374.49,406645132742.60406,33918573607.64985,,5.876412745809306,coingecko,2026-01-14T16:30:42Z
2026-01-14T16:00:00Z,BNB,944.56,130109672288.60152,2744425451.527298,,2.822239131551153,coingecko,2026-01-14T16:30:42Z
2026-01-14T17:00:00Z,BTC,97656.0,1950260718623.1487,75131432999.00029,,4.620981541131717,coingecko,2026-01-14T17:27:27Z
2026-01-14T17:00:00Z,ETH,3372.34,407200155828.2212,39440113806.670586,,5.995776119735254,coingecko,2026-01-14T17:27:27Z
2026-01-14T17:00:00Z,BNB,944.66,130078742955.06586,2748585294.129424,,2.748388783356833,coingecko,2026-01-14T17:27:27Z
2026-01-14T18:00:00Z,BTC,96825.0,1936302191223.2776,77430101696.72285,,3.4544075643994976,coingecko,2026-01-14T18:33:45Z
2026-01-14T18:00:00Z,ETH,3339.63,403710217362.0997,41682176979.80026,,4.626255767266112,coingecko,2026-01-14T18:33:45Z
2026-01-14T18:00:00Z,BNB,942.88,129967782060.16447,2621491223.1959543,,0.7715124024948841,coingecko,2026-01-14T18:33:45Z
2026-01-14T19:00:00Z,BTC,97069.0,1932291999286.786,78085534307.11009,,3.659334758371452,coingecko,2026-01-14T19:19:29Z
2026-01-14T19:00:00Z,ETH,3349.95,403020957004.3617,42293661221.26917,,4.8539349581747455,coingecko,2026-01-14T19:19:29Z
2026-01-14T19:00:00Z,BNB,943.47,129956369357.57458,2537709420.1633563,,0.2690903392121243,coingecko,2026-01-14T19:19:29Z
2026-01-14T20:00:00Z,BTC,97496.0,1950315473133.5352,77819254114.16992,,3.217331236147695,coingecko,2026-01-14T20:22:03Z
2026-01-14T20:00:00Z,ETH,3374.38,407675930972.1385,43031630403.84056,,5.034957489569282,coingecko,2026-01-14T20:22:03Z
2026-01-14T20:00:00Z,BNB,945.31,130361553227.3979,2518703324.51164,,0.2452913944552216,coingecko,2026-01-14T20:22:03Z
2026-01-14T21:00:00Z,BTC,97519.0,1949124199623.2825,76220388417.17133,,3.2823308782547125,coingecko,2026-01-14T21:21:43Z
2026-01-14T21:00:00Z,ETH,3373.21,407836370885.4917,41520401933.09016,,5.013196748426848,coingecko,2026-01-14T21:21:43Z
2026-01-14T21:00:00Z,BNB,944.65,130006124427.58427,2494743231.1825247,,0.3320159053785614,coingecko,2026-01-14T21:21:43Z
2026-01-14T22:00:00Z,BTC,97448.0,1945181840165.1963,71589707829.55348,,2.118904944729181,coingecko,2026-01-14T22:22:27Z
2026-01-14T22:00:00Z,ETH,3367.68,406319655351.8425,37869527104.03488,,1.2247064087730548,coingecko,2026-01-14T22:22:27Z
2026-01-14T22:00:00Z,BNB,947.96,130484788434.06912,2346815439.5255747,,0.0881931801016395,coingecko,2026-01-14T22:22:27Z
2026-01-14T23:00:00Z,BTC,97260.0,1941714924878.1167,69914269221.45589,,1.7428805913520764,coingecko,2026-01-14T23:18:30Z
2026-01-14T23:00:00Z,ETH,3364.52,405798391311.6873,36073434785.95968,,0.947964540970886,coingecko,2026-01-14T23:18:30Z
2026-01-14T23:00:00Z,BNB,949.13,130693616017.72484,2255442156.072143,,0.4269999256619907,coingecko,2026-01-14T23:18:30Z
2026-01-15T01:00:00Z,BTC,96462.0,1927049335135.0989,67464014999.89372,,1.3648842870690108,coingecko,2026-01-15T01:43:48Z
2026-01-15T01:00:00Z,ETH,3327.79,401612863287.6316,34849023095.43968,,0.012268228866656,coingecko,2026-01-15T01:43:48Z
2026-01-15T01:00:00Z,BNB,936.98,129049437075.51784,2124838914.2582417,,-1.2106643345051868,coingecko,2026-01-15T01:43:48Z
2026-01-15T03:00:00Z,BTC,95811.0,1917875591989.4417,68353583995.29524,,0.3641212013606987,coingecko,2026-01-15T03:41:07Z
2026-01-15T03:00:00Z,ETH,3282.79,396882545308.4822,34707922495.25495,,-1.5385958126815986,coingecko,2026-01-15T03:41:07Z
2026-01-15T03:00:00Z,BNB,929.34,128186747216.83182,2178595323.510462,,-1.981494359817998,coingecko,2026-01-15T03:41:07Z
2026-01-15T04:00:00Z,BTC,96224.0,1922237596597.912,67750264382.54201,,0.9694388006216752,coingecko,2026-01-15T04:40:50Z
2026-01-15T04:00:00Z,ETH,3301.56,398433157132.7381,32858062619.29168,,-1.222050311236792,coingecko,2026-01-15T04:40:50Z
2026-01-15T04:00:00Z,BNB,935.3,128834236558.0312,2013670221.7568035,,-0.9121838161740664,coingecko,2026-01-15T04:40:50Z
2026-01-15T05:00:00Z,BTC,96298.0,1924189715933.8245,67537597334.85333,,1.3798792413956995,coingecko,2026-01-15T05:26:31Z
2026-01-15T05:00:00Z,ETH,3308.2,399583823014.4023,32851922663.8757,,-0.5425720059648618,coingecko,2026-01-15T05:26:31Z
2026-01-15T05:00:00Z,BNB,936.39,128977249617.01022,2008419855.241239,,-0.481548747002195,coingecko,2026-01-15T05:26:31Z
2026-01-15T06:00:00Z,BTC,96409.0,1926754260499.525,67165468248.54577,,1.8357453784046696,coingecko,2026-01-15T06:34:07Z
2026-01-15T06:00:00Z,ETH,3317.39,400626824578.751,32424059211.22298,,-0.1995192681222787,coingecko,2026-01-15T06:34:07Z
2026-01-15T06:00:00Z,BNB,936.01,128917163044.83728,1942062017.8663824,,-0.0421382532399316,coingecko,2026-01-15T06:34:07Z
2026-01-15T07:00:00Z,BTC,96432.0,1923836805004.5425,64111984528.98243,,1.4801337840470978,coingecko,2026-01-15T07:25:42Z
2026-01-15T07:00:00Z,ETH,3325.7,401106011207.5371,32360271968.42553,,-0.2064034989923473,coingecko,2026-01-15T07:25:42Z
2026-01-15T07:00:00Z,BNB,937.82,128932306862.84732,1773345832.4013116,,-0.0902939407301102,coingecko,2026-01-15T07:25:42Z
2026-01-15T08:00:00Z,BTC,96348.0,1924824648707.9937,67000650395.88876,,1.231363943208374,coingecko,2026-01-15T08:31:26Z
2026-01-15T08:00:00Z,ETH,3321.42,401287744773.968,32400548828.72842,,-0.3889733519924164,coingecko,2026-01-15T08:31:26Z
2026-01-15T08:00:00Z,BNB,938.12,129199694418.93887,2028895055.3017013,,0.1627197280403007,coingecko,2026-01-15T08:31:26Z
2026-01-15T09:00:00Z,BTC,96739.0,1929758680262.0525,67440968014.7572,,1.810696884749013,coingecko,2026-01-15T09:28:07Z
2026-01-15T09:00:00Z,ETH,3342.79,402674307316.2645,33735005263.60647,,0.3671889876254185,coingecko,2026-01-15T09:28:07Z
2026-01-15T09:00:00Z,BNB,940.94,129563866337.88168,2060756716.527191,,0.4125194882940501,coingecko,2026-01-15T09:28:07Z
2026-01-15T10:00:00Z,BTC,96867.0,1934569922616.66,68265597947.2891,,2.0472960885232103,coingecko,2026-01-15T10:25:04Z
2026-01-15T10:00:00Z,ETH,3372.68,406837460271.0501,34456154193.35899,,1.8429840913039093,coingecko,2026-01-15T10:25:04Z
2026-01-15T10:00:00Z,BNB,940.58,128225557712.59518,2057277817.7425373,,0.3966847591803042,coingecko,2026-01-15T10:25:04Z
2026-01-15T11:00:00Z,BTC,96710.0,1931785379917.576,66742248247.00363,,1.951612556288423,coingecko,2026-01-15T11:20:03Z
2026-01-15T11:00:00Z,ETH,3356.61,405172646020.91394,31712237153.93396,,1.863307155563996,coingecko,2026-01-15T11:20:03Z
2026-01-15T11:00:00Z,BNB,939.4,128116314137.4226,1991218327.801209,,1.0181614613974852,coingecko,2026-01-15T11:20:03Z
2026-01-15T12:00:00Z,BTC,96701.0,1930696769417.9585,67704301519.47819,,1.77519703459915,coingecko,2026-01-15T12:45:20Z
2026-01-15T12:00:00Z,ETH,3355.57,404463196836.5745,33863365571.02516,,1.9066973802012968,coingecko,2026-01-15T12:45:20Z
2026-01-15T12:00:00Z,BNB,938.17,127915888747.32988,1933017671.629858,,0.4273874992897609,coingecko,2026-01-15T12:45:20Z
2026-01-15T13:00:00Z,BTC,96694.0,1931150392773.474,67580179007.42074,,1.7387672483011096,coingecko,2026-01-15T13:39:50Z
2026-01-15T13:00:00Z,ETH,3362.47,405671660979.1448,32208786430.23798,,1.9257436024023225,coingecko,2026-01-15T13:39:50Z
2026-01-15T13:00:00Z,BNB,941.13,128339803707.73822,1649087002.2193608,,0.7893368070056771,coingecko,2026-01-15T13:39:50Z
2026-01-15T14:00:00Z,BTC,96812.0,1935302621644.853,67013723954.77809,,1.2398466829684032,coingecko,2026-01-15T14:25:03Z
2026-01-15T14:00:00Z,ETH,3369.7,406991211777.1366,32060124609.500072,,1.610688482618496,coingecko,2026-01-15T14:25:03Z
2026-01-15T14:00:00Z,BNB,943.11,128670487866.42424,1916664464.1909869,,0.6766770957755884,coingecko,2026-01-15T14:25:03Z
2026-01-15T15:00:00Z,BTC,96027.0,1919377247285.567,64088017960.96517,,-0.8642925509643995,coingecko,2026-01-15T15:25:58Z
2026-01-15T15:00:00Z,ETH,3337.69,403061039608.4633,32331824903.681564,,-0.5043305831828133,coingecko,2026-01-15T15:25:58Z
2026-01-15T15:00:00Z,BNB,936.79,127776809263.82127,1850332183.906448,,-0.6728649765736083,coingecko,2026-01-15T15:25:58Z
2026-01-15T16:00:00Z,BTC,96402.0,1925744411593.5225,64303932744.5442,,-0.7836664633857607,coingecko,2026-01-15T16:35:26Z
2026-01-15T16:00:00Z,ETH,3317.23,400372288457.2901,32074594360.513885,,-1.7357812156361545,coingecko,2026-01-15T16:35:26Z
2026-01-15T16:00:00Z,BNB,937.09,127782340635.75311,1850297910.7902591,,-0.7142038767339635,coingecko,2026-01-15T16:35:26Z
2026-01-15T17:00:00Z,BTC,96675.0,1930077936020.157,61037264292.522194,,-0.8821935825348145,coingecko,2026-01-15T17:32:00Z
2026-01-15T17:00:00Z,ETH,3326.13,401308634273.2728,28609639258.58609,,-1.2873433005410302,coingecko,2026-01-15T17:32:00Z
2026-01-15T17:00:00Z,BNB,939.64,128085400848.72232,1815760378.299601,,-0.4418021097071402,coingecko,2026-01-15T17:32:00Z
2026-01-15T18:00:00Z,BTC,96020.0,1917905832604.9707,62626929611.45928,,-0.5121351327769186,coingecko,2026-01-15T18:36:47Z
2026-01-15T18:00:00Z,ETH,3297.58,397983113244.6592,29970080238.02088,,-0.8093868308606164,coingecko,2026-01-15T18:36:47Z
2026-01-15T18:00:00Z,BNB,934.04,127369916865.64508,1765453423.4406116,,-0.5875568827826948,coingecko,2026-01-15T18:36:47Z
2026-01-15T19:00:00Z,BTC,95737.0,1912997136679.8723,63245013919.0546,,-1.619909355375725,coingecko,2026-01-15T19:24:29Z
2026-01-15T19:00:00Z,ETH,3292.93,397604305848.317,30884538080.936176,,-2.001402849810616,coingecko,2026-01-15T19:24:29Z
2026-01-15T19:00:00Z,BNB,927.7,126528547267.46678,1774937569.5332031,,-1.6767950345322171,coingecko,2026-01-15T19:24:29Z
2026-01-15T20:00:00Z,BTC,95397.0,1905682753380.1248,62335808027.42912,,-2.1568532227240778,coingecko,2026-01-15T20:25:42Z
2026-01-15T20:00:00Z,ETH,3290.54,397151221627.7044,28902892199.329742,,-2.4871259735850315,coingecko,2026-01-15T20:25:42Z
2026-01-15T20:00:00Z,BNB,926.1,126292511609.57312,1571845011.2613995,,-2.000782390320716,coingecko,2026-01-15T20:25:42Z
2026-01-15T21:00:00Z,BTC,95333.0,1904637727416.34,61860585378.95088,,-2.2419899784741086,coingecko,2026-01-15T21:21:33Z
2026-01-15T21:00:00Z,ETH,3294.19,397507328303.3428,28692916632.94387,,-2.344051736253281,coingecko,2026-01-15T21:21:33Z
2026-01-15T21:00:00Z,BNB,927.68,126520837845.1606,1728178537.6494403,,-1.7970090523707694,coingecko,2026-01-15T21:21:33Z
2026-01-15T22:00:00Z,BTC,95582.0,1909264283549.0647,60853157562.90495,,-1.911910099676304,coingecko,2026-01-15T22:21:49Z
2026-01-15T22:00:00Z,ETH,3301.1,398396255955.6336,25820189854.906345,,-1.9795300356725605,coingecko,2026-01-15T22:21:49Z
2026-01-15T22:00:00Z,BNB,931.8,127027372360.68036,1481929694.5205882,,-1.6955627735670915,coingecko,2026-01-15T22:21:49Z
2026-01-15T23:00:00Z,BTC,95641.0,1910534884638.004,59032713286.80982,,-1.5994633244753462,coingecko,2026-01-15T23:21:14Z
2026-01-15T23:00:00Z,ETH,3313.7,399862311420.168,28143369952.356,,-1.4405703753053951,coingecko,2026-01-15T23:21:14Z
2026-01-15T23:00:00Z,BNB,932.26,127106399305.24477,1652294554.4888384,,-1.7697843125399353,coingecko,2026-01-15T23:21:14Z
2026-01-16T01:00:00Z,BTC,95624.0,1910282667373.0344,57460272472.43803,,-0.8740458031897,coingecko,2026-01-16T01:45:33Z
2026-01-16T01:00:00Z,ETH,3313.42,399923444299.22034,28907413111.95672,,-0.4275337817249585,coingecko,2026-01-16T01:45:33Z
2026-01-16T01:00:00Z,BNB,931.2,126977467603.67513,1590896756.9094484,,-0.5778353356548421,coingecko,2026-01-16T01:45:33Z
2026-01-16T03:00:00Z,BTC,95408.0,1905641198613.056,55590539288.01686,,-0.4294040315840128,coingecko,2026-01-16T03:39:41Z
2026-01-16T03:00:00Z,ETH,3297.79,398014477134.9663,26710526073.1408,,0.4883145428015122,coingecko,2026-01-16T03:39:41Z
2026-01-16T03:00:00Z,BNB,929.88,126806264821.10667,1492226108.8664827,,-0.0861235979504292,coingecko,2026-01-16T03:39:41Z
2026-01-16T04:00:00Z,BTC,95247.0,1903247125399.7004,52238308091.35464,,-1.008939128193274,coingecko,2026-01-16T04:39:51Z
2026-01-16T04:00:00Z,ETH,3282.5,396333711535.8625,27647309352.37345,,-0.568305044435159,coingecko,2026-01-16T04:39:51Z
2026-01-16T04:00:00Z,BNB,927.99,126575632921.34422,1424843995.3885884,,-0.7674823730431682,coingecko,2026-01-16T04:39:51Z
2026-01-16T05:00:00Z,BTC,95261.0,1903280926892.956,52399350191.80448,,-1.0782820362247707,coingecko,2026-01-16T05:25:46Z
2026-01-16T05:00:00Z,ETH,3289.06,396997136934.2847,27467202947.21756,,-0.5711401278200624,coingecko,2026-01-16T05:25:46Z
2026-01-16T05:00:00Z,BNB,929.24,126716261265.41698,1452527205.240169,,-0.7563717536182059,coingecko,2026-01-16T05:25:46Z
2026-01-16T06:00:00Z,BTC,95615.0,1909955264520.356,55530078037.83791,,-0.7100313309151537,coingecko,2026-01-16T06:34:49Z
2026-01-16T06:00:00Z,ETH,3308.16,399184155814.653,27637944698.36814,,-0.3099868917381354,coingecko,2026-01-16T06:34:49Z
2026-01-16T06:00:00Z,BNB,933.19,127268796255.52795,1459233371.6598828,,-0.2607206903599861,coingecko,2026-01-16T06:34:49Z
2026-01-16T07:00:00Z,BTC,95642.0,1910632618520.3647,54925734088.63437,,-0.793702588034274,coingecko,2026-01-16T07:24:31Z
2026-01-16T07:00:00Z,ETH,3312.36,399743299361.6259,26343077027.74928,,-0.3415762898299505,coingecko,2026-01-16T07:24:31Z
2026-01-16T07:00:00Z,BNB,934.63,127532531322.57243,1470634523.3967595,,-0.2987564869662345,coingecko,2026-01-16T07:24:31Z
2026-01-16T08:00:00Z,BTC,95751.0,1912234678894.96,55186527213.90807,,-0.6197061630608011,coingecko,2026-01-16T08:30:27Z
2026-01-16T08:00:00Z,ETH,3316.04,400170778391.7332,27949914892.490005,,-0.1464397251887087,coingecko,2026-01-16T08:30:27Z
2026-01-16T08:00:00Z,BNB,936.97,127758243010.37056,1432344449.6347125,,-0.123534496877389,coingecko,2026-01-16T08:30:27Z
2026-01-16T09:00:00Z,BTC,95588.0,1909347062009.8567,53949002540.97276,,-1.135650478658861,coingecko,2026-01-16T09:27:12Z
2026-01-16T09:00:00Z,ETH,3308.26,399219169806.9931,26397377593.724594,,-1.0898156011822169,coingecko,2026-01-16T09:27:12Z
2026-01-16T09:00:00Z,BNB,935.72,127625316063.0817,1453956689.3836076,,-0.5551429028888781,coingecko,2026-01-16T09:27:12Z
2026-01-16T10:00:00Z,BTC,95419.0,1906312040528.6443,52755151218.09869,,-1.4843075880514172,coingecko,2026-01-16T10:24:20Z
2026-01-16T10:00:00Z,ETH,3303.47,398565031716.0211,26165207381.416435,,-2.022034938065026,coingecko,2026-01-16T10:24:20Z
2026-01-16T10:00:00Z,BNB,933.79,127352148711.51685,1387992719.134585,,-0.71264506950117,coingecko,2026-01-16T10:24:20Z
2026-01-16T11:00:00Z,BTC,95282.0,1903665236347.109,53342039666.9009,,-1.5593330947490658,coingecko,2026-01-16T11:19:50Z
2026-01-16T11:00:00Z,ETH,3297.0,397984829750.0508,24678994902.834988,,-1.908370495363578,coingecko,2026-01-16T11:19:50Z
2026-01-16T11:00:00Z,BNB,932.3,127308953117.03848,1437494297.6834877,,-0.7912416617096583,coingecko,2026-01-16T11:19:50Z
2026-01-16T12:00:00Z,BTC,95456.0,1906672778810.9568,52323794197.69609,,-1.2182635776586637,coingecko,2026-01-16T12:44:21Z
2026-01-16T12:00:00Z,ETH,3310.49,399497822367.8278,24720426192.805115,,-1.1778127930397513,coingecko,2026-01-16T12:44:21Z
2026-01-16T12:00:00Z,BNB,935.61,127580279719.02844,1440610460.8769968,,-0.213733093980447,coingecko,2026-01-16T12:44:21Z
2026-01-16T13:00:00Z,BTC,95424.0,1906937513176.126,51883713159.048935,,-1.3084766633493363,coingecko,2026-01-16T13:37:39Z
2026-01-16T13:00:00Z,ETH,3303.37,398867649689.5986,23526672071.365463,,-1.7806647416682295,coingecko,2026-01-16T13:37:39Z
2026-01-16T13:00:00Z,BNB,932.58,127184791622.26756,1443184644.1065774,,-0.8752730436501778,coingecko,2026-01-16T13:37:39Z
2026-01-16T14:00:00Z,BTC,95357.0,1905238748090.242,50736729078.864105,,-1.6688067133404094,coingecko,2026-01-16T14:23:59Z
2026-01-16T14:00:00Z,ETH,3304.87,398836812857.263,23797031689.92317,,-2.065187599980595,coingecko,2026-01-16T14:23:59Z
2026-01-16T14:00:00Z,BNB,932.82,127285182196.11671,1394467987.3744707,,-1.177496948769723,coingecko,2026-01-16T14:23:59Z
2026-01-16T15:00:00Z,BTC,94920.0,1901354243314.3032,49314209947.89663,,-1.3024075719301258,coingecko,2026-01-16T15:24:27Z
2026-01-16T15:00:00Z,ETH,3292.19,397899803908.9576,22670681452.69704,,-1.527536717440912,coingecko,2026-01-16T15:24:27Z
2026-01-16T15:00:00Z,BNB,928.85,126642931986.95692,1188433699.429318,,-0.7248961364810325,coingecko,2026-01-16T15:24:27Z
2026-01-16T16:00:00Z,BTC,94865.0,1894992511552.8445,46786308136.030426,,-1.70242153191792,coingecko,2026-01-16T16:29:20Z
2026-01-16T16:00:00Z,ETH,3279.7,395845008568.9131,22043556155.99232,,-1.2222171273992306,coingecko,2026-01-16T16:29:20Z
2026-01-16T16:00:00Z,BNB,928.93,126778377859.46646,1341934189.9362144,,-0.9451713728178548,coingecko,2026-01-16T16:29:20Z
2026-01-16T17:00:00Z,BTC,94758.0,1894081571945.2417,45967564692.71369,,-1.8955932810661067,coingecko,2026-01-16T17:24:17Z
2026-01-16T17:00:00Z,ETH,3273.38,395348525952.529,24175608131.68037,,-1.4968220292897003,coingecko,2026-01-16T17:24:17Z
2026-01-16T17:00:00Z,BNB,928.43,126608366317.76134,1325617052.1076922,,-1.1023927828711917,coingecko,2026-01-16T17:24:17Z
2026-01-16T18:00:00Z,BTC,95153.0,1900585594006.2568,41879595991.67604,,-0.8818822793638149,coingecko,2026-01-16T18:32:49Z
2026-01-16T18:00:00Z,ETH,3283.51,396110001013.0245,23233044861.12659,,-0.4222732729200497,coingecko,2026-01-16T18:32:49Z
2026-01-16T18:00:00Z,BNB,931.53,127045329533.22733,1284887166.2092726,,-0.3806568401419288,coingecko,2026-01-16T18:32:49Z
2026-01-16T19:00:00Z,BTC,94857.0,1896276972503.736,39023546419.3789,,-0.9230516227949788,coingecko,2026-01-16T19:20:05Z
2026-01-16T19:00:00Z,ETH,3270.36,395198287214.5226,22370217662.627453,,-0.5870214158204654,coingecko,2026-01-16T19:20:05Z
2026-01-16T19:00:00Z,BNB,929.07,126730228636.08585,1196274491.33723,,0.1957386407114579,coingecko,2026-01-16T19:20:05Z
2026-01-16T20:00:00Z,BTC,94970.0,1896679509795.8125,37525312866.81898,,-0.4452432271395867,coingecko,2026-01-16T20:22:07Z
2026-01-16T20:00:00Z,ETH,3277.21,395326428255.9788,23552588165.25273,,-0.3948572450933465,coingecko,2026-01-16T20:22:07Z
2026-01-16T20:00:00Z,BNB,931.29,126921381040.84904,1178501544.169287,,0.5390396327675909,coingecko,2026-01-16T20:22:07Z
2026-01-16T21:00:00Z,BTC,95366.0,1905213110277.0903,37156519469.12355,,-0.009220699904425,coingecko,2026-01-16T21:21:24Z
2026-01-16T21:00:00Z,ETH,3289.09,396946502937.4037,22820350087.03237,,-0.2517097525972744,coingecko,2026-01-16T21:21:24Z
2026-01-16T21:00:00Z,BNB,933.13,127242839714.15048,1182994990.5395205,,0.575511014927963,coingecko,2026-01-16T21:21:24Z
2026-01-16T22:00:00Z,BTC,95322.0,1906561629257.7305,37465840681.51624,,-0.1751030339606722,coingecko,2026-01-16T22:21:22Z
2026-01-16T22:00:00Z,ETH,3287.57,397298837010.3605,23312945531.810863,,-0.2951392722452119,coingecko,2026-01-16T22:21:22Z
2026-01-16T22:00:00Z,BNB,934.33,127474116128.97704,1179931263.1567254,,0.2720778772130942,coingecko,2026-01-16T22:21:22Z
2026-01-16T23:00:00Z,BTC,95454.0,1906280063577.699,37569359866.08357,,-0.125598162915545,coingecko,2026-01-16T23:20:22Z
2026-01-16T23:00:00Z,ETH,3294.97,397437096401.84106,24428066058.822823,,-0.4721800419589037,coingecko,2026-01-16T23:20:22Z
2026-01-16T23:00:00Z,BNB,937.18,127847804489.9784,1188341730.1536682,,0.6062388077494484,coingecko,2026-01-16T23:20:22Z
2026-01-17T01:00:00Z,BTC,95381.0,1906324416066.1567,36004571782.71928,,-0.3054553119560792,coingecko,2026-01-17T01:40:16Z
2026-01-17T01:00:00Z,ETH,3288.53,397142120513.8991,22600159543.42916,,-0.7971611175496052,coingecko,2026-01-17T01:40:16Z
2026-01-17T01:00:00Z,BNB,936.79,127795235361.74138,1171868890.166436,,0.5811193042412509,coingecko,2026-01-17T01:40:16Z
2026-01-17T03:00:00Z,BTC,95264.0,1903132901878.0344,35181920489.145065,,-0.2348124257673599,coingecko,2026-01-17T03:22:44Z
2026-01-17T03:00:00Z,ETH,3290.15,396899820558.5732,22431511265.22381,,-0.3665494713447691,coingecko,2026-01-17T03:22:44Z
2026-01-17T03:00:00Z,BNB,936.57,127661959898.69536,1156772745.2996747,,0.5739959744665444,coingecko,2026-01-17T03:22:44Z
2026-01-17T04:00:00Z,BTC,95267.0,1903368804993.9875,34431389859.563194,,-0.1521881161697895,coingecko,2026-01-17T04:32:21Z
2026-01-17T04:00:00Z,ETH,3286.66,396697497069.4892,22157875053.62604,,-0.3606968492889214,coingecko,2026-01-17T04:32:21Z
2026-01-17T04:00:00Z,BNB,937.04,127751952710.78004,996892402.4201604,,0.7752060466465291,coingecko,2026-01-17T04:32:21Z
2026-01-17T05:00:00Z,BTC,95259.0,1904239472600.181,33433443987.90328,,-0.0716313785167559,coingecko,2026-01-17T05:20:35Z
2026-01-17T05:00:00Z,ETH,3289.25,397155934427.0326,21567100834.47636,,-0.0557565126495112,coingecko,2026-01-17T05:20:35Z
2026-01-17T05:00:00Z,BNB,937.11,127847650627.97977,1111719179.0102086,,0.8249282694529249,coingecko,2026-01-17T05:20:35Z
2026-01-17T06:00:00Z,BTC,95179.0,1901230453090.178,31672513433.932568,,-0.4606566242496959,coingecko,2026-01-17T06:30:56Z
2026-01-17T06:00:00Z,ETH,3287.06,396684845451.1925,20728424624.30877,,-0.5952327744726384,coingecko,2026-01-17T06:30:56Z
2026-01-17T06:00:00Z,BNB,936.44,127705292664.7022,1121474641.3621228,,0.3713464438018468,coingecko,2026-01-17T06:30:56Z
2026-01-17T07:00:00Z,BTC,95094.0,1899947624216.1768,31416126479.643738,,-0.572754975696705,coingecko,2026-01-17T07:19:33Z
2026-01-17T07:00:00Z,ETH,3288.77,396797095754.8447,20659795301.477894,,-0.6993830153296476,coingecko,2026-01-17T07:19:33Z
2026-01-17T07:00:00Z,BNB,935.92,127594407917.37196,1116248499.1454732,,0.0863928254447196,coingecko,2026-01-17T07:19:33Z
2026-01-17T08:00:00Z,BTC,95154.0,1900803440135.8308,30582137250.22192,,-0.567104733344832,coingecko,2026-01-17T08:26:48Z
2026-01-17T08:00:00Z,ETH,3292.2,397357166916.248,20265501465.079407,,-0.7113238527951361,coingecko,2026-01-17T08:26:48Z
2026-01-17T08:00:00Z,BNB,937.53,127814015535.92728,1104943819.4834228,,0.064005591435564,coingecko,2026-01-17T08:26:48Z
2026-01-17T09:00:00Z,BTC,95144.0,1901448368643.6868,29829275111.957165,,-0.5171971654857869,coingecko,2026-01-17T09:20:26Z
2026-01-17T09:00:00Z,ETH,3293.21,397594177490.5641,20309272449.61836,,-0.5500712264453692,coingecko,2026-01-17T09:20:26Z
2026-01-17T09:00:00Z,BNB,937.3,127863658372.27284,1080949130.6721036,,0.0509456531954362,coingecko,2026-01-17T09:20:26Z
2026-01-17T10:00:00Z,BTC,95219.0,1901914392337.6133,29447837141.351955,,-0.2287180135325741,coingecko,2026-01-17T10:20:17Z
2026-01-17T10:00:00Z,ETH,3298.24,398140485042.374,20330125325.746624,,-0.1625532165583493,coingecko,2026-01-17T10:20:17Z
2026-01-17T10:00:00Z,BNB,942.68,128552626830.31436,1066081314.7305108,,0.8484983267441293,coingecko,2026-01-17T10:20:17Z
2026-01-17T11:00:00Z,BTC,95095.0,1898768346847.622,28721293264.186108,,-0.2117379409046514,coingecko,2026-01-17T11:17:27Z
2026-01-17T11:00:00Z,ETH,3297.38,397953639492.6517,20391373345.736446,,0.0167329519983859,coingecko,2026-01-17T11:17:27Z
2026-01-17T11:00:00Z,BNB,941.33,128230575192.1181,1111575927.9265082,,0.9504404425823691,coingecko,2026-01-17T11:17:27Z
2026-01-17T12:00:00Z,BTC,95236.0,1902308602392.3083,28168840131.4896,,-0.1930548345293946,coingecko,2026-01-17T12:39:24Z
2026-01-17T12:00:00Z,ETH,3300.54,398354784189.69385,19743044288.47627,,-0.2678152558573947,coingecko,2026-01-17T12:39:24Z
2026-01-17T12:00:00Z,BNB,942.91,128569634099.74664,1102961559.0491807,,0.7936899677106927,coingecko,2026-01-17T12:39:24Z
2026-01-17T13:00:00Z,BTC,95309.0,1903739481385.983,28044923332.870342,,-0.2196115640412997,coingecko,2026-01-17T13:28:40Z
2026-01-17T13:00:00Z,ETH,3300.96,398392432690.176,19536224842.72809,,-0.1926249722754419,coingecko,2026-01-17T13:28:40Z
2026-01-17T13:00:00Z,BNB,941.44,128405446048.59642,1042630484.3825336,,0.7869302570670429,coingecko,2026-01-17T13:28:40Z
2026-01-17T14:00:00Z,BTC,95410.0,1904743795032.0496,27722356353.120647,,0.0209274713670132,coingecko,2026-01-17T14:18:50Z
2026-01-17T14:00:00Z,ETH,3306.27,398373629641.9271,19547056440.299133,,0.1347572326972169,coingecko,2026-01-17T14:18:50Z
2026-01-17T14:00:00Z,BNB,942.69,128440242335.25156,1084181696.659058,,0.9907699153199596,coingecko,2026-01-17T14:18:50Z
2026-01-17T15:00:00Z,BTC,95494.0,1907736432311.2024,25631325181.398785,,-0.0346333330776995,coingecko,2026-01-17T15:20:04Z
2026-01-17T15:00:00Z,ETH,3315.06,400007512546.9425,17928291043.472424,,0.8023640309547936,coingecko,2026-01-17T15:20:04Z
2026-01-17T15:00:00Z,BNB,943.9,128664092134.47508,1037784824.4636556,,1.6326507522602425,coingecko,2026-01-17T15:20:04Z
2026-01-17T16:00:00Z,BTC,95400.0,1906569037389.6235,22848955323.648964,,0.5565420813880086,coingecko,2026-01-17T16:23:14Z
2026-01-17T16:00:00Z,ETH,3320.01,401232121598.0095,16252002266.651402,,1.220658529533085,coingecko,2026-01-17T16:23:14Z
2026-01-17T16:00:00Z,BNB,951.11,129740381599.45924,1164132334.8398046,,2.3446630076437858,coingecko,2026-01-17T16:23:14Z
2026-01-17T17:00:00Z,BTC,95310.0,1902978762249.9385,22180498202.80963,,0.5686664842430276,coingecko,2026-01-17T17:17:31Z
2026-01-17T17:00:00Z,ETH,3322.09,400268892398.4537,14846934615.804785,,1.4698423003494965,coingecko,2026-01-17T17:17:31Z
2026-01-17T17:00:00Z,BNB,952.38,129586872501.80884,1070838215.4355364,,2.579934203309215,coingecko,2026-01-17T17:17:31Z
2026-01-17T18:00:00Z,BTC,95407.0,1905965045724.252,20931538953.764217,,0.3014359791803083,coingecko,2026-01-17T18:28:42Z
2026-01-17T18:00:00Z,ETH,3318.12,400478924241.0781,14652922710.489046,,1.1108538286464686,coingecko,2026-01-17T18:28:42Z
2026-01-17T18:00:00Z,BNB,951.29,129740352035.52888,1186094640.8573356,,2.105277434669078,coingecko,2026-01-17T18:28:42Z
2026-01-17T19:00:00Z,BTC,95354.0,1905070750508.494,20262770502.8376,,0.4311131745726105,coingecko,2026-01-17T19:15:51Z
2026-01-17T19:00:00Z,ETH,3315.93,400257556871.6488,14050182334.156044,,1.2779855520066616,coingecko,2026-01-17T19:15:51Z
2026-01-17T19:00:00Z,BNB,952.97,129840872213.094,1199632944.415169,,2.5225321872493423,coingecko,2026-01-17T19:15:51Z
2026-01-17T20:00:00Z,BTC,95288.0,1903239701087.246,19740257537.0178,,0.3255498228736767,coingecko,2026-01-17T20:22:20Z
2026-01-17T20:00:00Z,ETH,3316.54,400244201483.64825,13265503861.615068,,1.1957915532944958,coingecko,2026-01-17T20:22:20Z
2026-01-17T20:00:00Z,BNB,952.46,129899877706.33746,1210060422.2958,,2.27101509585921,coingecko,2026-01-17T20:22:20Z
2026-01-17T21:00:00Z,BTC,95337.0,1904540834324.024,18446044257.071754,,-0.0305618579542125,coingecko,2026-01-17T21:18:27Z
2026-01-17T21:00:00Z,ETH,3313.57,400101790434.4449,11981707460.567364,,0.7443135747369087,coingecko,2026-01-17T21:18:27Z
2026-01-17T21:00:00Z,BNB,952.46,129906215242.2712,1155180291.5173526,,2.076136004436269,coingecko,2026-01-17T21:18:27Z
2026-01-17T22:00:00Z,BTC,95189.0,1901400721061.9792,18124226549.468178,,-0.1308765479550945,coingecko,2026-01-17T22:19:36Z
2026-01-17T22:00:00Z,ETH,3310.1,399444681177.15686,11548382818.661854,,0.6974387169145414,coingecko,2026-01-17T22:19:36Z
2026-01-17T22:00:00Z,BNB,951.49,129626573484.91245,1210611357.6219723,,1.8368047962926792,coingecko,2026-01-17T22:19:36Z
2026-01-17T23:00:00Z,BTC,95144.0,1900856000551.42,17892503583.05333,,-0.3286404399825982,coingecko,2026-01-17T23:19:12Z
2026-01-17T23:00:00Z,ETH,3306.15,399075930698.1572,11663606260.508204,,0.3406271616702607,coingecko,2026-01-17T23:19:12Z
2026-01-17T23:00:00Z,BNB,946.57,129070876454.0024,1196163364.6581252,,1.00501961970261,coingecko,2026-01-17T23:19:12Z
2026-01-18T01:00:00Z,BTC,94953.0,1896897879622.4463,18261284702.738213,,-0.4327605132424562,coingecko,2026-01-18T01:51:48Z
2026-01-18T01:00:00Z,ETH,3299.41,398218924917.41473,11095938961.309708,,0.3231007663879201,coingecko,2026-01-18T01:51:48Z
2026-01-18T01:00:00Z,BNB,945.57,128906094111.16144,1215218945.463621,,0.8129451404160338,coingecko,2026-01-18T01:51:48Z
2026-01-18T03:00:00Z,BTC,95124.0,1900523526961.7087,18392853115.60192,,-0.1469014697445987,coingecko,2026-01-18T03:46:26Z
2026-01-18T03:00:00Z,ETH,3314.48,400015260233.4403,11291390584.388027,,0.7648856486953143,coingecko,2026-01-18T03:46:26Z
2026-01-18T03:00:00Z,BNB,948.67,129335480582.56392,1274608140.6167784,,1.3306669489360508,coingecko,2026-01-18T03:46:26Z
2026-01-18T04:00:00Z,BTC,95037.0,1898599941527.568,18441217826.75192,,-0.2564337013458744,coingecko,2026-01-18T04:42:04Z
2026-01-18T04:00:00Z,ETH,3310.06,399452219761.3418,11511109030.254692,,0.7145546962625937,coingecko,2026-01-18T04:42:04Z
2026-01-18T04:00:00Z,BNB,947.87,129224489150.42194,1272087095.9081516,,1.164086147946966,coingecko,2026-01-18T04:42:04Z
2026-01-18T05:00:00Z,BTC,95044.0,1898520032800.1147,18230225584.839043,,-0.2351533678775572,coingecko,2026-01-18T05:23:35Z
2026-01-18T05:00:00Z,ETH,3312.6,399703074445.76855,11056918298.899256,,0.7118265960167274,coingecko,2026-01-18T05:23:35Z
2026-01-18T05:00:00Z,BNB,948.34,129348860939.41068,1278950086.3671846,,1.217239079733579,coingecko,2026-01-18T05:23:35Z
2026-01-18T06:00:00Z,BTC,95137.0,1900404255141.62,18619425274.48822,,-0.0452656183179949,coingecko,2026-01-18T06:31:30Z
2026-01-18T06:00:00Z,ETH,3311.28,399689376145.5885,11366030902.769793,,0.7369434670043635,coingecko,2026-01-18T06:31:30Z
2026-01-18T06:00:00Z,BNB,946.6,129081370152.45885,1279705901.040737,,1.088790999989957,coingecko,2026-01-18T06:31:30Z
2026-01-18T07:00:00Z,BTC,95034.0,1898513124053.672,18592731288.77669,,-0.0577488361522879,coingecko,2026-01-18T07:20:00Z
2026-01-18T07:00:00Z,ETH,3306.06,399299145837.49554,11742260663.843954,,0.5298967485370712,coingecko,2026-01-18T07:20:00Z
2026-01-18T07:00:00Z,BNB,945.55,128969871132.01314,1263717900.6296332,,1.050580062995444,coingecko,2026-01-18T07:20:00Z
2026-01-18T08:00:00Z,BTC,95033.0,1898169539437.9104,18557045578.99525,,-0.1345847178260813,coingecko,2026-01-18T08:27:17Z
2026-01-18T08:00:00Z,ETH,3308.24,399043515621.9345,11694132153.012142,,0.4818965198930149,coingecko,2026-01-18T08:27:17Z
2026-01-18T08:00:00Z,BNB,944.7,128788685788.22066,1308201471.0072331,,0.7624879203020551,coingecko,2026-01-18T08:27:17Z
2026-01-18T09:00:00Z,BTC,95156.0,1900839220186.423,18642283726.34777,,0.0124548677021713,coingecko,2026-01-18T09:21:05Z
2026-01-18T09:00:00Z,ETH,3317.12,400246838508.6113,12925571262.97236,,0.720094015647204,coingecko,2026-01-18T09:21:05Z
2026-01-18T09:00:00Z,BNB,946.36,129020643041.81715,1322929947.9478245,,0.9652171792211848,coingecko,2026-01-18T09:21:05Z
2026-01-18T10:00:00Z,BTC,95080.0,1899459601985.8823,19076552901.68968,,-0.1414990306811322,coingecko,2026-01-18T10:21:51Z
2026-01-18T10:00:00Z,ETH,3319.09,400545415947.9736,11945236864.729357,,0.6116119718901517,coingecko,2026-01-18T10:21:51Z
2026-01-18T10:00:00Z,BNB,944.11,128701230196.06007,1310626488.0424223,,0.1463327808628969,coingecko,2026-01-18T10:21:51Z
2026-01-18T11:00:00Z,BTC,95082.0,1899203502322.224,19286676916.68373,,-0.0130090856497634,coingecko,2026-01-18T11:17:07Z
2026-01-18T11:00:00Z,ETH,3319.61,400678991511.2495,12000495828.882105,,0.6485131749024092,coingecko,2026-01-18T11:17:07Z
2026-01-18T11:00:00Z,BNB,944.66,128769167407.38657,1304524041.85105,,0.3572581517931583,coingecko,2026-01-18T11:17:07Z
2026-01-18T12:00:00Z,BTC,95110.0,1899567665634.728,19171715801.140667,,-0.1327882901860996,coingecko,2026-01-18T12:39:44Z
2026-01-18T12:00:00Z,ETH,3324.1,401061898800.2831,13075454249.350529,,0.7031705191772183,coingecko,2026-01-18T12:39:44Z
2026-01-18T12:00:00Z,BNB,947.68,129229945797.87752,1314477708.6761804,,0.5433014431602611,coingecko,2026-01-18T12:39:44Z
2026-01-18T13:00:00Z,BTC,94895.0,1895707922724.3647,19146273325.691486,,-0.4558325918903799,coingecko,2026-01-18T13:28:38Z
2026-01-18T13:00:00Z,ETH,3315.14,400105403262.9624,11745114022.76028,,0.4145414506668483,coingecko,2026-01-18T13:28:38Z
2026-01-18T13:00:00Z,BNB,945.44,128922747595.47015,1301296690.7368176,,0.4252474316442804,coingecko,2026-01-18T13:28:38Z
2026-01-18T14:00:00Z,BTC,95223.0,1899942247501.8608,19526055075.220783,,-0.2018695959577991,coingecko,2026-01-18T14:18:29Z
2026-01-18T14:00:00Z,ETH,3339.45,401182519761.0065,12568452639.390968,,1.0151980688936977,coingecko,2026-01-18T14:18:29Z
2026-01-18T14:00:00Z,BNB,947.9,129033031044.51276,1339810495.4301157,,0.5589302397399095,coingecko,2026-01-18T14:18:29Z
2026-01-18T15:00:00Z,BTC,95005.0,1897705058390.6,19729003906.189907,,-0.507243853064208,coingecko,2026-01-18T15:19:35Z
2026-01-18T15:00:00Z,ETH,3327.98,401592554809.9424,11884375773.212557,,0.3086904948736818,coingecko,2026-01-18T15:19:35Z
2026-01-18T15:00:00Z,BNB,945.6,128907548931.27068,1310363739.763389,,0.2239832803732329,coingecko,2026-01-18T15:19:35Z
2026-01-18T16:00:00Z,BTC,95124.0,1900290450802.814,18652534699.927067,,-0.1749290676317648,coingecko,2026-01-18T16:24:47Z
2026-01-18T16:00:00Z,ETH,3335.42,402558312883.6625,12138221731.71457,,0.6210769649991758,coingecko,2026-01-18T16:24:47Z
2026-01-18T16:00:00Z,BNB,949.23,129460877665.72272,1177504580.7610345,,-0.0925552023335078,coingecko,2026-01-18T16:24:47Z
2026-01-18T17:00:00Z,BTC,95155.0,1900818656124.0696,18233431368.277138,,-0.1680717072429654,coingecko,2026-01-18T17:17:47Z
2026-01-18T17:00:00Z,ETH,3332.27,402204057398.8609,10665627983.161406,,0.2190143724710859,coingecko,2026-01-18T17:17:47Z
2026-01-18T17:00:00Z,BNB,948.89,129388774804.54608,1120053532.7655492,,-0.412421325133131,coingecko,2026-01-18T17:17:47Z
2026-01-18T18:00:00Z,BTC,95182.0,1900975982732.8,18402273057.59835,,-0.2484157775002264,coingecko,2026-01-18T18:28:09Z
2026-01-18T18:00:00Z,ETH,3342.18,403223692542.26776,10697439381.131886,,0.7081389681091944,coingecko,2026-01-18T18:28:09Z
2026-01-18T18:00:00Z,BNB,950.52,129597098647.84616,1127755950.8006363,,-0.1039014473580426,coingecko,2026-01-18T18:28:09Z
2026-01-18T19:00:00Z,BTC,95397.0,1906124583565.7449,19049477755.32748,,0.0605736461669193,coingecko,2026-01-18T19:15:45Z
2026-01-18T19:00:00Z,ETH,3354.6,405366197242.8528,12855427485.770748,,1.1670453120139568,coingecko,2026-01-18T19:15:45Z
2026-01-18T19:00:00Z,BNB,951.11,129698753523.35342,1126642870.691476,,-0.2019153140813764,coingecko,2026-01-18T19:15:45Z
2026-01-18T20:00:00Z,BTC,95325.0,1903778537963.9807,19358280713.63198,,0.0310536522212897,coingecko,2026-01-18T20:22:28Z
2026-01-18T20:00:00Z,ETH,3346.91,403733408797.93225,12044414521.565594,,0.9142487282018184,coingecko,2026-01-18T20:22:28Z
2026-01-18T20:00:00Z,BNB,951.2,129669568942.55672,1150175156.848976,,-0.0449344854088523,coingecko,2026-01-18T20:22:28Z
2026-01-18T21:00:00Z,BTC,95296.0,1903799458082.1104,19289165137.375896,,-0.0183922867766487,coingecko,2026-01-18T21:18:26Z
2026-01-18T21:00:00Z,ETH,3338.17,402918434859.8615,12084050996.297216,,0.741172958782567,coingecko,2026-01-18T21:18:26Z
2026-01-18T21:00:00Z,BNB,951.43,129736634452.0207,1160003959.104541,,-0.0649133048569956,coingecko,2026-01-18T21:18:26Z
2026-01-18T22:00:00Z,BTC,95445.0,1907215474108.205,19462886176.07693,,0.262015659661825,coingecko,2026-01-18T22:19:52Z
2026-01-18T22:00:00Z,ETH,3348.11,404419110173.6516,12205697982.101324,,1.1786580833281124,coingecko,2026-01-18T22:19:52Z
2026-01-18T22:00:00Z,BNB,950.27,129625375156.81165,1165940730.5402114,,-0.034774836558414,coingecko,2026-01-18T22:19:52Z
2026-01-18T23:00:00Z,BTC,95087.0,1898529872301.6724,20191876300.74124,,-0.0496211817330749,coingecko,2026-01-18T23:19:45Z
2026-01-18T23:00:00Z,ETH,3331.37,401778321712.3944,13695432461.530542,,0.771233608062687,coingecko,2026-01-18T23:19:45Z
2026-01-18T23:00:00Z,BNB,946.84,129085336438.14977,1158815023.959125,,0.0406659446761556,coingecko,2026-01-18T23:19:45Z
2026-01-19T01:00:00Z,BTC,92291.0,1845281750202.4392,33416120782.638947,,-2.807372628782549,coingecko,2026-01-19T01:50:18Z
2026-01-19T01:00:00Z,ETH,3197.76,386403938897.9613,22278107695.798862,,-3.0803493812637144,coingecko,2026-01-19T01:50:18Z
2026-01-19T01:00:00Z,BNB,916.54,125087329003.23914,1872951098.2054207,,-3.0709302109931453,coingecko,2026-01-19T01:50:18Z
2026-01-19T03:00:00Z,BTC,92600.0,1849894464318.8188,35136265912.369415,,-2.6578060309718445,coingecko,2026-01-19T03:50:37Z
2026-01-19T03:00:00Z,ETH,3207.66,387112077161.93744,22613010786.88829,,-3.2347870396841434,coingecko,2026-01-19T03:50:37Z
2026-01-19T03:00:00Z,BNB,923.72,125958961021.42984,1972101727.1014483,,-2.617176911477895,coingecko,2026-01-19T03:50:37Z
2026-01-19T04:00:00Z,BTC,92641.0,1850578302982.0369,36091441495.75556,,-2.541326974965064,coingecko,2026-01-19T04:52:24Z
2026-01-19T04:00:00Z,ETH,3213.6,387787740250.5291,23692459774.54948,,-2.959670918484986,coingecko,2026-01-19T04:52:24Z
2026-01-19T04:00:00Z,BNB,926.17,126310367177.09204,2011083775.1227136,,-2.297446674249631,coingecko,2026-01-19T04:52:24Z
2026-01-19T05:00:00Z,BTC,92682.0,1849128588220.2712,37111701613.73763,,-2.5125651693564865,coingecko,2026-01-19T05:31:57Z
2026-01-19T05:00:00Z,ETH,3204.52,385906026588.5722,26036125995.89657,,-3.262598643741521,coingecko,2026-01-19T05:31:57Z
2026-01-19T05:00:00Z,BNB,926.0,126099522284.40962,2063187383.414525,,-2.30215958372813,coingecko,2026-01-19T05:31:57Z
2026-01-19T06:00:00Z,BTC,92531.0,1848976997173.74,37532063503.37639,,-2.757655583394321,coingecko,2026-01-19T06:38:54Z
2026-01-19T06:00:00Z,ETH,3193.46,385599935118.8845,25622206148.69429,,-3.622776953065877,coingecko,2026-01-19T06:38:54Z
2026-01-19T06:00:00Z,BNB,924.24,126124526035.65176,2104491893.8437257,,-2.3893245765209024,coingecko,2026-01-19T06:38:54Z
2026-01-19T07:00:00Z,BTC,92586.0,1849725068024.6472,37785151832.5387,,-2.6074237070382056,coingecko,2026-01-19T07:28:41Z
2026-01-19T07:00:00Z,ETH,3200.34,386299090887.7212,25862094321.21369,,-3.2913665637990515,coingecko,2026-01-19T07:28:41Z
2026-01-19T07:00:00Z,BNB,924.23,126087736387.38116,2105949555.2906675,,-2.2745971681730777,coingecko,2026-01-19T07:28:41Z
2026-01-19T08:00:00Z,BTC,92924.0,1856410274459.235,39937610852.186775,,-2.257328956057291,coingecko,2026-01-19T08:33:31Z
2026-01-19T08:00:00Z,ETH,3209.23,387336955016.3268,26802159715.945507,,-3.030229361282485,coingecko,2026-01-19T08:33:31Z
2026-01-19T08:00:00Z,BNB,926.03,126294387076.14787,2134342098.7780392,,-2.0325155547277665,coingecko,2026-01-19T08:33:31Z
2026-01-19T09:00:00Z,BTC,93004.0,1858012749187.548,40098318360.175934,,-2.292629116122276,coingecko,2026-01-19T09:34:43Z
2026-01-19T09:00:00Z,ETH,3208.47,387205526791.8083,26900285129.16785,,-3.406806430883246,coingecko,2026-01-19T09:34:43Z
2026-01-19T09:00:00Z,BNB,924.68,126109573207.67604,1958935179.1169536,,-2.236729474818134,coingecko,2026-01-19T09:34:43Z
2026-01-19T10:00:00Z,BTC,92955.0,1858087112776.4463,41562983163.82641,,-2.238774901117422,coingecko,2026-01-19T10:28:43Z
2026-01-19T10:00:00Z,ETH,3209.26,387744422715.2272,28178729308.60801,,-3.312263818111888,coingecko,2026-01-19T10:28:43Z
2026-01-19T10:00:00Z,BNB,927.8,126590718871.22469,2184699539.430967,,-1.7356559226375867,coingecko,2026-01-19T10:28:43Z
2026-01-19T11:00:00Z,BTC,92953.0,1857923367411.681,41855260863.05573,,-2.229539461913834,coingecko,2026-01-19T11:21:24Z
2026-01-19T11:00:00Z,ETH,3214.51,388314528642.54456,27629900226.78652,,-3.1395532231363683,coingecko,2026-01-19T11:21:24Z
2026-01-19T11:00:00Z,BNB,926.1,126400134429.32442,2244547761.8254814,,-1.9544240549969232,coingecko,2026-01-19T11:21:24Z
2026-01-19T12:00:00Z,BTC,93024.0,1859235551328.7937,43146095715.74314,,-2.1959958247648084,coingecko,2026-01-19T12:50:35Z
2026-01-19T12:00:00Z,ETH,3224.88,389312863005.3615,30722664562.217983,,-2.9775170667632884,coingecko,2026-01-19T12:50:35Z
2026-01-19T12:00:00Z,BNB,926.62,126375622518.82603,2327143853.0816183,,-2.2069676363867163,coingecko,2026-01-19T12:50:35Z
2026-01-19T13:00:00Z,BTC,93033.0,1858748769863.036,42944434569.74876,,-2.16881178546921,coingecko,2026-01-19T13:45:33Z
2026-01-19T13:00:00Z,ETH,3218.38,388441631534.14746,29788752741.558456,,-2.999987493125137,coingecko,2026-01-19T13:45:33Z
2026-01-19T13:00:00Z,BNB,927.99,126550211447.84927,2374134968.3258905,,-2.0716590341202266,coingecko,2026-01-19T13:45:33Z
2026-01-19T14:00:00Z,BTC,92784.0,1855172571405.0503,42021072750.32242,,-2.442809273257096,coingecko,2026-01-19T14:27:40Z
2026-01-19T14:00:00Z,ETH,3207.42,387481260783.1228,29612300357.03733,,-3.861962501684839,coingecko,2026-01-19T14:27:40Z
2026-01-19T14:00:00Z,BNB,925.1,126155931610.9988,2503659540.662961,,-2.33173293685729,coingecko,2026-01-19T14:27:40Z
2026-01-19T15:00:00Z,BTC,92961.0,1856885697510.921,43095976217.21435,,-2.163285777651483,coingecko,2026-01-19T15:26:51Z
2026-01-19T15:00:00Z,ETH,3214.59,387923562847.58777,29181311901.58354,,-3.476176833079434,coingecko,2026-01-19T15:26:51Z
2026-01-19T15:00:00Z,BNB,925.02,126088827822.88928,2519007181.765024,,-2.2539088406394137,coingecko,2026-01-19T15:26:51Z
2026-01-19T16:00:00Z,BTC,93121.0,1859797657865.9624,43641779586.68152,,-2.027757838619073,coingecko,2026-01-19T16:29:51Z
2026-01-19T16:00:00Z,ETH,3217.45,388220994611.7094,30731630605.05772,,-3.392505004886014,coingecko,2026-01-19T16:29:51Z
2026-01-19T16:00:00Z,BNB,926.08,126262210065.64342,2508973062.7324533,,-2.398466034718809,coingecko,2026-01-19T16:29:51Z
2026-01-19T17:00:00Z,BTC,93273.0,1863881268975.2544,43865409961.13436,,-2.020280888980087,coingecko,2026-01-19T17:24:00Z
2026-01-19T17:00:00Z,ETH,3219.26,388639553875.4304,30577891350.354256,,-3.464526915659744,coingecko,2026-01-19T17:24:00Z
2026-01-19T17:00:00Z,BNB,926.82,126439828593.9528,2526664465.485701,,-2.3726718038783896,coingecko,2026-01-19T17:24:00Z
2026-01-19T18:00:00Z,BTC,92924.0,1856593726097.1453,44424250100.20889,,-2.514161146064251,coingecko,2026-01-19T18:32:40Z
2026-01-19T18:00:00Z,ETH,3208.47,387289183921.58856,29272909869.22773,,-4.463555952820853,coingecko,2026-01-19T18:32:40Z
2026-01-19T18:00:00Z,BNB,924.96,126139110252.99254,2518914211.8194466,,-2.7994006843163017,coingecko,2026-01-19T18:32:40Z
2026-01-19T19:00:00Z,BTC,93075.0,1858924485516.612,44694681857.71318,,-2.418380111426465,coingecko,2026-01-19T19:19:50Z
2026-01-19T19:00:00Z,ETH,3221.4,388427606919.053,30171641556.450207,,-3.955195995308148,coingecko,2026-01-19T19:19:50Z
2026-01-19T19:00:00Z,BNB,928.32,126480584937.57072,2514956187.6016,,-2.345883998201736,coingecko,2026-01-19T19:19:50Z
2026-01-19T20:00:00Z,BTC,93147.0,1861250761093.3635,44583310762.698944,,-2.27646843261365,coingecko,2026-01-19T20:24:38Z
2026-01-19T20:00:00Z,ETH,3218.45,388634834408.4726,28960514261.21641,,-3.83832259098556,coingecko,2026-01-19T20:24:38Z
2026-01-19T20:00:00Z,BNB,926.25,126245661754.05032,2546717144.7914534,,-2.6804311449168945,coingecko,2026-01-19T20:24:38Z
2026-01-19T21:00:00Z,BTC,93017.0,1858831121984.837,45369360600.58045,,-2.4006743240770176,coingecko,2026-01-19T21:20:07Z
2026-01-19T21:00:00Z,ETH,3211.55,387616421165.59937,30284523232.63558,,-3.8405812038028415,coingecko,2026-01-19T21:20:07Z
2026-01-19T21:00:00Z,BNB,924.64,126085294976.05092,2568850259.845017,,-2.803004198685421,coingecko,2026-01-19T21:20:07Z
2026-01-19T22:00:00Z,BTC,92920.0,1856333499800.257,44888525895.89606,,-2.625235413334349,coingecko,2026-01-19T22:21:43Z
2026-01-19T22:00:00Z,ETH,3205.59,386959516303.1247,29190964951.818195,,-4.220638488298775,coingecko,2026-01-19T22:21:43Z
2026-01-19T22:00:00Z,BNB,925.4,126222154032.7215,2569157621.4733653,,-2.589920836793413,coingecko,2026-01-19T22:21:43Z
2026-01-19T23:00:00Z,BTC,92288.0,1843245188525.609,45972583202.34488,,-2.88818785735658,coingecko,2026-01-19T23:20:41Z
2026-01-19T23:00:00Z,ETH,3171.49,382790759139.5223,29527624241.38192,,-4.6829740183506265,coingecko,2026-01-19T23:20:41Z
2026-01-19T23:00:00Z,BNB,921.32,125609854603.22296,2570085626.4592533,,-2.701592416647868,coingecko,2026-01-19T23:20:41Z
2026-01-20T01:00:00Z,BTC,92640.0,1850471297323.1133,34727679356.63983,,0.1194541792299639,coingecko,2026-01-20T01:45:18Z
2026-01-20T01:00:00Z,ETH,3188.42,384789897320.1309,23311858415.882053,,-0.5743552512085095,coingecko,2026-01-20T01:45:18Z
2026-01-20T01:00:00Z,BNB,930.66,126885777770.80592,1988320069.2756,,1.4070265902327952,coingecko,2026-01-20T01:45:18Z
2026-01-20T03:00:00Z,BTC,92302.0,1843933575209.036,33266171173.56297,,-0.3083287672615705,coingecko,2026-01-20T03:43:54Z
2026-01-20T03:00:00Z,ETH,3185.72,384522332596.8021,20931640251.85329,,-0.6741752642744537,coingecko,2026-01-20T03:43:54Z
2026-01-20T03:00:00Z,BNB,927.03,126411079930.4546,1866296522.3897803,,0.4208315861603521,coingecko,2026-01-20T03:43:54Z
2026-01-20T04:00:00Z,BTC,92187.0,1843014087238.783,33131362307.70879,,-0.4661997757614365,coingecko,2026-01-20T04:45:00Z
2026-01-20T04:00:00Z,ETH,3180.95,384163880351.6228,21244538606.601345,,-0.932752935926592,coingecko,2026-01-20T04:45:00Z
2026-01-20T04:00:00Z,BNB,926.6,126437724271.13129,1739680541.6964562,,0.0616323915284239,coingecko,2026-01-20T04:45:00Z
2026-01-20T05:00:00Z,BTC,91636.0,1829773239710.4624,34960751778.27243,,-1.0601280607201842,coingecko,2026-01-20T05:29:07Z
2026-01-20T05:00:00Z,ETH,3164.32,381828718850.10864,20143424010.11972,,-1.126326026989783,coingecko,2026-01-20T05:29:07Z
2026-01-20T05:00:00Z,BNB,922.26,125744562509.50217,1887919551.2291973,,-0.1828375258915693,coingecko,2026-01-20T05:29:07Z
2026-01-20T06:00:00Z,BTC,90938.0,1816205929472.431,36768872225.95632,,-1.7434204048447686,coingecko,2026-01-20T06:36:37Z
2026-01-20T06:00:00Z,ETH,3127.07,377258668527.25336,21366254687.74708,,-2.128306925666784,coingecko,2026-01-20T06:36:37Z
2026-01-20T06:00:00Z,BNB,915.48,124774122284.09236,1906014291.477664,,-1.008443720706511,coingecko,2026-01-20T06:36:37Z
2026-01-20T07:00:00Z,BTC,90937.0,1816434853665.284,39033218840.19886,,-1.75989156079061,coingecko,2026-01-20T07:27:48Z
2026-01-20T07:00:00Z,ETH,3118.71,376390230877.3785,20964245702.885616,,-2.54987571416795,coingecko,2026-01-20T07:27:48Z
2026-01-20T07:00:00Z,BNB,915.93,124958214267.21814,1920593949.0723565,,-0.8251741581357115,coingecko,2026-01-20T07:27:48Z
2026-01-20T08:00:00Z,BTC,91023.0,1820564319542.6504,39302465286.805176,,-2.214783716735841,coingecko,2026-01-20T08:32:28Z
2026-01-20T08:00:00Z,ETH,3105.4,375367887092.2353,23059244294.96046,,-3.3693863075464745,coingecko,2026-01-20T08:32:28Z
2026-01-20T08:00:00Z,BNB,913.63,124723302459.1584,1961662206.9941952,,-1.39530574691205,coingecko,2026-01-20T08:32:28Z
2026-01-20T09:00:00Z,BTC,90874.0,1816790041019.5664,39330288598.979065,,-2.307873810549369,coingecko,2026-01-20T09:33:15Z
2026-01-20T09:00:00Z,ETH,3090.31,373374660999.4186,22811319565.776524,,-3.651656682421505,coingecko,2026-01-20T09:33:15Z
2026-01-20T09:00:00Z,BNB,912.09,124400781798.6257,1999493014.0202527,,-1.4304047625014256,coingecko,2026-01-20T09:33:15Z
2026-01-20T10:00:00Z,BTC,91137.0,1819789149046.473,39675324794.29064,,-1.9963373117582008,coingecko,2026-01-20T10:28:01Z
2026-01-20T10:00:00Z,ETH,3100.86,373873670358.923,24286424906.50774,,-3.448959330820508,coingecko,2026-01-20T10:28:01Z
2026-01-20T10:00:00Z,BNB,913.19,124451644050.52911,2002107896.0260384,,-1.6268673428620473,coingecko,2026-01-20T10:28:01Z
2026-01-20T11:00:00Z,BTC,91245.0,1822995412923.8,39765647445.968,,-1.9369942325924223,coingecko,2026-01-20T11:23:45Z
2026-01-20T11:00:00Z,ETH,3103.81,374613760509.4756,22765241726.11344,,-3.626771725718799,coingecko,2026-01-20T11:23:45Z
2026-01-20T11:00:00Z,BNB,912.88,124515648955.38036,1993467405.8187509,,-1.495079043595144,coingecko,2026-01-20T11:23:45Z
2026-01-20T12:00:00Z,BTC,91127.0,1820196487448.0344,39708550789.79133,,-2.037044507050737,coingecko,2026-01-20T12:50:56Z
2026-01-20T12:00:00Z,ETH,3106.09,374813373803.09344,22199543638.865803,,-3.686680713740703,coingecko,2026-01-20T12:50:56Z
2026-01-20T12:00:00Z,BNB,912.86,124478341580.60423,1974553600.7474604,,-1.484405983933312,coingecko,2026-01-20T12:50:56Z
2026-01-20T13:00:00Z,BTC,90947.0,1816988481262.4624,40518597718.08044,,-2.2667860171932266,coingecko,2026-01-20T13:46:57Z
2026-01-20T13:00:00Z,ETH,3084.75,372314191332.88495,23893529395.85957,,-4.15157116759148,coingecko,2026-01-20T13:46:57Z
2026-01-20T13:00:00Z,BNB,908.15,123891325094.36754,1939752231.394703,,-2.128988687567245,coingecko,2026-01-20T13:46:57Z
2026-01-20T14:00:00Z,BTC,90914.0,1815200007371.504,41354134855.08259,,-2.042758621343298,coingecko,2026-01-20T14:30:54Z
2026-01-20T14:00:00Z,ETH,3068.47,370044297338.3077,23359921849.409767,,-4.379008944745628,coingecko,2026-01-20T14:30:54Z
2026-01-20T14:00:00Z,BNB,906.37,123592236754.71814,1861223741.1211643,,-2.011442366526013,coingecko,2026-01-20T14:30:54Z
2026-01-20T15:00:00Z,BTC,90499.0,1808108033132.175,46423891069.36102,,-2.56565791634862,coingecko,2026-01-20T15:31:16Z
2026-01-20T15:00:00Z,ETH,3026.48,365322432843.74976,27313187804.262863,,-5.757368564225171,coingecko,2026-01-20T15:31:16Z
2026-01-20T15:00:00Z,BNB,902.48,123125912844.5992,1976753310.2186728,,-2.4416004413838173,coingecko,2026-01-20T15:31:16Z
2026-01-20T16:00:00Z,BTC,90343.0,1807847335152.7024,47723624377.219376,,-3.0404298869918627,coingecko,2026-01-20T16:36:14Z
2026-01-20T16:00:00Z,ETH,3017.04,364436656024.6592,29291075530.422955,,-6.258142609883892,coingecko,2026-01-20T16:36:14Z
2026-01-20T16:00:00Z,BNB,902.23,123096444248.04845,2012798693.8986664,,-2.538775181821561,coingecko,2026-01-20T16:36:14Z
2026-01-20T17:00:00Z,BTC,90129.0,1802111492235.3345,49314623159.877815,,-3.323522602369381,coingecko,2026-01-20T17:29:42Z
2026-01-20T17:00:00Z,ETH,3000.72,363063933182.5881,29228749766.47436,,-6.815453833620751,coingecko,2026-01-20T17:29:42Z
2026-01-20T17:00:00Z,BNB,895.33,122090278025.05504,2088295393.42601,,-3.4264113397674314,coingecko,2026-01-20T17:29:42Z
2026-01-20T18:00:00Z,BTC,89587.0,1790457403236.334,50951299502.174965,,-3.573705207658162,coingecko,2026-01-20T18:36:51Z
2026-01-20T18:00:00Z,ETH,2995.43,361487577437.4398,30541531047.032288,,-6.669164712031261,coingecko,2026-01-20T18:36:51Z
2026-01-20T18:00:00Z,BNB,892.45,121686925922.1936,2173102261.680789,,-3.5272378478529607,coingecko,2026-01-20T18:36:51Z
2026-01-20T20:00:00Z,BTC,89422.0,1785955331660.432,54862720365.79823,,-3.963029320954866,coingecko,2026-01-20T20:12:58Z
2026-01-20T20:00:00Z,ETH,2986.05,360325729622.0322,31689962761.45853,,-7.220833893782859,coingecko,2026-01-20T20:12:58Z
2026-01-20T20:00:00Z,BNB,893.63,121840059166.76932,2198324269.7207937,,-3.4445637385361945,coingecko,2026-01-20T20:12:58Z
2026-01-20T21:00:00Z,BTC,89601.0,1790645756521.0188,56765248058.37364,,-3.668799138836188,coingecko,2026-01-20T21:20:52Z
2026-01-20T21:00:00Z,ETH,2995.13,362208856007.72833,33627254150.236504,,-6.73542043302142,coingecko,2026-01-20T21:20:52Z
2026-01-20T21:00:00Z,BNB,893.75,122067455274.7854,2194087201.0161247,,-3.3308672096976752,coingecko,2026-01-20T21:20:52Z
2026-01-20T22:00:00Z,BTC,89498.0,1788205233172.2605,56996274838.13648,,-3.72248869879344,coingecko,2026-01-20T22:23:08Z
2026-01-20T22:00:00Z,ETH,2991.81,361191581730.1848,33144102661.285828,,-6.709447411511617,coingecko,2026-01-20T22:23:08Z
2026-01-20T22:00:00Z,BNB,895.11,121971252544.41844,2163150667.59718,,-3.25141570387916,coingecko,2026-01-20T22:23:08Z
2026-01-20T23:00:00Z,BTC,87934.0,1756222574906.4358,59590205603.28972,,-4.765390521431695,coingecko,2026-01-20T23:22:22Z
2026-01-20T23:00:00Z,ETH,2931.97,353834204765.21893,33340058472.7598,,-7.612031227036543,coingecko,2026-01-20T23:22:22Z
2026-01-20T23:00:00Z,BNB,885.0,120684188962.7484,2258489589.567174,,-3.9674233883150354,coingecko,2026-01-20T23:22:22Z
2026-01-21T01:00:00Z,BTC,88945.0,1776460785026.2075,62957819134.58654,,-4.085059469688152,coingecko,2026-01-21T01:48:09Z
2026-01-21T01:00:00Z,ETH,2965.14,357679406602.3425,36058819982.582565,,-7.001540626831439,coingecko,2026-01-21T01:48:09Z
2026-01-21T01:00:00Z,BNB,878.2,119792104253.50069,2481483718.9477143,,-5.686503232722958,coingecko,2026-01-21T01:48:09Z
2026-01-21T03:00:00Z,BTC,89324.0,1784403928879.0972,64169302493.61048,,-3.25192708510274,coingecko,2026-01-21T03:44:09Z
2026-01-21T03:00:00Z,ETH,2974.25,359005963441.33167,34995499787.16223,,-6.637553019100423,coingecko,2026-01-21T03:44:09Z
2026-01-21T03:00:00Z,BNB,878.88,119842827679.834,2555427195.1237645,,-5.214268511652628,coingecko,2026-01-21T03:44:09Z
2026-01-21T04:00:00Z,BTC,89389.0,1785382332111.079,63895658060.510506,,-3.0234286309196565,coingecko,2026-01-21T04:44:08Z
2026-01-21T04:00:00Z,ETH,2978.8,359465948048.8208,34912826601.06477,,-6.32393938991453,coingecko,2026-01-21T04:44:08Z
2026-01-21T04:00:00Z,BNB,880.22,120003241522.29729,2615229991.375656,,-5.056070461255863,coingecko,2026-01-21T04:44:08Z
2026-01-21T05:00:00Z,BTC,89466.0,1787611514593.0554,61912034601.951706,,-2.354962928812017,coingecko,2026-01-21T05:28:53Z
2026-01-21T05:00:00Z,ETH,2978.62,359539958364.3447,34044569811.86669,,-5.88067851197773,coingecko,2026-01-21T05:28:53Z
2026-01-21T05:00:00Z,BNB,878.52,119782742053.10036,2579761701.15842,,-4.707859442094021,coingecko,2026-01-21T05:28:53Z
2026-01-21T06:00:00Z,BTC,89632.0,1793174526465.1956,60483355208.48757,,-1.4401608715129053,coingecko,2026-01-21T06:36:45Z
2026-01-21T06:00:00Z,ETH,2982.31,360430920684.8641,34493874189.02298,,-4.521537727563758,coingecko,2026-01-21T06:36:45Z
2026-01-21T06:00:00Z,BNB,879.64,120155616648.54813,2647772606.8027544,,-4.052669116651749,coingecko,2026-01-21T06:36:45Z
2026-01-21T07:00:00Z,BTC,89521.0,1788667984499.7988,58339224903.30587,,-1.5336915759839165,coingecko,2026-01-21T07:28:26Z
2026-01-21T07:00:00Z,ETH,2976.16,358967927834.6091,33619667328.319603,,-4.572486915131097,coingecko,2026-01-21T07:28:26Z
2026-01-21T07:00:00Z,BNB,877.96,119708780642.6692,2756926039.7958293,,-4.144469543566036,coingecko,2026-01-21T07:28:26Z
2026-01-21T08:00:00Z,BTC,89171.0,1781991624781.002,58875334670.21067,,-2.0361600200072503,coingecko,2026-01-21T08:32:10Z
2026-01-21T08:00:00Z,ETH,2964.24,357915487235.33734,32099795028.640648,,-4.558662456724202,coingecko,2026-01-21T08:32:10Z
2026-01-21T08:00:00Z,BNB,871.65,118812690754.68993,2958227010.83625,,-4.388318326255859,coingecko,2026-01-21T08:32:10Z
2026-01-21T09:00:00Z,BTC,89338.0,1784760788927.2422,58157329464.38027,,-1.6673358616586345,coingecko,2026-01-21T09:32:57Z
2026-01-21T09:00:00Z,ETH,2968.58,358260123304.6711,32514336620.401447,,-3.9771866340327526,coingecko,2026-01-21T09:32:57Z
2026-01-21T09:00:00Z,BNB,872.76,119080582054.141,3053774766.3484783,,-4.367434100942332,coingecko,2026-01-21T09:32:57Z
2026-01-21T10:00:00Z,BTC,89196.0,1782297336027.6528,57262846667.66771,,-2.156235644495547,coingecko,2026-01-21T10:28:58Z
2026-01-21T10:00:00Z,ETH,2961.12,357388056135.4064,30986065359.72378,,-4.585065352655257,coingecko,2026-01-21T10:28:58Z
2026-01-21T10:00:00Z,BNB,873.94,119154031974.26176,3164074369.8561606,,-4.398349782243321,coingecko,2026-01-21T10:28:58Z
2026-01-21T11:00:00Z,BTC,89259.0,1783453779453.5688,57133577372.1669,,-2.188656058206084,coingecko,2026-01-21T11:24:52Z
2026-01-21T11:00:00Z,ETH,2966.18,358126708521.2906,32042718722.40245,,-4.48180613145555,coingecko,2026-01-21T11:24:52Z
2026-01-21T11:00:00Z,BNB,873.55,119076804043.836,3145386058.342075,,-4.327716173155426,coingecko,2026-01-21T11:24:52Z
2026-01-21T12:00:00Z,BTC,88502.0,1767729526812.4229,59979613123.61472,,-2.8656715663197727,coingecko,2026-01-21T12:50:40Z
2026-01-21T12:00:00Z,ETH,2918.0,351900289620.2788,32513006704.63759,,-6.042464813747353,coingecko,2026-01-21T12:50:40Z
2026-01-21T12:00:00Z,BNB,868.65,118406459667.42725,3172560122.713368,,-4.843249309652273,coingecko,2026-01-21T12:50:40Z
2026-01-21T13:00:00Z,BTC,88623.0,1770716267115.1482,58746246240.08685,,-2.5473875608357104,coingecko,2026-01-21T13:46:08Z
2026-01-21T13:00:00Z,ETH,2924.71,353101649556.6009,31533740761.00797,,-5.212945199814139,coingecko,2026-01-21T13:46:08Z
2026-01-21T13:00:00Z,BNB,871.79,118882264546.03052,3088232521.8311744,,-4.047956626517053,coingecko,2026-01-21T13:46:08Z
2026-01-21T14:00:00Z,BTC,89493.0,1784622115605.0957,61484588495.6809,,-1.4895590521107422,coingecko,2026-01-21T14:31:07Z
2026-01-21T14:00:00Z,ETH,2972.65,357726284585.41425,34157508823.730515,,-3.1154442758888177,coingecko,2026-01-21T14:31:07Z
2026-01-21T14:00:00Z,BNB,880.98,119934418375.962,3181049962.690327,,-2.8561699290489364,coingecko,2026-01-21T14:31:07Z
2026-01-21T15:00:00Z,BTC,89945.0,1800967149760.237,59867122801.59165,,-0.6993951838025316,coingecko,2026-01-21T15:32:23Z
2026-01-21T15:00:00Z,ETH,2990.29,361633107014.3313,31839625575.793365,,-1.2683028931460565,coingecko,2026-01-21T15:32:23Z
2026-01-21T15:00:00Z,BNB,887.41,121018986943.84895,3091764261.1822386,,-1.6526558297085363,coingecko,2026-01-21T15:32:23Z
2026-01-21T16:00:00Z,BTC,88145.0,1765518610138.7002,59343851034.16764,,-2.174824572030704,coingecko,2026-01-21T16:46:25Z
2026-01-21T16:00:00Z,ETH,2892.69,349483159067.137,33622464694.53147,,-3.6547119595359527,coingecko,2026-01-21T16:46:25Z
2026-01-21T16:00:00Z,BNB,870.99,119156390052.35477,3162509212.464906,,-2.978260776495644,coingecko,2026-01-21T16:46:25Z
2026-01-21T17:00:00Z,BTC,87889.0,1755010517114.5332,62993596227.31713,,-1.95269955993372,coingecko,2026-01-21T17:54:42Z
2026-01-21T17:00:00Z,ETH,2901.42,349821816155.32263,34441612095.99057,,-3.209680043056901,coingecko,2026-01-21T17:54:42Z
2026-01-21T17:00:00Z,BNB,869.57,118469513214.9171,3218928140.096079,,-2.2942594720454568,coingecko,2026-01-21T17:54:42Z
2026-01-21T18:00:00Z,BTC,88072.0,1757302237591.308,63290037436.30154,,-1.4845192091048578,coingecko,2026-01-21T18:42:19Z
2026-01-21T18:00:00Z,ETH,2908.57,351009384874.15985,34340786498.08084,,-2.677910113416467,coingecko,2026-01-21T18:42:19Z
2026-01-21T18:00:00Z,BNB,869.98,118450762733.24731,3207744652.1861973,,-2.286012875001953,coingecko,2026-01-21T18:42:19Z
2026-01-21T19:00:00Z,BTC,88531.0,1765625073208.0334,63550094831.06747,,-1.04784888233351,coingecko,2026-01-21T19:26:44Z
2026-01-21T19:00:00Z,ETH,2932.29,353647344542.9442,33792205415.93071,,-2.0049713394497126,coingecko,2026-01-21T19:26:44Z
2026-01-21T19:00:00Z,BNB,873.13,119000255087.8112,3201710203.679289,,-2.22290039852437,coingecko,2026-01-21T19:26:44Z
2026-01-21T20:00:00Z,BTC,89659.0,1791494852411.0886,66601449813.58367,,0.0021195377118446,coingecko,2026-01-21T20:30:53Z
2026-01-21T20:00:00Z,ETH,3007.92,363116626973.0598,38604560564.12031,,0.2730936872530667,coingecko,2026-01-21T20:30:53Z
2026-01-21T20:00:00Z,BNB,883.67,120510028985.23056,3305443002.430426,,-1.3467769163766576,coingecko,2026-01-21T20:30:53Z
2026-01-21T21:00:00Z,BTC,90004.0,1799120729288.5066,67377995903.73979,,0.5534605041549534,coingecko,2026-01-21T21:28:37Z
2026-01-21T21:00:00Z,ETH,3028.37,366098021038.5105,38928463282.57721,,1.1444700790055318,coingecko,2026-01-21T21:28:37Z
2026-01-21T21:00:00Z,BNB,888.1,121128650578.501,3333649530.67897,,-0.6372537302709593,coingecko,2026-01-21T21:28:37Z
2026-01-21T22:00:00Z,BTC,89944.0,1798335899927.2097,66880799939.086365,,0.5041430232499111,coingecko,2026-01-21T22:25:28Z
2026-01-21T22:00:00Z,ETH,3023.78,364989073916.0141,39128835670.92036,,1.2721622613700987,coingecko,2026-01-21T22:25:28Z
2026-01-21T22:00:00Z,BNB,888.46,121256421359.75046,3332191431.869006,,-0.6370940329320385,coingecko,2026-01-21T22:25:28Z
2026-01-21T23:00:00Z,BTC,89865.0,1796681298044.7866,62729592374.27401,,2.0716563932412053,coingecko,2026-01-21T23:25:58Z
2026-01-21T23:00:00Z,ETH,3006.81,362771002394.8016,35942623690.08987,,2.3476715834661976,coingecko,2026-01-21T23:25:58Z
2026-01-21T23:00:00Z,BNB,885.84,120944757889.75168,2881335688.537401,,0.0917136975227654,coingecko,2026-01-21T23:25:58Z
2026-01-22T01:00:00Z,BTC,89925.0,1796404317378.8225,60385120736.68572,,1.144581309780082,coingecko,2026-01-22T01:48:10Z
2026-01-22T01:00:00Z,ETH,3015.32,363994860543.5761,36363957532.265625,,1.7405339323517437,coingecko,2026-01-22T01:48:10Z
2026-01-22T01:00:00Z,BNB,889.34,121366187523.27882,2994411226.7623844,,1.220413134361674,coingecko,2026-01-22T01:48:10Z
2026-01-22T03:00:00Z,BTC,89773.0,1793277720468.4316,58758313972.24416,,0.4225747773234979,coingecko,2026-01-22T03:48:10Z
2026-01-22T03:00:00Z,ETH,3009.03,363088137034.86816,35946853769.70073,,1.0677483508371743,coingecko,2026-01-22T03:48:10Z
2026-01-22T03:00:00Z,BNB,889.74,121342195767.22672,2885959810.019493,,1.1375881894283637,coingecko,2026-01-22T03:48:10Z
2026-01-22T04:00:00Z,BTC,89915.0,1796035984881.0208,58748899140.43864,,0.5087974582467505,coingecko,2026-01-22T04:48:48Z
2026-01-22T04:00:00Z,ETH,3015.35,364101234471.1189,36166528917.71527,,1.1673304910823368,coingecko,2026-01-22T04:48:48Z
2026-01-22T04:00:00Z,BNB,891.47,121616895657.37454,2822794340.457799,,1.2667312225006202,coingecko,2026-01-22T04:48:48Z
2026-01-22T05:00:00Z,BTC,89904.0,1796473293141.4863,58948752949.73744,,0.486481683243503,coingecko,2026-01-22T05:28:41Z
2026-01-22T05:00:00Z,ETH,3016.41,364331883294.0725,36237840458.19605,,1.2652546257773278,coingecko,2026-01-22T05:28:41Z
2026-01-22T05:00:00Z,BNB,890.52,121496019757.65315,2771334948.826529,,1.3707773399541747,coingecko,2026-01-22T05:28:41Z
2026-01-22T06:00:00Z,BTC,89961.0,1797355880278.0205,57911793811.29048,,0.4260134858555409,coingecko,2026-01-22T06:35:54Z
2026-01-22T06:00:00Z,ETH,3010.74,363212937905.2778,35593048411.85574,,1.0031088505240064,coingecko,2026-01-22T06:35:54Z
2026-01-22T06:00:00Z,BNB,889.27,121231825478.0314,2605456153.083679,,1.097274123260946,coingecko,2026-01-22T06:35:54Z
2026-01-22T07:00:00Z,BTC,89851.0,1794971541644.7354,57484146076.35689,,0.3996845687426414,coingecko,2026-01-22T07:27:58Z
2026-01-22T07:00:00Z,ETH,3004.87,362621369218.21686,35377345110.643166,,0.8937423539273893,coingecko,2026-01-22T07:27:58Z
2026-01-22T07:00:00Z,BNB,887.26,121005194140.90717,2438077867.336776,,1.0734498239151062,coingecko,2026-01-22T07:27:58Z
2026-01-22T08:00:00Z,BTC,89739.0,1793801036018.0928,56136521382.1301,,0.6409166622752858,coingecko,2026-01-22T08:32:54Z
2026-01-22T08:00:00Z,ETH,2992.12,361296939669.4751,35785716193.17584,,0.8835686515725272,coingecko,2026-01-22T08:32:54Z
2026-01-22T08:00:00Z,BNB,888.25,121144594965.50758,2161067043.5006022,,1.9893546873999468,coingecko,2026-01-22T08:32:54Z
2026-01-22T09:00:00Z,BTC,89940.0,1796997369178.361,55927898818.94647,,0.6924268089169173,coingecko,2026-01-22T09:32:36Z
2026-01-22T09:00:00Z,ETH,3004.93,362689328438.0851,34485156396.612755,,1.2544326041353564,coingecko,2026-01-22T09:32:36Z
2026-01-22T09:00:00Z,BNB,891.56,121573597012.2084,2002402251.5588827,,2.025099113198303,coingecko,2026-01-22T09:32:36Z
2026-01-22T10:00:00Z,BTC,89978.0,1797105473840.7993,56753342826.73128,,0.8584460379803961,coingecko,2026-01-22T10:27:40Z
2026-01-22T10:00:00Z,ETH,3003.7,362609233973.4569,34852282752.18603,,1.425861018717234,coingecko,2026-01-22T10:27:40Z
2026-01-22T10:00:00Z,BNB,895.37,121973565987.34238,1890226306.861824,,2.4177520639632983,coingecko,2026-01-22T10:27:40Z
2026-01-22T11:00:00Z,BTC,89888.0,1797482215716.134,56910150329.85552,,0.692642152996007,coingecko,2026-01-22T11:23:32Z
2026-01-22T11:00:00Z,ETH,2993.45,361762251566.2626,35971366818.291794,,0.9171609232985396,coingecko,2026-01-22T11:23:32Z
2026-01-22T11:00:00Z,BNB,892.9,122072889807.5956,1844301646.2096047,,2.222062888700175,coingecko,2026-01-22T11:23:32Z
2026-01-22T12:00:00Z,BTC,89944.0,1797031301297.6016,53656934682.186745,,1.6204880276062457,coingecko,2026-01-22T12:50:31Z
2026-01-22T12:00:00Z,ETH,2987.69,360743261588.8383,34190784367.329384,,2.4528112397478345,coingecko,2026-01-22T12:50:31Z
2026-01-22T12:00:00Z,BNB,891.98,121681835970.36787,1774185945.6463711,,2.6878407137324256,coingecko,2026-01-22T12:50:31Z
2026-01-22T13:00:00Z,BTC,89559.0,1789440184705.627,52494453441.91474,,1.1688812051366155,coingecko,2026-01-22T13:47:23Z
2026-01-22T13:00:00Z,ETH,2967.3,358140595462.1606,33299653320.290066,,1.4616088838851826,coingecko,2026-01-22T13:47:23Z
2026-01-22T13:00:00Z,BNB,887.42,120959276664.9187,1780048327.113595,,1.8388644335143145,coingecko,2026-01-22T13:47:23Z
2026-01-22T14:00:00Z,BTC,89501.0,1786887036843.812,52008194695.46048,,-0.1780179085064956,coingecko,2026-01-22T14:31:25Z
2026-01-22T14:00:00Z,ETH,2970.3,358205524829.19293,32009078203.627872,,0.1376252329268772,coingecko,2026-01-22T14:31:25Z
2026-01-22T14:00:00Z,BNB,884.76,120663706329.48643,1732319171.1126423,,0.5886838902713066,coingecko,2026-01-22T14:31:25Z
2026-01-22T15:00:00Z,BTC,88581.0,1781901646777.7236,51753609440.43702,,-1.5161555818784276,coingecko,2026-01-22T15:31:15Z
2026-01-22T15:00:00Z,ETH,2909.43,355204110923.458,32768532193.68281,,-2.7016932258425967,coingecko,2026-01-22T15:31:15Z
2026-01-22T15:00:00Z,BNB,878.69,120557314172.89636,1711410219.429746,,-0.9829174991092258,coingecko,2026-01-22T15:31:15Z
2026-01-22T16:00:00Z,BTC,88751.0,1777848266612.683,52138482570.89848,,-0.542893784683633,coingecko,2026-01-22T16:35:55Z
2026-01-22T16:00:00Z,ETH,2931.92,354377804287.1183,31666591785.16825,,-0.2900023886148049,coingecko,2026-01-22T16:35:55Z
2026-01-22T16:00:00Z,BNB,882.86,120473401817.11977,1447043001.2578409,,0.060495413086526,coingecko,2026-01-22T16:35:55Z
2026-01-22T17:00:00Z,BTC,89076.0,1781120828623.9824,48062877746.46521,,1.5833656952031872,coingecko,2026-01-22T17:28:55Z
2026-01-22T17:00:00Z,ETH,2936.35,355748210088.1226,28873024148.17,,1.641118777517082,coingecko,2026-01-22T17:28:55Z
2026-01-22T17:00:00Z,BNB,883.54,120707755328.39165,1493271860.5779672,,1.760483986630366,coingecko,2026-01-22T17:28:55Z
2026-01-22T18:00:00Z,BTC,89609.0,1789137754475.9072,46917117777.99592,,1.9065068269673389,coingecko,2026-01-22T18:33:14Z
2026-01-22T18:00:00Z,ETH,2961.68,357009411272.4331,29383448301.31992,,1.9379715936006885,coingecko,2026-01-22T18:33:14Z
2026-01-22T18:00:00Z,BNB,887.13,120909928958.748,1432389198.0852056,,2.0586706021683367,coingecko,2026-01-22T18:33:14Z
2026-01-22T19:00:00Z,BTC,89368.0,1783384263843.6514,46065219478.61156,,1.085807026659575,coingecko,2026-01-22T19:24:53Z
2026-01-22T19:00:00Z,ETH,2941.53,354625190270.7571,27336969037.80838,,0.4589916411646292,coingecko,2026-01-22T19:24:53Z
2026-01-22T19:00:00Z,BNB,883.8,120552055396.57462,1405097127.6977742,,1.2277810281719652,coingecko,2026-01-22T19:24:53Z
2026-01-22T20:00:00Z,BTC,89562.0,1792221469433.7632,41357099464.60377,,0.0674267444719765,coingecko,2026-01-22T20:28:08Z
2026-01-22T20:00:00Z,ETH,2939.93,355673032517.1192,23247229535.51368,,-2.311077820079641,coingecko,2026-01-22T20:28:08Z
2026-01-22T20:00:00Z,BNB,886.36,120971023188.49686,1130644820.8958268,,0.3067233809120633,coingecko,2026-01-22T20:28:08Z
2026-01-22T21:00:00Z,BTC,89532.0,1785250822439.48,40901770581.49204,,-0.753718209245132,coingecko,2026-01-22T21:23:36Z
2026-01-22T21:00:00Z,ETH,2946.14,354261490340.421,22231872187.182533,,-2.954107232222144,coingecko,2026-01-22T21:23:36Z
2026-01-22T21:00:00Z,BNB,888.56,120937104297.52382,1256990290.7194412,,-0.085753836256731,coingecko,2026-01-22T21:23:36Z
2026-01-22T22:00:00Z,BTC,89300.0,1783759955726.6328,40644930797.37413,,-0.6913582890358583,coingecko,2026-01-22T22:23:09Z
2026-01-22T22:00:00Z,ETH,2945.23,355315211630.732,23133314122.298084,,-2.7345001582185486,coingecko,2026-01-22T22:23:09Z
2026-01-22T22:00:00Z,BNB,888.47,121115993675.63869,1246534746.5497994,,-0.0860573486935107,coingecko,2026-01-22T22:23:09Z
2026-01-22T23:00:00Z,BTC,89278.0,1782188048525.368,40244340711.665344,,-0.6982981854185406,coingecko,2026-01-22T23:21:16Z
2026-01-22T23:00:00Z,ETH,2946.0,355389290523.6516,22796845935.81873,,-2.2022464065574505,coingecko,2026-01-22T23:21:16Z
2026-01-22T23:00:00Z,BNB,885.71,120779884854.40112,1234769336.0840683,,-0.1398836726989771,coingecko,2026-01-22T23:21:16Z
2026-01-23T01:00:00Z,BTC,89726.0,1792816062164.059,38250685119.28627,,-0.1940714134421131,coingecko,2026-01-23T01:45:13Z
2026-01-23T01:00:00Z,ETH,2960.55,357418908930.142,23035072854.52188,,-1.8261840835564351,coingecko,2026-01-23T01:45:13Z
2026-01-23T01:00:00Z,BNB,890.13,121367861343.22594,1197066813.074726,,0.0653223504822524,coingecko,2026-01-23T01:45:13Z
2026-01-23T03:00:00Z,BTC,89755.0,1793100656081.77,37519900999.204384,,-0.015399875307477,coingecko,2026-01-23T03:42:39Z
2026-01-23T03:00:00Z,ETH,2958.16,356962896916.0735,21229607881.78736,,-1.603998497045835,coingecko,2026-01-23T03:42:39Z
2026-01-23T03:00:00Z,BNB,889.93,121347946567.97052,1189347994.5463133,,0.0609849995845272,coingecko,2026-01-23T03:42:39Z
2026-01-23T04:00:00Z,BTC,89886.0,1795683536765.357,38116988626.50919,,0.0417794627080498,coingecko,2026-01-23T04:42:32Z
2026-01-23T04:00:00Z,ETH,2974.86,358718859728.6775,22716768260.908978,,-1.386853481084608,coingecko,2026-01-23T04:42:32Z
2026-01-23T04:00:00Z,BNB,891.36,121508799091.84578,1198946553.5811896,,-0.0304338656779088,coingecko,2026-01-23T04:42:32Z
2026-01-23T05:00:00Z,BTC,89456.0,1787286994096.0825,38443357826.64117,,-0.4872736251017971,coingecko,2026-01-23T05:27:52Z
2026-01-23T05:00:00Z,ETH,2963.7,357701857799.2918,22855556097.06589,,-1.822487490933421,coingecko,2026-01-23T05:27:52Z
2026-01-23T05:00:00Z,BNB,888.88,121208032614.09914,1192110072.7376325,,-0.2304964966297317,coingecko,2026-01-23T05:27:52Z
2026-01-23T06:00:00Z,BTC,89451.0,1786849823220.7996,38379008151.3019,,-0.5091330643945154,coingecko,2026-01-23T06:35:17Z
2026-01-23T06:00:00Z,ETH,2944.05,355478774239.8733,22200594585.64949,,-2.097770959661534,coingecko,2026-01-23T06:35:17Z
2026-01-23T06:00:00Z,BNB,889.31,121268847100.95462,1189199880.0822694,,0.0294762978298737,coingecko,2026-01-23T06:35:17Z
2026-01-23T07:00:00Z,BTC,89534.0,1787711349454.828,39044976554.02637,,-0.3433997190570358,coingecko,2026-01-23T07:25:40Z
2026-01-23T07:00:00Z,ETH,2944.66,355250833388.8,23007344905.66129,,-2.0043673353369247,coingecko,2026-01-23T07:25:40Z
2026-01-23T07:00:00Z,BNB,890.73,121450595366.28378,1205688787.5804102,,0.3752457271752035,coingecko,2026-01-23T07:25:40Z
2026-01-23T08:00:00Z,BTC,89245.0,1783860880509.0947,39400040564.9711,,-0.570008084304768,coingecko,2026-01-23T08:30:38Z
2026-01-23T08:00:00Z,ETH,2934.66,354213453600.375,22183379096.610195,,-1.9165542422331328,coingecko,2026-01-23T08:30:38Z
2026-01-23T08:00:00Z,BNB,888.82,121256943665.63753,1213622877.6457076,,0.0545740295501799,coingecko,2026-01-23T08:30:38Z
2026-01-23T09:00:00Z,BTC,89048.0,1779040887279.1436,40155991763.21087,,-1.0503485426381909,coingecko,2026-01-23T09:30:56Z
2026-01-23T09:00:00Z,ETH,2925.47,353113128283.1922,23565656268.77964,,-2.648855280572432,coingecko,2026-01-23T09:30:56Z
2026-01-23T09:00:00Z,BNB,887.74,121049208088.45293,1235167515.3255773,,-0.4285132691131495,coingecko,2026-01-23T09:30:56Z
2026-01-23T10:00:00Z,BTC,88986.0,1777814894220.9575,39632475275.37792,,-1.074513082178884,coingecko,2026-01-23T10:25:22Z
2026-01-23T10:00:00Z,ETH,2923.75,352635001502.6467,22388543818.082256,,-2.6852081894073296,coingecko,2026-01-23T10:25:22Z
2026-01-23T10:00:00Z,BNB,887.15,120962254902.66824,1249009198.2157989,,-0.8146121718351027,coingecko,2026-01-23T10:25:22Z
2026-01-23T11:00:00Z,BTC,89125.0,1779427669247.8665,39946610279.47913,,-0.8892417852255765,coingecko,2026-01-23T11:21:11Z
2026-01-23T11:00:00Z,ETH,2933.84,354202150741.3452,22588714217.736927,,-2.0961489128084385,coingecko,2026-01-23T11:21:11Z
2026-01-23T11:00:00Z,BNB,888.11,121143569806.21384,1224162035.5315642,,-0.5911735282190053,coingecko,2026-01-23T11:21:11Z
2026-01-23T12:00:00Z,BTC,89152.0,1780107274502.4282,38908460348.69594,,-0.8927529781896912,coingecko,2026-01-23T12:47:26Z
2026-01-23T12:00:00Z,ETH,2929.89,353483273388.04706,22306253380.357872,,-1.8867021760781963,coingecko,2026-01-23T12:47:26Z
2026-01-23T12:00:00Z,BNB,886.07,120811203682.51912,1199222738.9338653,,-0.6483467641174562,coingecko,2026-01-23T12:47:26Z
2026-01-23T13:00:00Z,BTC,89157.0,1781373341433.7795,38983188334.0288,,-0.4536677011513796,coingecko,2026-01-23T13:42:41Z
2026-01-23T13:00:00Z,ETH,2927.57,353191723927.8256,22091922848.43885,,-1.3445638728579334,coingecko,2026-01-23T13:42:41Z
2026-01-23T13:00:00Z,BNB,885.69,120767732966.831,1185165068.6444008,,-0.2407153859741164,coingecko,2026-01-23T13:42:41Z
2026-01-23T14:00:00Z,BTC,89478.0,1786653208073.5916,38565613793.26031,,0.0248134693357097,coingecko,2026-01-23T14:25:52Z
2026-01-23T14:00:00Z,ETH,2932.75,353999525704.0554,21304702701.256424,,-1.1832211930039342,coingecko,2026-01-23T14:25:52Z
2026-01-23T14:00:00Z,BNB,888.99,121185872423.55988,1160062303.6111412,,0.3381865969412823,coingecko,2026-01-23T14:25:52Z
2026-01-23T15:00:00Z,BTC,88976.0,1778710120968.3298,38596634937.54127,,-0.1522667310497893,coingecko,2026-01-23T15:26:20Z
2026-01-23T15:00:00Z,ETH,2926.41,353083610501.71765,19047342456.133537,,-0.3161038877982128,coingecko,2026-01-23T15:26:20Z
2026-01-23T15:00:00Z,BNB,886.96,120938414216.08676,1163786388.253473,,0.9326449974040888,coingecko,2026-01-23T15:26:20Z
2026-01-23T16:00:00Z,BTC,89474.0,1788161268976.0198,37572486067.53665,,0.5103813267007468,coingecko,2026-01-23T16:30:50Z
2026-01-23T16:00:00Z,ETH,2941.51,355119629639.61505,21175513780.82632,,0.1324569392055661,coingecko,2026-01-23T16:30:50Z
2026-01-23T16:00:00Z,BNB,891.94,121687426786.61208,1010719533.2932588,,0.828402930372256,coingecko,2026-01-23T16:30:50Z
2026-01-23T17:00:00Z,BTC,90302.0,1804266886102.958,38967840632.0925,,1.3356905039280995,coingecko,2026-01-23T17:26:06Z
2026-01-23T17:00:00Z,ETH,2972.87,358780346597.5404,22110304349.26012,,1.1961804675379792,coingecko,2026-01-23T17:26:06Z
2026-01-23T17:00:00Z,BNB,897.26,122300478025.0842,1002103242.372302,,1.5079449971357564,coingecko,2026-01-23T17:26:06Z
2026-01-23T18:00:00Z,BTC,90863.0,1814296906616.6003,41275640134.64224,,1.4218122643304576,coingecko,2026-01-23T18:33:54Z
2026-01-23T18:00:00Z,ETH,2998.76,361335967672.0938,23689076986.013428,,1.3861014593470284,coingecko,2026-01-23T18:33:54Z
2026-01-23T18:00:00Z,BNB,901.23,122827763267.10764,1123285063.0604582,,1.6131221612693896,coingecko,2026-01-23T18:33:54Z
2026-01-23T19:00:00Z,BTC,89989.0,1796084068889.2097,41750604939.97797,,0.5887845874421896,coingecko,2026-01-23T19:24:43Z
2026-01-23T19:00:00Z,ETH,2966.54,357361513074.841,22656858635.723785,,0.7316607584193874,coingecko,2026-01-23T19:24:43Z
2026-01-23T19:00:00Z,BNB,895.91,122177005282.38248,1138713139.961758,,1.3342051454623238,coingecko,2026-01-23T19:24:43Z
2026-01-23T20:00:00Z,BTC,89811.0,1796207679037.1594,42604775768.57183,,0.2896067680665157,coingecko,2026-01-23T20:26:40Z
2026-01-23T20:00:00Z,ETH,2951.49,356642808326.53815,24054879664.6818,,0.4157160571081981,coingecko,2026-01-23T20:26:40Z
2026-01-23T20:00:00Z,BNB,892.19,121659389894.68253,1172212841.969128,,0.6627154564249923,coingecko,2026-01-23T20:26:40Z
2026-01-23T21:00:00Z,BTC,89511.0,1786883730563.8008,43708670201.41583,,-0.0174640176526562,coingecko,2026-01-23T21:21:35Z
2026-01-23T21:00:00Z,ETH,2946.78,355208705344.2419,23075908653.32225,,0.2620731913120271,coingecko,2026-01-23T21:21:35Z
2026-01-23T21:00:00Z,BNB,890.46,121474504783.91656,1196361054.594809,,0.2086352714311224,coingecko,2026-01-23T21:21:35Z
2026-01-23T22:00:00Z,BTC,89495.0,1787853509678.7366,43676402036.52417,,0.2070881844244549,coingecko,2026-01-23T22:18:33Z
2026-01-23T22:00:00Z,ETH,2946.21,356097406699.4447,23013567619.731445,,0.0245265431726247,coingecko,2026-01-23T22:18:33Z
2026-01-23T22:00:00Z,BNB,890.28,121409076758.6406,1187263076.7448907,,0.2085159810738182,coingecko,2026-01-23T22:18:33Z
2026-01-23T23:00:00Z,BTC,89409.0,1787282964597.0735,43923762942.69907,,0.1470736808855827,coingecko,2026-01-23T23:21:21Z
2026-01-23T23:00:00Z,ETH,2949.76,356278115948.9053,23035717652.47359,,0.1277498207424556,coingecko,2026-01-23T23:21:21Z
2026-01-23T23:00:00Z,BNB,889.97,121389700743.15697,1177341601.3139443,,0.4825488354947184,coingecko,2026-01-23T23:21:21Z
2026-01-24T01:00:00Z,BTC,89399.0,1785529749650.5266,42590184617.79136,,-0.3651966830008097,coingecko,2026-01-24T01:42:14Z
2026-01-24T01:00:00Z,ETH,2950.46,356003040752.52545,22518929675.55456,,-0.3790299728891168,coingecko,2026-01-24T01:42:14Z
2026-01-24T01:00:00Z,BNB,888.65,121127026077.60136,1167962325.332137,,-0.1457265965788591,coingecko,2026-01-24T01:42:14Z
2026-01-24T03:00:00Z,BTC,89708.0,1791488404128.988,41947263332.10606,,-0.0806611916516299,coingecko,2026-01-24T03:26:57Z
2026-01-24T03:00:00Z,ETH,2960.98,357045664712.68115,22526388944.153088,,0.0089841256072366,coingecko,2026-01-24T03:26:57Z
2026-01-24T03:00:00Z,BNB,891.96,121600359770.33733,1135569501.0924406,,0.1469207669313637,coingecko,2026-01-24T03:26:57Z
2026-01-24T04:00:00Z,BTC,89631.0,1790446439452.459,41575219433.49712,,-0.2963015322598566,coingecko,2026-01-24T04:35:31Z
2026-01-24T04:00:00Z,ETH,2956.84,356777661895.9502,22412346405.42651,,-0.5434328804946621,coingecko,2026-01-24T04:35:31Z
2026-01-24T04:00:00Z,BNB,891.38,121526529120.07832,1283874079.5062225,,0.0250440053296284,coingecko,2026-01-24T04:35:31Z
2026-01-24T05:00:00Z,BTC,89701.0,1792245073247.0476,41009230303.13731,,0.2289446738187803,coingecko,2026-01-24T05:21:48Z
2026-01-24T05:00:00Z,ETH,2959.42,357184926942.00226,21997546249.187508,,-0.4560457097809269,coingecko,2026-01-24T05:21:48Z
2026-01-24T05:00:00Z,BNB,891.89,121613484815.66634,1233475470.4920237,,0.1587831644447455,coingecko,2026-01-24T05:21:48Z
2026-01-24T06:00:00Z,BTC,89533.0,1788602511773.0503,40396846873.30097,,0.0879724962540985,coingecko,2026-01-24T06:31:59Z
2026-01-24T06:00:00Z,ETH,2956.67,356776114298.8657,21405282759.76903,,0.453464943021485,coingecko,2026-01-24T06:31:59Z
2026-01-24T06:00:00Z,BNB,891.22,121513486965.06816,1245896590.414668,,0.2287107240225815,coingecko,2026-01-24T06:31:59Z
2026-01-24T07:00:00Z,BTC,89463.0,1787509359935.619,39859482970.85849,,0.007447868382822,coingecko,2026-01-24T07:20:18Z
2026-01-24T07:00:00Z,ETH,2952.6,356390568825.3469,21114560577.394047,,0.3973580652439347,coingecko,2026-01-24T07:20:18Z
2026-01-24T07:00:00Z,BNB,890.61,121477816526.10805,1234151835.3189485,,0.0833444167596526,coingecko,2026-01-24T07:20:18Z
2026-01-24T08:00:00Z,BTC,89479.0,1787765220426.411,38428751351.96442,,0.1532328981006378,coingecko,2026-01-24T08:27:25Z
2026-01-24T08:00:00Z,ETH,2954.17,356547614156.06854,20137712241.053574,,0.5285507179168436,coingecko,2026-01-24T08:27:25Z
2026-01-24T08:00:00Z,BNB,890.15,121374624393.8912,1204265407.595952,,0.1030672114711066,coingecko,2026-01-24T08:27:25Z
2026-01-24T09:00:00Z,BTC,89478.0,1788502237192.7195,37415228657.658615,,0.5423694197207318,coingecko,2026-01-24T09:20:43Z
2026-01-24T09:00:00Z,ETH,2957.67,357236656918.5265,19324302782.32562,,1.1645340562335786,coingecko,2026-01-24T09:20:43Z
2026-01-24T09:00:00Z,BNB,890.91,121473109072.6167,1173383900.8098109,,0.4081445184960516,coingecko,2026-01-24T09:20:43Z
2026-01-24T11:00:00Z,BTC,89473.0,1787774485872.3184,35109578718.46198,,0.3908226336090074,coingecko,2026-01-24T11:18:05Z
2026-01-24T11:00:00Z,ETH,2958.22,356885670164.3408,18079492050.619244,,0.806076294060854,coingecko,2026-01-24T11:18:05Z
2026-01-24T11:00:00Z,BNB,891.77,121488499500.8524,1105421066.081346,,0.4165009002130556,coingecko,2026-01-24T11:18:05Z
2026-01-24T12:00:00Z,BTC,89375.0,1785392450629.2734,34675293805.933136,,0.4195368613751998,coingecko,2026-01-24T12:40:44Z
2026-01-24T12:00:00Z,ETH,2956.47,356788995602.6461,17549961014.41376,,0.9919443378959972,coingecko,2026-01-24T12:40:44Z
2026-01-24T12:00:00Z,BNB,890.73,121453392813.94258,1079012174.1342783,,0.5727695061989604,coingecko,2026-01-24T12:40:44Z
2026-01-24T13:00:00Z,BTC,89389.0,1785991440863.5889,34112004683.78757,,0.2702854340788834,coingecko,2026-01-24T13:30:41Z
2026-01-24T13:00:00Z,ETH,2955.67,356730692332.8167,17357486417.58982,,0.8133421025244822,coingecko,2026-01-24T13:30:41Z
2026-01-24T13:00:00Z,BNB,890.63,121447403579.96948,1019124335.6846598,,0.5614767473810375,coingecko,2026-01-24T13:30:41Z
2026-01-24T14:00:00Z,BTC,89310.0,1783830649686.5857,33918902285.04258,,-0.0565136563863449,coingecko,2026-01-24T14:19:44Z
2026-01-24T14:00:00Z,ETH,2951.54,355839133353.3903,18046068011.447098,,0.6785995915423292,coingecko,2026-01-24T14:19:44Z
2026-01-24T14:00:00Z,BNB,890.79,121429555305.26724,1058428252.1070256,,0.2223881258385346,coingecko,2026-01-24T14:19:44Z
2026-01-24T15:00:00Z,BTC,89308.0,1784270152647.6296,31131034755.5566,,0.6880673828009444,coingecko,2026-01-24T15:20:23Z
2026-01-24T15:00:00Z,ETH,2960.67,357395285301.2869,15196557276.871584,,1.464591780539052,coingecko,2026-01-24T15:20:23Z
2026-01-24T15:00:00Z,BNB,890.62,121462971111.0298,982244776.3387192,,0.6900752207884756,coingecko,2026-01-24T15:20:23Z
2026-01-24T16:00:00Z,BTC,89076.0,1779454763988.042,28777375769.75676,,-0.5757184586092978,coingecko,2026-01-24T16:25:01Z
2026-01-24T16:00:00Z,ETH,2949.38,355847282726.7882,13389373700.643091,,0.0168095849714306,coingecko,2026-01-24T16:25:01Z
2026-01-24T16:00:00Z,BNB,885.95,120744530121.6808,932652778.8024042,,-0.810005749235664,coingecko,2026-01-24T16:25:01Z
2026-01-24T17:00:00Z,BTC,89225.0,1782772426469.3958,26321792526.37096,,-1.1298486025454284,coingecko,2026-01-24T17:18:03Z
2026-01-24T17:00:00Z,ETH,2957.87,356997841696.63495,12792905766.938084,,-0.3322771873890416,coingecko,2026-01-24T17:18:03Z
2026-01-24T17:00:00Z,BNB,886.87,120934034020.90358,874931647.0453036,,-0.9433378049023602,coingecko,2026-01-24T17:18:03Z
2026-01-24T18:00:00Z,BTC,89267.0,1783339553506.2764,22823677569.84648,,-1.668033582711768,coingecko,2026-01-24T18:30:08Z
2026-01-24T18:00:00Z,ETH,2959.6,357031827527.05066,10966718955.952278,,-1.0643811205537896,coingecko,2026-01-24T18:30:08Z
2026-01-24T18:00:00Z,BNB,887.5,121012704111.41678,794683826.2904996,,-1.4628160721819838,coingecko,2026-01-24T18:30:08Z
2026-01-24T19:00:00Z,BTC,89165.0,1782482342783.5764,21486083512.145504,,-0.8169390246227495,coingecko,2026-01-24T19:16:55Z
2026-01-24T19:00:00Z,ETH,2953.39,356830011915.368,10222979620.822409,,-0.2820442308120289,coingecko,2026-01-24T19:16:55Z
2026-01-24T19:00:00Z,BNB,886.8,120937004676.77284,751893877.4599346,,-0.9427415693794138,coingecko,2026-01-24T19:16:55Z
2026-01-24T20:00:00Z,BTC,89233.0,1783142773074.3289,18979749263.193428,,-0.6443274370559318,coingecko,2026-01-24T20:22:02Z
2026-01-24T20:00:00Z,ETH,2953.16,356489692784.1624,9237646946.174942,,-0.1307004740512205,coingecko,2026-01-24T20:22:02Z
2026-01-24T20:00:00Z,BNB,887.11,120947834671.9297,681145638.8720939,,-0.6629568358517742,coingecko,2026-01-24T20:22:02Z
2026-01-24T21:00:00Z,BTC,89141.0,1781024961673.4155,17221333872.910862,,-0.4425354450608203,coingecko,2026-01-24T21:18:31Z
2026-01-24T21:00:00Z,ETH,2947.49,355728353951.2264,9877351862.26146,,0.1195970898862421,coingecko,2026-01-24T21:18:31Z
2026-01-24T21:00:00Z,BNB,885.97,120811070577.60884,626886916.9451966,,-0.5034964560817454,coingecko,2026-01-24T21:18:31Z
2026-01-24T22:00:00Z,BTC,89282.0,1783502490653.7993,16788433398.306446,,-0.2512671008022312,coingecko,2026-01-24T22:19:53Z
2026-01-24T22:00:00Z,ETH,2957.76,356627846458.79535,8403012754.790683,,0.3915620512354272,coingecko,2026-01-24T22:19:53Z
2026-01-24T22:00:00Z,BNB,887.64,121058480459.35994,554717497.2872717,,-0.3156214645605379,coingecko,2026-01-24T22:19:53Z
2026-01-24T23:00:00Z,BTC,89225.0,1781969043713.397,16571734003.320158,,-0.1933582838605566,coingecko,2026-01-24T23:19:55Z
2026-01-24T23:00:00Z,ETH,2951.89,356253846191.79553,8283261344.586674,,0.0544847902050186,coingecko,2026-01-24T23:19:55Z
2026-01-24T23:00:00Z,BNB,886.24,120854834411.45811,553712439.2093443,,-0.4432282505139214,coingecko,2026-01-24T23:19:55Z
2026-01-25T01:00:00Z,BTC,89017.0,1778746899905.1702,16173159226.75632,,-0.4448340255820114,coingecko,2026-01-25T01:54:37Z
2026-01-25T01:00:00Z,ETH,2949.8,356031966535.8553,9303001944.426104,,0.0021579801515881,coingecko,2026-01-25T01:54:37Z
2026-01-25T01:00:00Z,BNB,883.0,120417075955.41731,595232337.2923188,,-0.6120766718434147,coingecko,2026-01-25T01:54:37Z
2026-01-25T03:00:00Z,BTC,88748.0,1773309500490.309,16407773323.99336,,-0.99764529310357,coingecko,2026-01-25T03:54:41Z
2026-01-25T03:00:00Z,ETH,2935.55,354386006022.78265,8135204041.312681,,-0.7865996498209278,coingecko,2026-01-25T03:54:41Z
2026-01-25T03:00:00Z,BNB,878.8,119842365497.6006,532375398.4549359,,-1.453175286392239,coingecko,2026-01-25T03:54:41Z
2026-01-25T04:00:00Z,BTC,88932.0,1777002139610.2148,16700765403.872438,,-0.7724547781221138,coingecko,2026-01-25T04:52:46Z
2026-01-25T04:00:00Z,ETH,2942.65,355191541469.7724,8199379777.372836,,-0.5226245282131942,coingecko,2026-01-25T04:52:46Z
2026-01-25T04:00:00Z,BNB,882.05,120259978346.30768,613651175.1599885,,-1.0727206996770466,coingecko,2026-01-25T04:52:46Z
2026-01-25T05:00:00Z,BTC,88854.0,1775421397767.7644,16811636469.431202,,-0.9630557617695972,coingecko,2026-01-25T05:28:42Z
2026-01-25T05:00:00Z,ETH,2942.5,355092606091.1523,8113982662.967303,,-0.6216338565017657,coingecko,2026-01-25T05:28:42Z
2026-01-25T05:00:00Z,BNB,880.66,120033321837.06778,619843890.2886448,,-1.2600965034367104,coingecko,2026-01-25T05:28:42Z
2026-01-25T06:00:00Z,BTC,88653.0,1771312250675.5686,17215683677.629124,,-0.9824676777821824,coingecko,2026-01-25T06:32:08Z
2026-01-25T06:00:00Z,ETH,2934.72,354202798128.922,9164824680.65087,,-0.7421193627752922,coingecko,2026-01-25T06:32:08Z
2026-01-25T06:00:00Z,BNB,879.57,119939172614.07068,638179731.0273461,,-1.2955373683896363,coingecko,2026-01-25T06:32:08Z
2026-01-25T07:00:00Z,BTC,88604.0,1770263716260.932,17491535848.594086,,-0.9445892309698698,coingecko,2026-01-25T07:21:36Z
2026-01-25T07:00:00Z,ETH,2934.87,354295312414.9064,9242397657.873034,,-0.569775308925288,coingecko,2026-01-25T07:21:36Z
2026-01-25T07:00:00Z,BNB,878.45,119835569212.74142,640118988.2068692,,-1.3513490495979232,coingecko,2026-01-25T07:21:36Z
2026-01-25T08:00:00Z,BTC,88583.0,1769479651661.228,17254651354.99874,,-1.0018529979078288,coingecko,2026-01-25T08:27:59Z
2026-01-25T08:00:00Z,ETH,2938.8,354668973586.4862,8091384620.515391,,-0.5204855000434218,coingecko,2026-01-25T08:27:59Z
2026-01-25T08:00:00Z,BNB,879.68,119941575496.74763,623941529.9627157,,-1.174013958057817,coingecko,2026-01-25T08:27:59Z
2026-01-25T09:00:00Z,BTC,88227.0,1762671016770.4155,18487757035.93384,,-1.4069498329386576,coingecko,2026-01-25T09:22:06Z
2026-01-25T09:00:00Z,ETH,2927.65,353349706661.65643,8385466422.527053,,-1.0170235647121797,coingecko,2026-01-25T09:22:06Z
2026-01-25T09:00:00Z,BNB,878.1,119737609452.636,652758661.8896933,,-1.4426285746025391,coingecko,2026-01-25T09:22:06Z
2026-01-25T10:00:00Z,BTC,88374.0,1765417797334.192,19002646470.297504,,-1.23710880382092,coingecko,2026-01-25T10:22:13Z
2026-01-25T10:00:00Z,ETH,2933.96,354205376789.17456,9916696301.788729,,-0.7018275596785609,coingecko,2026-01-25T10:22:13Z
2026-01-25T10:00:00Z,BNB,879.99,119970315279.59474,686614716.3153867,,-1.234924672763772,coingecko,2026-01-25T10:22:13Z
2026-01-25T11:00:00Z,BTC,88472.0,1767639163343.3572,19233138074.699024,,-1.1350182420976818,coingecko,2026-01-25T11:18:14Z
2026-01-25T11:00:00Z,ETH,2937.8,354520085622.6418,10124267960.349483,,-0.6805487459355867,coingecko,2026-01-25T11:18:14Z
2026-01-25T11:00:00Z,BNB,880.27,119999484204.88112,695322737.7056605,,-1.325511231837038,coingecko,2026-01-25T11:18:14Z
2026-01-25T12:00:00Z,BTC,88577.0,1769559182785.8784,19870109242.50179,,-0.9109533187243578,coingecko,2026-01-25T12:42:15Z
2026-01-25T12:00:00Z,ETH,2934.47,354162923394.6235,10640752881.17574,,-0.742515951143744,coingecko,2026-01-25T12:42:15Z
2026-01-25T12:00:00Z,BNB,878.52,119770163497.7903,703470017.0332053,,-1.3985867213860816,coingecko,2026-01-25T12:42:15Z
2026-01-25T13:00:00Z,BTC,88553.0,1769670432339.1316,20277621242.7103,,-0.9251203087097384,coingecko,2026-01-25T13:32:27Z
2026-01-25T13:00:00Z,ETH,2931.75,353930538105.56525,9688873460.251368,,-0.8037664662178985,coingecko,2026-01-25T13:32:27Z
2026-01-25T13:00:00Z,BNB,877.8,119715322813.43576,714059754.2444609,,-1.4313991727107669,coingecko,2026-01-25T13:32:27Z
2026-01-25T14:00:00Z,BTC,88747.0,1773542722104.4707,20274817048.751686,,-0.6162007456894013,coingecko,2026-01-25T14:19:26Z
2026-01-25T14:00:00Z,ETH,2932.97,354173986485.8776,9453777452.058094,,-0.6154271126265178,coingecko,2026-01-25T14:19:26Z
2026-01-25T14:00:00Z,BNB,878.51,119835240168.80928,728275006.6965129,,-1.3891168784838563,coingecko,2026-01-25T14:19:26Z
2026-01-25T15:00:00Z,BTC,88580.0,1770228251459.2244,20381747002.906017,,-0.8020853196559334,coingecko,2026-01-25T15:20:35Z
2026-01-25T15:00:00Z,ETH,2928.81,353627745828.1832,10899120278.790438,,-1.075360419859933,coingecko,2026-01-25T15:20:35Z
2026-01-25T15:00:00Z,BNB,877.36,119674357422.00584,736507065.8162255,,-1.5067812288619622,coingecko,2026-01-25T15:20:35Z
2026-01-25T16:00:00Z,BTC,87782.0,1753822756157.7642,22754540172.35652,,-1.4604522045252806,coingecko,2026-01-25T16:26:15Z
2026-01-25T16:00:00Z,ETH,2888.55,349137673792.728,12197587878.63293,,-2.037556993572478,coingecko,2026-01-25T16:26:15Z
2026-01-25T16:00:00Z,BNB,869.83,118762995262.20726,777036475.3116548,,-1.8130020707687475,coingecko,2026-01-25T16:26:15Z
2026-01-25T17:00:00Z,BTC,87783.0,1755072068847.036,24393998149.984707,,-1.6432459354124838,coingecko,2026-01-25T17:18:10Z
2026-01-25T17:00:00Z,ETH,2880.91,348597105112.319,12138016589.079445,,-2.624378521031189,coingecko,2026-01-25T17:18:10Z
2026-01-25T17:00:00Z,BNB,866.87,118361854946.58054,838473648.0299344,,-2.2384284282743114,coingecko,2026-01-25T17:18:10Z
2026-01-25T18:00:00Z,BTC,87428.0,1750381040597.972,26350783508.393047,,-2.047219884594053,coingecko,2026-01-25T18:30:36Z
2026-01-25T18:00:00Z,ETH,2851.55,346372870558.3978,13160818957.067852,,-3.65700616911242,coingecko,2026-01-25T18:30:36Z
2026-01-25T18:00:00Z,BNB,865.48,118186484482.83977,907643863.3504164,,-2.46779117693446,coingecko,2026-01-25T18:30:36Z
2026-01-25T19:00:00Z,BTC,87182.0,1743202273057.9182,29126310221.600967,,-2.2236087198872467,coingecko,2026-01-25T19:17:20Z
2026-01-25T19:00:00Z,ETH,2845.94,343753821681.1701,16738805252.872248,,-3.638073313425996,coingecko,2026-01-25T19:17:20Z
2026-01-25T19:00:00Z,BNB,863.49,117926643418.59705,976462061.4666026,,-2.628697472460548,coingecko,2026-01-25T19:17:20Z
2026-01-25T20:00:00Z,BTC,86331.0,1727407984883.528,33537697952.82921,,-3.2521802302260983,coingecko,2026-01-25T20:24:31Z
2026-01-25T20:00:00Z,ETH,2800.87,339495419453.1928,19391202418.3702,,-5.157906388305953,coingecko,2026-01-25T20:24:31Z
2026-01-25T20:00:00Z,BNB,857.65,117117841599.68707,1123542109.6330657,,-3.3206756492068443,coingecko,2026-01-25T20:24:31Z
2026-01-25T21:00:00Z,BTC,86798.0,1732787253862.675,34958292174.4891,,-2.6493130197196626,coingecko,2026-01-25T21:19:30Z
2026-01-25T21:00:00Z,ETH,2816.62,339522925684.491,21025592005.00607,,-4.448883218602406,coingecko,2026-01-25T21:19:30Z
2026-01-25T21:00:00Z,BNB,863.0,117548095108.05394,1186309892.0718832,,-2.576293727725133,coingecko,2026-01-25T21:19:30Z
2026-01-25T22:00:00Z,BTC,86344.0,1724376501711.143,36718599140.81541,,-3.316202090778629,coingecko,2026-01-25T22:20:28Z
2026-01-25T22:00:00Z,ETH,2806.64,339288675800.99646,20864218443.979733,,-5.129047629839521,coingecko,2026-01-25T22:20:28Z
2026-01-25T22:00:00Z,BNB,860.75,117421046717.05173,1197535753.6037474,,-3.071320563110042,coingecko,2026-01-25T22:20:28Z
2026-01-25T23:00:00Z,BTC,86304.0,1723564614852.8655,38947141891.56225,,-3.264352214476226,coingecko,2026-01-25T23:20:29Z
2026-01-25T23:00:00Z,ETH,2798.62,337697912065.9482,23272526418.474205,,-5.197814835414882,coingecko,2026-01-25T23:20:29Z
2026-01-25T23:00:00Z,BNB,862.45,117415702244.62251,1289943093.9560614,,-2.6869469918182034,coingecko,2026-01-25T23:20:29Z
2026-01-26T01:00:00Z,BTC,87497.0,1747799301908.041,41996029303.22094,,-1.7300029445558949,coingecko,2026-01-26T01:54:11Z
2026-01-26T01:00:00Z,ETH,2884.98,347956520369.04553,26234209183.991653,,-2.2042144232651424,coingecko,2026-01-26T01:54:11Z
2026-01-26T01:00:00Z,BNB,872.92,118979012713.30836,1411065497.6558385,,-1.1119484440526184,coingecko,2026-01-26T01:54:11Z
2026-01-26T03:00:00Z,BTC,87012.0,1739458001209.7405,47237180059.496544,,-1.9540943592199405,coingecko,2026-01-26T03:57:46Z
2026-01-26T03:00:00Z,ETH,2839.08,342893983859.6013,28435914305.39886,,-3.3654669414244,coingecko,2026-01-26T03:57:46Z
2026-01-26T03:00:00Z,BNB,865.98,118157823004.22585,1441735218.3357358,,-1.5855945480267388,coingecko,2026-01-26T03:57:46Z
2026-01-26T04:00:00Z,BTC,87631.0,1751078788892.7688,49203890226.27,,-1.4303548199597715,coingecko,2026-01-26T04:58:23Z
2026-01-26T04:00:00Z,ETH,2862.18,345533107285.4866,29217019564.451126,,-2.7161233417691344,coingecko,2026-01-26T04:58:23Z
2026-01-26T04:00:00Z,BNB,870.94,118766101985.78766,1469365072.596225,,-1.2184983931648374,coingecko,2026-01-26T04:58:23Z
2026-01-26T05:00:00Z,BTC,87721.0,1753607921929.568,49667976367.99741,,-1.1641022134442016,coingecko,2026-01-26T05:38:08Z
2026-01-26T05:00:00Z,ETH,2863.85,345788204891.31494,29734127413.41345,,-2.589811031952603,coingecko,2026-01-26T05:38:08Z
2026-01-26T05:00:00Z,BNB,870.79,118809843898.8027,1472575152.0492687,,-0.9797364362169064,coingecko,2026-01-26T05:38:08Z
2026-01-26T06:00:00Z,BTC,87791.0,1754218313101.1685,50599243641.7095,,-0.8872118610791055,coingecko,2026-01-26T06:37:31Z
2026-01-26T06:00:00Z,ETH,2877.92,347259472802.70386,30282960111.296577,,-1.887564087699353,coingecko,2026-01-26T06:37:31Z
2026-01-26T06:00:00Z,BNB,871.16,118783535302.51172,1461726369.8257833,,-1.0001871304048149,coingecko,2026-01-26T06:37:31Z
2026-01-26T07:00:00Z,BTC,87747.0,1755499491178.0083,51764659653.26614,,-1.009485972754978,coingecko,2026-01-26T07:27:57Z
2026-01-26T07:00:00Z,ETH,2892.89,349482798591.58813,30482147119.76376,,-1.5457360774165418,coingecko,2026-01-26T07:27:57Z
2026-01-26T07:00:00Z,BNB,871.74,118963155127.1152,1474809668.456799,,-0.8644714515632843,coingecko,2026-01-26T07:27:57Z
2026-01-26T08:00:00Z,BTC,88097.0,1760206328654.3877,53336479272.9306,,-0.4704836177196718,coingecko,2026-01-26T08:33:29Z
2026-01-26T08:00:00Z,ETH,2912.54,351552469166.6989,31701128935.035088,,-0.8278673686581695,coingecko,2026-01-26T08:33:29Z
2026-01-26T08:00:00Z,BNB,874.49,119224692969.2381,1504583966.9659772,,-0.5296737752422562,coingecko,2026-01-26T08:33:29Z
2026-01-26T09:00:00Z,BTC,87664.0,1751599604058.0952,53066197909.5082,,-0.684010656014111,coingecko,2026-01-26T09:34:35Z
2026-01-26T09:00:00Z,ETH,2885.21,348447309717.25934,32900367111.82258,,-1.5442609464502843,coingecko,2026-01-26T09:34:35Z
2026-01-26T09:00:00Z,BNB,869.44,118661276925.42957,1497012919.3285563,,-1.084530889565761,coingecko,2026-01-26T09:34:35Z
2026-01-26T10:00:00Z,BTC,87737.0,1752682472172.1602,52991912318.74159,,-0.8375032295924654,coingecko,2026-01-26T10:27:19Z
2026-01-26T10:00:00Z,ETH,2892.23,348985893014.62537,33141763333.47589,,-1.568965896441949,coingecko,2026-01-26T10:27:19Z
2026-01-26T10:00:00Z,BNB,870.96,118726472596.70348,1504402486.8424475,,-1.1656035349795064,coingecko,2026-01-26T10:27:19Z
2026-01-26T11:00:00Z,BTC,87849.0,1755340599433.7654,53342385584.71545,,-0.7009604590531213,coingecko,2026-01-26T11:20:50Z
2026-01-26T11:00:00Z,ETH,2893.84,349338348961.8049,33576020207.573803,,-1.5123980953957554,coingecko,2026-01-26T11:20:50Z
2026-01-26T11:00:00Z,BNB,871.48,118860872442.66936,1498874829.4988012,,-1.009153042312495,coingecko,2026-01-26T11:20:50Z
2026-01-26T12:00:00Z,BTC,87680.0,1751851606173.6785,52689241206.979,,-1.0507783434925426,coingecko,2026-01-26T12:48:51Z
2026-01-26T12:00:00Z,ETH,2897.41,349660839540.8463,32737932391.017715,,-1.307327603863489,coingecko,2026-01-26T12:48:51Z
2026-01-26T12:00:00Z,BNB,871.0,118785984750.72284,1495280712.0863602,,-0.8870302769950986,coingecko,2026-01-26T12:48:51Z
2026-01-26T13:00:00Z,BTC,87902.0,1755960749921.2388,54010938400.32752,,-0.9024185158425028,coingecko,2026-01-26T13:44:05Z
2026-01-26T13:00:00Z,ETH,2903.82,350424276737.5122,33279724277.96699,,-1.124689088418088,coingecko,2026-01-26T13:44:05Z
2026-01-26T13:00:00Z,BNB,872.38,118955409233.8781,1514362467.3953092,,-0.6871970554466368,coingecko,2026-01-26T13:44:05Z
2026-01-26T14:00:00Z,BTC,87639.0,1750684045666.298,54856061349.46716,,-1.0130010523150723,coingecko,2026-01-26T14:28:37Z
2026-01-26T14:00:00Z,ETH,2885.37,348143277857.3183,35085501152.38274,,-1.320066135424303,coingecko,2026-01-26T14:28:37Z
2026-01-26T14:00:00Z,BNB,870.43,118697885838.8883,1533601793.121958,,-0.7286655092699196,coingecko,2026-01-26T14:28:37Z
2026-01-26T15:00:00Z,BTC,88348.0,1766607776924.039,56031115784.62167,,-0.2920770208731907,coingecko,2026-01-26T15:29:20Z
2026-01-26T15:00:00Z,ETH,2919.47,353333286602.7515,34331014609.00185,,-0.3472258165428259,coingecko,2026-01-26T15:29:20Z
2026-01-26T15:00:00Z,BNB,874.72,119304251524.44891,1615509116.0271344,,-0.4088737196164396,coingecko,2026-01-26T15:29:20Z
2026-01-26T16:00:00Z,BTC,87648.0,1750026881882.3354,59466726818.4848,,-0.0916531532051494,coingecko,2026-01-26T16:34:51Z
2026-01-26T16:00:00Z,ETH,2907.11,350477194216.44946,36544489123.39509,,0.928348270684394,coingecko,2026-01-26T16:34:51Z
2026-01-26T16:00:00Z,BNB,872.31,118876115566.23422,1581553631.4612763,,0.3952615481448334,coingecko,2026-01-26T16:34:51Z
2026-01-26T17:00:00Z,BTC,87415.0,1745751536372.452,59055923488.48872,,-0.4128816271655114,coingecko,2026-01-26T17:29:33Z
2026-01-26T17:00:00Z,ETH,2896.48,349461421598.6274,37661829743.09517,,0.5765433064268602,coingecko,2026-01-26T17:29:33Z
2026-01-26T17:00:00Z,BNB,870.27,118670758032.76588,1572387728.487396,,0.3220434716063908,coingecko,2026-01-26T17:29:33Z
2026-01-26T18:00:00Z,BTC,88161.0,1761398498616.545,58296525392.61588,,0.9339699617700888,coingecko,2026-01-26T18:36:22Z
2026-01-26T18:00:00Z,ETH,2924.77,353005530110.4828,35203472465.31048,,2.959276055608039,coingecko,2026-01-26T18:36:22Z
2026-01-26T18:00:00Z,BNB,877.49,119547914835.6836,1550189305.265549,,1.4937336375921282,coingecko,2026-01-26T18:36:22Z
2026-01-26T19:00:00Z,BTC,88099.0,1762178097696.465,56929765926.05714,,1.726296085663485,coingecko,2026-01-26T19:23:59Z
2026-01-26T19:00:00Z,ETH,2927.14,353290258060.4516,34101387125.015102,,3.380654558980116,coingecko,2026-01-26T19:23:59Z
2026-01-26T19:00:00Z,BNB,875.12,119331829365.6984,1490633362.6531308,,1.5890822739656676,coingecko,2026-01-26T19:23:59Z
2026-01-26T20:00:00Z,BTC,87804.0,1754631385100.434,53665378720.08167,,1.7434817447612212,coingecko,2026-01-26T20:27:56Z
2026-01-26T20:00:00Z,ETH,2914.71,351882829185.77185,33400788678.731804,,4.139672963825511,coingecko,2026-01-26T20:27:56Z
2026-01-26T20:00:00Z,BNB,873.27,119076510094.51724,1390399522.2103677,,1.901385511271216,coingecko,2026-01-26T20:27:56Z
2026-01-26T21:00:00Z,BTC,87684.0,1752181928884.499,53104471369.83801,,1.049894028048416,coingecko,2026-01-26T21:24:04Z
2026-01-26T21:00:00Z,ETH,2901.25,350284251493.6948,32329729709.73859,,3.047239043868937,coingecko,2026-01-26T21:24:04Z
2026-01-26T21:00:00Z,BNB,873.22,119093089133.63309,1338499451.9877062,,1.155102076240548,coingecko,2026-01-26T21:24:04Z
2026-01-26T22:00:00Z,BTC,87949.0,1757333068244.236,52137540234.431206,,1.8806598884161807,coingecko,2026-01-26T22:22:00Z
2026-01-26T22:00:00Z,ETH,2917.59,352426835980.8706,30348297063.762737,,3.9860953583569296,coingecko,2026-01-26T22:22:00Z
2026-01-26T22:00:00Z,BNB,875.73,119421160496.38467,1303666564.9441588,,1.745971777103134,coingecko,2026-01-26T22:22:00Z
2026-01-26T23:00:00Z,BTC,88171.0,1760286167005.9048,50936302553.899216,,1.9898516801740884,coingecko,2026-01-26T23:22:39Z
2026-01-26T23:00:00Z,ETH,2922.58,352390932863.9472,30613079508.016792,,4.255228735633247,coingecko,2026-01-26T23:22:39Z
2026-01-26T23:00:00Z,BNB,876.99,119568330542.62926,1284434792.9681754,,1.604282987917878,coingecko,2026-01-26T23:22:39Z
2026-01-27T01:00:00Z,BTC,88516.0,1768649206516.154,47708101748.47511,,1.2133764524071755,coingecko,2026-01-27T01:51:31Z
2026-01-27T01:00:00Z,ETH,2932.23,353916984715.3542,29756889139.60004,,1.7351912175778297,coingecko,2026-01-27T01:51:31Z
2026-01-27T01:00:00Z,BNB,880.23,120045793685.85884,1166635298.7139187,,0.923092349302273,coingecko,2026-01-27T01:51:31Z
2026-01-27T03:00:00Z,BTC,88682.0,1772182019942.7493,45769502674.77598,,1.6665883770014625,coingecko,2026-01-27T03:48:19Z
2026-01-27T03:00:00Z,ETH,2939.82,354861679803.9821,29121202354.012,,3.357860205962888,coingecko,2026-01-27T03:48:19Z
2026-01-27T03:00:00Z,BNB,884.39,120622584957.67088,1174677931.4283714,,1.977400716948556,coingecko,2026-01-27T03:48:19Z
2026-01-27T04:00:00Z,BTC,88583.0,1770296616790.4014,43776183031.80767,,1.089192649487397,coingecko,2026-01-27T04:47:21Z
2026-01-27T04:00:00Z,ETH,2939.08,354815270446.99524,28690660872.823982,,2.710351128488512,coingecko,2026-01-27T04:47:21Z
2026-01-27T04:00:00Z,BNB,884.78,120677867333.26888,1160901440.9029882,,1.6059465966535809,coingecko,2026-01-27T04:47:21Z
2026-01-27T05:00:00Z,BTC,88372.0,1765847573804.7793,43495976675.72919,,0.7474839355112989,coingecko,2026-01-27T05:27:07Z
2026-01-27T05:00:00Z,ETH,2932.59,354008113704.66565,27623096701.352684,,2.416868339841012,coingecko,2026-01-27T05:27:07Z
2026-01-27T05:00:00Z,BNB,882.7,120363633793.18668,1199805159.353541,,1.352081209838461,coingecko,2026-01-27T05:27:07Z
2026-01-27T06:00:00Z,BTC,88204.0,1762582169167.6724,41917779567.54454,,0.4677879623093227,coingecko,2026-01-27T06:35:48Z
2026-01-27T06:00:00Z,ETH,2925.73,353273195858.85547,26578601035.512283,,1.661102987479922,coingecko,2026-01-27T06:35:48Z
2026-01-27T06:00:00Z,BNB,881.98,120288477844.43642,1189542805.4615698,,1.211739114851003,coingecko,2026-01-27T06:35:48Z
2026-01-27T07:00:00Z,BTC,88358.0,1765719046564.1714,41384816134.67141,,0.6956697561470563,coingecko,2026-01-27T07:27:57Z
2026-01-27T07:00:00Z,ETH,2929.44,353575075824.1701,25120693435.769688,,1.2634983220909142,coingecko,2026-01-27T07:27:57Z
2026-01-27T07:00:00Z,BNB,883.63,120475599772.69908,1169669229.4317589,,1.3419737645564378,coingecko,2026-01-27T07:27:57Z
2026-01-27T08:00:00Z,BTC,88122.0,1760753131185.4312,40065411437.52491,,0.0848819566730771,coingecko,2026-01-27T08:33:39Z
2026-01-27T08:00:00Z,ETH,2919.3,352602262866.02496,26593203573.8772,,0.2779719898608541,coingecko,2026-01-27T08:33:39Z
2026-01-27T08:00:00Z,BNB,882.91,120410090198.81429,1201205152.8933642,,1.0360411322234675,coingecko,2026-01-27T08:33:39Z
2026-01-27T09:00:00Z,BTC,87847.0,1756188180009.9258,40070494768.46566,,0.2266808510478446,coingecko,2026-01-27T09:33:40Z
2026-01-27T09:00:00Z,ETH,2906.99,350967379675.1213,25089246166.28989,,0.6968612705819375,coingecko,2026-01-27T09:33:40Z
2026-01-27T09:00:00Z,BNB,881.97,120249854377.8929,1175371776.316369,,1.450586046352781,coingecko,2026-01-27T09:33:40Z
2026-01-27T10:00:00Z,BTC,87886.0,1755927926994.3892,39563200042.76471,,0.0813909792374912,coingecko,2026-01-27T10:28:15Z
2026-01-27T10:00:00Z,ETH,2909.04,351043230624.2908,26232989779.814938,,0.6188272855720268,coingecko,2026-01-27T10:28:15Z
2026-01-27T10:00:00Z,BNB,878.62,119806694451.24075,1202118189.2147243,,0.8261018817614614,coingecko,2026-01-27T10:28:15Z
2026-01-27T11:00:00Z,BTC,87699.0,1752451932041.46,40430575291.83282,,-0.1842200257538142,coingecko,2026-01-27T11:23:20Z
2026-01-27T11:00:00Z,ETH,2901.44,350223778151.869,25255488135.874863,,0.2297762445004501,coingecko,2026-01-27T11:23:20Z
2026-01-27T11:00:00Z,BNB,877.23,119635558710.35065,1251308626.109172,,0.6322995965741285,coingecko,2026-01-27T11:23:20Z
2026-01-27T12:00:00Z,BTC,87880.0,1755953344146.8115,40383272461.58932,,0.2265614827602905,coingecko,2026-01-27T12:51:02Z
2026-01-27T12:00:00Z,ETH,2914.58,351868812963.8931,26361998161.51076,,0.5978422194429882,coingecko,2026-01-27T12:51:02Z
2026-01-27T12:00:00Z,BNB,879.62,119960408649.77097,1262552934.2853146,,1.015434678825294,coingecko,2026-01-27T12:51:02Z
2026-01-27T13:00:00Z,BTC,87921.0,1756843265970.724,40547016600.31202,,0.0033520900519263,coingecko,2026-01-27T13:48:08Z
2026-01-27T13:00:00Z,ETH,2912.25,351533093807.47314,24989321193.58406,,0.2673983115567665,coingecko,2026-01-27T13:48:08Z
2026-01-27T13:00:00Z,BNB,881.74,120190760143.03796,1265186490.995307,,1.044458184813183,coingecko,2026-01-27T13:48:08Z
2026-01-27T14:00:00Z,BTC,88152.0,1762465522839.4038,40384312646.89624,,0.7428664808586071,coingecko,2026-01-27T14:30:21Z
2026-01-27T14:00:00Z,ETH,2925.79,353523722171.44684,25643109989.794502,,1.419929314047318,coingecko,2026-01-27T14:30:21Z
2026-01-27T14:00:00Z,BNB,883.37,120464937023.58206,1283556517.493348,,1.4970132599634345,coingecko,2026-01-27T14:30:21Z
2026-01-27T15:00:00Z,BTC,87541.0,1750229809381.47,38095464018.827446,,-0.9142981288502604,coingecko,2026-01-27T15:31:03Z
2026-01-27T15:00:00Z,ETH,2914.24,351842990826.59174,24308095766.766006,,-0.3513758536410139,coingecko,2026-01-27T15:31:03Z
2026-01-27T15:00:00Z,BNB,881.43,120230759249.78032,1255767101.8462682,,0.8075790251431995,coingecko,2026-01-27T15:31:03Z
2026-01-27T16:00:00Z,BTC,88255.0,1763219309043.494,38194056791.27248,,0.7409168301710829,coingecko,2026-01-27T16:30:40Z
2026-01-27T16:00:00Z,ETH,2966.79,358007564965.1172,24985501704.311867,,2.0359735376550185,coingecko,2026-01-27T16:30:40Z
2026-01-27T16:00:00Z,BNB,891.13,121516316523.70695,1163048588.689171,,2.220122133713656,coingecko,2026-01-27T16:30:40Z
2026-01-27T17:00:00Z,BTC,87782.0,1753569695484.287,39116205386.99439,,0.4688469526920802,coingecko,2026-01-27T17:27:58Z
2026-01-27T17:00:00Z,ETH,2945.09,355366452946.40204,24451080021.487907,,1.714890629421083,coingecko,2026-01-27T17:27:58Z
2026-01-27T17:00:00Z,BNB,888.68,121115594632.41632,1208084096.1530209,,2.1069262272913485,coingecko,2026-01-27T17:27:58Z
2026-01-27T18:00:00Z,BTC,87689.0,1752057962625.705,40499780934.65506,,-0.4499532925738025,coingecko,2026-01-27T18:38:46Z
2026-01-27T18:00:00Z,ETH,2938.75,354662630960.7216,25544008890.41742,,0.5856299312461226,coingecko,2026-01-27T18:38:46Z
2026-01-27T18:00:00Z,BNB,888.31,121125523245.4651,1194153295.6236434,,1.2307386278702055,coingecko,2026-01-27T18:38:46Z
2026-01-27T19:00:00Z,BTC,88193.0,1762214709941.2356,40252747438.29208,,0.102064761289588,coingecko,2026-01-27T19:26:52Z
2026-01-27T19:00:00Z,ETH,2971.25,358593518694.6702,26732978536.21628,,1.5845088269296637,coingecko,2026-01-27T19:26:52Z
2026-01-27T19:00:00Z,BNB,890.66,121422140507.97807,1152571406.1617837,,1.766363145807301,coingecko,2026-01-27T19:26:52Z
2026-01-27T20:00:00Z,BTC,89029.0,1778483948363.441,41048033660.76135,,1.3471440334440137,coingecko,2026-01-27T20:23:43Z
2026-01-27T20:00:00Z,ETH,3008.42,363162222475.4543,26294681091.53736,,3.123532684828413,coingecko,2026-01-27T20:23:43Z
2026-01-27T20:00:00Z,BNB,895.59,122134954738.38712,1205054438.1015956,,2.558606067770962,coingecko,2026-01-27T20:23:43Z
2026-01-27T21:00:00Z,BTC,89203.0,1782931064035.9397,43252566205.099945,,1.72639264765293,coingecko,2026-01-27T21:21:29Z
2026-01-27T21:00:00Z,ETH,3015.77,364131073862.0125,26552454916.105587,,3.9208169519877134,coingecko,2026-01-27T21:21:29Z
2026-01-27T21:00:00Z,BNB,896.35,122226032255.74626,1220576033.1397972,,2.638427307306575,coingecko,2026-01-27T21:21:29Z
2026-01-27T22:00:00Z,BTC,88937.0,1776945893929.334,43430864017.60995,,1.1608851896986805,coingecko,2026-01-27T22:23:01Z
2026-01-27T22:00:00Z,ETH,3003.01,362331768852.2671,27079544846.288265,,2.932758512197384,coingecko,2026-01-27T22:23:01Z
2026-01-27T22:00:00Z,BNB,896.25,122203975509.22736,1217575601.6899786,,2.3801595927369976,coingecko,2026-01-27T22:23:01Z
2026-01-27T23:00:00Z,BTC,89213.0,1782474931049.79,43678989521.04314,,1.1932462556275163,coingecko,2026-01-27T23:22:18Z
2026-01-27T23:00:00Z,ETH,3017.07,364106771636.0025,28330438949.267902,,3.2740260977357103,coingecko,2026-01-27T23:22:18Z
2026-01-27T23:00:00Z,BNB,898.16,122463237809.79816,1231211238.7126117,,2.4155084576769226,coingecko,2026-01-27T23:22:18Z
2026-01-28T01:00:00Z,BTC,89200.0,1782527610209.916,44198364176.42886,,0.7312574978619549,coingecko,2026-01-28T01:47:49Z
2026-01-28T01:00:00Z,ETH,3008.15,363097659326.6504,29409404234.20385,,2.573738006118188,coingecko,2026-01-28T01:47:49Z
2026-01-28T01:00:00Z,BNB,894.98,122036311319.79517,1265512945.253777,,1.6878642610820382,coingecko,2026-01-28T01:47:49Z
2026-01-28T03:00:00Z,BTC,88945.0,1777543199821.3022,43768444728.803375,,0.2828193640945201,coingecko,2026-01-28T03:45:24Z
2026-01-28T03:00:00Z,ETH,2998.26,362041958286.1289,27729329986.29346,,1.960355154096598,coingecko,2026-01-28T03:45:24Z
2026-01-28T03:00:00Z,BNB,894.68,122027475270.60245,1377411009.4925902,,1.1178693688560224,coingecko,2026-01-28T03:45:24Z
2026-01-28T04:00:00Z,BTC,88924.0,1777587914823.8752,43168003303.46065,,0.3875951038077674,coingecko,2026-01-28T04:43:43Z
2026-01-28T04:00:00Z,ETH,2996.23,361862462723.405,28180660271.915752,,1.943017182575284,coingecko,2026-01-28T04:43:43Z
2026-01-28T04:00:00Z,BNB,897.33,122382783341.27045,1339363071.6385243,,1.344536611697609,coingecko,2026-01-28T04:43:43Z
2026-01-28T05:00:00Z,BTC,88759.0,1773822723506.393,42964304899.54949,,0.418691697307016,coingecko,2026-01-28T05:28:10Z
2026-01-28T05:00:00Z,ETH,2993.41,361453628421.3695,27046327839.18819,,2.061441277248328,coingecko,2026-01-28T05:28:10Z
2026-01-28T05:00:00Z,BNB,897.21,122364396295.1444,1346094908.9887044,,1.6291330823314254,coingecko,2026-01-28T05:28:10Z
2026-01-28T06:00:00Z,BTC,89165.0,1782019599719.9275,42783868806.64037,,1.08643837908017,coingecko,2026-01-28T06:36:48Z
2026-01-28T06:00:00Z,ETH,3008.01,363289731939.6047,27024834318.058006,,2.820105157094395,coingecko,2026-01-28T06:36:48Z
2026-01-28T06:00:00Z,BNB,899.9,122726873282.88132,1300998337.015873,,1.99259252206932,coingecko,2026-01-28T06:36:48Z
2026-01-28T07:00:00Z,BTC,89142.0,1780738449181.0786,43692479415.33069,,0.8216064238968699,coingecko,2026-01-28T07:26:51Z
2026-01-28T07:00:00Z,ETH,3004.3,362535059996.1426,28290622727.343525,,2.504649321559609,coingecko,2026-01-28T07:26:51Z
2026-01-28T07:00:00Z,BNB,902.53,123069567770.5166,1359450403.1747868,,2.1174215858527363,coingecko,2026-01-28T07:26:51Z
2026-01-28T08:00:00Z,BTC,88969.0,1777637162176.7476,44030404166.875175,,0.9686422551468118,coingecko,2026-01-28T08:32:38Z
2026-01-28T08:00:00Z,ETH,2995.17,361412914457.3014,28364040012.52019,,2.5529864339676425,coingecko,2026-01-28T08:32:38Z
2026-01-28T08:00:00Z,BNB,902.38,123041626328.58504,1365838555.8076627,,2.193665808938176,coingecko,2026-01-28T08:32:38Z
2026-01-28T09:00:00Z,BTC,89036.0,1778405883264.7705,44026990123.68838,,1.3161596472955093,coingecko,2026-01-28T09:34:42Z
2026-01-28T09:00:00Z,ETH,2997.2,361549035149.44727,28247160026.818874,,3.120238307122785,coingecko,2026-01-28T09:34:42Z
2026-01-28T09:00:00Z,BNB,903.57,123110239930.52672,1364005469.4875567,,2.445762725698916,coingecko,2026-01-28T09:34:42Z
2026-01-28T10:00:00Z,BTC,89231.0,1783047692033.2683,44653649083.62159,,1.553851010845753,coingecko,2026-01-28T10:28:48Z
2026-01-28T10:00:00Z,ETH,3016.17,364150470645.42896,28655137185.546776,,3.71782108323493,coingecko,2026-01-28T10:28:48Z
2026-01-28T10:00:00Z,BNB,904.82,123382447935.48228,1354962871.1459734,,2.9821750135191536,coingecko,2026-01-28T10:28:48Z
2026-01-28T11:00:00Z,BTC,89254.0,1784242097566.5645,44275664933.5135,,1.7344114705063838,coingecko,2026-01-28T11:23:34Z
2026-01-28T11:00:00Z,ETH,3014.02,363953671595.9087,28524834791.132057,,3.854566319929533,coingecko,2026-01-28T11:23:34Z
2026-01-28T11:00:00Z,BNB,902.86,123127012325.54674,1338839702.9348743,,2.925524834882048,coingecko,2026-01-28T11:23:34Z
2026-01-28T12:00:00Z,BTC,89827.0,1795782281384.2898,47220281139.29774,,2.2111384054872225,coingecko,2026-01-28T12:51:07Z
2026-01-28T12:00:00Z,ETH,3024.13,365441488851.2888,28349878319.09861,,3.757479899688126,coingecko,2026-01-28T12:51:07Z
2026-01-28T12:00:00Z,BNB,903.69,123254526016.45335,1365570126.0829432,,2.7340458507432217,coingecko,2026-01-28T12:51:07Z
2026-01-28T13:00:00Z,BTC,90247.0,1803887244113.473,48835201169.58403,,2.6441495220455367,coingecko,2026-01-28T13:49:14Z
2026-01-28T13:00:00Z,ETH,3034.73,366549806779.1223,28786813613.16068,,4.425960077466927,coingecko,2026-01-28T13:49:14Z
2026-01-28T13:00:00Z,BNB,906.29,123599639756.37083,1362044013.3928835,,2.823190046799614,coingecko,2026-01-28T13:49:14Z
2026-01-28T14:00:00Z,BTC,89878.0,1796624598107.62,49282397242.235146,,1.9632417497049923,coingecko,2026-01-28T14:30:39Z
2026-01-28T14:00:00Z,ETH,3019.94,364131287660.8583,28359420808.33262,,3.1145467951551336,coingecko,2026-01-28T14:30:39Z
2026-01-28T14:00:00Z,BNB,902.5,123075475892.90845,1341939364.360952,,2.1966041778575947,coingecko,2026-01-28T14:30:39Z
2026-01-28T15:00:00Z,BTC,89225.0,1782645955707.012,49807874017.49751,,1.885934537060741,coingecko,2026-01-28T15:32:46Z
2026-01-28T15:00:00Z,ETH,2999.3,361956525139.9317,29821696395.753845,,2.9422016915183167,coingecko,2026-01-28T15:32:46Z
2026-01-28T15:00:00Z,BNB,899.94,122687081685.971,1338930880.2969804,,2.04095211550326,coingecko,2026-01-28T15:32:46Z
2026-01-28T16:00:00Z,BTC,89562.0,1788762378612.335,48563094922.16705,,1.123635085433405,coingecko,2026-01-28T16:37:44Z
2026-01-28T16:00:00Z,ETH,3004.84,362559013173.0147,27028075233.49174,,0.4971037607226928,coingecko,2026-01-28T16:37:44Z
2026-01-28T16:00:00Z,BNB,898.92,122560485590.38148,1298861156.1452684,,0.6055293288122652,coingecko,2026-01-28T16:37:44Z
2026-01-28T17:00:00Z,BTC,89280.0,1787955226376.1787,47348327314.75554,,1.7431077399535688,coingecko,2026-01-28T17:32:39Z
2026-01-28T17:00:00Z,ETH,2991.77,361962263139.8157,25660185887.456005,,1.7188396957275938,coingecko,2026-01-28T17:32:39Z
2026-01-28T17:00:00Z,BNB,898.16,122588997486.52943,1252097215.897234,,1.048863630510556,coingecko,2026-01-28T17:32:39Z
2026-01-28T18:00:00Z,BTC,89596.0,1790581324841.8533,47921163272.16627,,2.1429357540244545,coingecko,2026-01-28T18:37:47Z
2026-01-28T18:00:00Z,ETH,3008.29,363268452432.96655,26889993218.21453,,2.357421865200486,coingecko,2026-01-28T18:37:47Z
2026-01-28T18:00:00Z,BNB,900.84,122871001311.30264,1260031343.9022446,,1.3820638284328055,coingecko,2026-01-28T18:37:47Z
2026-01-28T19:00:00Z,BTC,89399.0,1786549659449.1465,48027141152.89089,,1.3666782073797732,coingecko,2026-01-28T19:28:22Z
2026-01-28T19:00:00Z,ETH,3010.05,363296792451.7609,26830748013.509777,,1.3859425003274508,coingecko,2026-01-28T19:28:22Z
2026-01-28T19:00:00Z,BNB,901.09,122907882883.4704,1250822346.2640662,,1.15735304273218,coingecko,2026-01-28T19:28:22Z
2026-01-28T20:00:00Z,BTC,89604.0,1790426453983.2886,48317010275.224304,,0.7720644427210305,coingecko,2026-01-28T20:31:40Z
2026-01-28T20:00:00Z,ETH,3026.15,365239057564.858,26685066889.33296,,0.600056220455556,coingecko,2026-01-28T20:31:40Z
2026-01-28T20:00:00Z,BNB,905.17,123429165561.31946,1266907724.8087385,,1.1189229687120268,coingecko,2026-01-28T20:31:40Z
2026-01-28T21:00:00Z,BTC,89034.0,1780523077759.4702,47313608162.66684,,-0.1410181903690212,coingecko,2026-01-28T21:29:37Z
2026-01-28T21:00:00Z,ETH,3009.97,363803460312.42,25948430037.82973,,-0.1114018271686847,coingecko,2026-01-28T21:29:37Z
2026-01-28T21:00:00Z,BNB,900.69,122910004204.02936,1252511567.3210864,,0.5208154218223167,coingecko,2026-01-28T21:29:37Z
2026-01-28T22:00:00Z,BTC,89079.0,1779330342007.987,46665512259.49328,,0.0430110711639967,coingecko,2026-01-28T22:27:21Z
2026-01-28T22:00:00Z,ETH,3009.85,363093825100.7915,23493286448.689102,,0.1986262914463315,coingecko,2026-01-28T22:27:21Z
2026-01-28T22:00:00Z,BNB,902.21,122984921897.69264,1237767799.736982,,0.5780221805075987,coingecko,2026-01-28T22:27:21Z
2026-01-28T23:00:00Z,BTC,89272.0,1784443874742.9666,46113130097.02477,,-0.0228084471788673,coingecko,2026-01-28T23:26:40Z
2026-01-28T23:00:00Z,ETH,3013.55,363978305376.4481,23744347993.6576,,-0.1863555845371873,coingecko,2026-01-28T23:26:40Z
2026-01-28T23:00:00Z,BNB,902.49,123081504279.25018,1223108745.0933905,,0.3980128966364711,coingecko,2026-01-28T23:26:40Z
2026-01-29T02:00:00Z,BTC,88488.0,1767288195200.1543,45697571570.45113,,-0.884157491382603,coingecko,2026-01-29T02:00:15Z
2026-01-29T02:00:00Z,ETH,2988.95,360429705567.7416,21521388358.22417,,-0.8516667583774703,coingecko,2026-01-29T02:00:15Z
2026-01-29T02:00:00Z,BNB,898.47,122468455237.58264,1203902361.9083974,,0.315906234014239,coingecko,2026-01-29T02:00:15Z
2026-01-29T04:00:00Z,BTC,87893.0,1756773214535.7097,48737946528.665726,,-1.112433358201404,coingecko,2026-01-29T04:12:47Z
2026-01-29T04:00:00Z,ETH,2945.68,355848918017.52686,24698091174.52309,,-1.6086228413394397,coingecko,2026-01-29T04:12:47Z
2026-01-29T04:00:00Z,BNB,894.52,122001280336.69257,1269101313.3212438,,-0.1378837225574927,coingecko,2026-01-29T04:12:47Z
2026-01-29T05:00:00Z,BTC,88192.0,1762234482587.5789,48881609755.49767,,-0.7820450011917831,coingecko,2026-01-29T05:43:26Z
2026-01-29T05:00:00Z,ETH,2952.79,356664738589.0539,23841112574.29765,,-1.5131697142355005,coingecko,2026-01-29T05:43:26Z
2026-01-29T05:00:00Z,BNB,897.38,122388262330.6452,1340789964.2226908,,-0.1165498267363343,coingecko,2026-01-29T05:43:26Z
2026-01-29T06:00:00Z,BTC,88173.0,1762129344183.775,49250612033.30107,,-1.0007011483566852,coingecko,2026-01-29T06:47:13Z
2026-01-29T06:00:00Z,ETH,2950.11,356233745192.9015,24703450649.411148,,-1.797762578084594,coingecko,2026-01-29T06:47:13Z
2026-01-29T06:00:00Z,BNB,898.68,122549163412.78017,1327275307.8663025,,-0.2282323264869682,coingecko,2026-01-29T06:47:13Z
2026-01-29T07:00:00Z,BTC,88166.0,1761711439662.4,49355875308.71649,,-1.0288641928470836,coingecko,2026-01-29T07:40:07Z
2026-01-29T07:00:00Z,ETH,2955.16,356670938653.0613,24627546042.78632,,-1.5313725574534949,coingecko,2026-01-29T07:40:07Z
2026-01-29T07:00:00Z,BNB,904.64,123242087167.85742,1369544477.401473,,0.331884087204179,coingecko,2026-01-29T07:40:07Z
2026-01-29T08:00:00Z,BTC,88117.0,1763380603364.3066,49926646257.59349,,-1.0005364558219016,coingecko,2026-01-29T08:39:46Z
2026-01-29T08:00:00Z,ETH,2953.68,356983363483.94403,23285471518.971825,,-1.322814660452026,coingecko,2026-01-29T08:39:46Z
2026-01-29T08:00:00Z,BNB,902.76,123165544775.42122,1393036281.5079274,,0.0607879655879938,coingecko,2026-01-29T08:39:46Z
2026-01-29T09:00:00Z,BTC,87886.0,1755731391433.2844,50524820429.31042,,-1.4877408708727613,coingecko,2026-01-29T09:43:02Z
2026-01-29T09:00:00Z,ETH,2944.08,355196698418.6532,24930137141.90578,,-2.079982969317445,coingecko,2026-01-29T09:43:02Z
2026-01-29T09:00:00Z,BNB,903.26,123106019304.42624,1510808549.0916955,,-0.1627464978080965,coingecko,2026-01-29T09:43:02Z
2026-01-29T10:00:00Z,BTC,87783.0,1754002768082.429,49170014580.55988,,-1.741977551216956,coingecko,2026-01-29T10:36:57Z
2026-01-29T10:00:00Z,ETH,2942.8,355047876700.7389,24351320850.33624,,-2.5870444473093137,coingecko,2026-01-29T10:36:57Z
2026-01-29T10:00:00Z,BNB,895.98,122192586192.95096,1652989778.0693104,,-0.9878859534754324,coingecko,2026-01-29T10:36:57Z
2026-01-29T11:00:00Z,BTC,87658.0,1751710320367.807,49842776705.58187,,-1.7733472571228337,coingecko,2026-01-29T11:31:09Z
2026-01-29T11:00:00Z,ETH,2920.5,352708755294.27386,23043813178.841976,,-3.157620929427818,coingecko,2026-01-29T11:31:09Z
2026-01-29T11:00:00Z,BNB,892.45,121691544404.53471,1629699647.8774624,,-1.1665730850250702,coingecko,2026-01-29T11:31:09Z
2026-01-29T12:00:00Z,BTC,87894.0,1756080478151.673,47958863198.588425,,-2.1992538615114574,coingecko,2026-01-29T12:57:27Z
2026-01-29T12:00:00Z,ETH,2930.05,353572272097.79565,22854363888.087696,,-3.2817564698497605,coingecko,2026-01-29T12:57:27Z
2026-01-29T12:00:00Z,BNB,888.94,121211666996.45796,1662560216.2104611,,-1.6585168911656327,coingecko,2026-01-29T12:57:27Z
2026-01-29T14:00:00Z,BTC,87923.0,1756495092493.7478,45571466522.2432,,-2.4348238760249483,coingecko,2026-01-29T14:02:11Z
2026-01-29T14:00:00Z,ETH,2931.36,353790357217.72723,22677190819.74983,,-3.227786716784565,coingecko,2026-01-29T14:02:11Z
2026-01-29T14:00:00Z,BNB,889.16,121232981222.3966,1689772129.136778,,-1.7139951987394575,coingecko,2026-01-29T14:02:11Z
2026-01-29T15:00:00Z,BTC,85175.0,1705042414838.0232,51380353614.46386,,-4.485762745311565,coingecko,2026-01-29T15:35:47Z
2026-01-29T15:00:00Z,ETH,2829.54,341747786216.0593,26032709546.56268,,-5.590319511387285,coingecko,2026-01-29T15:35:47Z
2026-01-29T15:00:00Z,BNB,864.58,118177330414.4342,1875160320.598268,,-3.8974250526731335,coingecko,2026-01-29T15:35:47Z
2026-01-29T16:00:00Z,BTC,84573.0,1686764973365.4844,58716102043.0657,,-5.598125476687679,coingecko,2026-01-29T16:43:50Z
2026-01-29T16:00:00Z,ETH,2810.07,338878360242.269,30175088977.561363,,-6.368990602839086,coingecko,2026-01-29T16:43:50Z
2026-01-29T16:00:00Z,BNB,860.49,117212155907.55045,2077771477.5726588,,-4.16646599034511,coingecko,2026-01-29T16:43:50Z
2026-01-29T17:00:00Z,BTC,84973.0,1696196856564.2463,62057938315.38274,,-4.927118264302966,coingecko,2026-01-29T17:37:14Z
2026-01-29T17:00:00Z,ETH,2841.0,342470128591.2311,32022330084.548107,,-5.166217330273885,coingecko,2026-01-29T17:37:14Z
2026-01-29T17:00:00Z,BNB,866.31,118082394599.6097,2190737588.081349,,-3.905634848876249,coingecko,2026-01-29T17:37:14Z
2026-01-29T18:00:00Z,BTC,83880.0,1676089081196.987,64677372293.40159,,-6.28945710535368,coingecko,2026-01-29T18:45:53Z
2026-01-29T18:00:00Z,ETH,2798.76,338050135235.6558,33299276922.54758,,-6.898512300614101,coingecko,2026-01-29T18:45:53Z
2026-01-29T18:00:00Z,BNB,862.6,117669150715.71596,2582478671.6218696,,-4.223265730384589,coingecko,2026-01-29T18:45:53Z
2026-01-29T19:00:00Z,BTC,83577.0,1667837375382.332,66010487331.89899,,-6.5374612734745154,coingecko,2026-01-29T19:30:26Z
2026-01-29T19:00:00Z,ETH,2773.13,334565933700.95105,30953880539.671425,,-7.870071868814412,coingecko,2026-01-29T19:30:26Z
2026-01-29T19:00:00Z,BNB,853.69,116256814224.41795,2783335788.085346,,-5.280164080018278,coingecko,2026-01-29T19:30:26Z
2026-01-29T20:00:00Z,BTC,83900.0,1678697445143.058,67632144715.39701,,-6.394501900716019,coingecko,2026-01-29T20:30:34Z
2026-01-29T20:00:00Z,ETH,2791.58,337532492440.4062,35138108670.4217,,-7.774022759932644,coingecko,2026-01-29T20:30:34Z
2026-01-29T20:00:00Z,BNB,859.72,117350321284.63516,2917728133.201273,,-5.048496527051154,coingecko,2026-01-29T20:30:34Z
2026-01-29T21:00:00Z,BTC,84095.0,1680510130610.6396,68789214438.8895,,-5.559484314400369,coingecko,2026-01-29T21:27:09Z
2026-01-29T21:00:00Z,ETH,2806.41,338706399043.07764,35631010425.58464,,-6.768054606979561,coingecko,2026-01-29T21:27:09Z
2026-01-29T21:00:00Z,BNB,861.78,117528409391.1828,3153411237.2751784,,-4.311127589601028,coingecko,2026-01-29T21:27:09Z
2026-01-29T22:00:00Z,BTC,84302.0,1684367935958.2498,68853875177.29726,,-5.430028820811105,coingecko,2026-01-29T22:27:55Z
2026-01-29T22:00:00Z,ETH,2808.85,339061278639.3325,36319952160.89094,,-6.707677119781971,coingecko,2026-01-29T22:27:55Z
2026-01-29T22:00:00Z,BNB,863.11,117690111396.71704,3301614909.037529,,-4.390359270592421,coingecko,2026-01-29T22:27:55Z
2026-01-29T23:00:00Z,BTC,84466.0,1686459683448.079,70765203524.82413,,-5.381089440003149,coingecko,2026-01-29T23:26:33Z
2026-01-29T23:00:00Z,ETH,2815.96,339515914029.81134,37427438467.95364,,-6.421307467124306,coingecko,2026-01-29T23:26:33Z
2026-01-29T23:00:00Z,BNB,865.17,117935218046.58997,3327284382.673299,,-4.025915635864232,coingecko,2026-01-29T23:26:33Z
2026-01-30T02:00:00Z,BTC,82344.0,1644538317528.4846,78055067269.03676,,-6.918224277196865,coingecko,2026-01-30T02:01:02Z
2026-01-30T02:00:00Z,ETH,2743.2,331071781361.8018,41725448542.78517,,-8.206947143957953,coingecko,2026-01-30T02:01:02Z
2026-01-30T02:00:00Z,BNB,846.21,115525193519.54929,3656559543.667693,,-5.812407442706609,coingecko,2026-01-30T02:01:02Z
2026-01-30T04:00:00Z,BTC,82853.0,1658949035759.143,85103963043.58444,,-5.937181376626766,coingecko,2026-01-30T04:40:21Z
2026-01-30T04:00:00Z,ETH,2754.85,333230753301.3493,44717117894.06848,,-6.6201721809696,coingecko,2026-01-30T04:40:21Z
2026-01-30T04:00:00Z,BNB,850.52,116218113642.809,3795605217.667023,,-5.296628538894581,coingecko,2026-01-30T04:40:21Z
2026-01-30T05:00:00Z,BTC,82940.0,1658546407184.8362,85825947807.66457,,-5.944714777585613,coingecko,2026-01-30T05:46:51Z
2026-01-30T05:00:00Z,ETH,2746.94,331818717842.17834,43897822501.19994,,-6.824804220898317,coingecko,2026-01-30T05:46:51Z
2026-01-30T05:00:00Z,BNB,847.7,115656450442.69778,3778729492.894229,,-5.568721445518923,coingecko,2026-01-30T05:46:51Z
2026-01-30T06:00:00Z,BTC,82185.0,1639429181698.4155,87407927437.10597,,-6.796710401897502,coingecko,2026-01-30T06:50:15Z
2026-01-30T06:00:00Z,ETH,2707.71,326192519294.223,45922441112.32937,,-8.21895008490374,coingecko,2026-01-30T06:50:15Z
2026-01-30T06:00:00Z,BNB,836.83,114254195229.38536,3779915945.314233,,-6.898482103420511,coingecko,2026-01-30T06:50:15Z
2026-01-30T07:00:00Z,BTC,82469.0,1648715688692.5906,88732713394.52165,,-6.452468652771329,coingecko,2026-01-30T07:40:24Z
2026-01-30T07:00:00Z,ETH,2725.63,328945394290.8425,45094498596.238434,,-7.755173095037845,coingecko,2026-01-30T07:40:24Z
2026-01-30T07:00:00Z,BNB,842.67,114901367440.43378,3774218605.614218,,-6.839363272704237,coingecko,2026-01-30T07:40:24Z
2026-01-30T08:00:00Z,BTC,82373.0,1645609625139.2373,89625864271.73041,,-6.500823763529722,coingecko,2026-01-30T08:39:25Z
2026-01-30T08:00:00Z,ETH,2722.04,328467550758.4404,45888858078.35067,,-7.783113552683536,coingecko,2026-01-30T08:39:25Z
2026-01-30T08:00:00Z,BNB,839.44,114500832307.30766,3336175007.313346,,-7.026272120141764,coingecko,2026-01-30T08:39:25Z
2026-01-30T09:00:00Z,BTC,82425.0,1646357906277.73,90115580380.3838,,-6.189710708696124,coingecko,2026-01-30T09:38:02Z
2026-01-30T09:00:00Z,ETH,2725.26,328880549935.738,46177856121.34881,,-7.479088302956168,coingecko,2026-01-30T09:38:02Z
2026-01-30T09:00:00Z,BNB,837.99,114294655148.74413,3580841291.908821,,-7.218118834534049,coingecko,2026-01-30T09:38:02Z
2026-01-30T10:00:00Z,BTC,82412.0,1646773273668.8247,90809706106.15898,,-6.11705480562191,coingecko,2026-01-30T10:34:16Z
2026-01-30T10:00:00Z,ETH,2722.61,328604619129.27704,47582551181.66626,,-7.478478439445888,coingecko,2026-01-30T10:34:16Z
2026-01-30T10:00:00Z,BNB,835.46,113927013508.49556,3457260910.0690727,,-6.764286847206094,coingecko,2026-01-30T10:34:16Z
2026-01-30T11:00:00Z,BTC,82625.0,1651328644369.8125,90632542702.189,,-5.745203058774921,coingecko,2026-01-30T11:28:22Z
2026-01-30T11:00:00Z,ETH,2734.35,330094571063.76526,46447033219.82092,,-6.382576229586292,coingecko,2026-01-30T11:28:22Z
2026-01-30T11:00:00Z,BNB,836.93,114147073955.2188,3425722385.5051384,,-6.224203262851601,coingecko,2026-01-30T11:28:22Z
2026-01-30T12:00:00Z,BTC,82627.0,1651213920871.7856,91721953249.21815,,-5.968025862214892,coingecko,2026-01-30T12:55:48Z
2026-01-30T12:00:00Z,ETH,2734.51,330093932883.2898,45600689063.02606,,-6.650745996211323,coingecko,2026-01-30T12:55:48Z
2026-01-30T12:00:00Z,BNB,835.76,113941427284.59831,3501368171.820127,,-5.972329109755758,coingecko,2026-01-30T12:55:48Z
2026-01-30T13:00:00Z,BTC,82588.0,1650220931158.5376,92388964053.37009,,-6.002186636609114,coingecko,2026-01-30T13:57:20Z
2026-01-30T13:00:00Z,ETH,2724.74,328863907994.4062,47622723414.24602,,-6.954151228773712,coingecko,2026-01-30T13:57:20Z
2026-01-30T13:00:00Z,BNB,842.81,114957690132.31345,3510615209.5788565,,-5.2217396334113095,coingecko,2026-01-30T13:57:20Z
2026-01-30T14:00:00Z,BTC,83059.0,1659988986222.287,94069500062.07526,,-5.251066375485468,coingecko,2026-01-30T14:38:38Z
2026-01-30T14:00:00Z,ETH,2739.51,330682984395.622,48006252818.07877,,-5.799897864282367,coingecko,2026-01-30T14:38:38Z
2026-01-30T14:00:00Z,BNB,850.35,115932410189.34236,3635420777.42774,,-4.121433868113572,coingecko,2026-01-30T14:38:38Z
2026-01-30T15:00:00Z,BTC,82452.0,1648777116332.5776,88644265729.30557,,-3.2223007141753293,coingecko,2026-01-30T15:34:34Z
2026-01-30T15:00:00Z,ETH,2701.47,326695671066.69214,46523186935.79906,,-4.591097978880059,coingecko,2026-01-30T15:34:34Z
2026-01-30T15:00:00Z,BNB,845.44,115375739966.59782,3427827018.8153543,,-2.2139388993540137,coingecko,2026-01-30T15:34:34Z
2026-01-30T16:00:00Z,BTC,83234.0,1663087979836.1162,83460140625.26003,,-1.3644935448780264,coingecko,2026-01-30T16:39:17Z
2026-01-30T16:00:00Z,ETH,2734.03,329995072019.4894,44495974077.69578,,-2.6176503472334867,coingecko,2026-01-30T16:39:17Z
2026-01-30T16:00:00Z,BNB,851.4,116018183059.58607,3335177594.037576,,-0.8616659547740244,coingecko,2026-01-30T16:39:17Z
2026-01-30T17:00:00Z,BTC,83050.0,1662997156938.4446,80117647201.68211,,-2.165070223549613,coingecko,2026-01-30T17:34:03Z
2026-01-30T17:00:00Z,ETH,2722.76,329336435447.8421,43028527016.96741,,-4.012060711400299,coingecko,2026-01-30T17:34:03Z
2026-01-30T17:00:00Z,BNB,849.82,115967930543.98991,3228090317.980664,,-1.9056765699993985,coingecko,2026-01-30T17:34:03Z
2026-01-30T18:00:00Z,BTC,82325.0,1644513065433.4082,77703039285.56465,,-1.7936445491832165,coingecko,2026-01-30T18:42:22Z
2026-01-30T18:00:00Z,ETH,2669.98,322155141100.4906,41370322181.31001,,-4.4257119586121485,coingecko,2026-01-30T18:42:22Z
2026-01-30T18:00:00Z,BNB,836.36,114026486926.88156,2910870763.1266108,,-2.9260456627427733,coingecko,2026-01-30T18:42:22Z
2026-01-30T19:00:00Z,BTC,84202.0,1685069150486.7207,79285733784.95421,,0.4486432687381726,coingecko,2026-01-30T19:32:21Z
2026-01-30T19:00:00Z,ETH,2744.61,331831273610.46045,42950210555.964615,,-1.610556572069335,coingecko,2026-01-30T19:32:21Z
2026-01-30T19:00:00Z,BNB,853.17,116487284312.3186,2769460628.50262,,-0.1415405247898992,coingecko,2026-01-30T19:32:21Z
2026-01-30T20:00:00Z,BTC,83826.0,1675037841708.39,79482127236.41339,,-0.2016312548675313,coingecko,2026-01-30T20:30:06Z
2026-01-30T20:00:00Z,ETH,2680.4,323508993219.47455,40938450967.35704,,-4.135626851413079,coingecko,2026-01-30T20:30:06Z
2026-01-30T20:00:00Z,BNB,848.31,115874013660.12234,2659888079.965272,,-1.384146646994248,coingecko,2026-01-30T20:30:06Z
2026-01-30T21:00:00Z,BTC,84172.0,1683623261232.253,80852338493.1526,,0.0908630420561483,coingecko,2026-01-30T21:28:51Z
2026-01-30T21:00:00Z,ETH,2697.26,326118088904.558,42816492988.5768,,-3.8892744526727054,coingecko,2026-01-30T21:28:51Z
2026-01-30T21:00:00Z,BNB,855.82,116796494411.2811,2546337147.8937707,,-0.6917075432906805,coingecko,2026-01-30T21:28:51Z
2026-01-30T22:00:00Z,BTC,83897.0,1676642212259.1985,79995960738.61607,,-0.4829484201720764,coingecko,2026-01-30T22:26:12Z
2026-01-30T22:00:00Z,ETH,2694.22,325195117438.3328,41579870173.99464,,-4.082033468919291,coingecko,2026-01-30T22:26:12Z
2026-01-30T22:00:00Z,BNB,856.52,116809114661.87038,2412012813.2374606,,-0.7821213249365435,coingecko,2026-01-30T22:26:12Z
2026-01-30T23:00:00Z,BTC,84016.0,1679380121340.775,80045709177.29514,,-0.558173066774629,coingecko,2026-01-30T23:25:49Z
2026-01-30T23:00:00Z,ETH,2699.12,325874372032.7002,42121583805.22425,,-4.051696313205535,coingecko,2026-01-30T23:25:49Z
2026-01-30T23:00:00Z,BNB,856.85,116953048863.12604,2351805984.387762,,-0.9474797645576808,coingecko,2026-01-30T23:25:49Z
2026-01-31T01:00:00Z,BTC,83903.0,1676284996066.497,71421983061.03812,,1.911070085941833,coingecko,2026-01-31T01:56:28Z
2026-01-31T01:00:00Z,ETH,2697.04,325684618355.29346,37585103719.73689,,-1.686058994593196,coingecko,2026-01-31T01:56:28Z
2026-01-31T01:00:00Z,BNB,853.57,116443937199.28404,2079388034.5556304,,0.7782766207635023,coingecko,2026-01-31T01:56:28Z
2026-01-31T04:00:00Z,BTC,83925.0,1677452377432.235,63004080354.2368,,1.4529478199330184,coingecko,2026-01-31T04:07:24Z
2026-01-31T04:00:00Z,ETH,2694.73,325284166197.8469,34323116450.759247,,-1.8259730146178488,coingecko,2026-01-31T04:07:24Z
2026-01-31T04:00:00Z,BNB,852.88,116335545278.03952,1815074260.4817376,,0.7507217552899313,coingecko,2026-01-31T04:07:24Z
2026-01-31T05:00:00Z,BTC,83904.0,1676334981317.139,60544100629.32884,,0.9823307107877486,coingecko,2026-01-31T05:38:30Z
2026-01-31T05:00:00Z,ETH,2696.23,325338197261.98566,33544711709.818413,,-1.9502016696931064,coingecko,2026-01-31T05:38:30Z
2026-01-31T05:00:00Z,BNB,850.6,115985222396.4822,1754432228.2901678,,0.2245500803099124,coingecko,2026-01-31T05:38:30Z
2026-01-31T06:00:00Z,BTC,83610.0,1670795454187.7612,58592981108.89271,,1.5631787133324888,coingecko,2026-01-31T06:39:24Z
2026-01-31T06:00:00Z,ETH,2685.63,324266961998.2914,32810238303.30709,,-1.190129144078869,coingecko,2026-01-31T06:39:24Z
2026-01-31T06:00:00Z,BNB,848.81,115739885960.73386,1789977686.6134462,,1.191137015272418,coingecko,2026-01-31T06:39:24Z
2026-01-31T07:00:00Z,BTC,83625.0,1671085914110.0862,56956148942.63764,,1.1582014034334358,coingecko,2026-01-31T07:29:07Z
2026-01-31T07:00:00Z,ETH,2688.03,324447221391.66254,31585454545.637527,,-1.8367280350206283,coingecko,2026-01-31T07:29:07Z
2026-01-31T07:00:00Z,BNB,849.4,115817286173.04372,1753343333.528983,,0.6895210131108936,coingecko,2026-01-31T07:29:07Z
2026-01-31T08:00:00Z,BTC,82961.0,1658398631855.8389,55194675406.9474,,0.339390722691634,coingecko,2026-01-31T08:30:52Z
2026-01-31T08:00:00Z,ETH,2659.53,321139574704.6255,32172269657.36107,,-2.9512462611406884,coingecko,2026-01-31T08:30:52Z
2026-01-31T08:00:00Z,BNB,840.89,114731151518.7308,1748044035.4427938,,-0.403768729348533,coingecko,2026-01-31T08:30:52Z
2026-01-31T09:00:00Z,BTC,82798.0,1654421609538.766,55810748726.315216,,0.5105439803997215,coingecko,2026-01-31T09:28:18Z
2026-01-31T09:00:00Z,ETH,2632.66,317618098829.2944,32665565293.410786,,-3.3608851209596327,coingecko,2026-01-31T09:28:18Z
2026-01-31T09:00:00Z,BNB,834.98,113881984074.9617,1532114391.195014,,-0.4109025332069183,coingecko,2026-01-31T09:28:18Z
2026-01-31T10:00:00Z,BTC,82891.0,1655263004324.369,54756912526.73278,,0.690450193368147,coingecko,2026-01-31T10:24:30Z
2026-01-31T10:00:00Z,ETH,2641.54,318439481808.6443,32435375461.518806,,-2.7821790501994728,coingecko,2026-01-31T10:24:30Z
2026-01-31T10:00:00Z,BNB,836.38,114048702706.36992,1717428402.2509463,,0.0331119804721303,coingecko,2026-01-31T10:24:30Z
2026-01-31T11:00:00Z,BTC,82901.0,1656258333264.8906,54762493528.1777,,0.2138148211288702,coingecko,2026-01-31T11:20:39Z
2026-01-31T11:00:00Z,ETH,2643.28,318951560599.62085,29391175338.2174,,-3.289014614304301,coingecko,2026-01-31T11:20:39Z
2026-01-31T11:00:00Z,BNB,835.53,113929370616.52644,1706636828.603846,,-0.2202364361779953,coingecko,2026-01-31T11:20:39Z
2026-01-31T12:00:00Z,BTC,82800.0,1654355880448.9575,53556783841.6128,,0.1291782111122044,coingecko,2026-01-31T12:47:26Z
2026-01-31T12:00:00Z,ETH,2637.86,318319194626.192,32935589117.17671,,-3.6946832695175833,coingecko,2026-01-31T12:47:26Z
2026-01-31T12:00:00Z,BNB,834.71,113808007894.75192,1636558969.6941004,,-0.2392722863269893,coingecko,2026-01-31T12:47:26Z
2026-01-31T13:00:00Z,BTC,82409.0,1648328093974.7075,53189330871.07909,,-0.2935946284025066,coingecko,2026-01-31T13:41:04Z
2026-01-31T13:00:00Z,ETH,2618.3,316214103498.624,32750855555.76172,,-4.130833586129968,coingecko,2026-01-31T13:41:04Z
2026-01-31T13:00:00Z,BNB,828.62,113028463251.46452,1413498281.4166846,,-2.1559448363977,coingecko,2026-01-31T13:41:04Z
2026-01-31T14:00:00Z,BTC,82023.0,1640939281444.7173,53593938788.57172,,-1.0023693491527252,coingecko,2026-01-31T14:24:25Z
2026-01-31T14:00:00Z,ETH,2588.42,313297872389.9302,33768661312.1759,,-5.322323215178289,coingecko,2026-01-31T14:24:25Z
2026-01-31T14:00:00Z,BNB,818.4,111989825051.89268,1494455284.639374,,-3.481821239310565,coingecko,2026-01-31T14:24:25Z
2026-01-31T15:00:00Z,BTC,81074.0,1619300055449.4983,56073576474.93552,,-2.3897782653816257,coingecko,2026-01-31T15:23:52Z
2026-01-31T15:00:00Z,ETH,2538.1,306543254925.2069,35613948658.36793,,-6.869461339447665,coingecko,2026-01-31T15:23:52Z
2026-01-31T15:00:00Z,BNB,808.26,110230787856.70084,1880330825.169305,,-4.991417184613445,coingecko,2026-01-31T15:23:52Z
2026-01-31T16:00:00Z,BTC,81240.0,1625607980002.639,58689567695.82833,,-1.6358110572558555,coingecko,2026-01-31T16:28:40Z
2026-01-31T16:00:00Z,ETH,2528.56,305452316153.04315,36844644794.26164,,-6.747891036657629,coingecko,2026-01-31T16:28:40Z
2026-01-31T16:00:00Z,BNB,800.79,109730011584.06068,2038953975.050555,,-5.556898790852936,coingecko,2026-01-31T16:28:40Z
2026-01-31T17:00:00Z,BTC,78899.0,1576767799870.4358,65867272548.77188,,-4.786377588208537,coingecko,2026-01-31T17:24:06Z
2026-01-31T17:00:00Z,ETH,2416.04,291558636421.5389,40749779191.23409,,-11.135435922826934,coingecko,2026-01-31T17:24:06Z
2026-01-31T17:00:00Z,BNB,783.41,106647079698.04433,2249467551.742329,,-7.606765854784518,coingecko,2026-01-31T17:24:06Z
2026-01-31T18:00:00Z,BTC,78374.0,1566532852098.021,68451625968.60085,,-4.769900258528043,coingecko,2026-01-31T18:32:44Z
2026-01-31T18:00:00Z,ETH,2394.29,289410526106.44714,40735950166.56844,,-10.124709930461494,coingecko,2026-01-31T18:32:44Z
2026-01-31T18:00:00Z,BNB,778.64,106035862693.10182,2322396231.0378013,,-6.813677546721536,coingecko,2026-01-31T18:32:44Z
2026-01-31T19:00:00Z,BTC,78043.0,1560561921482.314,74804126170.49536,,-7.470614172468763,coingecko,2026-01-31T19:20:32Z
2026-01-31T19:00:00Z,ETH,2415.52,291526080998.701,44794033962.497055,,-12.258720977338063,coingecko,2026-01-31T19:20:32Z
2026-01-31T19:00:00Z,BNB,776.63,105891596364.10826,2537557893.965324,,-8.715767263911932,coingecko,2026-01-31T19:20:32Z
2026-01-31T20:00:00Z,BTC,77623.0,1552040201366.5945,75181599201.19293,,-7.423985063130541,coingecko,2026-01-31T20:26:03Z
2026-01-31T20:00:00Z,ETH,2377.78,287435299800.1407,47364859278.69135,,-11.316158739420509,coingecko,2026-01-31T20:26:03Z
2026-01-31T20:00:00Z,BNB,770.0,104907247904.42444,2603047463.689526,,-9.467829684400792,coingecko,2026-01-31T20:26:03Z
2026-01-31T21:00:00Z,BTC,77439.0,1551155674139.5083,74573978911.68347,,-8.09025253833537,coingecko,2026-01-31T21:21:48Z
2026-01-31T21:00:00Z,ETH,2389.51,289167840232.04346,45999014850.39648,,-11.700122494346072,coingecko,2026-01-31T21:21:48Z
2026-01-31T21:00:00Z,BNB,768.32,104839223305.3747,2570119461.169563,,-10.278747151338065,coingecko,2026-01-31T21:21:48Z
2026-01-31T22:00:00Z,BTC,78068.0,1560003218098.4717,75415448809.06969,,-6.941835028226347,coingecko,2026-01-31T22:22:43Z
2026-01-31T22:00:00Z,ETH,2408.93,290743868324.8643,46420901927.993866,,-10.584211174922784,coingecko,2026-01-31T22:22:43Z
2026-01-31T22:00:00Z,BNB,773.46,105505828325.20526,2588583518.042431,,-9.707180315432211,coingecko,2026-01-31T22:22:43Z
2026-01-31T23:00:00Z,BTC,78480.0,1567633807571.2517,76722348551.25995,,-6.59039564137345,coingecko,2026-01-31T23:22:13Z
2026-01-31T23:00:00Z,ETH,2434.5,293726123672.14703,47094209892.33716,,-9.891302717803212,coingecko,2026-01-31T23:22:13Z
2026-01-31T23:00:00Z,BNB,779.26,106011059581.65282,2335894203.9401617,,-9.154275924025262,coingecko,2026-01-31T23:22:13Z
2026-02-01T02:00:00Z,BTC,78491.0,1568524888264.129,81055477263.63925,,-6.273765806235248,coingecko,2026-02-01T02:24:34Z
2026-02-01T02:00:00Z,ETH,2443.88,294959676283.43665,50148650558.5681,,-9.021821532009415,coingecko,2026-02-01T02:24:34Z
2026-02-01T02:00:00Z,BNB,785.18,107318662486.44014,2700915215.6771493,,-7.773066324163265,coingecko,2026-02-01T02:24:34Z
2026-02-01T05:00:00Z,BTC,78913.0,1577497421747.3276,82586816836.47656,,-5.892452802941557,coingecko,2026-02-01T05:00:58Z
2026-02-01T05:00:00Z,ETH,2446.66,295532050821.35443,51817518363.04199,,-9.0833897183916,coingecko,2026-02-01T05:00:58Z
2026-02-01T05:00:00Z,BNB,781.43,106602163178.06895,2785172661.368592,,-8.104140417407779,coingecko,2026-02-01T05:00:58Z
2026-02-01T06:00:00Z,BTC,78314.0,1566890937918.159,83802847980.59747,,-6.391616292825613,coingecko,2026-02-01T06:49:27Z
2026-02-01T06:00:00Z,ETH,2412.7,291492779232.86194,53105098243.94505,,-10.216783936575316,coingecko,2026-02-01T06:49:27Z
2026-02-01T06:00:00Z,BNB,777.41,106089147539.98865,2813435288.5302386,,-8.448982710750522,coingecko,2026-02-01T06:49:27Z
2026-02-01T07:00:00Z,BTC,78262.0,1562397758750.1863,84201401300.94427,,-6.042087085851953,coingecko,2026-02-01T07:37:26Z
2026-02-01T07:00:00Z,ETH,2411.75,291028804006.92,53898952574.60159,,-9.928983864389776,coingecko,2026-02-01T07:37:26Z
2026-02-01T07:00:00Z,BNB,775.7,105724043315.75748,2825213612.165002,,-8.258397720163387,coingecko,2026-02-01T07:37:26Z
2026-02-01T08:00:00Z,BTC,78408.0,1566680443908.3572,82498483049.65968,,-5.488164674955232,coingecko,2026-02-01T08:33:05Z
2026-02-01T08:00:00Z,ETH,2402.81,289924012621.8885,53030987876.133606,,-9.179994907426044,coingecko,2026-02-01T08:33:05Z
2026-02-01T08:00:00Z,BNB,775.46,105742877270.9918,2792452837.102565,,-7.36035503360594,coingecko,2026-02-01T08:33:05Z
2026-02-01T09:00:00Z,BTC,78605.0,1570450216462.091,82464260318.78464,,-5.1708261884020255,coingecko,2026-02-01T09:30:50Z
2026-02-01T09:00:00Z,ETH,2410.97,290989076807.8177,51401358583.08122,,-8.545524107328474,coingecko,2026-02-01T09:30:50Z
2026-02-01T09:00:00Z,BNB,776.77,105913272445.07043,2753052358.0171657,,-7.096137908989994,coingecko,2026-02-01T09:30:50Z
2026-02-01T10:00:00Z,BTC,78976.0,1577647425294.2192,81978072257.96991,,-4.704940836828938,coingecko,2026-02-01T10:25:47Z
2026-02-01T10:00:00Z,ETH,2426.92,292877206703.9055,50962463829.672806,,-8.018094051742674,coingecko,2026-02-01T10:25:47Z
2026-02-01T10:00:00Z,BNB,778.92,106199249337.94594,2757645606.1386275,,-6.84603166448962,coingecko,2026-02-01T10:25:47Z
2026-02-01T11:00:00Z,BTC,78343.0,1565523445542.527,83210385022.0821,,-5.498205889666329,coingecko,2026-02-01T11:21:39Z
2026-02-01T11:00:00Z,ETH,2386.89,288058832079.74554,52109166116.12802,,-9.728918835947828,coingecko,2026-02-01T11:21:39Z
2026-02-01T11:00:00Z,BNB,769.08,104887785820.4825,2783427932.0127606,,-7.980564238259621,coingecko,2026-02-01T11:21:39Z
2026-02-01T12:00:00Z,BTC,78361.0,1566453585587.3762,82117060793.03844,,-5.359663688544492,coingecko,2026-02-01T12:50:06Z
2026-02-01T12:00:00Z,ETH,2393.77,288847977828.4013,52945892683.408295,,-9.066294790827142,coingecko,2026-02-01T12:50:06Z
2026-02-01T12:00:00Z,BNB,769.25,105013145172.80057,2790690165.743233,,-7.844694472524203,coingecko,2026-02-01T12:50:06Z
2026-02-01T13:00:00Z,BTC,78452.0,1567679096980.6396,83448854682.81863,,-4.87691126059377,coingecko,2026-02-01T13:43:11Z
2026-02-01T13:00:00Z,ETH,2389.12,288351032696.96344,51700588840.61911,,-8.893843077564533,coingecko,2026-02-01T13:43:11Z
2026-02-01T13:00:00Z,BNB,769.4,104878931703.88358,2764862852.7163024,,-7.146830827481396,coingecko,2026-02-01T13:43:11Z
2026-02-01T14:00:00Z,BTC,77995.0,1558515310554.129,82166215416.47437,,-4.77624479856003,coingecko,2026-02-01T14:26:34Z
2026-02-01T14:00:00Z,ETH,2368.06,285864414600.41595,50985238106.17195,,-6.350095846698761,coingecko,2026-02-01T14:26:34Z
2026-02-01T14:00:00Z,BNB,759.23,103634720929.22488,2668377042.595139,,-7.13998892682454,coingecko,2026-02-01T14:26:34Z
2026-02-01T15:00:00Z,BTC,77374.0,1543149954263.7366,79458347888.27324,,-4.518416910840457,coingecko,2026-02-01T15:24:54Z
2026-02-01T15:00:00Z,ETH,2324.85,280233216288.77155,50067437221.70853,,-8.491908180998445,coingecko,2026-02-01T15:24:54Z
2026-02-01T15:00:00Z,BNB,750.81,102298782412.2504,2616502465.7026258,,-7.246315412531483,coingecko,2026-02-01T15:24:54Z
2026-02-01T16:00:00Z,BTC,77561.0,1549900294727.2712,78274061009.6067,,-4.247554683365385,coingecko,2026-02-01T16:30:11Z
2026-02-01T16:00:00Z,ETH,2319.31,279926370794.8605,49360601874.85793,,-8.119478237233348,coingecko,2026-02-01T16:30:11Z
2026-02-01T16:00:00Z,BNB,754.38,102588118775.51274,2296765658.2056727,,-5.589470367792239,coingecko,2026-02-01T16:30:11Z
2026-02-01T17:00:00Z,BTC,77334.0,1551370592637.0918,69547991367.54808,,-2.0883258550417416,coingecko,2026-02-01T17:24:25Z
2026-02-01T17:00:00Z,ETH,2299.05,279673029376.57404,42767188284.41818,,-4.970868427976069,coingecko,2026-02-01T17:24:25Z
2026-02-01T17:00:00Z,BNB,750.7,102813110551.59656,2353024185.2696543,,-4.2112770107701865,coingecko,2026-02-01T17:24:25Z
2026-02-01T18:00:00Z,BTC,78085.0,1559849926096.1924,64663301645.82563,,-0.1049295893129984,coingecko,2026-02-01T18:35:29Z
2026-02-01T18:00:00Z,ETH,2356.16,284359907777.0054,44435353761.35469,,-1.1539269506444152,coingecko,2026-02-01T18:35:29Z
2026-02-01T18:00:00Z,BNB,763.38,104082973060.85992,2200637837.371101,,-1.8269580986160248,coingecko,2026-02-01T18:35:29Z
2026-02-01T19:00:00Z,BTC,77687.0,1552342533426.6704,56300106639.1604,,-0.2254514295792503,coingecko,2026-02-01T19:24:27Z
2026-02-01T19:00:00Z,ETH,2337.77,282012183494.2315,39622446960.564674,,-2.77181376366435,coingecko,2026-02-01T19:24:27Z
2026-02-01T19:00:00Z,BNB,760.5,103694974136.78596,1918693992.3539188,,-1.7463338343866792,coingecko,2026-02-01T19:24:27Z
2026-02-01T20:00:00Z,BTC,77042.0,1544327496111.4463,54397781483.15703,,-0.2214287666549592,coingecko,2026-02-01T20:27:26Z
2026-02-01T20:00:00Z,ETH,2313.58,280408332097.5843,39038985060.04578,,-2.310794976828789,coingecko,2026-02-01T20:27:26Z
2026-02-01T20:00:00Z,BNB,755.96,103323969471.23886,1856045379.495988,,-1.4264259322297703,coingecko,2026-02-01T20:27:26Z
2026-02-01T21:00:00Z,BTC,76610.0,1530280020784.8606,53708432086.519264,,-1.0225269885203498,coingecko,2026-02-01T21:23:48Z
2026-02-01T21:00:00Z,ETH,2299.8,277410065089.06366,37768798868.57905,,-3.6998332555417854,coingecko,2026-02-01T21:23:48Z
2026-02-01T21:00:00Z,BNB,752.66,102548123914.89786,1796850941.147697,,-1.9954574100801603,coingecko,2026-02-01T21:23:48Z
2026-02-01T22:00:00Z,BTC,76835.0,1539789178043.2075,54474758638.65196,,-1.647409281185445,coingecko,2026-02-01T22:24:58Z
2026-02-01T22:00:00Z,ETH,2300.01,278582889467.2538,38183711563.52038,,-4.457582089936799,coingecko,2026-02-01T22:24:58Z
2026-02-01T22:00:00Z,BNB,757.53,103307651088.74248,1820811127.4002075,,-2.0910427364032347,coingecko,2026-02-01T22:24:58Z
2026-02-01T23:00:00Z,BTC,76495.0,1528568481221.8042,56682104669.079865,,-3.1987719715632794,coingecko,2026-02-01T23:25:06Z
2026-02-01T23:00:00Z,ETH,2246.81,269981578256.67865,39795900634.81989,,-8.821437603263895,coingecko,2026-02-01T23:25:06Z
2026-02-01T23:00:00Z,BNB,753.16,102700588955.63736,1888245510.0551376,,-3.8758362338556536,coingecko,2026-02-01T23:25:06Z
2026-02-02T02:00:00Z,BTC,77232.0,1545304521939.8862,59082267846.769,,-1.402837643577815,coingecko,2026-02-02T02:08:40Z
2026-02-02T02:00:00Z,ETH,2284.27,275945863752.9909,42605360305.49077,,-6.355016172623805,coingecko,2026-02-02T02:08:40Z
2026-02-02T02:00:00Z,BNB,762.88,104136857421.85796,1978966972.091965,,-2.907364489265841,coingecko,2026-02-02T02:08:40Z
2026-02-02T04:00:00Z,BTC,75822.0,1516833027783.7163,70593498084.36316,,-3.917053962004825,coingecko,2026-02-02T04:57:07Z
2026-02-02T04:00:00Z,ETH,2241.72,271070131705.1712,49877180686.213104,,-8.375113280253878,coingecko,2026-02-02T04:57:07Z
2026-02-02T04:00:00Z,BNB,751.58,102629797474.6767,2278300709.626664,,-3.830645884210397,coingecko,2026-02-02T04:57:07Z
2026-02-02T06:00:00Z,BTC,75252.0,1506554287674.4678,73229760897.29005,,-4.188415783746952,coingecko,2026-02-02T06:05:15Z
2026-02-02T06:00:00Z,ETH,2188.87,265053584749.5132,50929805645.60927,,-9.91130470597946,coingecko,2026-02-02T06:05:15Z
2026-02-02T06:00:00Z,BNB,734.01,100608172796.79684,2389621816.677717,,-5.871966077331043,coingecko,2026-02-02T06:05:15Z
2026-02-02T07:00:00Z,BTC,76691.0,1529088213651.5344,77806573256.89676,,-2.2757140648471204,coingecko,2026-02-02T07:50:22Z
2026-02-02T07:00:00Z,ETH,2241.01,269718359682.1977,51195730838.56912,,-7.4347188579315935,coingecko,2026-02-02T07:50:22Z
2026-02-02T07:00:00Z,BNB,753.87,102583953752.0824,2672970486.9663143,,-3.2485418364992533,coingecko,2026-02-02T07:50:22Z
2026-02-02T08:00:00Z,BTC,76845.0,1536055615475.3694,79621912247.00888,,-2.435560072144072,coingecko,2026-02-02T08:42:59Z
2026-02-02T08:00:00Z,ETH,2245.05,271180832570.61835,55036062062.696335,,-7.327124266869175,coingecko,2026-02-02T08:42:59Z
2026-02-02T08:00:00Z,BNB,757.95,103316954731.9216,2661745134.988376,,-2.8778371783145107,coingecko,2026-02-02T08:42:59Z
2026-02-02T09:00:00Z,BTC,77702.0,1549953837777.934,79101648797.91005,,-1.369993260006673,coingecko,2026-02-02T09:50:32Z
2026-02-02T09:00:00Z,ETH,2311.31,277484722097.486,51416118649.45364,,-4.534548077428593,coingecko,2026-02-02T09:50:32Z
2026-02-02T09:00:00Z,BNB,765.89,104342515775.41393,2515978055.215947,,-1.784782884122706,coingecko,2026-02-02T09:50:32Z
2026-02-02T10:00:00Z,BTC,77448.0,1547437401810.1968,83206868513.45015,,-1.1700709525514368,coingecko,2026-02-02T10:44:05Z
2026-02-02T10:00:00Z,ETH,2273.21,274401227517.05325,56091935595.89507,,-4.883482275707391,coingecko,2026-02-02T10:44:05Z
2026-02-02T10:00:00Z,BNB,761.16,103808741962.74908,2493534616.2766747,,-1.4971071080356757,coingecko,2026-02-02T10:44:05Z
2026-02-02T11:00:00Z,BTC,77770.0,1552932896550.1123,83591934888.41847,,-1.0799209852794511,coingecko,2026-02-02T11:35:37Z
2026-02-02T11:00:00Z,ETH,2282.78,275441995017.0514,55907359287.205246,,-4.446838899572306,coingecko,2026-02-02T11:35:37Z
2026-02-02T11:00:00Z,BNB,764.26,104158117848.42574,2726113618.319617,,-0.9004052664073836,coingecko,2026-02-02T11:35:37Z
2026-02-02T12:00:00Z,BTC,77939.0,1556534216668.7014,85362339933.92482,,-0.581764708176358,coingecko,2026-02-02T12:59:47Z
2026-02-02T12:00:00Z,ETH,2311.12,278198307180.56854,57660455381.675446,,-3.4232663578431293,coingecko,2026-02-02T12:59:47Z
2026-02-02T12:00:00Z,BNB,766.14,104445896670.6544,2797680491.7280607,,-0.364836584413767,coingecko,2026-02-02T12:59:47Z
2026-02-02T14:00:00Z,BTC,77963.0,1562309672765.651,86485642456.2481,,-0.2587607527015629,coingecko,2026-02-02T14:06:00Z
2026-02-02T14:00:00Z,ETH,2320.61,280833921557.6714,59034431881.077446,,-2.339700399886953,coingecko,2026-02-02T14:06:00Z
2026-02-02T14:00:00Z,BNB,765.8,104582202304.4239,2760143937.369944,,0.1585661307903659,coingecko,2026-02-02T14:06:00Z
2026-02-02T15:00:00Z,BTC,78502.0,1569041631836.5,87371972914.72467,,1.900444174338909,coingecko,2026-02-02T15:37:43Z
2026-02-02T15:00:00Z,ETH,2367.31,285529511959.2765,60830222725.38186,,2.615162723781823,coingecko,2026-02-02T15:37:43Z
2026-02-02T15:00:00Z,BNB,775.11,105666344520.90944,2654254788.541691,,3.83860226252796,coingecko,2026-02-02T15:37:43Z
2026-02-02T16:00:00Z,BTC,78908.0,1580573856647.331,90885182670.07364,,1.884622451868566,coingecko,2026-02-02T16:40:36Z
2026-02-02T16:00:00Z,ETH,2374.81,287444365948.4031,60573893280.67002,,2.69436773674552,coingecko,2026-02-02T16:40:36Z
2026-02-02T16:00:00Z,BNB,778.86,106267151020.80296,2662152053.5252333,,3.272418826364492,coingecko,2026-02-02T16:40:36Z
2026-02-02T17:00:00Z,BTC,78956.0,1577940308472.9758,92347200622.77666,,2.136118820053556,coingecko,2026-02-02T17:37:46Z
2026-02-02T17:00:00Z,ETH,2363.01,285317919452.73816,60071636706.19188,,2.6860040047448344,coingecko,2026-02-02T17:37:46Z
2026-02-02T17:00:00Z,BNB,776.27,105886813767.7666,2639135438.3435893,,3.5075080775439984,coingecko,2026-02-02T17:37:46Z
2026-02-02T18:00:00Z,BTC,78574.0,1570122844340.72,92792758567.36676,,0.7761128755393154,coingecko,2026-02-02T18:43:35Z
2026-02-02T18:00:00Z,ETH,2346.44,283201091493.3612,57455936092.6428,,-0.188084041680961,coingecko,2026-02-02T18:43:35Z
2026-02-02T18:00:00Z,BNB,775.27,105716314626.62984,2575243875.327799,,1.8861597637551588,coingecko,2026-02-02T18:43:35Z
2026-02-02T23:00:00Z,BTC,78518.0,1569609831609.9258,86227946456.31714,,2.2434164873235303,coingecko,2026-02-02T23:29:02Z
2026-02-02T23:00:00Z,ETH,2339.0,282483986258.3297,51581914245.864624,,3.7355195181660896,coingecko,2026-02-02T23:29:02Z
2026-02-02T23:00:00Z,BNB,773.41,105470356865.57156,2388155211.5088906,,2.1576060690452423,coingecko,2026-02-02T23:29:02Z
2026-02-03T02:00:00Z,BTC,78727.0,1575429064817.8315,81279451453.04146,,2.016062100044627,coingecko,2026-02-03T02:07:00Z
2026-02-03T02:00:00Z,ETH,2343.17,283211118877.529,47431401762.96242,,2.623634094501621,coingecko,2026-02-03T02:07:00Z
2026-02-03T02:00:00Z,BNB,771.38,105276089794.1224,2227837561.6487026,,1.0268948644717817,coingecko,2026-02-03T02:07:00Z
2026-02-03T04:00:00Z,BTC,78904.0,1572473219431.8574,71249221073.65987,,3.7222296837072726,coingecko,2026-02-03T04:46:20Z
2026-02-03T04:00:00Z,ETH,2351.15,283171374518.4581,44182604593.316345,,4.487361821339545,coingecko,2026-02-03T04:46:20Z
2026-02-03T04:00:00Z,BNB,777.93,105808589857.20816,1912476701.660214,,3.081287305871152,coingecko,2026-02-03T04:46:20Z
2026-02-03T05:00:00Z,BTC,78398.0,1565628211814.2402,68491935817.36005,,4.161825394911106,coingecko,2026-02-03T05:51:06Z
2026-02-03T05:00:00Z,ETH,2324.16,280451599619.21893,42603642456.84009,,5.874136359487322,coingecko,2026-02-03T05:51:06Z
2026-02-03T05:00:00Z,BNB,775.39,105693530428.39767,1776761167.992108,,4.877641742244919,coingecko,2026-02-03T05:51:06Z
2026-02-03T06:00:00Z,BTC,78494.0,1567083292010.1074,64754805583.20832,,3.1362653334678505,coingecko,2026-02-03T06:52:18Z
2026-02-03T06:00:00Z,ETH,2319.97,279834083366.2198,39521176992.83672,,5.02982617039959,coingecko,2026-02-03T06:52:18Z
2026-02-03T06:00:00Z,BNB,777.52,106018586922.45778,1586691979.0902758,,4.318136970915767,coingecko,2026-02-03T06:52:18Z
2026-02-03T07:00:00Z,BTC,78716.0,1573987387728.2988,63573530629.76697,,2.9639402650195983,coingecko,2026-02-03T07:42:52Z
2026-02-03T07:00:00Z,ETH,2323.97,280650444932.6324,37901217046.59535,,4.049970443777597,coingecko,2026-02-03T07:42:52Z
2026-02-03T07:00:00Z,BNB,781.56,106564918811.17377,1526741563.9712348,,3.971757191441274,coingecko,2026-02-03T07:42:52Z
2026-02-03T08:00:00Z,BTC,78896.0,1574165075988.917,62394628608.65096,,2.6795455540847684,coingecko,2026-02-03T08:37:01Z
2026-02-03T08:00:00Z,ETH,2323.75,280087257823.1789,37864356115.25602,,3.381226009745723,coingecko,2026-02-03T08:37:01Z
2026-02-03T08:00:00Z,BNB,779.78,106255928798.573,1502542811.7902396,,2.9174167108328186,coingecko,2026-02-03T08:37:01Z
2026-02-03T09:00:00Z,BTC,78230.0,1563226742135.7832,61776989818.48135,,1.1388108439475235,coingecko,2026-02-03T09:41:28Z
2026-02-03T09:00:00Z,ETH,2289.53,276392306708.45844,35375387578.15848,,0.0576256653638624,coingecko,2026-02-03T09:41:28Z
2026-02-03T09:00:00Z,BNB,772.18,105291784390.79922,1340341173.0507703,,1.303143855189593,coingecko,2026-02-03T09:41:28Z
2026-02-03T10:00:00Z,BTC,78195.0,1561402785679.2302,59684366831.39405,,0.9178297083303524,coingecko,2026-02-03T10:40:10Z
2026-02-03T10:00:00Z,ETH,2282.67,275299540510.246,35012082052.32382,,-0.1494844517408592,coingecko,2026-02-03T10:40:10Z
2026-02-03T10:00:00Z,BNB,768.04,104682985667.21095,1312924389.420755,,0.4947162273159299,coingecko,2026-02-03T10:40:10Z
2026-02-03T11:00:00Z,BTC,78071.0,1558249006063.233,58942667515.10638,,0.4011037192086625,coingecko,2026-02-03T11:34:34Z
2026-02-03T11:00:00Z,ETH,2275.92,274146639945.20792,36002115063.118095,,-0.3014851927469943,coingecko,2026-02-03T11:34:34Z
2026-02-03T11:00:00Z,BNB,768.17,104747031213.0138,1302069387.8716674,,0.508258349350016,coingecko,2026-02-03T11:34:34Z
2026-02-03T13:00:00Z,BTC,78275.0,1565166169962.2651,54696391736.15221,,0.4809221387434824,coingecko,2026-02-03T13:00:15Z
2026-02-03T13:00:00Z,ETH,2300.74,277830403796.5752,30787040530.31128,,-0.3883247173454214,coingecko,2026-02-03T13:00:15Z
2026-02-03T13:00:00Z,BNB,774.12,105583605078.05531,1386561333.5197048,,1.103123803180711,coingecko,2026-02-03T13:00:15Z
2026-02-03T14:00:00Z,BTC,78254.0,1563722186791.561,53152510359.961845,,0.3733308249415256,coingecko,2026-02-03T14:09:06Z
2026-02-03T14:00:00Z,ETH,2308.64,278638636976.5293,34378240966.47995,,-0.5725942126257919,coingecko,2026-02-03T14:09:06Z
2026-02-03T14:00:00Z,BNB,774.93,105668769679.56898,1243070754.8018315,,1.3719724552569306,coingecko,2026-02-03T14:09:06Z
2026-02-03T15:00:00Z,BTC,77834.0,1555300172251.2134,50815256613.09858,,-1.4138707678587947,coingecko,2026-02-03T15:50:39Z
2026-02-03T15:00:00Z,ETH,2297.75,277278412123.6085,29031980095.996426,,-3.25334271055386,coingecko,2026-02-03T15:50:39Z
2026-02-03T15:00:00Z,BNB,774.42,105026602562.20912,1135393945.236581,,-0.5555799237875176,coingecko,2026-02-03T15:50:39Z
2026-02-03T16:00:00Z,BTC,76568.0,1529912902094.3325,53773244847.33203,,-2.606195295890924,coingecko,2026-02-03T16:53:32Z
2026-02-03T16:00:00Z,ETH,2239.49,270135342996.1,31844102770.618546,,-4.91439203116453,coingecko,2026-02-03T16:53:32Z
2026-02-03T16:00:00Z,BNB,763.61,104096259818.73416,1368702007.972653,,-1.4450227395835518,coingecko,2026-02-03T16:53:32Z
2026-02-03T17:00:00Z,BTC,75147.0,1497829699436.189,55801635306.64365,,-4.794638547264448,coingecko,2026-02-03T17:52:57Z
2026-02-03T17:00:00Z,ETH,2210.84,266503891753.5713,33981123922.266552,,-6.091086484048114,coingecko,2026-02-03T17:52:57Z
2026-02-03T17:00:00Z,BNB,753.59,102679093513.1222,1427142922.1438663,,-2.706934197528644,coingecko,2026-02-03T17:52:57Z
2026-02-03T18:00:00Z,BTC,73334.0,1462878457601.517,63956017437.91544,,-6.687639274931301,coingecko,2026-02-03T18:56:56Z
2026-02-03T18:00:00Z,ETH,2127.6,255788868684.51108,38434140298.45983,,-9.289835822155675,coingecko,2026-02-03T18:56:56Z
2026-02-03T18:00:00Z,BNB,739.44,100652170538.89629,1611006495.711786,,-4.487986330942578,coingecko,2026-02-03T18:56:56Z
2026-02-03T19:00:00Z,BTC,74823.0,1495850699424.0557,67645927302.65562,,-4.639028422036128,coingecko,2026-02-03T19:46:07Z
2026-02-03T19:00:00Z,ETH,2196.36,265267429424.56488,40564705081.24388,,-6.087122031830485,coingecko,2026-02-03T19:46:07Z
2026-02-03T19:00:00Z,BNB,756.52,103152506236.49371,1748797712.0595026,,-1.9874405390033367,coingecko,2026-02-03T19:46:07Z
2026-02-03T20:00:00Z,BTC,76167.0,1520191473305.5698,70240079847.17082,,-2.657421962144547,coingecko,2026-02-03T20:36:22Z
2026-02-03T20:00:00Z,ETH,2292.82,276257101063.43536,44604724809.203255,,-1.0248755528603068,coingecko,2026-02-03T20:36:22Z
2026-02-03T20:00:00Z,BNB,767.82,104633172491.63277,1840855712.3082907,,-0.0177222344863667,coingecko,2026-02-03T20:36:22Z
2026-02-03T21:00:00Z,BTC,76494.0,1527971132534.8516,71739970401.0414,,-2.4164667447001973,coingecko,2026-02-03T21:35:20Z
2026-02-03T21:00:00Z,ETH,2300.26,277527982545.1172,45992328807.066986,,-1.5937198976323124,coingecko,2026-02-03T21:35:20Z
2026-02-03T21:00:00Z,BNB,767.56,104719589105.93518,1899549729.605569,,-0.5819501538270149,coingecko,2026-02-03T21:35:20Z
2026-02-03T22:00:00Z,BTC,75909.0,1516682183846.588,72912020069.70114,,-3.4055017274926,coingecko,2026-02-03T22:29:50Z
2026-02-03T22:00:00Z,ETH,2264.91,273315695611.64807,46613281640.08678,,-3.233652425577661,coingecko,2026-02-03T22:29:50Z
2026-02-03T22:00:00Z,BNB,760.09,103611642806.761,1916813293.321066,,-1.798453191302826,coingecko,2026-02-03T22:29:50Z
2026-02-03T23:00:00Z,BTC,75802.0,1514900597538.47,73629466855.81908,,-3.497696326225258,coingecko,2026-02-03T23:28:19Z
2026-02-03T23:00:00Z,ETH,2238.18,269878347438.5188,45484756960.207054,,-4.417736761989835,coingecko,2026-02-03T23:28:19Z
2026-02-03T23:00:00Z,BNB,758.29,103313974076.78558,1704623904.1556144,,-1.955896306426476,coingecko,2026-02-03T23:28:19Z
2026-02-04T02:00:00Z,BTC,76305.0,1524785256241.5637,76157545478.06747,,-3.3092518462892544,coingecko,2026-02-04T02:02:13Z
2026-02-04T02:00:00Z,ETH,2265.77,273456347858.1009,49018445507.76355,,-3.3152010229274125,coingecko,2026-02-04T02:02:13Z
2026-02-04T02:00:00Z,BNB,758.28,103399234277.9762,1981445341.99036,,-1.9071183835526064,coingecko,2026-02-04T02:02:13Z
2026-02-04T04:00:00Z,BTC,76498.0,1529766264334.598,75548040965.1637,,-2.5323498285156294,coingecko,2026-02-04T04:27:50Z
2026-02-04T04:00:00Z,ETH,2274.56,274937759444.475,48254777011.143135,,-2.47282278088895,coingecko,2026-02-04T04:27:50Z
2026-02-04T04:00:00Z,BNB,759.76,103718857296.78578,1992737100.968174,,-1.728350600819268,coingecko,2026-02-04T04:27:50Z
2026-02-04T05:00:00Z,BTC,76177.0,1522420504438.5632,76188046645.73952,,-2.825445630388616,coingecko,2026-02-04T05:49:22Z
2026-02-04T05:00:00Z,ETH,2262.22,273192415101.54663,48486426337.10402,,-2.655835276571098,coingecko,2026-02-04T05:49:22Z
2026-02-04T05:00:00Z,BNB,755.83,103070443924.36816,2009497399.5656347,,-2.5035883013123064,coingecko,2026-02-04T05:49:22Z
2026-02-04T06:00:00Z,BTC,76545.0,1529540455777.553,75208887069.07355,,-2.487175304569788,coingecko,2026-02-04T06:53:08Z
2026-02-04T06:00:00Z,ETH,2273.05,274317594642.9544,47421877756.34963,,-2.022385700779508,coingecko,2026-02-04T06:53:08Z
2026-02-04T06:00:00Z,BNB,761.49,103836912828.73822,2001450439.9233744,,-2.0562147862288693,coingecko,2026-02-04T06:53:08Z
2026-02-04T07:00:00Z,BTC,76485.0,1525236745164.0012,75128623625.40402,,-2.884897967148103,coingecko,2026-02-04T07:43:39Z
2026-02-04T07:00:00Z,ETH,2286.26,275167860991.356,46586355120.39179,,-1.6936661786655849,coingecko,2026-02-04T07:43:39Z
2026-02-04T07:00:00Z,BNB,763.6,103879585943.1803,2006956278.2328985,,-2.339996676235425,coingecko,2026-02-04T07:43:39Z
2026-02-04T08:00:00Z,BTC,76234.0,1523694823032.2915,75070833322.42587,,-3.3721547565854904,coingecko,2026-02-04T08:41:52Z
2026-02-04T08:00:00Z,ETH,2272.48,274339774077.9261,48079141457.84061,,-2.264888237413075,coingecko,2026-02-04T08:41:52Z
2026-02-04T08:00:00Z,BNB,759.12,103541478260.16814,1988909064.482825,,-2.6732181605686947,coingecko,2026-02-04T08:41:52Z
2026-02-04T09:00:00Z,BTC,76034.0,1516804525498.3352,74668976536.76523,,-2.807084328114314,coingecko,2026-02-04T09:43:26Z
2026-02-04T09:00:00Z,ETH,2253.1,271714559237.80127,46914269970.91374,,-1.7339909057968623,coingecko,2026-02-04T09:43:26Z
2026-02-04T09:00:00Z,BNB,755.21,102901770648.64932,1963077482.911958,,-2.204738181376231,coingecko,2026-02-04T09:43:26Z
2026-02-04T10:00:00Z,BTC,76124.0,1521117805191.8738,73215363146.1056,,-2.595643993464759,coingecko,2026-02-04T10:38:04Z
2026-02-04T10:00:00Z,ETH,2257.46,272558022262.14688,45820977139.0129,,-1.068702691244538,coingecko,2026-02-04T10:38:04Z
2026-02-04T10:00:00Z,BNB,755.35,103037126257.18152,1945167226.8057728,,-1.6250276025814925,coingecko,2026-02-04T10:38:04Z
2026-02-04T11:00:00Z,BTC,75747.0,1514683864344.3867,74845103524.35835,,-2.8701764956971845,coingecko,2026-02-04T11:33:15Z
2026-02-04T11:00:00Z,ETH,2236.35,270235191476.15628,46798803509.925385,,-1.5499807217554742,coingecko,2026-02-04T11:33:15Z
2026-02-04T11:00:00Z,BNB,748.29,102090005225.9872,1976212839.9124773,,-2.642340498541147,coingecko,2026-02-04T11:33:15Z
2026-02-04T12:00:00Z,BTC,76051.0,1519727259600.3552,75549559709.45886,,-2.884987400928129,coingecko,2026-02-04T12:59:23Z
2026-02-04T12:00:00Z,ETH,2241.93,270562194782.3224,47455160740.44517,,-2.446409034225283,coingecko,2026-02-04T12:59:23Z
2026-02-04T12:00:00Z,BNB,750.92,102398874187.30911,1994772238.9473305,,-2.968252685389012,coingecko,2026-02-04T12:59:23Z
2026-02-04T14:00:00Z,BTC,74970.0,1496972603052.0325,76550028093.87143,,-4.197894874946344,coingecko,2026-02-04T14:06:41Z
2026-02-04T14:00:00Z,ETH,2200.92,265208673377.5973,48542607402.27932,,-4.666350153618132,coingecko,2026-02-04T14:06:41Z
2026-02-04T14:00:00Z,BNB,740.81,101012720795.47025,2051081857.9942849,,-4.376210245356535,coingecko,2026-02-04T14:06:41Z
2026-02-04T15:00:00Z,BTC,74418.0,1480047547132.8672,79628395327.86212,,-3.824494409675778,coingecko,2026-02-04T15:42:49Z
2026-02-04T15:00:00Z,ETH,2161.13,259557074547.5336,51225523729.38302,,-5.634432796428213,coingecko,2026-02-04T15:42:49Z
2026-02-04T15:00:00Z,BNB,732.51,99746906874.74576,2302084495.150548,,-4.912953332880764,coingecko,2026-02-04T15:42:49Z
2026-02-04T16:00:00Z,BTC,73080.0,1466706008668.6929,79250450172.93892,,-4.597889184933912,coingecko,2026-02-04T16:49:13Z
2026-02-04T16:00:00Z,ETH,2113.34,254913467568.94653,51040892779.18649,,-5.726087737669266,coingecko,2026-02-04T16:49:13Z
2026-02-04T16:00:00Z,BNB,726.2,99671211317.8098,2361826052.433827,,-4.975416999442178,coingecko,2026-02-04T16:49:13Z
2026-02-04T17:00:00Z,BTC,72651.0,1446661100421.9062,75239500606.88731,,-3.3699948157095934,coingecko,2026-02-04T17:45:30Z
2026-02-04T17:00:00Z,ETH,2115.62,254500988512.639,46442945160.02503,,-3.975553854821228,coingecko,2026-02-04T17:45:30Z
2026-02-04T17:00:00Z,BNB,718.31,97861274985.78609,2487488921.261209,,-4.633797219168368,coingecko,2026-02-04T17:45:30Z
2026-02-04T18:00:00Z,BTC,73540.0,1470809825406.1362,77063584147.00024,,0.54813721762937,coingecko,2026-02-04T18:51:35Z
2026-02-04T18:00:00Z,ETH,2149.85,260596786125.1721,50760090199.701164,,1.3833866972607003,coingecko,2026-02-04T18:51:35Z
2026-02-04T18:00:00Z,BNB,713.23,97537669662.24648,2581396337.417027,,-3.372716118100596,coingecko,2026-02-04T18:51:35Z
2026-02-04T19:00:00Z,BTC,73218.0,1463929199009.6282,73745194992.1121,,-2.178987071303764,coingecko,2026-02-04T19:38:25Z
2026-02-04T19:00:00Z,ETH,2138.67,258465942531.4679,49599368131.25283,,-2.921718643864716,coingecko,2026-02-04T19:38:25Z
2026-02-04T19:00:00Z,BNB,710.37,96939367087.07968,2499118286.280256,,-6.060423877288707,coingecko,2026-02-04T19:38:25Z
2026-02-04T20:00:00Z,BTC,73339.0,1468064400758.2483,72747806466.75511,,-3.264209858833063,coingecko,2026-02-04T20:34:41Z
2026-02-04T20:00:00Z,ETH,2162.05,260832394401.2144,47294181722.96056,,-4.664418124114046,coingecko,2026-02-04T20:34:41Z
2026-02-04T20:00:00Z,BNB,711.22,97122149921.01018,2453351988.6045847,,-6.998476099085325,coingecko,2026-02-04T20:34:41Z
2026-02-04T21:00:00Z,BTC,73060.0,1459118964796.965,71296533513.2468,,-4.474605289250718,coingecko,2026-02-04T21:33:20Z
2026-02-04T21:00:00Z,ETH,2141.91,258168574503.41888,45882449129.33487,,-6.927501779128972,coingecko,2026-02-04T21:33:20Z
2026-02-04T21:00:00Z,BNB,705.92,96204985264.69447,2377426810.900534,,-8.012793075164788,coingecko,2026-02-04T21:33:20Z
2026-02-04T22:00:00Z,BTC,73233.0,1461577946444.475,73073063473.14745,,-3.5316785500434835,coingecko,2026-02-04T22:28:36Z
2026-02-04T22:00:00Z,ETH,2156.83,258576022546.7036,45898411952.7155,,-4.803673151115258,coingecko,2026-02-04T22:28:36Z
2026-02-04T22:00:00Z,BNB,699.78,95239963578.66277,2568128791.3171806,,-7.97950146903382,coingecko,2026-02-04T22:28:36Z
2026-02-04T23:00:00Z,BTC,73109.0,1460225303661.0745,73250880447.59888,,-3.3749321627792943,coingecko,2026-02-04T23:28:14Z
2026-02-04T23:00:00Z,ETH,2146.9,258414232120.80508,45468401958.418526,,-3.9230444414553367,coingecko,2026-02-04T23:28:14Z
2026-02-04T23:00:00Z,BNB,698.25,95094583381.36163,2607686271.5501666,,-7.660281542101442,coingecko,2026-02-04T23:28:14Z
2026-02-05T02:00:00Z,BTC,72276.0,1443837629383.851,75158652573.19385,,-5.273101476948259,coingecko,2026-02-05T02:03:24Z
2026-02-05T02:00:00Z,ETH,2144.74,258951660399.5906,46261269190.29683,,-5.313792723446124,coingecko,2026-02-05T02:03:24Z
2026-02-05T02:00:00Z,BNB,697.48,95137528122.62144,2737261599.538726,,-8.000781299756214,coingecko,2026-02-05T02:03:24Z
2026-02-05T04:00:00Z,BTC,71195.0,1423017313512.3284,83573002176.79514,,-6.895395549310089,coingecko,2026-02-05T04:47:45Z
2026-02-05T04:00:00Z,ETH,2116.84,255493835468.1433,49002073647.23692,,-6.847175118254564,coingecko,2026-02-05T04:47:45Z
2026-02-05T04:00:00Z,BNB,695.35,94814544440.11334,2921545126.561781,,-8.386602930167566,coingecko,2026-02-05T04:47:45Z
2026-02-05T05:00:00Z,BTC,70564.0,1412273802296.8582,87901723075.51413,,-7.36241327495222,coingecko,2026-02-05T05:55:58Z
2026-02-05T05:00:00Z,ETH,2095.4,252953740394.76184,50213757056.689735,,-7.127911585525819,coingecko,2026-02-05T05:55:58Z
2026-02-05T05:00:00Z,BNB,691.17,94362582742.0214,3047059740.4414253,,-8.287953561298751,coingecko,2026-02-05T05:55:58Z
2026-02-05T07:00:00Z,BTC,70818.0,1415346769127.6978,90156683618.12367,,-7.351976151891812,coingecko,2026-02-05T07:55:06Z
2026-02-05T07:00:00Z,ETH,2098.23,253104185094.8469,52777383484.03641,,-8.025802669247858,coingecko,2026-02-05T07:55:06Z
2026-02-05T07:00:00Z,BNB,691.91,94283066345.12326,2895438510.9575443,,-9.36086735806711,coingecko,2026-02-05T07:55:06Z
2026-02-05T08:00:00Z,BTC,71234.0,1423748520973.2915,91581872813.0654,,-6.560819725050232,coingecko,2026-02-05T08:42:24Z
2026-02-05T08:00:00Z,ETH,2111.15,254456745855.698,52623551641.24748,,-7.115317186962643,coingecko,2026-02-05T08:42:24Z
2026-02-05T08:00:00Z,BNB,693.21,94583605361.37991,3215384468.514312,,-8.682729593486476,coingecko,2026-02-05T08:42:24Z
2026-02-05T09:00:00Z,BTC,71391.0,1427452217533.577,94067168656.8436,,-6.0885041545964125,coingecko,2026-02-05T09:44:08Z
2026-02-05T09:00:00Z,ETH,2128.51,256967503443.0766,53743492959.09341,,-5.60448874327006,coingecko,2026-02-05T09:44:08Z
2026-02-05T09:00:00Z,BNB,695.69,94914477885.32976,3242955737.252564,,-7.860010622521869,coingecko,2026-02-05T09:44:08Z
2026-02-05T10:00:00Z,BTC,71389.0,1427835103149.0942,94593464948.05336,,-6.256439243169802,coingecko,2026-02-05T10:40:30Z
2026-02-05T10:00:00Z,ETH,2125.07,256535095807.47733,50784488338.93566,,-5.7872835600204375,coingecko,2026-02-05T10:40:30Z
2026-02-05T10:00:00Z,BNB,696.5,94960934333.714,3236662587.4832087,,-7.759242413391397,coingecko,2026-02-05T10:40:30Z
2026-02-05T11:00:00Z,BTC,70066.0,1399844201932.8748,98285877325.3676,,-7.515142870777199,coingecko,2026-02-05T11:35:32Z
2026-02-05T11:00:00Z,ETH,2068.57,249393671101.9654,53429709815.25432,,-7.542299410868463,coingecko,2026-02-05T11:35:32Z
2026-02-05T11:00:00Z,BNB,677.71,92341548738.34036,3313274991.8775706,,-9.465251639783476,coingecko,2026-02-05T11:35:32Z
2026-02-05T13:00:00Z,BTC,69373.0,1387804063034.6616,101107951873.03368,,-8.752567716884574,coingecko,2026-02-05T13:02:08Z
2026-02-05T13:00:00Z,ETH,2057.69,248321771617.43536,55374347299.03507,,-8.10936238434398,coingecko,2026-02-05T13:02:08Z
2026-02-05T13:00:00Z,BNB,675.86,92172416452.7616,3464900027.569941,,-9.946714633233391,coingecko,2026-02-05T13:02:08Z
2026-02-05T14:00:00Z,BTC,70420.0,1408685778941.223,104028956590.57928,,-6.285194768401572,coingecko,2026-02-05T14:42:45Z
2026-02-05T14:00:00Z,ETH,2086.02,252280151638.19537,56903719143.72823,,-5.218070374660132,coingecko,2026-02-05T14:42:45Z
2026-02-05T14:00:00Z,BNB,683.26,93419376077.11162,3530135712.5736694,,-7.9492933593593,coingecko,2026-02-05T14:42:45Z
2026-02-05T15:00:00Z,BTC,67311.0,1338318536772.9504,110460657768.5366,,-9.422607254597107,coingecko,2026-02-05T15:41:01Z
2026-02-05T15:00:00Z,ETH,1952.84,234176617293.6049,58246962079.8886,,-9.396633508908502,coingecko,2026-02-05T15:41:01Z
2026-02-05T15:00:00Z,BNB,651.96,88581245988.39476,3609422375.932675,,-10.82847329899375,coingecko,2026-02-05T15:41:01Z
2026-02-05T16:00:00Z,BTC,67657.0,1350583778309.3052,114663781397.90073,,-7.558045001568338,coingecko,2026-02-05T16:49:59Z
2026-02-05T16:00:00Z,ETH,1967.8,236992578222.67307,57914627960.83723,,-7.06561710602323,coingecko,2026-02-05T16:49:59Z
2026-02-05T16:00:00Z,BNB,662.32,90269434383.37328,3651405719.220623,,-8.826750878674487,coingecko,2026-02-05T16:49:59Z
2026-02-05T17:00:00Z,BTC,67085.0,1338882319930.9746,114988888707.38667,,-7.627046048130167,coingecko,2026-02-05T17:47:51Z
2026-02-05T17:00:00Z,ETH,1973.24,237709767513.46912,57159158301.26845,,-6.620495957113218,coingecko,2026-02-05T17:47:51Z
2026-02-05T17:00:00Z,BNB,660.87,89866009847.07677,3581568695.9126787,,-7.977362464248243,coingecko,2026-02-05T17:47:51Z
2026-02-05T18:00:00Z,BTC,65394.0,1312673016199.9983,116569287577.82552,,-11.11289603397526,coingecko,2026-02-05T18:50:50Z
2026-02-05T18:00:00Z,ETH,1920.12,232003520182.43768,55369444606.0197,,-10.708673418253838,coingecko,2026-02-05T18:50:50Z
2026-02-05T18:00:00Z,BNB,639.92,87064719145.07613,3517932966.481434,,-10.32428477333421,coingecko,2026-02-05T18:50:50Z
2026-02-05T19:00:00Z,BTC,65833.0,1314933021554.607,115144404942.73584,,-10.043474877490931,coingecko,2026-02-05T19:37:15Z
2026-02-05T19:00:00Z,ETH,1936.3,233669122120.6533,54866249668.30794,,-9.39714120909571,coingecko,2026-02-05T19:37:15Z
2026-02-05T19:00:00Z,BNB,646.65,88097072027.81194,3500998751.6895447,,-9.028887123131652,coingecko,2026-02-05T19:37:15Z
2026-02-05T20:00:00Z,BTC,63620.0,1274962953519.0632,120143916810.364,,-13.39796529070639,coingecko,2026-02-05T20:34:11Z
2026-02-05T20:00:00Z,ETH,1864.05,224470864494.84125,55322547555.13379,,-13.941379818193171,coingecko,2026-02-05T20:34:11Z
2026-02-05T20:00:00Z,BNB,623.69,85039096578.18375,3617060659.647591,,-12.401077227250957,coingecko,2026-02-05T20:34:11Z
2026-02-05T21:00:00Z,BTC,63509.0,1271285030901.0762,135883975331.31772,,-13.062757882794006,coingecko,2026-02-05T21:28:43Z
2026-02-05T21:00:00Z,ETH,1868.74,225818369837.16968,61642917630.9856,,-12.783106162013326,coingecko,2026-02-05T21:28:43Z
2026-02-05T21:00:00Z,BNB,608.5,83068936768.80452,4021005922.999949,,-13.76817462406494,coingecko,2026-02-05T21:28:43Z
2026-02-05T22:00:00Z,BTC,62926.0,1254689697295.467,138112474369.768,,-13.970183617877929,coingecko,2026-02-05T22:27:34Z
2026-02-05T22:00:00Z,ETH,1832.72,220381113791.68567,61633203542.00473,,-14.770821361043737,coingecko,2026-02-05T22:27:34Z
2026-02-05T22:00:00Z,BNB,603.58,82264568722.536,4122595615.161421,,-13.57731110388743,coingecko,2026-02-05T22:27:34Z
2026-02-05T23:00:00Z,BTC,64169.0,1288549972611.6077,142416873826.62497,,-11.979112872119709,coingecko,2026-02-05T23:22:56Z
2026-02-05T23:00:00Z,ETH,1878.18,227284388795.1999,63827251515.21501,,-12.191051226385644,coingecko,2026-02-05T23:22:56Z
2026-02-05T23:00:00Z,BNB,616.48,84859388939.16911,4240516696.6149874,,-11.685685736571545,coingecko,2026-02-05T23:22:56Z
2026-02-06T02:00:00Z,BTC,65767.0,1309706987391.8672,162900676402.0165,,-8.69276843312209,coingecko,2026-02-06T02:03:23Z
2026-02-06T02:00:00Z,ETH,1937.87,232570073946.5984,73382226764.66191,,-9.199807557351116,coingecko,2026-02-06T02:03:23Z
2026-02-06T02:00:00Z,BNB,630.87,85632843251.30585,4975431871.620546,,-9.476946905222851,coingecko,2026-02-06T02:03:23Z
2026-02-06T04:00:00Z,BTC,64737.0,1291176115670.0068,161876650718.64368,,-8.993248174412507,coingecko,2026-02-06T04:46:47Z
2026-02-06T04:00:00Z,ETH,1906.15,229590980589.6844,71626447383.05293,,-9.76719974806326,coingecko,2026-02-06T04:46:47Z
2026-02-06T04:00:00Z,BNB,618.88,84261021230.35559,4947143273.627932,,-11.012101877991192,coingecko,2026-02-06T04:46:47Z
2026-02-06T05:00:00Z,BTC,66391.0,1322392037166.5105,162355573750.4517,,-5.903416564883285,coingecko,2026-02-06T05:54:09Z
2026-02-06T05:00:00Z,ETH,1956.27,234662341743.86835,72359065310.21243,,-6.585523977583831,coingecko,2026-02-06T05:54:09Z
2026-02-06T05:00:00Z,BNB,639.49,87111661193.28227,5041308578.651359,,-7.647527691528487,coingecko,2026-02-06T05:54:09Z
2026-02-06T06:00:00Z,BTC,65071.0,1300141310948.7417,161300670051.32028,,-7.90022552244504,coingecko,2026-02-06T06:55:17Z
2026-02-06T06:00:00Z,ETH,1915.61,231192322591.9565,70830392706.98041,,-7.844844457070595,coingecko,2026-02-06T06:55:17Z
2026-02-06T06:00:00Z,BNB,627.74,85556200512.59227,4979138736.148608,,-8.91518746189846,coingecko,2026-02-06T06:55:17Z
2026-02-06T07:00:00Z,BTC,65132.0,1301650210990.244,162423428288.8977,,-8.159066037440125,coingecko,2026-02-06T07:46:48Z
2026-02-06T07:00:00Z,ETH,1904.21,229814743907.0823,72431856669.72206,,-9.22220404902453,coingecko,2026-02-06T07:46:48Z
2026-02-06T07:00:00Z,BNB,625.88,85344503014.32373,5005592651.038167,,-9.537468588834711,coingecko,2026-02-06T07:46:48Z
2026-02-06T08:00:00Z,BTC,64794.0,1292461102359.8308,146089327442.4474,,-9.041461709734987,coingecko,2026-02-06T08:41:24Z
2026-02-06T08:00:00Z,ETH,1878.48,226459539751.68542,62363515486.56987,,-11.071510150843284,coingecko,2026-02-06T08:41:24Z
2026-02-06T08:00:00Z,BNB,620.06,84557012708.9787,4960956805.074648,,-10.476024087032666,coingecko,2026-02-06T08:41:24Z
2026-02-06T09:00:00Z,BTC,65620.0,1313052660351.614,165136891287.09027,,-8.082595501632522,coingecko,2026-02-06T09:42:34Z
2026-02-06T09:00:00Z,ETH,1905.46,230099063516.8871,75464420538.9336,,-10.488529722564907,coingecko,2026-02-06T09:42:34Z
2026-02-06T09:00:00Z,BNB,626.28,85314218060.80298,5057186774.180909,,-9.98584683005697,coingecko,2026-02-06T09:42:34Z
2026-02-06T10:00:00Z,BTC,65920.0,1319030052218.586,166587696771.82883,,-7.660244510725803,coingecko,2026-02-06T10:39:40Z
2026-02-06T10:00:00Z,ETH,1924.26,232581913337.08243,77227318181.7595,,-9.44974535881563,coingecko,2026-02-06T10:39:40Z
2026-02-06T10:00:00Z,BNB,633.26,86436179273.85173,5157534398.388252,,-9.080026305207433,coingecko,2026-02-06T10:39:40Z
2026-02-06T11:00:00Z,BTC,66013.0,1318768824502.4812,163893452429.54373,,-5.796531131391851,coingecko,2026-02-06T11:34:03Z
2026-02-06T11:00:00Z,ETH,1926.78,232436295900.6766,76269089260.3986,,-6.854369887827339,coingecko,2026-02-06T11:34:03Z
2026-02-06T11:00:00Z,BNB,634.93,86520369216.7341,5011289657.438566,,-6.311767033624668,coingecko,2026-02-06T11:34:03Z
2026-02-06T12:00:00Z,BTC,66435.0,1325585218439.4778,161198067256.25436,,-4.323044850940425,coingecko,2026-02-06T12:59:21Z
2026-02-06T12:00:00Z,ETH,1919.92,231442299768.7332,74724815365.28831,,-6.785862980418581,coingecko,2026-02-06T12:59:21Z
2026-02-06T12:00:00Z,BNB,635.54,86543685273.33414,4904388026.041933,,-5.982745070674989,coingecko,2026-02-06T12:59:21Z
2026-02-06T14:00:00Z,BTC,67019.0,1343994568174.506,162645948598.30875,,-4.206108396984157,coingecko,2026-02-06T14:05:40Z
2026-02-06T14:00:00Z,ETH,1945.35,235120265276.2794,74814243124.52211,,-6.074396004003988,coingecko,2026-02-06T14:05:40Z
2026-02-06T14:00:00Z,BNB,642.04,87705939401.94261,4401289647.879434,,-4.728829615337863,coingecko,2026-02-06T14:05:40Z
2026-02-06T15:00:00Z,BTC,68459.0,1367166577972.328,159251136512.17465,,1.7702038016018768,coingecko,2026-02-06T15:40:22Z
2026-02-06T15:00:00Z,ETH,1979.36,238702886533.8437,73856519210.25404,,1.4448192995756943,coingecko,2026-02-06T15:40:22Z
2026-02-06T15:00:00Z,BNB,650.77,88632332877.10905,4796537918.277144,,0.2599695964577891,coingecko,2026-02-06T15:40:22Z
2026-02-06T16:00:00Z,BTC,69647.0,1390130325175.4397,158288631434.07288,,2.826744187738191,coingecko,2026-02-06T16:44:10Z
2026-02-06T16:00:00Z,ETH,2029.52,245123946470.95343,73047669149.1982,,2.959951207333942,coingecko,2026-02-06T16:44:10Z
2026-02-06T16:00:00Z,BNB,659.86,89978325318.43405,4758493022.669204,,-0.9288458586138604,coingecko,2026-02-06T16:44:10Z
2026-02-06T17:00:00Z,BTC,70976.0,1415860078094.7637,160001676287.2435,,6.249346953900687,coingecko,2026-02-06T17:41:27Z
2026-02-06T17:00:00Z,ETH,2074.0,249589723126.58905,75257083651.73885,,5.4458895781432055,coingecko,2026-02-06T17:41:27Z
2026-02-06T17:00:00Z,BNB,665.18,90522458916.87732,4315870340.135263,,1.0258508824907928,coingecko,2026-02-06T17:41:27Z
2026-02-06T18:00:00Z,BTC,70020.0,1399153821664.198,156224163795.60928,,7.073457746418158,coingecko,2026-02-06T18:51:51Z
2026-02-06T18:00:00Z,ETH,2052.32,247825634950.86288,74295912162.6159,,6.885159570367295,coingecko,2026-02-06T18:51:51Z
2026-02-06T18:00:00Z,BNB,655.59,89406502695.8624,4673378079.751637,,2.4484299236154574,coingecko,2026-02-06T18:51:51Z
2026-02-06T19:00:00Z,BTC,70288.0,1405999602987.4504,155274613584.2748,,6.849661789536402,coingecko,2026-02-06T19:37:53Z
2026-02-06T19:00:00Z,ETH,2050.3,247601861284.10468,73957535853.13155,,5.977414519894748,coingecko,2026-02-06T19:37:53Z
2026-02-06T19:00:00Z,BNB,656.11,89481225783.05176,4616506969.144187,,1.4837463902923782,coingecko,2026-02-06T19:37:53Z
2026-02-06T20:00:00Z,BTC,70571.0,1410000732592.415,147231099766.51328,,10.825508528030344,coingecko,2026-02-06T20:34:27Z
2026-02-06T20:00:00Z,ETH,2053.43,247727826191.968,67590097314.78368,,10.030630503303216,coingecko,2026-02-06T20:34:27Z
2026-02-06T20:00:00Z,BNB,659.87,89925543716.80359,4396189435.556671,,5.813119954114777,coingecko,2026-02-06T20:34:27Z
2026-02-06T21:00:00Z,BTC,70374.0,1407112115001.1997,137916039128.8601,,10.52355901219364,coingecko,2026-02-06T21:31:02Z
2026-02-06T21:00:00Z,ETH,2056.23,248221043356.70786,67326282772.423416,,9.701469185568715,coingecko,2026-02-06T21:31:02Z
2026-02-06T21:00:00Z,BNB,663.11,90387392104.06944,3517226390.024878,,8.591258652878583,coingecko,2026-02-06T21:31:02Z
2026-02-06T22:00:00Z,BTC,70554.0,1410029266806.1697,133575612014.31204,,12.177498567877038,coingecko,2026-02-06T22:24:27Z
2026-02-06T22:00:00Z,ETH,2055.38,248069614199.3428,66214886932.70381,,12.311221307649385,coingecko,2026-02-06T22:24:27Z
2026-02-06T22:00:00Z,BNB,662.27,90305699772.8504,3775897256.347045,,9.690526595140415,coingecko,2026-02-06T22:24:27Z
2026-02-06T23:00:00Z,BTC,70574.0,1413669119713.35,130966223574.87816,,9.808353097721028,coingecko,2026-02-06T23:26:05Z
2026-02-06T23:00:00Z,ETH,2057.89,248508994990.1562,66009819923.6376,,9.582914832079068,coingecko,2026-02-06T23:26:05Z
2026-02-06T23:00:00Z,BNB,658.9,89908108499.26364,3670032401.9013824,,6.436734658039539,coingecko,2026-02-06T23:26:05Z
2026-02-07T01:00:00Z,BTC,70488.0,1408479938966.4165,109071469953.4524,,7.878771104955649,coingecko,2026-02-07T01:59:14Z
2026-02-07T01:00:00Z,ETH,2064.35,248790003972.83545,56411866550.3709,,7.063296053817483,coingecko,2026-02-07T01:59:14Z
2026-02-07T01:00:00Z,BNB,657.45,89517619301.70995,2446998116.97233,,4.950815351310301,coingecko,2026-02-07T01:59:14Z
2026-02-07T04:00:00Z,BTC,71189.0,1419598779990.436,102571318666.59122,,10.515013564681986,coingecko,2026-02-07T04:13:49Z
2026-02-07T04:00:00Z,ETH,2102.61,251989686130.66647,55783065940.07322,,10.81008116950762,coingecko,2026-02-07T04:13:49Z
2026-02-07T04:00:00Z,BNB,659.71,89814629305.3673,2638732219.4845366,,6.5584443823491805,coingecko,2026-02-07T04:13:49Z
2026-02-07T05:00:00Z,BTC,70148.0,1402086247681.7993,100691231199.97417,,6.464954047814434,coingecko,2026-02-07T05:42:18Z
2026-02-07T05:00:00Z,ETH,2083.8,251512874144.2682,54752939051.13466,,7.942093261942726,coingecko,2026-02-07T05:42:18Z
2026-02-07T05:00:00Z,BNB,653.7,89147541697.06432,2531484114.856834,,3.1381859960536342,coingecko,2026-02-07T05:42:18Z
2026-02-07T06:00:00Z,BTC,70232.0,1402756003520.673,96923082815.86836,,7.789922189865714,coingecko,2026-02-07T06:42:12Z
2026-02-07T06:00:00Z,ETH,2083.26,251297454032.6821,52816101878.90334,,8.157711696043192,coingecko,2026-02-07T06:42:12Z
2026-02-07T06:00:00Z,BNB,653.3,89044023348.93459,2429169853.93965,,3.8082180358748174,coingecko,2026-02-07T06:42:12Z
2026-02-07T07:00:00Z,BTC,67932.0,1357675718702.545,99144237724.0635,,4.70959866344314,coingecko,2026-02-07T07:31:44Z
2026-02-07T07:00:00Z,ETH,2020.5,243874655187.00177,52188294015.40485,,6.357032250023063,coingecko,2026-02-07T07:31:44Z
2026-02-07T07:00:00Z,BNB,638.19,86941002121.3077,2100408162.439576,,2.0596238862447933,coingecko,2026-02-07T07:31:44Z
2026-02-07T08:00:00Z,BTC,68419.0,1368089869981.3523,99910224311.09338,,6.054557147525835,coingecko,2026-02-07T08:31:45Z
2026-02-07T08:00:00Z,ETH,2020.45,243963222372.2165,51177212389.94058,,7.999803540592214,coingecko,2026-02-07T08:31:45Z
2026-02-07T08:00:00Z,BNB,639.4,87215967937.11531,2430531635.361055,,3.362424102918483,coingecko,2026-02-07T08:31:45Z
2026-02-07T09:00:00Z,BTC,68442.0,1368763743679.872,98928390247.88004,,4.026071355367818,coingecko,2026-02-07T09:31:13Z
2026-02-07T09:00:00Z,ETH,2021.16,243962898758.3217,49362333504.77551,,6.31789805860288,coingecko,2026-02-07T09:31:13Z
2026-02-07T09:00:00Z,BNB,638.23,87179354235.3329,2355217866.404836,,2.030545084348776,coingecko,2026-02-07T09:31:13Z
2026-02-07T10:00:00Z,BTC,68041.0,1357746851569.0374,97762377381.5508,,3.184364816325054,coingecko,2026-02-07T10:26:04Z
2026-02-07T10:00:00Z,ETH,2010.85,242265080144.98727,47766013545.62444,,4.512046146867417,coingecko,2026-02-07T10:26:04Z
2026-02-07T10:00:00Z,BNB,634.96,86514445061.35402,2226017282.2095304,,0.3555664199888431,coingecko,2026-02-07T10:26:04Z
2026-02-07T11:00:00Z,BTC,68013.0,1359599804910.6208,98036175370.4048,,3.3913922318007925,coingecko,2026-02-07T11:21:39Z
2026-02-07T11:00:00Z,ETH,2012.59,243006096157.9597,47306845789.30858,,4.661168238115543,coingecko,2026-02-07T11:21:39Z
2026-02-07T11:00:00Z,BNB,634.94,86526553292.80222,2216235725.867541,,0.254545231756702,coingecko,2026-02-07T11:21:39Z
2026-02-07T12:00:00Z,BTC,69191.0,1380638012528.1597,99524391734.09229,,4.347418418311483,coingecko,2026-02-07T12:49:05Z
2026-02-07T12:00:00Z,ETH,2048.42,246736723981.1989,45969055457.55312,,6.705889790879864,coingecko,2026-02-07T12:49:05Z
2026-02-07T12:00:00Z,BNB,640.28,87237668190.33533,2274735636.9965363,,0.7874848991270463,coingecko,2026-02-07T12:49:05Z
2026-02-07T13:00:00Z,BTC,68909.0,1377070860574.1729,96912946279.49382,,2.647769332904696,coingecko,2026-02-07T13:43:26Z
2026-02-07T13:00:00Z,ETH,2034.5,245555043738.49823,44482265029.59162,,4.47716264425493,coingecko,2026-02-07T13:43:26Z
2026-02-07T13:00:00Z,BNB,636.26,86750794945.32832,2202403024.936845,,-1.3113068661090723,coingecko,2026-02-07T13:43:26Z
2026-02-07T14:00:00Z,BTC,68978.0,1378107594688.1235,93855451122.07196,,3.474286778311444,coingecko,2026-02-07T14:26:41Z
2026-02-07T14:00:00Z,ETH,2043.78,246433389865.88504,45055573694.566986,,5.696535449564046,coingecko,2026-02-07T14:26:41Z
2026-02-07T14:00:00Z,BNB,638.63,87078508509.47696,2124006172.132506,,-0.2421032032020968,coingecko,2026-02-07T14:26:41Z
2026-02-07T15:00:00Z,BTC,69329.0,1382148516891.7188,87229167205.50261,,1.375300860832095,coingecko,2026-02-07T15:25:32Z
2026-02-07T15:00:00Z,ETH,2047.01,246222202326.40594,41854166399.28684,,3.5630875635962305,coingecko,2026-02-07T15:25:32Z
2026-02-07T15:00:00Z,BNB,641.4,87255135385.4181,1983241353.001676,,-1.210023123021177,coingecko,2026-02-07T15:25:32Z
2026-02-07T16:00:00Z,BTC,69270.0,1385576630191.514,87486869156.79236,,-0.344143861251391,coingecko,2026-02-07T16:30:01Z
2026-02-07T16:00:00Z,ETH,2051.05,247803413622.4456,49956884993.98576,,1.9283009804204148,coingecko,2026-02-07T16:30:01Z
2026-02-07T16:00:00Z,BNB,643.24,87764103190.3281,2132496389.8172424,,-2.096947487844472,coingecko,2026-02-07T16:30:01Z
2026-02-07T17:00:00Z,BTC,68893.0,1376858783521.6223,83311527530.93015,,-2.521687290585416,coingecko,2026-02-07T17:26:16Z
2026-02-07T17:00:00Z,ETH,2049.98,247417397136.43536,47900559028.52074,,-0.3561440966218873,coingecko,2026-02-07T17:26:16Z
2026-02-07T17:00:00Z,BNB,643.1,87623626374.70297,2010766939.8296072,,-3.04535402022315,coingecko,2026-02-07T17:26:16Z
2026-02-07T18:00:00Z,BTC,69475.0,1387745637582.644,81032178963.34317,,-0.8296089699822633,coingecko,2026-02-07T18:35:55Z
2026-02-07T18:00:00Z,ETH,2093.3,252541539012.1157,46645839511.52122,,2.51397975434158,coingecko,2026-02-07T18:35:55Z
2026-02-07T18:00:00Z,BNB,652.64,88966280082.89261,1854025366.7961607,,0.0699801793653559,coingecko,2026-02-07T18:35:55Z
2026-02-07T19:00:00Z,BTC,69408.0,1385671425859.39,79300394340.28004,,-1.259145693958566,coingecko,2026-02-07T19:23:48Z
2026-02-07T19:00:00Z,ETH,2092.39,252281678340.37152,45822819579.73612,,2.0206218006664414,coingecko,2026-02-07T19:23:48Z
2026-02-07T19:00:00Z,BNB,651.07,88736878046.17226,1824505259.9249504,,-0.3467981511002684,coingecko,2026-02-07T19:23:48Z
2026-02-07T20:00:00Z,BTC,69383.0,1386654588991.932,76722004421.33223,,-1.6153769938448514,coingecko,2026-02-07T20:27:19Z
2026-02-07T20:00:00Z,ETH,2092.48,252537572404.65512,45006004050.90567,,2.026424370997116,coingecko,2026-02-07T20:27:19Z
2026-02-07T20:00:00Z,BNB,650.82,88744513138.76459,1740943323.053851,,-1.1130639000250466,coingecko,2026-02-07T20:27:19Z
2026-02-07T21:00:00Z,BTC,69495.0,1388091642293.0276,74089366430.07066,,-1.1571229350648544,coingecko,2026-02-07T21:26:19Z
2026-02-07T21:00:00Z,ETH,2101.5,253500043912.9071,43302954798.41685,,2.274512104438119,coingecko,2026-02-07T21:26:19Z
2026-02-07T21:00:00Z,BNB,651.03,88770663151.11125,1689082467.5692518,,-1.3988773936611572,coingecko,2026-02-07T21:26:19Z
2026-02-07T22:00:00Z,BTC,69443.0,1388238192179.999,70868617469.33856,,-1.7846687098988203,coingecko,2026-02-07T22:25:57Z
2026-02-07T22:00:00Z,ETH,2093.1,252967103366.02545,42318720010.96255,,1.501745926326093,coingecko,2026-02-07T22:25:57Z
2026-02-07T22:00:00Z,BNB,649.55,88604682924.78905,1628166575.962252,,-1.952609802665848,coingecko,2026-02-07T22:25:57Z
2026-02-07T23:00:00Z,BTC,69023.0,1377677024048.4092,69165709646.17873,,-2.196662683172109,coingecko,2026-02-07T23:29:51Z
2026-02-07T23:00:00Z,ETH,2079.84,250785156517.42145,41415443429.67736,,1.0706643197261032,coingecko,2026-02-07T23:29:51Z
2026-02-07T23:00:00Z,BNB,645.49,87956784464.77649,1580130988.4051695,,-2.0327843411465185,coingecko,2026-02-07T23:29:51Z
2026-02-08T02:00:00Z,BTC,69470.0,1387013406370.35,66126684623.28143,,-1.3608020174913664,coingecko,2026-02-08T02:32:21Z
2026-02-08T02:00:00Z,ETH,2096.81,252825796348.4911,38926535097.96315,,1.9704782020308529,coingecko,2026-02-08T02:32:21Z
2026-02-08T02:00:00Z,BNB,649.1,88477463661.90662,1474800614.823474,,-1.0522020566921553,coingecko,2026-02-08T02:32:21Z
2026-02-08T05:00:00Z,BTC,69218.0,1384091716230.3855,63012965071.44833,,-2.120424587015644,coingecko,2026-02-08T05:03:34Z
2026-02-08T05:00:00Z,ETH,2080.59,251258942760.83707,37990621664.53362,,-0.2648841436440221,coingecko,2026-02-08T05:03:34Z
2026-02-08T05:00:00Z,BNB,642.63,87660379787.32443,1404583964.699922,,-2.049236776572061,coingecko,2026-02-08T05:03:34Z
2026-02-08T06:00:00Z,BTC,69285.0,1384944539568.981,61753516175.71634,,-0.2414933707069669,coingecko,2026-02-08T06:50:45Z
2026-02-08T06:00:00Z,ETH,2077.91,250930322631.1788,36224712339.72915,,0.6530838611428296,coingecko,2026-02-08T06:50:45Z
2026-02-08T06:00:00Z,BNB,641.98,87524838041.95996,1331268865.0810845,,-1.419071752432178,coingecko,2026-02-08T06:50:45Z
2026-02-08T07:00:00Z,BTC,69498.0,1389363865808.0486,57081675162.0738,,2.1495654672632862,coingecko,2026-02-08T07:38:35Z
2026-02-08T07:00:00Z,ETH,2077.93,250841359470.7237,34217970796.82896,,2.8692891518803494,coingecko,2026-02-08T07:38:35Z
2026-02-08T07:00:00Z,BNB,641.81,87465617512.06676,1064552500.9511276,,0.7125488533410524,coingecko,2026-02-08T07:38:35Z
2026-02-08T08:00:00Z,BTC,70296.0,1401749362382.1504,54221808434.98581,,2.4901598876399955,coingecko,2026-02-08T08:33:30Z
2026-02-08T08:00:00Z,ETH,2106.51,253391192810.9206,35168374117.63435,,4.1330572496767815,coingecko,2026-02-08T08:33:30Z
2026-02-08T08:00:00Z,BNB,646.94,88037902745.3276,1218265389.1935425,,1.1432878555607784,coingecko,2026-02-08T08:33:30Z
2026-02-08T09:00:00Z,BTC,70424.0,1406515768898.075,52899706036.68243,,2.892674954785989,coingecko,2026-02-08T09:30:32Z
2026-02-08T09:00:00Z,ETH,2108.18,254354421467.0416,33868816530.477688,,4.821954745565601,coingecko,2026-02-08T09:30:32Z
2026-02-08T09:00:00Z,BNB,647.44,88213880727.10692,1212329768.419951,,1.431530724986936,coingecko,2026-02-08T09:30:32Z
2026-02-08T10:00:00Z,BTC,69946.0,1397082929859.2966,51740553015.41393,,2.795290293193472,coingecko,2026-02-08T10:27:40Z
2026-02-08T10:00:00Z,ETH,2088.23,251766061881.2248,33305309574.751503,,3.941396427423716,coingecko,2026-02-08T10:27:40Z
2026-02-08T10:00:00Z,BNB,638.21,86989079246.37428,1064877878.690094,,0.5301068829368238,coingecko,2026-02-08T10:27:40Z
2026-02-08T11:00:00Z,BTC,70622.0,1411642696900.101,50897153422.35915,,4.017550779726316,coingecko,2026-02-08T11:23:34Z
2026-02-08T11:00:00Z,ETH,2108.73,254659225618.48788,33841788296.49933,,4.96490519085554,coingecko,2026-02-08T11:23:34Z
2026-02-08T11:00:00Z,BNB,641.63,87503528341.09328,1237582356.247477,,1.124281661474593,coingecko,2026-02-08T11:23:34Z
2026-02-08T12:00:00Z,BTC,70997.0,1414494012932.0295,48521901857.88268,,2.6011080260414747,coingecko,2026-02-08T12:50:49Z
2026-02-08T12:00:00Z,ETH,2134.45,257149335033.98865,31988501791.177982,,4.2505501204068095,coingecko,2026-02-08T12:50:49Z
2026-02-08T12:00:00Z,BNB,644.4,87705105969.97783,1202859547.0062652,,0.6659286594708409,coingecko,2026-02-08T12:50:49Z
2026-02-08T13:00:00Z,BTC,71258.0,1425097118402.3325,48115089243.16892,,3.511491655528776,coingecko,2026-02-08T13:45:12Z
2026-02-08T13:00:00Z,ETH,2122.21,256592350605.6124,32769237572.39192,,4.438531800118287,coingecko,2026-02-08T13:45:12Z
2026-02-08T13:00:00Z,BNB,642.79,87650112950.41054,1216037982.8338616,,1.1016000511743922,coingecko,2026-02-08T13:45:12Z
2026-02-08T14:00:00Z,BTC,71208.0,1422296463701.9373,48072168665.9712,,3.2795012650515014,coingecko,2026-02-08T14:27:30Z
2026-02-08T14:00:00Z,ETH,2119.23,255639867775.942,32639660363.863613,,3.7892434203323626,coingecko,2026-02-08T14:27:30Z
2026-02-08T14:00:00Z,BNB,643.74,87795362381.88226,1217691447.7475305,,0.9982249668516128,coingecko,2026-02-08T14:27:30Z
2026-02-08T15:00:00Z,BTC,71040.0,1422066145660.4973,46004785308.17799,,2.566041266045864,coingecko,2026-02-08T15:26:51Z
2026-02-08T15:00:00Z,ETH,2109.66,255449813104.414,32889588985.829376,,3.1565302678978115,coingecko,2026-02-08T15:26:51Z
2026-02-08T15:00:00Z,BNB,642.94,87934319640.98697,1214432409.243114,,0.3859511197828058,coingecko,2026-02-08T15:26:51Z
2026-02-08T16:00:00Z,BTC,71094.0,1421728870924.1665,40653965715.51329,,2.64779735049236,coingecko,2026-02-08T16:31:30Z
2026-02-08T16:00:00Z,ETH,2111.36,255001690291.96143,20835405564.373653,,2.911973226715968,coingecko,2026-02-08T16:31:30Z
2026-02-08T16:00:00Z,BNB,644.32,87862260421.90111,944525410.4590862,,0.1359891341890874,coingecko,2026-02-08T16:31:30Z
2026-02-08T17:00:00Z,BTC,70490.0,1410639560828.9497,40276506396.257126,,2.113138684474323,coingecko,2026-02-08T17:26:29Z
2026-02-08T17:00:00Z,ETH,2084.08,252019052918.30783,20988688093.43404,,1.4240212902452962,coingecko,2026-02-08T17:26:29Z
2026-02-08T17:00:00Z,BNB,636.81,86955583795.96599,958922492.254036,,-1.2829970612337611,coingecko,2026-02-08T17:26:29Z
2026-02-08T18:00:00Z,BTC,71279.0,1422155622884.3528,39824260589.066574,,2.664616791142865,coingecko,2026-02-08T18:37:35Z
2026-02-08T18:00:00Z,ETH,2116.02,255035562768.95825,19066536150.089573,,0.9595677412474004,coingecko,2026-02-08T18:37:35Z
2026-02-08T18:00:00Z,BNB,647.14,87923837404.15395,952631838.9777282,,-0.871737141658936,coingecko,2026-02-08T18:37:35Z
2026-02-08T19:00:00Z,BTC,71185.0,1422824773018.5193,39115761832.02101,,2.4971053463660486,coingecko,2026-02-08T19:25:41Z
2026-02-08T19:00:00Z,ETH,2111.22,254807192686.07043,18307026109.44979,,0.826280241556434,coingecko,2026-02-08T19:25:41Z
2026-02-08T19:00:00Z,BNB,646.4,88148111967.43645,872539503.9935223,,-0.8188621215826339,coingecko,2026-02-08T19:25:41Z
2026-02-08T20:00:00Z,BTC,71002.0,1419293911162.6392,39933370939.30501,,2.300165028408289,coingecko,2026-02-08T20:28:38Z
2026-02-08T20:00:00Z,ETH,2114.82,255266829145.7849,18925685863.335663,,0.9432630877215648,coingecko,2026-02-08T20:28:38Z
2026-02-08T20:00:00Z,BNB,645.56,88026642874.05591,932081616.628214,,-0.8560210359139696,coingecko,2026-02-08T20:28:38Z
2026-02-08T21:00:00Z,BTC,70995.0,1419740724308.571,39960655734.96336,,2.146733235121397,coingecko,2026-02-08T21:26:49Z
2026-02-08T21:00:00Z,ETH,2111.31,254880035181.8253,16364584065.76661,,0.2897932286011915,coingecko,2026-02-08T21:26:49Z
2026-02-08T21:00:00Z,BNB,645.25,88029339884.64307,924777623.542451,,-0.9310230158740126,coingecko,2026-02-08T21:26:49Z
2026-02-08T22:00:00Z,BTC,70869.0,1416766482229.65,39706146823.2602,,1.9713984143402232,coingecko,2026-02-08T22:27:51Z
2026-02-08T22:00:00Z,ETH,2102.18,253902796229.8207,17797273073.70922,,0.2407761256968598,coingecko,2026-02-08T22:27:51Z
2026-02-08T22:00:00Z,BNB,643.57,87773022177.97519,911759357.6601422,,-0.9692741121788064,coingecko,2026-02-08T22:27:51Z
2026-02-08T23:00:00Z,BTC,70422.0,1409352304631.0957,42056884320.394325,,1.9351337321740976,coingecko,2026-02-08T23:31:40Z
2026-02-08T23:00:00Z,ETH,2089.84,252553597691.8903,18864881942.36379,,0.2727388002530559,coingecko,2026-02-08T23:31:40Z
2026-02-08T23:00:00Z,BNB,639.73,87305101969.95363,960960855.2980804,,-0.9793365219468038,coingecko,2026-02-08T23:31:40Z
2026-02-09T02:00:00Z,BTC,70402.0,1404133737203.5618,44398306675.466736,,1.573197700737475,coingecko,2026-02-09T02:10:21Z
2026-02-09T02:00:00Z,ETH,2072.5,249539781537.8808,20970474153.80226,,-1.0178483587540128,coingecko,2026-02-09T02:10:21Z
2026-02-09T02:00:00Z,BNB,637.69,86756245540.29417,1058683163.4724232,,-1.7343776778902982,coingecko,2026-02-09T02:10:21Z
2026-02-09T05:00:00Z,BTC,70966.0,1417451066072.6753,46226127552.64692,,2.4672141874392834,coingecko,2026-02-09T05:00:20Z
2026-02-09T05:00:00Z,ETH,2089.58,252007210036.67352,20269951014.235783,,0.3526091124172708,coingecko,2026-02-09T05:00:20Z
2026-02-09T05:00:00Z,BNB,642.0,87477010999.99486,1095699543.3512774,,0.0216589892049117,coingecko,2026-02-09T05:00:20Z
2026-02-09T06:00:00Z,BTC,70816.0,1415138776103.5806,45008265081.9198,,2.2436192740553773,coingecko,2026-02-09T06:12:21Z
2026-02-09T06:00:00Z,ETH,2088.41,252018292278.81027,19807060083.146683,,0.3050165192079602,coingecko,2026-02-09T06:12:21Z
2026-02-09T06:00:00Z,BNB,638.39,87050223441.58315,1092263719.7856236,,-0.5686958614884128,coingecko,2026-02-09T06:12:21Z
2026-02-09T07:00:00Z,BTC,70432.0,1407558113579.4834,46236811723.77006,,1.2645591016668425,coingecko,2026-02-09T07:57:07Z
2026-02-09T07:00:00Z,ETH,2068.45,249756228900.6849,21256060096.31751,,-0.543062573018086,coingecko,2026-02-09T07:57:07Z
2026-02-09T07:00:00Z,BNB,632.96,86240797904.9967,1117001073.392932,,-1.5015402205960129,coingecko,2026-02-09T07:57:07Z
2026-02-09T08:00:00Z,BTC,69895.0,1397364844945.1702,46306288771.21629,,-1.021741337792582,coingecko,2026-02-09T08:59:08Z
2026-02-09T08:00:00Z,ETH,2051.75,247844772154.604,21390711226.732143,,-2.8044124406897257,coingecko,2026-02-09T08:59:08Z
2026-02-09T08:00:00Z,BNB,626.4,85517028828.41821,1158076404.9096344,,-3.574913908549661,coingecko,2026-02-09T08:59:08Z
2026-02-09T10:00:00Z,BTC,69561.0,1388976465639.852,46326285103.846535,,-1.1073425290120773,coingecko,2026-02-09T10:10:52Z
2026-02-09T10:00:00Z,ETH,2043.37,246315610966.9545,19564248014.876244,,-3.091601891505397,coingecko,2026-02-09T10:10:52Z
2026-02-09T10:00:00Z,BNB,625.13,85176234073.04863,1125408251.3606482,,-2.788711667739901,coingecko,2026-02-09T10:10:52Z
2026-02-09T11:00:00Z,BTC,68876.0,1376838377532.9355,46914826625.09086,,-2.7600670631597795,coingecko,2026-02-09T11:44:37Z
2026-02-09T11:00:00Z,ETH,2026.09,244492226862.33023,21355184638.76864,,-4.535780211581,coingecko,2026-02-09T11:44:37Z
2026-02-09T11:00:00Z,BNB,621.97,84810962761.81117,1163247004.9893315,,-3.331729309398119,coingecko,2026-02-09T11:44:37Z
2026-02-09T13:00:00Z,BTC,68954.0,1377804216208.8235,47310619209.685326,,-2.8803458316649584,coingecko,2026-02-09T13:09:14Z
2026-02-09T13:00:00Z,ETH,2032.9,245171380303.71765,20920389733.47359,,-4.362991504672222,coingecko,2026-02-09T13:09:14Z
2026-02-09T13:00:00Z,BNB,626.7,85419217063.8124,1152190237.767478,,-2.5306512494763145,coingecko,2026-02-09T13:09:14Z
2026-02-09T14:00:00Z,BTC,69303.0,1383115053616.8584,49904503613.473,,-2.633650374568592,coingecko,2026-02-09T14:52:10Z
2026-02-09T14:00:00Z,ETH,2043.99,246134413053.7412,21377142118.782536,,-3.689334971313264,coingecko,2026-02-09T14:52:10Z
2026-02-09T14:00:00Z,BNB,628.09,85515116634.11888,1186537274.020081,,-2.7107771895439687,coingecko,2026-02-09T14:52:10Z
2026-02-09T15:00:00Z,BTC,69426.0,1384683644931.9006,50840742675.71298,,-2.345060227362446,coingecko,2026-02-09T15:56:22Z
2026-02-09T15:00:00Z,ETH,2061.64,248050824676.8769,23791645408.477142,,-2.134147038343968,coingecko,2026-02-09T15:56:22Z
2026-02-09T15:00:00Z,BNB,630.24,85809354747.96053,1235530245.7282224,,-2.0333884412103163,coingecko,2026-02-09T15:56:22Z
2026-02-09T20:00:00Z,BTC,70586.0,1410684699539.3218,56467246432.80294,,-0.6752486131925054,coingecko,2026-02-09T20:38:35Z
2026-02-09T20:00:00Z,ETH,2122.92,256214647107.32385,27088773558.370388,,0.4050568570378661,coingecko,2026-02-09T20:38:35Z
2026-02-09T20:00:00Z,BNB,639.21,87161266647.36917,1323782891.9291122,,-0.9759417672675904,coingecko,2026-02-09T20:38:35Z
2026-02-09T21:00:00Z,BTC,69901.0,1397238361410.1772,57031779753.46671,,-1.0842990979208804,coingecko,2026-02-09T21:38:44Z
2026-02-09T21:00:00Z,ETH,2091.8,252382272287.7056,26667251505.20541,,-0.4048340217437781,coingecko,2026-02-09T21:38:44Z
2026-02-09T21:00:00Z,BNB,633.71,86400559714.78868,1332113282.5618553,,-1.1960268018202431,coingecko,2026-02-09T21:38:44Z
2026-02-09T22:00:00Z,BTC,70410.0,1407211239890.719,58806068779.63223,,-0.4600450390919535,coingecko,2026-02-09T22:36:09Z
2026-02-09T22:00:00Z,ETH,2117.21,255497691697.9909,27044207371.755825,,0.9295654132080932,coingecko,2026-02-09T22:36:09Z
2026-02-09T22:00:00Z,BNB,638.23,87030053350.91916,1346199845.8214328,,-0.6500752859639752,coingecko,2026-02-09T22:36:09Z
2026-02-09T23:00:00Z,BTC,70292.0,1404550270126.2012,56722540551.319176,,0.2588402927546458,coingecko,2026-02-09T23:37:24Z
2026-02-09T23:00:00Z,ETH,2108.3,254311461020.24707,26137982782.48597,,1.3394524146965956,coingecko,2026-02-09T23:37:24Z
2026-02-09T23:00:00Z,BNB,637.11,86838512685.92833,1287074110.3787067,,-0.1045329021785993,coingecko,2026-02-09T23:37:24Z
2026-02-10T02:00:00Z,BTC,70295.0,1405229188361.1345,54026046884.7148,,-0.1618885142832244,coingecko,2026-02-10T02:27:15Z
2026-02-10T02:00:00Z,ETH,2111.76,254991769052.1488,24527727896.146763,,1.8639363200796388,coingecko,2026-02-10T02:27:15Z
2026-02-10T02:00:00Z,BNB,639.39,87186570847.25945,1176646724.2944264,,0.2680971068252515,coingecko,2026-02-10T02:27:15Z
2026-02-10T05:00:00Z,BTC,69708.0,1394568344590.1504,53307199912.24586,,-1.7710541145883278,coingecko,2026-02-10T05:04:15Z
2026-02-10T05:00:00Z,ETH,2068.87,249818745380.24625,25508003671.44249,,-0.9804881294888296,coingecko,2026-02-10T05:04:15Z
2026-02-10T05:00:00Z,BNB,637.22,86895944721.59145,1193077064.2606602,,-0.6096821375009244,coingecko,2026-02-10T05:04:15Z
2026-02-10T07:00:00Z,BTC,69026.0,1377139650711.157,53807348017.54486,,-2.119902487473851,coingecko,2026-02-10T07:04:30Z
2026-02-10T07:00:00Z,ETH,2012.13,242362723357.70065,27345800339.305927,,-3.0726928122247057,coingecko,2026-02-10T07:04:30Z
2026-02-10T07:00:00Z,BNB,631.24,85967375920.73251,1217318605.860712,,-0.5700752851977818,coingecko,2026-02-10T07:04:30Z
2026-02-10T08:00:00Z,BTC,69116.0,1381588047519.0625,52408504835.6667,,-0.9428890505125994,coingecko,2026-02-10T08:56:18Z
2026-02-10T08:00:00Z,ETH,2013.59,243029846280.1321,27768305702.04336,,-1.7431107338361798,coingecko,2026-02-10T08:56:18Z
2026-02-10T08:00:00Z,BNB,633.17,86309260426.93103,1181554655.1420932,,1.0336362667545638,coingecko,2026-02-10T08:56:18Z
2026-02-10T10:00:00Z,BTC,69110.0,1380574232831.3472,51641332636.28114,,-0.5373598074583568,coingecko,2026-02-10T10:02:11Z
2026-02-10T10:00:00Z,ETH,2015.78,243137891032.21783,28530674658.700607,,-1.122270993589639,coingecko,2026-02-10T10:02:11Z
2026-02-10T10:00:00Z,BNB,629.51,85813207847.04474,1074209653.5801272,,0.8049272052990522,coingecko,2026-02-10T10:02:11Z
2026-02-10T11:00:00Z,BTC,68666.0,1369043985497.3164,50182607200.33312,,-0.2084253940970803,coingecko,2026-02-10T11:50:53Z
2026-02-10T11:00:00Z,ETH,2008.9,242143624650.5277,28834655955.114098,,-0.6464210264488768,coingecko,2026-02-10T11:50:53Z
2026-02-10T11:00:00Z,BNB,626.59,85341468181.46565,1169571091.737234,,0.8341451661424063,coingecko,2026-02-10T11:50:53Z
2026-02-10T13:00:00Z,BTC,68463.0,1367833801561.8171,49883432398.982086,,-0.803848508570508,coingecko,2026-02-10T13:13:48Z
2026-02-10T13:00:00Z,ETH,2007.38,242283402602.5088,29132157686.88379,,-1.3676412918956165,coingecko,2026-02-10T13:13:48Z
2026-02-10T13:00:00Z,BNB,623.77,85101343394.27686,1185206024.0217094,,-0.946456965317972,coingecko,2026-02-10T13:13:48Z
2026-02-10T14:00:00Z,BTC,68415.0,1365961282320.2048,49827550853.96359,,-1.2250459790002208,coingecko,2026-02-10T14:58:41Z
2026-02-10T14:00:00Z,ETH,2010.1,242502146296.9064,28240089261.099262,,-1.6006186983215809,coingecko,2026-02-10T14:58:41Z
2026-02-10T14:00:00Z,BNB,617.36,84139920524.24908,1252395165.0290134,,-1.7026146407100942,coingecko,2026-02-10T14:58:41Z
2026-02-10T16:00:00Z,BTC,69092.0,1379581511735.0627,49401090710.45537,,-0.119257294354726,coingecko,2026-02-10T16:12:10Z
2026-02-10T16:00:00Z,ETH,2016.35,243259084415.5316,28332619829.7416,,-1.6390239044253438,coingecko,2026-02-10T16:12:10Z
2026-02-10T16:00:00Z,BNB,618.95,84162487146.21733,1268156536.4668393,,-1.345381300539133,coingecko,2026-02-10T16:12:10Z
2026-02-10T18:00:00Z,BTC,69819.0,1394904230572.3618,47631226615.25255,,-1.4229988306614991,coingecko,2026-02-10T18:02:18Z
2026-02-10T18:00:00Z,ETH,2037.6,245785502875.97,26081263134.66944,,-4.591592269428166,coingecko,2026-02-10T18:02:18Z
2026-02-10T18:00:00Z,BNB,623.18,84970266846.97005,1220496152.6458323,,-2.8881840140439143,coingecko,2026-02-10T18:02:18Z
2026-02-10T19:00:00Z,BTC,69022.0,1379743583906.3958,46585219187.32456,,-2.664219693465524,coingecko,2026-02-10T19:59:19Z
2026-02-10T19:00:00Z,ETH,2016.21,243381503622.9261,23688783078.996952,,-5.389976047666611,coingecko,2026-02-10T19:59:19Z
2026-02-10T19:00:00Z,BNB,616.95,84143342268.84813,1211774941.5562751,,-3.903500469028857,coingecko,2026-02-10T19:59:19Z
2026-02-10T20:00:00Z,BTC,68786.0,1374477713668.7983,45657820304.00896,,-2.768438991722646,coingecko,2026-02-10T20:56:12Z
2026-02-10T20:00:00Z,ETH,2010.67,242648631686.215,24516870714.142456,,-5.3899017938626965,coingecko,2026-02-10T20:56:12Z
2026-02-10T20:00:00Z,BNB,617.94,84224044521.46907,1195495458.3576736,,-3.522242429194878,coingecko,2026-02-10T20:56:12Z
2026-02-10T21:00:00Z,BTC,68389.0,1368559261257.2332,45436473771.67413,,-2.296432322261616,coingecko,2026-02-10T21:43:16Z
2026-02-10T21:00:00Z,ETH,2001.0,241918163648.99048,24196559725.66303,,-4.652195198162276,coingecko,2026-02-10T21:43:16Z
2026-02-10T21:00:00Z,BNB,614.9,83880384773.34047,1177726834.404325,,-3.105920677995553,coingecko,2026-02-10T21:43:16Z
2026-02-10T22:00:00Z,BTC,68717.0,1373417975494.8772,44567061625.26004,,-2.400679941369644,coingecko,2026-02-10T22:39:48Z
2026-02-10T22:00:00Z,ETH,2015.98,243280390869.5561,22998514446.94416,,-4.762889831588776,coingecko,2026-02-10T22:39:48Z
2026-02-10T22:00:00Z,BNB,618.34,84280226006.34975,1020809817.2235422,,-3.102920247475743,coingecko,2026-02-10T22:39:48Z
2026-02-10T23:00:00Z,BTC,68642.0,1371331569803.198,44087444076.90877,,-2.380559152594715,coingecko,2026-02-10T23:38:20Z
2026-02-10T23:00:00Z,ETH,2015.35,243135596550.8329,23464417672.728794,,-4.447070866139433,coingecko,2026-02-10T23:38:20Z
2026-02-10T23:00:00Z,BNB,619.47,84436658244.39674,1013462883.6925348,,-2.760322627919705,coingecko,2026-02-10T23:38:20Z
2026-02-11T02:00:00Z,BTC,68995.0,1378720128791.6052,43356061670.95514,,-1.8299305376332404,coingecko,2026-02-11T02:23:31Z
2026-02-11T02:00:00Z,ETH,2026.74,244588032962.7909,22861887971.47812,,-4.162325345404637,coingecko,2026-02-11T02:23:31Z
2026-02-11T02:00:00Z,BNB,621.85,84786588733.2386,1155562844.9080954,,-2.7730633926924773,coingecko,2026-02-11T02:23:31Z
2026-02-11T05:00:00Z,BTC,67603.0,1349856352132.709,44459428930.497215,,-3.0109405046659288,coingecko,2026-02-11T05:02:39Z
2026-02-11T05:00:00Z,ETH,1973.05,237755534494.4024,23539790068.59256,,-4.646551718654814,coingecko,2026-02-11T05:02:39Z
2026-02-11T05:00:00Z,BNB,610.63,83233396984.77235,1169800503.8898618,,-4.18754117632243,coingecko,2026-02-11T05:02:39Z
2026-02-11T07:00:00Z,BTC,66764.0,1334089090478.068,44958617856.63702,,-3.025311415171936,coingecko,2026-02-11T07:01:00Z
2026-02-11T07:00:00Z,ETH,1947.84,235079943477.32043,20250284918.0166,,-2.932794212614972,coingecko,2026-02-11T07:01:00Z
2026-02-11T07:00:00Z,BNB,598.86,81663844017.2833,1228649579.860365,,-4.834966760867679,coingecko,2026-02-11T07:01:00Z
2026-02-11T08:00:00Z,BTC,66956.0,1338847721464.4126,45754797927.98959,,-3.092123037667775,coingecko,2026-02-11T08:50:33Z
2026-02-11T08:00:00Z,ETH,1949.77,235338958409.17847,19948727096.74153,,-3.016663338248293,coingecko,2026-02-11T08:50:33Z
2026-02-11T08:00:00Z,BNB,595.94,81308516033.49704,1267988854.0462108,,-5.704142452388193,coingecko,2026-02-11T08:50:33Z
2026-02-11T09:00:00Z,BTC,66769.0,1333973605694.6477,45138050332.3292,,-3.1895198052731675,coingecko,2026-02-11T09:53:41Z
2026-02-11T09:00:00Z,ETH,1944.78,234598081467.20792,18391242292.52528,,-3.3738190440795552,coingecko,2026-02-11T09:53:41Z
2026-02-11T09:00:00Z,BNB,593.38,80976749119.83722,1092609962.0391684,,-5.628306936730308,coingecko,2026-02-11T09:53:41Z
2026-02-11T10:00:00Z,BTC,66592.0,1332147877007.6316,45586746140.57795,,-3.393077974019671,coingecko,2026-02-11T10:51:34Z
2026-02-11T10:00:00Z,ETH,1936.71,233790074021.2782,18658915767.81728,,-3.864234914858252,coingecko,2026-02-11T10:51:34Z
2026-02-11T10:00:00Z,BNB,589.55,80374154255.51665,1191603738.3470128,,-5.9359687192253325,coingecko,2026-02-11T10:51:34Z
2026-02-11T11:00:00Z,BTC,66886.0,1336879107832.0334,46130731017.92223,,-2.4733027277508657,coingecko,2026-02-11T11:44:43Z
2026-02-11T11:00:00Z,ETH,1948.12,235124256825.5726,18353152734.1904,,-2.902886130391156,coingecko,2026-02-11T11:44:43Z
2026-02-11T11:00:00Z,BNB,590.9,80574850421.36096,1312517362.3315294,,-6.007471661065458,coingecko,2026-02-11T11:44:43Z
2026-02-11T13:00:00Z,BTC,66980.0,1341150318756.3909,46294362934.4143,,-2.1728830262185483,coingecko,2026-02-11T13:10:17Z
2026-02-11T13:00:00Z,ETH,1948.43,235443959910.5444,19370161728.699863,,-3.020256832543845,coingecko,2026-02-11T13:10:17Z
2026-02-11T13:00:00Z,BNB,590.54,80589264616.93468,1293191465.6587293,,-5.400803056861146,coingecko,2026-02-11T13:10:17Z
2026-02-11T14:00:00Z,BTC,66956.0,1339136505952.2896,48898459963.08812,,-1.9035475701422628,coingecko,2026-02-11T14:53:27Z
2026-02-11T14:00:00Z,ETH,1952.75,236074011643.03848,19603460661.81347,,-2.629181561027571,coingecko,2026-02-11T14:53:27Z
2026-02-11T14:00:00Z,BNB,600.2,81768778702.34068,1369011668.5541558,,-2.691465027295009,coingecko,2026-02-11T14:53:27Z
2026-02-11T16:00:00Z,BTC,66444.0,1328888901085.062,50322847993.7394,,-3.8679729587230094,coingecko,2026-02-11T16:02:02Z
2026-02-11T16:00:00Z,ETH,1929.38,232845349195.244,21717091182.442627,,-4.332775874546535,coingecko,2026-02-11T16:02:02Z
2026-02-11T16:00:00Z,BNB,593.49,80916604254.73363,1406579847.3123808,,-4.009395037151283,coingecko,2026-02-11T16:02:02Z
2026-02-11T17:00:00Z,BTC,66624.0,1332291657572.094,51695860027.76392,,-4.625841048694169,coingecko,2026-02-11T17:56:15Z
2026-02-11T17:00:00Z,ETH,1935.26,233786477626.4842,22861969745.83285,,-5.06938102173607,coingecko,2026-02-11T17:56:15Z
2026-02-11T17:00:00Z,BNB,603.93,82425583667.02461,1452983339.9641254,,-3.1010762451762868,coingecko,2026-02-11T17:56:15Z
2026-02-11T19:00:00Z,BTC,67145.0,1343694287231.4893,51536547576.92637,,-2.3437546952667807,coingecko,2026-02-11T19:05:08Z
2026-02-11T19:00:00Z,ETH,1940.29,234492986545.0511,21631514485.99217,,-3.4298038679369176,coingecko,2026-02-11T19:05:08Z
2026-02-11T19:00:00Z,BNB,609.25,83133816686.59343,1438994308.8870757,,-0.881420023607281,coingecko,2026-02-11T19:05:08Z
2026-02-11T20:00:00Z,BTC,67327.0,1345604148746.994,52268639648.83124,,-2.048895824662408,coingecko,2026-02-11T20:39:14Z
2026-02-11T20:00:00Z,ETH,1945.03,234738499067.28976,22206663981.986683,,-3.2110665803713982,coingecko,2026-02-11T20:39:14Z
2026-02-11T20:00:00Z,BNB,607.53,82792017009.64668,1521371997.0902638,,-1.5190764396200411,coingecko,2026-02-11T20:39:14Z
2026-02-11T21:00:00Z,BTC,68011.0,1359228197423.4888,54002179763.28771,,-0.8757412652042798,coingecko,2026-02-11T21:34:10Z
2026-02-11T21:00:00Z,ETH,1971.31,237710872373.3056,23671280102.36645,,-1.5704959455248295,coingecko,2026-02-11T21:34:10Z
2026-02-11T21:00:00Z,BNB,612.66,83571919481.52396,1510297969.1099896,,-0.3552011506428932,coingecko,2026-02-11T21:34:10Z
2026-02-11T22:00:00Z,BTC,67405.0,1348336181950.8745,54058567211.28126,,-1.7804301973284535,coingecko,2026-02-11T22:29:35Z
2026-02-11T22:00:00Z,ETH,1955.02,236325214504.714,22953171667.24083,,-2.8867945650938025,coingecko,2026-02-11T22:29:35Z
2026-02-11T22:00:00Z,BNB,609.24,83125664840.99146,1523984197.1890192,,-1.2757480195387731,coingecko,2026-02-11T22:29:35Z
2026-02-11T23:00:00Z,BTC,67008.0,1338644113203.2583,54554139294.55776,,-2.334690370896576,coingecko,2026-02-11T23:32:02Z
2026-02-11T23:00:00Z,ETH,1937.06,233866116472.96936,23065282893.015087,,-3.8443303386162246,coingecko,2026-02-11T23:32:02Z
2026-02-11T23:00:00Z,BNB,605.67,82590473025.04219,1501694913.223559,,-2.173749890070883,coingecko,2026-02-11T23:32:02Z
2026-02-12T02:00:00Z,BTC,67664.0,1352359923963.6062,55705436445.207,,-2.003333288299005,coingecko,2026-02-12T02:10:03Z
2026-02-12T02:00:00Z,ETH,1967.46,237465032669.13608,23330391005.00328,,-2.955723888915798,coingecko,2026-02-12T02:10:03Z
2026-02-12T02:00:00Z,BNB,612.41,83298860188.7124,1608373224.123253,,-1.5498712899914608,coingecko,2026-02-12T02:10:03Z
2026-02-12T04:00:00Z,BTC,67053.0,1340041310345.7358,53679244556.043205,,-0.5223627833645994,coingecko,2026-02-12T04:57:38Z
2026-02-12T04:00:00Z,ETH,1966.39,237268088937.00803,23904931917.262096,,-0.0005011639984865,coingecko,2026-02-12T04:57:38Z
2026-02-12T04:00:00Z,BNB,613.7,83677149485.25404,1588822914.9241283,,0.5560595158412722,coingecko,2026-02-12T04:57:38Z
2026-02-12T06:00:00Z,BTC,67008.0,1340680586181.6538,53617763081.68038,,-0.140291012563216,coingecko,2026-02-12T06:07:09Z
2026-02-12T06:00:00Z,ETH,1966.35,237522045533.31125,23792097928.58908,,0.0082539458022389,coingecko,2026-02-12T06:07:09Z
2026-02-12T06:00:00Z,BNB,614.96,83906604776.71048,1556429062.3624663,,1.241693045310646,coingecko,2026-02-12T06:07:09Z
2026-02-12T07:00:00Z,BTC,67119.0,1341239562658.2705,51217122710.02147,,-0.0570703992975792,coingecko,2026-02-12T07:52:27Z
2026-02-12T07:00:00Z,ETH,1968.24,237490858142.0684,22390187226.339325,,0.748575829298305,coingecko,2026-02-12T07:52:27Z
2026-02-12T07:00:00Z,BNB,614.6,83814363732.69785,1482491829.2304454,,2.086610786753244,coingecko,2026-02-12T07:52:27Z
2026-02-12T08:00:00Z,BTC,66956.0,1338107907074.59,51286861662.55643,,-0.0527827103406025,coingecko,2026-02-12T08:47:23Z
2026-02-12T08:00:00Z,ETH,1960.02,236470156581.4059,22975547501.32769,,0.5657119079454008,coingecko,2026-02-12T08:47:23Z
2026-02-12T08:00:00Z,BNB,610.81,83295355234.233,1420592320.5508397,,2.4250865915349853,coingecko,2026-02-12T08:47:23Z
2026-02-12T09:00:00Z,BTC,67327.0,1345929365869.0237,50671103056.24274,,0.7751220239707813,coingecko,2026-02-12T09:51:16Z
2026-02-12T09:00:00Z,ETH,1973.55,238205845625.05573,23035145437.8618,,1.4374342365236366,coingecko,2026-02-12T09:51:16Z
2026-02-12T09:00:00Z,BNB,614.03,83738153714.06639,1411530595.3874009,,3.4552279086866915,coingecko,2026-02-12T09:51:16Z
2026-02-12T10:00:00Z,BTC,67619.0,1352221326965.7273,50941135002.98846,,1.3865353497394732,coingecko,2026-02-12T10:45:44Z
2026-02-12T10:00:00Z,ETH,1980.76,239216464843.9645,22318291830.82264,,2.253375746070768,coingecko,2026-02-12T10:45:44Z
2026-02-12T10:00:00Z,BNB,615.9,83978510981.59583,1331869967.1622095,,4.69400957439238,coingecko,2026-02-12T10:45:44Z
2026-02-12T11:00:00Z,BTC,68075.0,1361051387932.0847,51005238662.65559,,1.7170576036343703,coingecko,2026-02-12T11:39:58Z
2026-02-12T11:00:00Z,ETH,1994.2,240700140149.25305,22582484878.14708,,2.3561730649513937,coingecko,2026-02-12T11:39:58Z
2026-02-12T11:00:00Z,BNB,618.8,84406732920.81111,1326526027.8175328,,4.601174852086904,coingecko,2026-02-12T11:39:58Z
2026-02-12T13:00:00Z,BTC,67696.0,1354366160734.7651,50641167742.49597,,1.1094853994634908,coingecko,2026-02-12T13:07:33Z
2026-02-12T13:00:00Z,ETH,1976.53,238724711935.2987,22925505612.52058,,1.4639303275361817,coingecko,2026-02-12T13:07:33Z
2026-02-12T13:00:00Z,BNB,614.19,83760199861.13373,1283864414.3900695,,4.004203088390666,coingecko,2026-02-12T13:07:33Z
2026-02-12T14:00:00Z,BTC,67608.0,1350958972773.793,47174350713.005394,,0.5748213613631808,coingecko,2026-02-12T14:48:02Z
2026-02-12T14:00:00Z,ETH,1978.18,238677813125.2797,20763224319.36487,,1.1970192409679965,coingecko,2026-02-12T14:48:02Z
2026-02-12T14:00:00Z,BNB,611.86,83397823378.03229,1162396347.3433394,,1.821901002708054,coingecko,2026-02-12T14:48:02Z
2026-02-12T15:00:00Z,BTC,67401.0,1347486210173.6675,45361154537.27023,,1.3992187481673513,coingecko,2026-02-12T15:53:24Z
2026-02-12T15:00:00Z,ETH,1956.06,236139172991.94308,19449229763.4874,,1.3898907695259568,coingecko,2026-02-12T15:53:24Z
2026-02-12T15:00:00Z,BNB,610.57,83272834510.78542,1095739003.2474844,,2.9961968859876165,coingecko,2026-02-12T15:53:24Z
2026-02-12T16:00:00Z,BTC,65786.0,1311462519281.3428,43250683109.77653,,-0.5301519161863149,coingecko,2026-02-12T16:59:00Z
2026-02-12T16:00:00Z,ETH,1906.46,229485385114.98688,17500791467.10757,,-0.4016965760401388,coingecko,2026-02-12T16:59:00Z
2026-02-12T16:00:00Z,BNB,603.74,82254521975.16261,1085337927.262077,,1.710204266615295,coingecko,2026-02-12T16:59:00Z
2026-02-12T18:00:00Z,BTC,65456.0,1308686159097.6912,47839536789.37829,,-1.7722669661654873,coingecko,2026-02-12T18:00:05Z
2026-02-12T18:00:00Z,ETH,1909.74,230346784164.2944,19390603478.46965,,-1.360540760188666,coingecko,2026-02-12T18:00:05Z
2026-02-12T18:00:00Z,BNB,603.34,82256744313.64291,917608353.616494,,-0.190335881877024,coingecko,2026-02-12T18:00:05Z
2026-02-12T19:00:00Z,BTC,65403.0,1308219286604.014,48582626353.34934,,-3.065647965514695,coingecko,2026-02-12T19:16:10Z
2026-02-12T19:00:00Z,ETH,1916.64,231376317062.50464,20546247989.578617,,-1.634099835424778,coingecko,2026-02-12T19:16:10Z
2026-02-12T19:00:00Z,BNB,606.14,82664681015.21063,1035121016.8323056,,-0.8053547367171467,coingecko,2026-02-12T19:16:10Z
2026-02-12T20:00:00Z,BTC,65478.0,1308792649119.8567,49022516310.07462,,-2.5323228257412933,coingecko,2026-02-12T20:35:05Z
2026-02-12T20:00:00Z,ETH,1919.53,231655986037.92603,20802666748.89502,,-1.1775637006375952,coingecko,2026-02-12T20:35:05Z
2026-02-12T20:00:00Z,BNB,606.57,82678963778.07388,1029874161.373942,,0.0617671603809622,coingecko,2026-02-12T20:35:05Z
2026-02-12T21:00:00Z,BTC,65578.0,1310394398403.8042,48379736870.21507,,-3.66042252668056,coingecko,2026-02-12T21:34:09Z
2026-02-12T21:00:00Z,ETH,1919.02,231679920057.46265,20472866074.563946,,-2.7813480776883286,coingecko,2026-02-12T21:34:09Z
2026-02-12T21:00:00Z,BNB,605.63,82595678333.39212,994045207.3393484,,-1.3052601369226446,coingecko,2026-02-12T21:34:09Z
2026-02-12T22:00:00Z,BTC,65887.0,1314911717267.257,46991373024.755424,,-2.361394861182634,coingecko,2026-02-12T22:33:00Z
2026-02-12T22:00:00Z,ETH,1927.09,232262652123.89148,18736594733.773533,,-1.5915790632600428,coingecko,2026-02-12T22:33:00Z
2026-02-12T22:00:00Z,BNB,607.72,82796185157.89145,978642325.6156814,,-0.3094917130704182,coingecko,2026-02-12T22:33:00Z
2026-02-12T23:00:00Z,BTC,66351.0,1327155489151.556,47945529446.15523,,-0.8454721426180904,coingecko,2026-02-12T23:29:28Z
2026-02-12T23:00:00Z,ETH,1946.54,235120613633.3155,20234227803.81914,,0.6276583784530398,coingecko,2026-02-12T23:29:28Z
2026-02-12T23:00:00Z,BNB,614.37,83774462708.69574,976293860.7487768,,1.5502742135326713,coingecko,2026-02-12T23:29:28Z
2026-02-13T02:00:00Z,BTC,66483.0,1326994281140.6516,47901221812.65633,,-1.4628454799264834,coingecko,2026-02-13T02:12:33Z
2026-02-13T02:00:00Z,ETH,1946.68,234426997079.8005,20061389461.560093,,-0.5943991154629418,coingecko,2026-02-13T02:12:33Z
2026-02-13T02:00:00Z,BNB,615.36,83866920504.54774,971355996.116334,,0.6281324088351447,coingecko,2026-02-13T02:12:33Z
2026-02-13T04:00:00Z,BTC,66336.0,1325273004868.2,47731795897.67353,,-1.073973865542868,coingecko,2026-02-13T04:53:19Z
2026-02-13T04:00:00Z,ETH,1947.26,234970838225.9448,19302190036.25062,,-0.9525568344619724,coingecko,2026-02-13T04:53:19Z
2026-02-13T04:00:00Z,BNB,606.11,82659841466.73595,1044981545.73116,,-1.4292085751540555,coingecko,2026-02-13T04:53:19Z
2026-02-13T05:00:00Z,BTC,66223.0,1323757655038.2188,47911171719.69891,,-1.2752143458292182,coingecko,2026-02-13T05:59:28Z
2026-02-13T05:00:00Z,ETH,1934.46,233479224615.24103,20030506307.228683,,-1.7148621228744525,coingecko,2026-02-13T05:59:28Z
2026-02-13T05:00:00Z,BNB,599.24,81719396601.97864,1055501407.227873,,-2.587356313435292,coingecko,2026-02-13T05:59:28Z
2026-02-13T07:00:00Z,BTC,66339.0,1326461983959.9165,47114183191.94261,,-0.8953363736895346,coingecko,2026-02-13T07:11:12Z
2026-02-13T07:00:00Z,ETH,1936.96,233802699467.3181,18917205193.666782,,-1.5451066217203069,coingecko,2026-02-13T07:11:12Z
2026-02-13T07:00:00Z,BNB,598.22,81574179771.2282,1074306482.5290997,,-2.602900903281197,coingecko,2026-02-13T07:11:12Z
2026-02-13T08:00:00Z,BTC,66396.0,1327172094251.4312,47188139937.35281,,-0.8333347734558788,coingecko,2026-02-13T08:42:14Z
2026-02-13T08:00:00Z,ETH,1945.28,234754636533.05032,19041053317.63433,,-0.7311927971082122,coingecko,2026-02-13T08:42:14Z
2026-02-13T08:00:00Z,BNB,601.95,82072806143.11667,1095050700.955672,,-1.4806932555696624,coingecko,2026-02-13T08:42:14Z
2026-02-13T09:00:00Z,BTC,66832.0,1335217821521.7488,48235405378.33186,,-0.7470868434078727,coingecko,2026-02-13T09:43:55Z
2026-02-13T09:00:00Z,ETH,1959.62,236585225957.3283,19032362182.452534,,-0.7814887054833554,coingecko,2026-02-13T09:43:55Z
2026-02-13T09:00:00Z,BNB,601.25,81952654169.76735,1085440969.612414,,-2.1393920086408893,coingecko,2026-02-13T09:43:55Z
2026-02-13T10:00:00Z,BTC,66969.0,1338616329087.9749,48034468932.53305,,-1.0615405239194458,coingecko,2026-02-13T10:39:35Z
2026-02-13T10:00:00Z,ETH,1960.59,236628600014.0395,20034002619.7847,,-1.1497393257547497,coingecko,2026-02-13T10:39:35Z
2026-02-13T10:00:00Z,BNB,601.2,81947543596.36139,1092410653.2117236,,-2.367916932117744,coingecko,2026-02-13T10:39:35Z
2026-02-13T11:00:00Z,BTC,66878.0,1337297716581.5144,47233323600.0001,,-1.8826480568531017,coingecko,2026-02-13T11:32:03Z
2026-02-13T11:00:00Z,ETH,1952.11,235800130027.39435,20094082294.74868,,-2.23081882612597,coingecko,2026-02-13T11:32:03Z
2026-02-13T11:00:00Z,BNB,599.27,81773427434.80595,1086067624.7088983,,-3.16439564249307,coingecko,2026-02-13T11:32:03Z
2026-02-13T12:00:00Z,BTC,67106.0,1341956619077.282,46593030889.82231,,-1.0553541931319617,coingecko,2026-02-13T12:59:28Z
2026-02-13T12:00:00Z,ETH,1961.01,236833716399.6461,19002003419.07835,,-0.8682702479098646,coingecko,2026-02-13T12:59:28Z
2026-02-13T12:00:00Z,BNB,599.25,81714193995.14566,1098313711.817033,,-2.584226460082516,coingecko,2026-02-13T12:59:28Z
2026-02-13T14:00:00Z,BTC,67123.0,1343612178574.1826,47117499351.56274,,-1.1283042111154244,coingecko,2026-02-13T14:06:20Z
2026-02-13T14:00:00Z,ETH,1965.35,237664890431.5941,19452804385.8455,,-0.8538602790838287,coingecko,2026-02-13T14:06:20Z
2026-02-13T14:00:00Z,BNB,596.94,81572733516.8746,1123401299.9945033,,-2.8156852962101526,coingecko,2026-02-13T14:06:20Z
2026-02-13T15:00:00Z,BTC,68900.0,1376169169864.8032,49848985341.290886,,2.2257848327182645,coingecko,2026-02-13T15:42:22Z
2026-02-13T15:00:00Z,ETH,2039.58,245939336793.9357,22396239078.73708,,4.302169707151677,coingecko,2026-02-13T15:42:22Z
2026-02-13T15:00:00Z,BNB,611.16,83530495038.6396,1132071120.6317089,,0.1191252754495248,coingecko,2026-02-13T15:42:22Z
2026-02-13T16:00:00Z,BTC,69208.0,1384337209277.5332,49394046397.51781,,4.423869173858436,coingecko,2026-02-13T16:46:24Z
2026-02-13T16:00:00Z,ETH,2063.04,248760585463.04257,21817140299.57524,,7.638233593348337,coingecko,2026-02-13T16:46:24Z
2026-02-13T16:00:00Z,BNB,616.45,84059202493.43982,1288010523.3966925,,1.538079396000764,coingecko,2026-02-13T16:46:24Z
2026-02-13T17:00:00Z,BTC,69032.0,1379866741985.9043,47054505961.187096,,4.699974408525078,coingecko,2026-02-13T17:39:51Z
2026-02-13T17:00:00Z,ETH,2060.99,248745427538.8764,20763005578.099594,,7.327206277494613,coingecko,2026-02-13T17:39:51Z
2026-02-13T17:00:00Z,BNB,616.72,84122983420.09921,1295208638.2404492,,1.660910645938021,coingecko,2026-02-13T17:39:51Z
2026-02-13T18:00:00Z,BTC,69154.0,1385285401800.9548,46429676442.45353,,5.475696548754957,coingecko,2026-02-13T18:50:57Z
2026-02-13T18:00:00Z,ETH,2059.19,248624117124.4441,21123585764.955296,,7.159044573906481,coingecko,2026-02-13T18:50:57Z
2026-02-13T18:00:00Z,BNB,617.31,84222708498.89587,1295713838.0386178,,1.8684248196806523,coingecko,2026-02-13T18:50:57Z
2026-02-13T19:00:00Z,BTC,69000.0,1379307243417.3755,45890844759.32641,,4.674572731216197,coingecko,2026-02-13T19:42:20Z
2026-02-13T19:00:00Z,ETH,2054.91,247999442947.5914,20283694566.105766,,6.4282136488936,coingecko,2026-02-13T19:42:20Z
2026-02-13T19:00:00Z,BNB,617.68,84248345373.28151,1278345655.2417784,,1.193025385174824,coingecko,2026-02-13T19:42:20Z
2026-02-13T20:00:00Z,BTC,68740.0,1375758536046.7231,45210223431.73956,,4.833126714880838,coingecko,2026-02-13T20:38:55Z
2026-02-13T20:00:00Z,ETH,2041.26,246773421818.56888,21270687321.06367,,6.2887056773613645,coingecko,2026-02-13T20:38:55Z
2026-02-13T20:00:00Z,BNB,616.31,84115490125.38615,1313524021.9491029,,1.5889277953448575,coingecko,2026-02-13T20:38:55Z
2026-02-13T21:00:00Z,BTC,68837.0,1376006140638.251,44439126165.902725,,5.012301411604496,coingecko,2026-02-13T21:35:13Z
2026-02-13T21:00:00Z,ETH,2051.86,247644955079.83307,19840799193.108105,,6.901278783760182,coingecko,2026-02-13T21:35:13Z
2026-02-13T21:00:00Z,BNB,621.3,84723182738.22417,1255562499.7832825,,2.4779707106282114,coingecko,2026-02-13T21:35:13Z
2026-02-13T22:00:00Z,BTC,68853.0,1375903625707.2969,44428213650.49441,,4.509094594430372,coingecko,2026-02-13T22:33:31Z
2026-02-13T22:00:00Z,ETH,2050.53,247483196824.0187,21143267839.00692,,6.424333656486088,coingecko,2026-02-13T22:33:31Z
2026-02-13T22:00:00Z,BNB,618.83,84398971532.57285,1290973832.656018,,1.648077917664624,coingecko,2026-02-13T22:33:31Z
2026-02-13T23:00:00Z,BTC,68893.0,1377037791984.771,43814184043.88305,,3.8633010528300114,coingecko,2026-02-13T23:30:45Z
2026-02-13T23:00:00Z,ETH,2049.91,247412213403.2173,20675961762.4786,,5.307819307095172,coingecko,2026-02-13T23:30:45Z
2026-02-13T23:00:00Z,BNB,619.31,84468005494.90358,1316312249.454227,,0.8661881477952167,coingecko,2026-02-13T23:30:45Z
2026-02-14T02:00:00Z,BTC,68921.0,1377421996287.8242,42160707859.03793,,3.815817512881904,coingecko,2026-02-14T02:01:02Z
2026-02-14T02:00:00Z,ETH,2053.11,247817539288.92505,19509502979.56232,,5.761874667280301,coingecko,2026-02-14T02:01:02Z
2026-02-14T02:00:00Z,BNB,623.71,85057269310.72464,1309206460.9918609,,1.4427518431940562,coingecko,2026-02-14T02:01:02Z
2026-02-14T04:00:00Z,BTC,68836.0,1376149348179.4434,40479847773.64509,,3.7034743710087006,coingecko,2026-02-14T04:41:19Z
2026-02-14T04:00:00Z,ETH,2055.18,247927769425.8681,18922878542.5772,,5.440234193414812,coingecko,2026-02-14T04:41:19Z
2026-02-14T04:00:00Z,BNB,616.84,84122667192.70364,1205046513.5720122,,1.7574410747179563,coingecko,2026-02-14T04:41:19Z
2026-02-14T05:00:00Z,BTC,68791.0,1374735548184.0093,40157677833.36345,,3.69827038490982,coingecko,2026-02-14T05:44:14Z
2026-02-14T05:00:00Z,ETH,2052.35,247659905104.306,18680133570.52558,,5.915436232826625,coingecko,2026-02-14T05:44:14Z
2026-02-14T05:00:00Z,BNB,617.17,84138333540.1896,1180863867.8524709,,2.5442177511492243,coingecko,2026-02-14T05:44:14Z
2026-02-14T06:00:00Z,BTC,68854.0,1376425729084.1018,39806229193.09439,,4.263823444580808,coingecko,2026-02-14T06:44:18Z
2026-02-14T06:00:00Z,ETH,2052.28,247732439036.84225,18450947622.234776,,6.478505360060935,coingecko,2026-02-14T06:44:18Z
2026-02-14T06:00:00Z,BNB,617.49,84211674866.65123,1125516847.4380138,,3.738632496003024,coingecko,2026-02-14T06:44:18Z
2026-02-14T07:00:00Z,BTC,68939.0,1377489803415.433,39491005488.37272,,3.9675269493790064,coingecko,2026-02-14T07:33:54Z
2026-02-14T07:00:00Z,ETH,2052.63,247884309383.11624,18124229616.698685,,5.697501628906825,coingecko,2026-02-14T07:33:54Z
2026-02-14T07:00:00Z,BNB,620.53,84591824576.92647,1136176637.6465018,,3.595109278774221,coingecko,2026-02-14T07:33:54Z
2026-02-14T08:00:00Z,BTC,69462.0,1388413597364.355,39855617836.1529,,4.677722962493302,coingecko,2026-02-14T08:32:56Z
2026-02-14T08:00:00Z,ETH,2068.92,249523097107.1436,19461804750.4122,,6.362874935623249,coingecko,2026-02-14T08:32:56Z
2026-02-14T08:00:00Z,BNB,623.88,85072332132.92682,1117545837.7157974,,3.714996362555893,coingecko,2026-02-14T08:32:56Z
2026-02-14T09:00:00Z,BTC,69567.0,1390573184295.7104,40046452363.48168,,4.089654767741982,coingecko,2026-02-14T09:31:09Z
2026-02-14T09:00:00Z,ETH,2075.97,250532485722.17648,18098552169.0004,,5.794090264847637,coingecko,2026-02-14T09:31:09Z
2026-02-14T09:00:00Z,BNB,626.47,85425529376.1329,1085462340.100828,,4.253056730546826,coingecko,2026-02-14T09:31:09Z
2026-02-14T10:00:00Z,BTC,69599.0,1391217899927.9077,39601969848.057884,,4.146133526246183,coingecko,2026-02-14T10:26:52Z
2026-02-14T10:00:00Z,ETH,2073.67,250276062650.53488,18278074352.203632,,6.001072264447625,coingecko,2026-02-14T10:26:52Z
2026-02-14T10:00:00Z,BNB,626.54,85434162207.03864,1142053466.759684,,4.423326415990103,coingecko,2026-02-14T10:26:52Z
2026-02-14T11:00:00Z,BTC,70164.0,1399306542230.7324,41143877524.8086,,4.93552249083587,coingecko,2026-02-14T11:22:42Z
2026-02-14T11:00:00Z,ETH,2092.12,252260253401.88007,15216527709.25386,,7.1293449663169,coingecko,2026-02-14T11:22:42Z
2026-02-14T11:00:00Z,BNB,631.52,85970888212.75723,1156202414.5255752,,5.436111374753463,coingecko,2026-02-14T11:22:42Z
2026-02-14T12:00:00Z,BTC,69955.0,1399297560028.026,43158196172.97205,,4.3613020425562015,coingecko,2026-02-14T12:48:30Z
2026-02-14T12:00:00Z,ETH,2077.16,250826633236.3872,19855869084.287186,,6.077143490477722,coingecko,2026-02-14T12:48:30Z
2026-02-14T12:00:00Z,BNB,628.88,85786716546.2248,1165341068.2825484,,5.103155636725899,coingecko,2026-02-14T12:48:30Z
2026-02-14T13:00:00Z,BTC,69368.0,1386180820716.3044,45270467626.8215,,3.0974785862560106,coingecko,2026-02-14T13:44:12Z
2026-02-14T13:00:00Z,ETH,2069.63,249851413491.0995,20138629291.087334,,5.0167411694108885,coingecko,2026-02-14T13:44:12Z
2026-02-14T13:00:00Z,BNB,629.35,85779651962.7348,1140813999.9799955,,4.803100650028962,coingecko,2026-02-14T13:44:12Z
2026-02-14T14:00:00Z,BTC,69402.0,1387663064155.4246,45879171724.40712,,3.189271481487209,coingecko,2026-02-14T14:27:23Z
2026-02-14T14:00:00Z,ETH,2069.7,249927614766.111,20746717310.38401,,4.858752489814347,coingecko,2026-02-14T14:27:23Z
2026-02-14T14:00:00Z,BNB,630.77,86020100396.5913,1135026638.9818609,,5.509587204423072,coingecko,2026-02-14T14:27:23Z
2026-02-14T15:00:00Z,BTC,69917.0,1394965400132.9531,43818976169.34906,,2.445760973147096,coingecko,2026-02-14T15:26:08Z
2026-02-14T15:00:00Z,ETH,2089.84,252038815107.4626,19131715243.08862,,2.4698952286521263,coingecko,2026-02-14T15:26:08Z
2026-02-14T15:00:00Z,BNB,635.8,86615641043.0604,1050963908.7196972,,4.87552239782577,coingecko,2026-02-14T15:26:08Z
2026-02-14T16:00:00Z,BTC,69399.0,1387138577557.1047,40469612098.95207,,0.5566628490492223,coingecko,2026-02-14T16:30:14Z
2026-02-14T16:00:00Z,ETH,2071.92,249855596277.134,16048798551.05476,,0.853479964978693,coingecko,2026-02-14T16:30:14Z
2026-02-14T16:00:00Z,BNB,630.65,85986197438.41815,927537013.204103,,2.486578651097673,coingecko,2026-02-14T16:30:14Z
2026-02-14T17:00:00Z,BTC,69857.0,1395763502440.535,40394999139.249054,,1.2768502545250071,coingecko,2026-02-14T17:25:40Z
2026-02-14T17:00:00Z,ETH,2085.59,251545608735.33405,16456049742.053322,,1.3310806672028666,coingecko,2026-02-14T17:25:40Z
2026-02-14T17:00:00Z,BNB,633.92,86410759070.64595,871630396.892786,,2.98005449583562,coingecko,2026-02-14T17:25:40Z
2026-02-14T18:00:00Z,BTC,69747.0,1393335731104.899,39680250252.637184,,1.014410895660738,coingecko,2026-02-14T18:35:32Z
2026-02-14T18:00:00Z,ETH,2084.18,251168684009.30515,16416063113.845629,,1.3952929735135169,coingecko,2026-02-14T18:35:32Z
2026-02-14T18:00:00Z,BNB,631.89,86108025011.65956,843175007.1381567,,2.5709954478952946,coingecko,2026-02-14T18:35:32Z
2026-02-14T19:00:00Z,BTC,69735.0,1394420066477.3894,39053408208.945305,,0.8099178822993935,coingecko,2026-02-14T19:24:09Z
2026-02-14T19:00:00Z,ETH,2083.34,251501838895.1116,17127431325.17409,,1.150862146924854,coingecko,2026-02-14T19:24:09Z
2026-02-14T19:00:00Z,BNB,630.94,86079837939.25986,849857482.2272666,,1.6904155743527531,coingecko,2026-02-14T19:24:09Z
2026-02-14T20:00:00Z,BTC,69846.0,1396394670199.2178,38824700133.66934,,1.441146181108337,coingecko,2026-02-14T20:27:05Z
2026-02-14T20:00:00Z,ETH,2084.58,251571473004.32184,15854723401.049736,,1.7943122120489117,coingecko,2026-02-14T20:27:05Z
2026-02-14T20:00:00Z,BNB,631.29,86077255180.86908,807006561.9369937,,2.3634016265431934,coingecko,2026-02-14T20:27:05Z
2026-02-14T21:00:00Z,BTC,70051.0,1402114746956.1973,39061023747.54948,,1.6824458617862117,coingecko,2026-02-14T21:24:43Z
2026-02-14T21:00:00Z,ETH,2088.1,252538940528.7135,15963019582.891504,,1.6938816494322988,coingecko,2026-02-14T21:24:43Z
2026-02-14T21:00:00Z,BNB,632.38,86397107347.85884,827235773.8618094,,1.7825801202086218,coingecko,2026-02-14T21:24:43Z
2026-02-14T22:00:00Z,BTC,69790.0,1396456839985.9497,39179544189.67456,,1.4342771187183132,coingecko,2026-02-14T22:23:47Z
2026-02-14T22:00:00Z,ETH,2084.01,252006612013.3898,16153013655.396025,,1.7702111017978406,coingecko,2026-02-14T22:23:47Z
2026-02-14T22:00:00Z,BNB,631.01,86107995196.1792,814740127.4279999,,1.973749151622663,coingecko,2026-02-14T22:23:47Z
2026-02-14T23:00:00Z,BTC,69764.0,1398288526490.1533,39276286545.258514,,1.3146376521419825,coingecko,2026-02-14T23:24:46Z
2026-02-14T23:00:00Z,ETH,2084.97,252280592274.1536,24622424941.32645,,1.7001971489875949,coingecko,2026-02-14T23:24:46Z
2026-02-14T23:00:00Z,BNB,631.71,86352832993.74973,822666915.4159547,,1.9900340545530424,coingecko,2026-02-14T23:24:46Z
2026-02-15T02:00:00Z,BTC,69470.0,1392251447473.8682,37949687826.16786,,0.7381918867835766,coingecko,2026-02-15T02:12:09Z
2026-02-15T02:00:00Z,ETH,2057.91,249481973930.5752,16298863095.794231,,0.2484675045130273,coingecko,2026-02-15T02:12:09Z
2026-02-15T02:00:00Z,BNB,630.6,86248519668.72792,803214978.4226643,,1.2463498771910333,coingecko,2026-02-15T02:12:09Z
2026-02-15T04:00:00Z,BTC,70248.0,1404297136468.844,43083734632.51667,,2.145268339150507,coingecko,2026-02-15T04:54:13Z
2026-02-15T04:00:00Z,ETH,2078.01,250839537384.95105,22594182037.1758,,1.195562155690449,coingecko,2026-02-15T04:54:13Z
2026-02-15T04:00:00Z,BNB,636.14,86802967954.20004,867467597.9316524,,3.090814381600072,coingecko,2026-02-15T04:54:13Z
2026-02-15T05:00:00Z,BTC,70288.0,1405798706504.1804,43615529397.89276,,2.249409847534891,coingecko,2026-02-15T05:56:24Z
2026-02-15T05:00:00Z,ETH,2090.28,252456072525.1475,23268783619.715004,,1.9615717207842684,coingecko,2026-02-15T05:56:24Z
2026-02-15T05:00:00Z,BNB,636.35,86820493335.62076,875592936.818588,,3.2268992136022163,coingecko,2026-02-15T05:56:24Z
2026-02-15T06:00:00Z,BTC,70314.0,1405133929091.618,43612031650.51766,,2.075507425516886,coingecko,2026-02-15T06:54:29Z
2026-02-15T06:00:00Z,ETH,2084.32,251407204659.8556,23371174176.77152,,1.5311627695706198,coingecko,2026-02-15T06:54:29Z
2026-02-15T06:00:00Z,BNB,635.64,86694372567.65994,863308638.0713546,,2.7171090253513186,coingecko,2026-02-15T06:54:29Z
2026-02-15T07:00:00Z,BTC,70828.0,1415152167624.886,45486793869.29511,,2.730260705518495,coingecko,2026-02-15T07:38:44Z
2026-02-15T07:00:00Z,ETH,2096.33,252704191549.78085,25117874812.62473,,2.2243752328780166,coingecko,2026-02-15T07:38:44Z
2026-02-15T07:00:00Z,BNB,640.6,87306593779.96426,905181085.2716752,,3.2984532426526574,coingecko,2026-02-15T07:38:44Z
2026-02-15T08:00:00Z,BTC,70325.0,1408177976763.931,45462626083.83937,,1.0608387157935206,coingecko,2026-02-15T08:33:48Z
2026-02-15T08:00:00Z,ETH,2064.1,249727987104.9141,25323917265.929382,,-0.4116008041704696,coingecko,2026-02-15T08:33:48Z
2026-02-15T08:00:00Z,BNB,631.12,86617153104.96408,902702723.4469182,,1.0110285941413344,coingecko,2026-02-15T08:33:48Z
2026-02-15T09:00:00Z,BTC,70568.0,1410596205884.003,44421667114.65499,,1.4085505465525845,coingecko,2026-02-15T09:31:52Z
2026-02-15T09:00:00Z,ETH,2073.11,250214968497.6745,24739460151.91036,,-0.1291702824019262,coingecko,2026-02-15T09:31:52Z
2026-02-15T09:00:00Z,BNB,632.01,86131437259.2938,898422507.1142112,,0.8836732118692101,coingecko,2026-02-15T09:31:52Z
2026-02-15T10:00:00Z,BTC,70401.0,1407036384102.2507,44736452651.192566,,1.1882340809467182,coingecko,2026-02-15T10:26:27Z
2026-02-15T10:00:00Z,ETH,2061.77,248567072650.3847,24759243931.922382,,-0.5464915768556508,coingecko,2026-02-15T10:26:27Z
2026-02-15T10:00:00Z,BNB,628.7,85597649234.98184,899402977.6196439,,0.3870460245491632,coingecko,2026-02-15T10:26:27Z
2026-02-15T11:00:00Z,BTC,70389.0,1407931323999.171,44409227893.46475,,0.1283729683548246,coingecko,2026-02-15T11:22:37Z
2026-02-15T11:00:00Z,ETH,2063.02,249115309851.11337,25579709834.920902,,-1.7397968863211253,coingecko,2026-02-15T11:22:37Z
2026-02-15T11:00:00Z,BNB,629.96,85934470216.39223,898792927.6709437,,-0.4514350714037681,coingecko,2026-02-15T11:22:37Z
2026-02-15T12:00:00Z,BTC,69960.0,1400782939605.1555,42676005404.00959,,0.3150378849875493,coingecko,2026-02-15T12:51:31Z
2026-02-15T12:00:00Z,ETH,2046.13,248571611836.1046,22648342701.688915,,-1.1504616171895778,coingecko,2026-02-15T12:51:31Z
2026-02-15T12:00:00Z,BNB,625.61,85655225160.63445,884558378.9814605,,-0.3164305466096365,coingecko,2026-02-15T12:51:31Z
2026-02-15T13:00:00Z,BTC,68931.0,1378751585493.8523,41483548427.71687,,-0.640129212244181,coingecko,2026-02-15T13:45:20Z
2026-02-15T13:00:00Z,ETH,2010.14,242689896822.8333,24585431661.310493,,-2.948510593051413,coingecko,2026-02-15T13:45:20Z
2026-02-15T13:00:00Z,BNB,618.2,84377052038.11026,916510146.3217924,,-1.722759609085344,coingecko,2026-02-15T13:45:20Z
2026-02-15T14:00:00Z,BTC,69014.0,1379839271313.8062,39913949786.72027,,-0.5853227692463439,coingecko,2026-02-15T14:28:05Z
2026-02-15T14:00:00Z,ETH,2000.81,241609776893.93668,24821764990.08769,,-3.378878179996727,coingecko,2026-02-15T14:28:05Z
2026-02-15T14:00:00Z,BNB,618.88,84395819251.25606,922633697.135038,,-1.9124343549373728,coingecko,2026-02-15T14:28:05Z
2026-02-15T15:00:00Z,BTC,68957.0,1378309895477.123,39387282933.3353,,-1.3732749228845265,coingecko,2026-02-15T15:25:41Z
2026-02-15T15:00:00Z,ETH,2007.63,242188153004.4376,24648343562.140945,,-3.938558128889235,coingecko,2026-02-15T15:25:41Z
2026-02-15T15:00:00Z,BNB,621.08,84659299764.60794,779940143.0637741,,-2.230632614660365,coingecko,2026-02-15T15:25:41Z
2026-02-15T16:00:00Z,BTC,69010.0,1379153547225.7107,39511831173.27072,,-0.5039589681692092,coingecko,2026-02-15T16:30:52Z
2026-02-15T16:00:00Z,ETH,2005.66,241955761790.3957,25471578148.76116,,-3.127188011013262,coingecko,2026-02-15T16:30:52Z
2026-02-15T16:00:00Z,BNB,619.39,84439212417.71097,915839173.05373,,-1.7696332719720254,coingecko,2026-02-15T16:30:52Z
2026-02-15T17:00:00Z,BTC,68943.0,1377921004186.565,37664843353.20618,,-1.2526544319289097,coingecko,2026-02-15T17:25:55Z
2026-02-15T17:00:00Z,ETH,1999.41,241225125751.7721,24805003581.27478,,-4.090006090983633,coingecko,2026-02-15T17:25:55Z
2026-02-15T17:00:00Z,BNB,618.66,84343174218.75986,865495425.0915214,,-2.4093201041781014,coingecko,2026-02-15T17:25:55Z
2026-02-15T18:00:00Z,BTC,68425.0,1370046073533.3027,40142046535.73022,,-1.8904405574417256,coingecko,2026-02-15T18:36:54Z
2026-02-15T18:00:00Z,ETH,1959.82,236715607631.1918,27057125606.014664,,-5.965706275914381,coingecko,2026-02-15T18:36:54Z
2026-02-15T18:00:00Z,BNB,611.34,83395188251.56126,961433148.3375912,,-3.201716443526035,coingecko,2026-02-15T18:36:54Z
2026-02-15T19:00:00Z,BTC,68363.0,1363708890207.2932,43695549604.94531,,-2.0121686541294688,coingecko,2026-02-15T19:25:23Z
2026-02-15T19:00:00Z,ETH,1946.14,234445485260.4073,30383693036.86453,,-6.641227503115836,coingecko,2026-02-15T19:25:23Z
2026-02-15T19:00:00Z,BNB,612.08,83354127876.94925,998774935.3466812,,-3.011593888259176,coingecko,2026-02-15T19:25:23Z
2026-02-15T20:00:00Z,BTC,68340.0,1366104405426.9802,43634666993.22547,,-2.142284179263098,coingecko,2026-02-15T20:27:24Z
2026-02-15T20:00:00Z,ETH,1945.29,234771893246.78564,30072107589.098274,,-6.687743439476206,coingecko,2026-02-15T20:27:24Z
2026-02-15T20:00:00Z,BNB,612.38,83502500854.14682,977660472.831478,,-2.993795685270114,coingecko,2026-02-15T20:27:24Z
2026-02-15T21:00:00Z,BTC,68719.0,1373793434267.5566,43572165893.12202,,-2.040523137785067,coingecko,2026-02-15T21:24:49Z
2026-02-15T21:00:00Z,ETH,1956.71,236259089347.8108,30524126902.81894,,-6.270497812559084,coingecko,2026-02-15T21:24:49Z
2026-02-15T21:00:00Z,BNB,615.52,83945672139.08917,983233320.5270016,,-2.648199931441433,coingecko,2026-02-15T21:24:49Z
2026-02-15T22:00:00Z,BTC,68852.0,1376046344021.443,43455611474.77023,,-1.453885765311577,coingecko,2026-02-15T22:24:34Z
2026-02-15T22:00:00Z,ETH,1960.74,236619152867.7096,31171692002.86145,,-5.988554305156313,coingecko,2026-02-15T22:24:34Z
2026-02-15T22:00:00Z,BNB,615.0,83834287176.8261,999092774.2379605,,-2.52879824443294,coingecko,2026-02-15T22:24:34Z
2026-02-15T23:00:00Z,BTC,68528.0,1369290592188.0625,43975299839.74108,,-1.7851205768248335,coingecko,2026-02-15T23:26:56Z
2026-02-15T23:00:00Z,ETH,1955.6,235981716199.9499,30952057032.86404,,-6.216739767565772,coingecko,2026-02-15T23:26:56Z
2026-02-15T23:00:00Z,BNB,612.83,83562830319.74832,993589739.0415976,,-3.043711551309803,coingecko,2026-02-15T23:26:56Z
2026-02-16T02:00:00Z,BTC,68686.0,1372916271740.818,43320147761.09553,,-1.34596962605022,coingecko,2026-02-16T02:08:08Z
2026-02-16T02:00:00Z,ETH,1964.69,237159321570.21945,30712693712.30364,,-4.676380141775825,coingecko,2026-02-16T02:08:08Z
2026-02-16T02:00:00Z,BNB,616.0,83990113739.40472,983325293.1779093,,-2.483092812401432,coingecko,2026-02-16T02:08:08Z
2026-02-16T04:00:00Z,BTC,68823.0,1375873999670.2783,41696086269.377846,,-1.9050845945828463,coingecko,2026-02-16T04:59:05Z
2026-02-16T04:00:00Z,ETH,1971.16,237919097212.3574,25978146630.026188,,-5.019243201869555,coingecko,2026-02-16T04:59:05Z
2026-02-16T04:00:00Z,BNB,617.53,84210763352.1931,759479749.2434381,,-2.804287727639753,coingecko,2026-02-16T04:59:05Z
2026-02-16T06:00:00Z,BTC,68364.0,1366337632804.7524,41017279075.24889,,-2.6589314642608177,coingecko,2026-02-16T06:10:10Z
2026-02-16T06:00:00Z,ETH,1958.96,236249687144.1468,30999828315.23815,,-6.168506670571187,coingecko,2026-02-16T06:10:10Z
2026-02-16T06:00:00Z,BNB,612.16,83471908100.55371,859664117.7331737,,-3.766540356527776,coingecko,2026-02-16T06:10:10Z
2026-02-16T07:00:00Z,BTC,68535.0,1370083776322.5386,39454162519.56056,,-3.0478257934090656,coingecko,2026-02-16T07:54:32Z
2026-02-16T07:00:00Z,ETH,1969.74,237736694244.4037,24739210355.52235,,-5.74235059509269,coingecko,2026-02-16T07:54:32Z
2026-02-16T07:00:00Z,BNB,612.75,83554418231.49731,867158394.8204151,,-4.200851059163432,coingecko,2026-02-16T07:54:32Z
2026-02-16T08:00:00Z,BTC,68707.0,1373458363254.896,38075592365.507416,,-2.255284955271274,coingecko,2026-02-16T08:49:00Z
2026-02-16T08:00:00Z,ETH,1974.65,238325293010.1735,22991798581.24841,,-4.248484763570872,coingecko,2026-02-16T08:49:00Z
2026-02-16T08:00:00Z,BNB,613.87,83707542493.58623,829253766.1117629,,-2.5639225763135687,coingecko,2026-02-16T08:49:00Z
2026-02-16T09:00:00Z,BTC,68961.0,1378836983687.7017,38610475753.49666,,-2.1307999355770773,coingecko,2026-02-16T09:54:42Z
2026-02-16T09:00:00Z,ETH,1987.01,240085380354.61496,24844852222.65363,,-3.997094278676585,coingecko,2026-02-16T09:54:42Z
2026-02-16T09:00:00Z,BNB,618.12,84317893222.22662,830349138.1596905,,-1.937817436201421,coingecko,2026-02-16T09:54:42Z
2026-02-16T10:00:00Z,BTC,68787.0,1375040237161.3235,37898732196.25518,,-2.392314908760973,coingecko,2026-02-16T10:51:27Z
2026-02-16T10:00:00Z,ETH,1981.39,239145276969.0646,26746711794.364315,,-3.9371993332327455,coingecko,2026-02-16T10:51:27Z
2026-02-16T10:00:00Z,BNB,618.73,84367281355.94214,810167234.8223896,,-1.7290857406436866,coingecko,2026-02-16T10:51:27Z
2026-02-16T11:00:00Z,BTC,68611.0,1371616781985.8022,38131368569.58972,,-2.404684252591096,coingecko,2026-02-16T11:40:37Z
2026-02-16T11:00:00Z,ETH,1969.54,237699190897.0273,26395788062.28957,,-4.447852000935443,coingecko,2026-02-16T11:40:37Z
2026-02-16T11:00:00Z,BNB,616.98,84123037444.71002,816151203.7609335,,-2.058251810016423,coingecko,2026-02-16T11:40:37Z
2026-02-16T13:00:00Z,BTC,69859.0,1392957420760.487,39080153531.69313,,0.6792164331370448,coingecko,2026-02-16T13:03:41Z
2026-02-16T13:00:00Z,ETH,2012.28,241885228634.7351,25573386013.01016,,-0.1578316726776439,coingecko,2026-02-16T13:03:41Z
2026-02-16T13:00:00Z,BNB,628.91,85634758520.16382,820357000.5827634,,1.4210609016876274,coingecko,2026-02-16T13:03:41Z
2026-02-16T14:00:00Z,BTC,68502.0,1369417166309.1636,39884087806.895615,,-0.8591804286039941,coingecko,2026-02-16T14:41:15Z
2026-02-16T14:00:00Z,ETH,1969.47,237692667444.61832,24227760321.46859,,-2.0059328001845538,coingecko,2026-02-16T14:41:15Z
2026-02-16T14:00:00Z,BNB,615.05,83892221428.21645,817007386.652977,,-1.0016776361416162,coingecko,2026-02-16T14:41:15Z
2026-02-16T15:00:00Z,BTC,67382.0,1347739388508.1482,41589944163.767845,,-2.343490706800596,coingecko,2026-02-16T15:40:27Z
2026-02-16T15:00:00Z,ETH,1945.73,234814245578.78168,25625850292.87261,,-2.9624493858613143,coingecko,2026-02-16T15:40:27Z
2026-02-16T15:00:00Z,BNB,606.59,82703642236.2431,881370018.1231188,,-2.194093474969426,coingecko,2026-02-16T15:40:27Z
2026-02-16T16:00:00Z,BTC,67720.0,1353558517796.0286,42088137927.27233,,-1.7826889348847703,coingecko,2026-02-16T16:43:14Z
2026-02-16T16:00:00Z,ETH,1967.2,237395822255.87897,25239865747.846737,,-1.84744924156788,coingecko,2026-02-16T16:43:14Z
2026-02-16T16:00:00Z,BNB,610.57,83133614773.5753,909633042.417804,,-1.272212603217206,coingecko,2026-02-16T16:43:14Z
2026-02-16T17:00:00Z,BTC,67982.0,1359348332625.556,42530628629.88844,,-1.4696119536721164,coingecko,2026-02-16T17:37:45Z
2026-02-16T17:00:00Z,ETH,1981.89,239329499287.30408,24539180586.53087,,-0.7310814148363493,coingecko,2026-02-16T17:37:45Z
2026-02-16T17:00:00Z,BNB,615.92,83900139472.899,911237616.419665,,-0.3701479229363641,coingecko,2026-02-16T17:37:45Z
2026-02-16T18:00:00Z,BTC,67997.0,1358862937130.5027,40314050946.61353,,-0.95759723395435,coingecko,2026-02-16T18:43:07Z
2026-02-16T18:00:00Z,ETH,1976.03,238359017810.0906,23075681042.36086,,0.6148893184738804,coingecko,2026-02-16T18:43:07Z
2026-02-16T18:00:00Z,BNB,616.1,83992769040.14583,864483612.4501687,,0.634817079697616,coingecko,2026-02-16T18:43:07Z
2026-02-16T19:00:00Z,BTC,67952.0,1358802685156.2178,36548079116.74763,,-0.76831671173526,coingecko,2026-02-16T19:32:28Z
2026-02-16T19:00:00Z,ETH,1970.95,237951832195.66232,19902641730.11659,,1.428534307117811,coingecko,2026-02-16T19:32:28Z
2026-02-16T19:00:00Z,BNB,615.59,83979283792.56032,809038605.1968954,,0.5801420281986884,coingecko,2026-02-16T19:32:28Z
2026-02-16T20:00:00Z,BTC,68177.0,1361816711106.704,36464817718.47549,,-0.3672334723897629,coingecko,2026-02-16T20:31:30Z
2026-02-16T20:00:00Z,ETH,1981.09,238766622532.4556,18847787899.952606,,1.5359291412104106,coingecko,2026-02-16T20:31:30Z
2026-02-16T20:00:00Z,BNB,618.56,84233391388.78076,685427024.9611169,,0.9529202902116484,coingecko,2026-02-16T20:31:30Z
2026-02-16T21:00:00Z,BTC,68473.0,1370730089031.409,36666264349.14309,,-0.369938417157213,coingecko,2026-02-16T21:28:43Z
2026-02-16T21:00:00Z,ETH,1988.11,240511154304.5776,17843773942.494423,,1.7544361778407378,coingecko,2026-02-16T21:28:43Z
2026-02-16T21:00:00Z,BNB,622.27,84978758415.40771,800710530.023771,,1.0735306133803304,coingecko,2026-02-16T21:28:43Z
2026-02-16T22:00:00Z,BTC,68624.0,1372556151326.4976,36767982924.74306,,-0.4248139313756432,coingecko,2026-02-16T22:28:47Z
2026-02-16T22:00:00Z,ETH,1990.27,240213206059.4645,19306312082.53482,,1.4012202378752892,coingecko,2026-02-16T22:28:47Z
2026-02-16T22:00:00Z,BNB,625.65,85327199897.26523,778223964.0601422,,1.707306656968696,coingecko,2026-02-16T22:28:47Z
2026-02-16T23:00:00Z,BTC,68644.0,1373195851175.7332,36832983635.74254,,0.0217453305426361,coingecko,2026-02-16T23:29:12Z
2026-02-16T23:00:00Z,ETH,1994.99,240992482843.1898,19899338219.830395,,1.9065916792220152,coingecko,2026-02-16T23:29:12Z
2026-02-16T23:00:00Z,BNB,626.29,85460460701.75865,816220328.4608289,,2.10413177513462,coingecko,2026-02-16T23:29:12Z
2026-02-17T02:00:00Z,BTC,68411.0,1370657908489.6418,36832694150.49686,,-0.3613669187881412,coingecko,2026-02-17T02:05:29Z
2026-02-17T02:00:00Z,ETH,1982.79,240194592675.5332,18859735564.19341,,0.9380538960034512,coingecko,2026-02-17T02:05:29Z
2026-02-17T02:00:00Z,BNB,621.99,85077259538.59236,820601390.1270527,,1.0452429621373482,coingecko,2026-02-17T02:05:29Z
2026-02-17T04:00:00Z,BTC,68417.0,1368170078392.798,36376718184.03491,,-0.5603332040924786,coingecko,2026-02-17T04:52:09Z
2026-02-17T04:00:00Z,ETH,1988.67,240078359410.31583,18796119081.07534,,0.9726180073912642,coingecko,2026-02-17T04:52:09Z
2026-02-17T04:00:00Z,BNB,626.17,85397439064.48877,874912865.1636468,,1.5260470780655666,coingecko,2026-02-17T04:52:09Z
2026-02-17T05:00:00Z,BTC,68201.0,1363034443893.9585,36388468248.74639,,-0.2445269871730205,coingecko,2026-02-17T05:57:35Z
2026-02-17T05:00:00Z,ETH,1974.16,238241046171.48288,18796943771.717907,,0.8999378657638353,coingecko,2026-02-17T05:57:35Z
2026-02-17T05:00:00Z,BNB,622.64,84882429907.87819,862500267.2228677,,1.7230097698283795,coingecko,2026-02-17T05:57:35Z
2026-02-17T07:00:00Z,BTC,68349.0,1366363239658.1472,36117586837.19094,,-0.0690138221218728,coingecko,2026-02-17T07:05:29Z
2026-02-17T07:00:00Z,ETH,1979.29,238928989633.0768,22042322715.089973,,0.7033488630162746,coingecko,2026-02-17T07:05:29Z
2026-02-17T07:00:00Z,BNB,624.27,85127402937.3988,855491476.6071777,,2.072447071385317,coingecko,2026-02-17T07:05:29Z
2026-02-17T08:00:00Z,BTC,68154.0,1362314379895.142,36187294317.31342,,-0.8052168342516365,coingecko,2026-02-17T08:45:07Z
2026-02-17T08:00:00Z,ETH,1976.15,238390570125.3531,18919597796.05467,,0.2282907683067164,coingecko,2026-02-17T08:45:07Z
2026-02-17T08:00:00Z,BNB,619.59,84532454856.91211,858593923.4079388,,0.9778488503551256,coingecko,2026-02-17T08:45:07Z
2026-02-17T09:00:00Z,BTC,68077.0,1360955365981.2617,36190081828.02576,,-1.241582911360189,coingecko,2026-02-17T09:49:34Z
2026-02-17T09:00:00Z,ETH,1973.73,238193267563.0509,18720125048.559563,,-0.7232866303175065,coingecko,2026-02-17T09:49:34Z
2026-02-17T09:00:00Z,BNB,618.9,84330131663.64381,859841250.8119881,,0.1161465849304445,coingecko,2026-02-17T09:49:34Z
2026-02-17T10:00:00Z,BTC,67759.0,1355543944917.2805,36571620261.57753,,-1.4426899185571402,coingecko,2026-02-17T10:45:15Z
2026-02-17T10:00:00Z,ETH,1962.93,237008864544.2965,18894455936.559845,,-0.8534986385135626,coingecko,2026-02-17T10:45:15Z
2026-02-17T10:00:00Z,BNB,615.99,84035786088.22408,882580966.3177711,,-0.4324603607160554,coingecko,2026-02-17T10:45:15Z
2026-02-17T11:00:00Z,BTC,67756.0,1354578626752.0403,36384193690.07952,,-1.2347484457589877,coingecko,2026-02-17T11:43:09Z
2026-02-17T11:00:00Z,ETH,1966.64,237404911425.90656,17592015850.059868,,-0.0468329840392371,coingecko,2026-02-17T11:43:09Z
2026-02-17T11:00:00Z,BNB,617.39,84162335934.81667,876906000.7550554,,0.062510436381046,coingecko,2026-02-17T11:43:09Z
2026-02-17T13:00:00Z,BTC,67873.0,1356919756026.602,34985371310.96272,,-3.0371389934085595,coingecko,2026-02-17T13:03:35Z
2026-02-17T13:00:00Z,ETH,1969.53,237487891384.934,17887516057.653656,,-1.7661620973611822,coingecko,2026-02-17T13:03:35Z
2026-02-17T13:00:00Z,BNB,619.31,84431921408.02658,809714434.1039975,,-1.677713975371392,coingecko,2026-02-17T13:03:35Z
2026-02-17T14:00:00Z,BTC,67135.0,1349617471442.874,33956474280.709667,,-1.9954601198180069,coingecko,2026-02-17T14:45:20Z
2026-02-17T14:00:00Z,ETH,1962.03,238537228096.2816,18974405564.1892,,-0.3792127689763958,coingecko,2026-02-17T14:45:20Z
2026-02-17T14:00:00Z,BNB,613.1,84248529254.75984,799015330.3006709,,-0.3068349276688772,coingecko,2026-02-17T14:45:20Z
2026-02-17T15:00:00Z,BTC,67287.0,1342413280387.5032,35620448795.70451,,-0.4219904106750084,coingecko,2026-02-17T15:53:09Z
2026-02-17T15:00:00Z,ETH,1961.36,236184397635.2192,19251544442.40783,,0.2500964558793874,coingecko,2026-02-17T15:53:09Z
2026-02-17T15:00:00Z,BNB,614.17,83683578389.16924,800162019.6973834,,1.0089871126482697,coingecko,2026-02-17T15:53:09Z
2026-02-17T16:00:00Z,BTC,67698.0,1352489210291.5789,36525524349.01566,,-0.1960249681667855,coingecko,2026-02-17T16:57:59Z
2026-02-17T16:00:00Z,ETH,1986.95,239777136793.718,19149007975.90431,,0.7679994578912979,coingecko,2026-02-17T16:57:59Z
2026-02-17T16:00:00Z,BNB,620.27,84574653802.81697,789659006.2399021,,1.2691803894800038,coingecko,2026-02-17T16:57:59Z
2026-02-17T17:00:00Z,BTC,67118.0,1341680223382.019,37589660600.90442,,-1.185559532786265,coingecko,2026-02-17T17:57:17Z
2026-02-17T17:00:00Z,ETH,1959.69,236473991491.69287,20354572018.61848,,-0.932887832976894,coingecko,2026-02-17T17:57:17Z
2026-02-17T17:00:00Z,BNB,613.99,83701629050.15378,795638040.161311,,-0.303172989024992,coingecko,2026-02-17T17:57:17Z
2026-02-17T19:00:00Z,BTC,67996.0,1362060344728.0195,38439573419.50484,,0.2222803473760438,coingecko,2026-02-17T19:02:46Z
2026-02-17T19:00:00Z,ETH,1997.61,241660796352.456,23742863824.40865,,1.4826577555717857,coingecko,2026-02-17T19:02:46Z
2026-02-17T19:00:00Z,BNB,622.71,84878024907.32713,827768737.6913668,,1.3285092289925822,coingecko,2026-02-17T19:02:46Z
2026-02-17T20:00:00Z,BTC,67626.0,1352561572998.0786,39525923314.31933,,-0.710510119485108,coingecko,2026-02-17T20:38:01Z
2026-02-17T20:00:00Z,ETH,1992.15,240545593889.0815,21856518977.03778,,0.6109709666565234,coingecko,2026-02-17T20:38:01Z
2026-02-17T20:00:00Z,BNB,617.58,84219985993.33447,841431473.8728964,,-0.1802420807662722,coingecko,2026-02-17T20:38:01Z
2026-02-17T21:00:00Z,BTC,67548.0,1349941465743.01,39073589405.32324,,-1.3338032140710687,coingecko,2026-02-17T21:36:17Z
2026-02-17T21:00:00Z,ETH,1994.26,240604488203.4764,21024432455.012028,,0.382993740114295,coingecko,2026-02-17T21:36:17Z
2026-02-17T21:00:00Z,BNB,616.63,84063974818.94106,816094169.4269639,,-0.8473553660681973,coingecko,2026-02-17T21:36:17Z
2026-02-17T22:00:00Z,BTC,67670.0,1351832473511.65,38734219800.41947,,-1.4166430973236226,coingecko,2026-02-17T22:31:40Z
2026-02-17T22:00:00Z,ETH,2000.1,241180816996.8604,21450443510.07365,,0.3550148980103247,coingecko,2026-02-17T22:31:40Z
2026-02-17T22:00:00Z,BNB,618.72,84333675972.01906,806176655.2334162,,-1.1773401110556554,coingecko,2026-02-17T22:31:40Z
2026-02-17T23:00:00Z,BTC,67465.0,1349807633960.3855,38389055086.509705,,-1.6834016376924648,coingecko,2026-02-17T23:29:11Z
2026-02-17T23:00:00Z,ETH,1993.07,240558923071.9617,21340849751.078136,,-0.1898861305583558,coingecko,2026-02-17T23:29:11Z
2026-02-17T23:00:00Z,BNB,617.0,84136368450.4766,803798241.6647813,,-1.5709862539988524,coingecko,2026-02-17T23:29:11Z
2026-02-18T02:00:00Z,BTC,67239.0,1343302803767.6675,37650875437.987885,,-1.7135647860850498,coingecko,2026-02-18T02:09:18Z
2026-02-18T02:00:00Z,ETH,1984.1,239034519420.6889,21522516104.77927,,0.0655970571991681,coingecko,2026-02-18T02:09:18Z
2026-02-18T02:00:00Z,BNB,615.69,83865131333.40894,780037097.5446573,,-1.3767257950236111,coingecko,2026-02-18T02:09:18Z
2026-02-18T04:00:00Z,BTC,67701.0,1353312066832.4546,36580053968.71486,,-1.0809800743786804,coingecko,2026-02-18T04:53:13Z
2026-02-18T04:00:00Z,ETH,1994.67,240682192576.87088,20374875696.35092,,0.2829098274018145,coingecko,2026-02-18T04:53:13Z
2026-02-18T04:00:00Z,BNB,616.8,84076594408.48239,715133743.9194636,,-1.5075125375501162,coingecko,2026-02-18T04:53:13Z
2026-02-18T06:00:00Z,BTC,67611.0,1351804226115.438,36130365060.89155,,-0.9052484780625372,coingecko,2026-02-18T06:01:21Z
2026-02-18T06:00:00Z,ETH,1995.36,240874868009.6604,20249349537.30121,,1.0552946554286864,coingecko,2026-02-18T06:01:21Z
2026-02-18T06:00:00Z,BNB,615.87,83970141448.80319,698496815.5618275,,-1.1175548244590774,coingecko,2026-02-18T06:01:21Z
2026-02-18T07:00:00Z,BTC,68152.0,1361051390613.119,36914705680.32313,,-0.3382462758669473,coingecko,2026-02-18T07:50:13Z
2026-02-18T07:00:00Z,ETH,2018.75,243119350907.5232,22534397926.540634,,1.701045665396849,coingecko,2026-02-18T07:50:13Z
2026-02-18T07:00:00Z,BNB,620.38,84478720910.55145,721398525.7827436,,-0.3666200049644784,coingecko,2026-02-18T07:50:13Z
2026-02-18T08:00:00Z,BTC,68154.0,1361980990344.3394,37145330807.6612,,-0.0074768477428933,coingecko,2026-02-18T08:44:08Z
2026-02-18T08:00:00Z,ETH,2022.18,244004437554.21585,21482378013.495663,,2.31271081191795,coingecko,2026-02-18T08:44:08Z
2026-02-18T08:00:00Z,BNB,623.87,85011802561.68245,743889989.7009813,,0.6664591113458348,coingecko,2026-02-18T08:44:08Z
2026-02-18T09:00:00Z,BTC,68214.0,1363802735826.003,36799202325.749725,,0.2307497711282135,coingecko,2026-02-18T09:48:25Z
2026-02-18T09:00:00Z,ETH,2020.14,243923018522.0449,21762259640.74613,,2.369033325257206,coingecko,2026-02-18T09:48:25Z
2026-02-18T09:00:00Z,BNB,623.38,84987470206.86766,737363131.9188935,,0.8182898908090673,coingecko,2026-02-18T09:48:25Z
2026-02-18T10:00:00Z,BTC,67856.0,1357020138730.3184,36692789958.90632,,0.0557753662190455,coingecko,2026-02-18T10:44:02Z
2026-02-18T10:00:00Z,ETH,2003.64,242052408789.2385,20532892204.552624,,1.9743073854687103,coingecko,2026-02-18T10:44:02Z
2026-02-18T10:00:00Z,BNB,620.54,84644568634.42883,741815394.2185677,,0.6471657350133789,coingecko,2026-02-18T10:44:02Z
2026-02-18T11:00:00Z,BTC,67479.0,1348243931960.0132,37248745193.04485,,-0.4149677092254626,coingecko,2026-02-18T11:38:22Z
2026-02-18T11:00:00Z,ETH,1983.54,239467030060.0037,21563552618.29468,,0.7654836898674607,coingecko,2026-02-18T11:38:22Z
2026-02-18T11:00:00Z,BNB,616.21,84019811124.62013,742846211.1661352,,-0.2324969466431045,coingecko,2026-02-18T11:38:22Z
2026-02-18T13:00:00Z,BTC,67479.0,1348853135440.7864,36887898208.41453,,-0.6028127118725609,coingecko,2026-02-18T13:04:18Z
2026-02-18T13:00:00Z,ETH,1982.17,239271011508.97595,25195510539.93999,,0.8612245501098894,coingecko,2026-02-18T13:04:18Z
2026-02-18T13:00:00Z,BNB,615.91,83992273772.74185,763966590.2551514,,-0.4619940276068822,coingecko,2026-02-18T13:04:18Z
2026-02-18T14:00:00Z,BTC,67091.0,1341428450486.346,35983941804.51797,,0.0681708258531375,coingecko,2026-02-18T14:44:04Z
2026-02-18T14:00:00Z,ETH,1969.79,237600542272.188,22976953276.17364,,0.5729152753717272,coingecko,2026-02-18T14:44:04Z
2026-02-18T14:00:00Z,BNB,610.66,83266928406.69876,757777403.2269205,,-0.268676016162212,coingecko,2026-02-18T14:44:04Z
2026-02-18T15:00:00Z,BTC,67788.0,1359553931596.606,35080814362.614456,,0.7645089257157682,coingecko,2026-02-18T15:52:58Z
2026-02-18T15:00:00Z,ETH,1992.98,241247890272.95023,24445458904.45792,,1.8673354564536344,coingecko,2026-02-18T15:52:58Z
2026-02-18T15:00:00Z,BNB,619.1,84630712020.15257,762798446.221017,,0.77776066245468,coingecko,2026-02-18T15:52:58Z
2026-02-18T17:00:00Z,BTC,67144.0,1341745652670.0972,34040935393.260845,,-0.5814019691638396,coingecko,2026-02-18T17:03:40Z
2026-02-18T17:00:00Z,ETH,1973.15,237849332989.4864,22815849906.280964,,-0.2395873608744495,coingecko,2026-02-18T17:03:40Z
2026-02-18T17:00:00Z,BNB,616.96,84066591877.03249,742648364.5166188,,-0.2102912831964952,coingecko,2026-02-18T17:03:40Z
2026-02-18T18:00:00Z,BTC,66402.0,1328427595391.4402,34127594707.189907,,-2.3187586997274625,coingecko,2026-02-18T18:55:15Z
2026-02-18T18:00:00Z,ETH,1954.86,236243034549.08224,22751361709.578003,,-2.102018813492506,coingecko,2026-02-18T18:55:15Z
2026-02-18T18:00:00Z,BNB,610.77,83276508294.81915,740791254.2428123,,-1.888268067263673,coingecko,2026-02-18T18:55:15Z
2026-02-18T19:00:00Z,BTC,66278.0,1321813340152.1404,34924697379.18029,,-2.3531347624537475,coingecko,2026-02-18T19:48:55Z
2026-02-18T19:00:00Z,ETH,1938.22,233520711083.3429,20162060605.96561,,-3.195477114452128,coingecko,2026-02-18T19:48:55Z
2026-02-18T19:00:00Z,BNB,604.17,82248942399.39714,778227968.8620281,,-2.637647673749308,coingecko,2026-02-18T19:48:55Z
2026-02-18T20:00:00Z,BTC,66463.0,1327302494039.9353,35169249954.30441,,-1.7753441200852256,coingecko,2026-02-18T20:39:33Z
2026-02-18T20:00:00Z,ETH,1949.73,235177703542.55817,19597612295.172485,,-2.080030101189118,coingecko,2026-02-18T20:39:33Z
2026-02-18T20:00:00Z,BNB,604.74,82470177420.92299,791900526.9842038,,-2.10281150293049,coingecko,2026-02-18T20:39:33Z
2026-02-18T21:00:00Z,BTC,66386.0,1326803224089.461,35533565220.60318,,-1.6953955107310836,coingecko,2026-02-18T21:35:11Z
2026-02-18T21:00:00Z,ETH,1945.7,234723381071.5633,22564447354.80335,,-2.4384787704443305,coingecko,2026-02-18T21:35:11Z
2026-02-18T21:00:00Z,BNB,605.31,82481316221.67336,704901358.926133,,-1.8136977297186665,coingecko,2026-02-18T21:35:11Z
2026-02-18T22:00:00Z,BTC,66379.0,1325365965644.464,36338835921.772285,,-1.928738798133578,coingecko,2026-02-18T22:33:01Z
2026-02-18T22:00:00Z,ETH,1943.83,234334309864.49915,20513958226.07181,,-2.875501318734667,coingecko,2026-02-18T22:33:01Z
2026-02-18T22:00:00Z,BNB,603.97,82272984739.61778,808885134.7264215,,-2.401163444193245,coingecko,2026-02-18T22:33:01Z
2026-02-18T23:00:00Z,BTC,66291.0,1325539085416.523,36227095730.84959,,-1.8326706321165989,coingecko,2026-02-18T23:30:07Z
2026-02-18T23:00:00Z,ETH,1947.82,235121815102.5466,22107062018.777176,,-2.3456828092516204,coingecko,2026-02-18T23:30:07Z
2026-02-18T23:00:00Z,BNB,603.69,82319757778.42223,810872193.1392083,,-2.122555834271512,coingecko,2026-02-18T23:30:07Z
2026-02-19T02:00:00Z,BTC,66755.0,1334902115114.5615,35674774382.67125,,-0.754765964113961,coingecko,2026-02-19T02:07:46Z
2026-02-19T02:00:00Z,ETH,1966.24,237116709194.5484,22704253344.46199,,-0.9481492203077904,coingecko,2026-02-19T02:07:46Z
2026-02-19T02:00:00Z,BNB,606.42,82684262127.50636,842370550.1809611,,-1.3980328702274374,coingecko,2026-02-19T02:07:46Z
2026-02-19T04:00:00Z,BTC,66780.0,1334709270607.314,36388072700.18992,,-1.3413640629011208,coingecko,2026-02-19T04:52:32Z
2026-02-19T04:00:00Z,ETH,1970.47,237887399526.84644,23280799399.80322,,-1.314399250453432,coingecko,2026-02-19T04:52:32Z
2026-02-19T04:00:00Z,BNB,608.94,83032942236.39105,877738268.0248518,,-1.2940758804550467,coingecko,2026-02-19T04:52:32Z
2026-02-19T05:00:00Z,BTC,66826.0,1335864433773.42,35694276255.527084,,-1.1832989199021864,coingecko,2026-02-19T05:59:09Z
2026-02-19T05:00:00Z,ETH,1969.35,237681433217.16977,23248862720.95602,,-1.345107735628306,coingecko,2026-02-19T05:59:09Z
2026-02-19T05:00:00Z,BNB,608.13,82928994629.1221,862670034.462402,,-1.3009436266135377,coingecko,2026-02-19T05:59:09Z
2026-02-19T07:00:00Z,BTC,67058.0,1340040640727.7375,36198307329.61117,,-1.072416065893435,coingecko,2026-02-19T07:11:53Z
2026-02-19T07:00:00Z,ETH,1980.73,238959239193.7328,20246351113.94572,,-1.073094502247394,coingecko,2026-02-19T07:11:53Z
2026-02-19T07:00:00Z,BNB,612.12,83481764861.46051,900107764.1222761,,-0.7230751779092284,coingecko,2026-02-19T07:11:53Z
2026-02-19T08:00:00Z,BTC,66911.0,1337562889818.8428,35836894117.00744,,-1.7877935368769384,coingecko,2026-02-19T08:43:38Z
2026-02-19T08:00:00Z,ETH,1969.13,237686822535.39883,18180518626.998604,,-2.5887811218382017,coingecko,2026-02-19T08:43:38Z
2026-02-19T08:00:00Z,BNB,606.08,82637654024.77794,886966402.9963264,,-2.7876843030509533,coingecko,2026-02-19T08:43:38Z
2026-02-19T09:00:00Z,BTC,67048.0,1340208292497.9631,35813521043.71388,,-1.6854961405872175,coingecko,2026-02-19T09:45:21Z
2026-02-19T09:00:00Z,ETH,1973.23,238139655137.78683,18866563837.125328,,-2.3522066323447213,coingecko,2026-02-19T09:45:21Z
2026-02-19T09:00:00Z,BNB,608.51,82930520268.44577,857483023.9558202,,-2.355111181219611,coingecko,2026-02-19T09:45:21Z
2026-02-19T10:00:00Z,BTC,66907.0,1336474811761.1816,36152814387.230064,,-1.2788908582825114,coingecko,2026-02-19T10:43:01Z
2026-02-19T10:00:00Z,ETH,1964.77,236909117412.40167,18798197457.037266,,-1.733445738497837,coingecko,2026-02-19T10:43:01Z
2026-02-19T10:00:00Z,BNB,607.24,82785654969.93098,912215275.0142356,,-2.0028464626429923,coingecko,2026-02-19T10:43:01Z
2026-02-19T11:00:00Z,BTC,66684.0,1335671614043.947,35670689889.29232,,-1.180072148301536,coingecko,2026-02-19T11:38:14Z
2026-02-19T11:00:00Z,ETH,1956.9,236440865483.923,21456822448.413807,,-1.3204996839446832,coingecko,2026-02-19T11:38:14Z
2026-02-19T11:00:00Z,BNB,604.07,82584278024.93748,924614772.1322165,,-1.961821676233852,coingecko,2026-02-19T11:38:14Z
2026-02-19T13:00:00Z,BTC,66444.0,1329345002445.621,35776457653.01889,,-1.4954801543984575,coingecko,2026-02-19T13:05:34Z
2026-02-19T13:00:00Z,ETH,1943.38,234891156380.7092,18516903627.81232,,-1.924226096546277,coingecko,2026-02-19T13:05:34Z
2026-02-19T13:00:00Z,BNB,605.05,82521866508.81427,892354613.5506746,,-1.706533879131173,coingecko,2026-02-19T13:05:34Z
2026-02-19T14:00:00Z,BTC,66188.0,1323400763432.4795,37132775904.57639,,-1.3831600397699328,coingecko,2026-02-19T14:46:37Z
2026-02-19T14:00:00Z,ETH,1931.97,233174042401.7702,21940131287.155552,,-1.2302347521341437,coingecko,2026-02-19T14:46:37Z
2026-02-19T14:00:00Z,BNB,601.17,82015706693.38455,973146254.8101468,,-1.5773218113278218,coingecko,2026-02-19T14:46:37Z
2026-02-19T15:00:00Z,BTC,66427.0,1328324998196.6184,36694600923.1238,,-2.2081651936324254,coingecko,2026-02-19T15:49:20Z
2026-02-19T15:00:00Z,ETH,1929.46,232967206905.0452,21383936957.448017,,-3.634112906486065,coingecko,2026-02-19T15:49:20Z
2026-02-19T15:00:00Z,BNB,600.85,81926738121.95221,961099890.5452586,,-3.3074470669856,coingecko,2026-02-19T15:49:20Z
2026-02-19T16:00:00Z,BTC,66226.0,1325507328386.1265,36282971504.73506,,-1.247263472878025,coingecko,2026-02-19T16:53:28Z
2026-02-19T16:00:00Z,ETH,1920.17,231985035387.8316,21241150438.46149,,-2.4822230938825034,coingecko,2026-02-19T16:53:28Z
2026-02-19T16:00:00Z,BNB,599.27,81858157633.30228,964475759.1354922,,-2.743169336540307,coingecko,2026-02-19T16:53:28Z
2026-02-19T17:00:00Z,BTC,66466.0,1329297478651.1655,36788675257.74223,,-0.9915568303915352,coingecko,2026-02-19T17:50:43Z
2026-02-19T17:00:00Z,ETH,1921.45,232075790852.60788,19018159921.05371,,-2.584940286626112,coingecko,2026-02-19T17:50:43Z
2026-02-19T17:00:00Z,BNB,599.9,81946880431.3721,974584557.5283164,,-2.6409383591114226,coingecko,2026-02-19T17:50:43Z
2026-02-19T18:00:00Z,BTC,66972.0,1338718335776.7393,36522542276.93088,,0.8574613878430436,coingecko,2026-02-19T18:51:11Z
2026-02-19T18:00:00Z,ETH,1940.24,234102637918.59537,21930773011.05178,,-0.7478076629760212,coingecko,2026-02-19T18:51:11Z
2026-02-19T18:00:00Z,BNB,605.87,82580759236.74341,975743421.6043196,,-0.8014045436307536,coingecko,2026-02-19T18:51:11Z
2026-02-19T19:00:00Z,BTC,66798.0,1336787699817.3457,35537571147.00735,,1.0287621594434309,coingecko,2026-02-19T19:39:04Z
2026-02-19T19:00:00Z,ETH,1933.06,233686515473.85403,21253612469.04383,,0.2773450237222536,coingecko,2026-02-19T19:39:04Z
2026-02-19T19:00:00Z,BNB,602.96,82303889860.6736,946096298.761391,,-0.0820058363081835,coingecko,2026-02-19T19:39:04Z
2026-02-19T20:00:00Z,BTC,66959.0,1338029513035.5847,34660537798.22962,,1.0133485980098258,coingecko,2026-02-19T20:33:08Z
2026-02-19T20:00:00Z,ETH,1939.79,233945280928.71872,19795364238.3616,,-0.0261199049238233,coingecko,2026-02-19T20:33:08Z
2026-02-19T20:00:00Z,BNB,604.98,82436101636.31728,930411052.6079572,,0.0365235842154293,coingecko,2026-02-19T20:33:08Z
2026-02-19T21:00:00Z,BTC,66980.0,1339240485117.036,34258541056.05732,,0.9178028065787818,coingecko,2026-02-19T21:32:51Z
2026-02-19T21:00:00Z,ETH,1945.9,234984792003.6984,17533956354.216545,,-0.0036351053546929,coingecko,2026-02-19T21:32:51Z
2026-02-19T21:00:00Z,BNB,607.89,82941872034.36372,917908374.1603634,,0.5152243955839173,coingecko,2026-02-19T21:32:51Z
2026-02-19T22:00:00Z,BTC,66731.0,1334500283614.9849,33809987469.72926,,0.5450632119398117,coingecko,2026-02-19T22:32:15Z
2026-02-19T22:00:00Z,ETH,1938.47,234068071750.5518,17258906268.084194,,-0.1231109180977013,coingecko,2026-02-19T22:32:15Z
2026-02-19T22:00:00Z,BNB,605.82,82648669539.58435,897871195.976215,,0.28921410262602,coingecko,2026-02-19T22:32:15Z
2026-02-19T23:00:00Z,BTC,66941.0,1338656994829.5513,34273125003.86602,,0.9791261198115738,coingecko,2026-02-19T23:30:24Z
2026-02-19T23:00:00Z,ETH,1948.09,235121868192.65668,16906504538.851685,,0.0073376525671231,coingecko,2026-02-19T23:30:24Z
2026-02-19T23:00:00Z,BNB,606.9,82766012488.45036,872086565.3014829,,0.5229385589156804,coingecko,2026-02-19T23:30:24Z
2026-02-20T02:00:00Z,BTC,67254.0,1344415666629.4192,34334329763.40983,,0.7198313526051368,coingecko,2026-02-20T02:03:51Z
2026-02-20T02:00:00Z,ETH,1953.24,235673855525.53708,17775456656.936172,,-0.5799809960589718,coingecko,2026-02-20T02:03:51Z
2026-02-20T02:00:00Z,BNB,607.32,82803666028.08797,880045750.0884292,,0.184165240209165,coingecko,2026-02-20T02:03:51Z
2026-02-20T04:00:00Z,BTC,67248.0,1345088688510.4194,34364634016.42958,,0.7115624101302801,coingecko,2026-02-20T04:47:06Z
2026-02-20T04:00:00Z,ETH,1942.45,234630093527.67944,16039063046.071764,,-1.4526942959003506,coingecko,2026-02-20T04:47:06Z
2026-02-20T04:00:00Z,BNB,608.79,82985763665.21994,869205810.4544641,,-0.0641981828909771,coingecko,2026-02-20T04:47:06Z
2026-02-20T05:00:00Z,BTC,67870.0,1358298415439.6797,35924465550.08187,,1.6316072010315608,coingecko,2026-02-20T05:53:42Z
2026-02-20T05:00:00Z,ETH,1957.63,236520371431.89243,19788386071.5588,,-0.5104616336187273,coingecko,2026-02-20T05:53:42Z
2026-02-20T05:00:00Z,BNB,612.6,83576255192.17914,884368101.4188939,,0.7895751000420491,coingecko,2026-02-20T05:53:42Z
2026-02-20T06:00:00Z,BTC,67844.0,1356441630541.3394,35683390227.38223,,1.084070280271502,coingecko,2026-02-20T06:56:52Z
2026-02-20T06:00:00Z,ETH,1957.54,236266867758.6244,19174513616.669907,,-1.2509142670684898,coingecko,2026-02-20T06:56:52Z
2026-02-20T06:00:00Z,BNB,611.69,83405697702.35406,850025441.8236588,,-0.2444718957800582,coingecko,2026-02-20T06:56:52Z
2026-02-20T07:00:00Z,BTC,67847.0,1356079524439.187,35468911849.09067,,1.0317247573852766,coingecko,2026-02-20T07:50:26Z
2026-02-20T07:00:00Z,ETH,1963.88,236971579582.756,19735077332.972973,,-0.8583846561036352,coingecko,2026-02-20T07:50:26Z
2026-02-20T07:00:00Z,BNB,611.92,83442647795.80663,861801888.9887044,,0.2201197323697988,coingecko,2026-02-20T07:50:26Z
2026-02-20T08:00:00Z,BTC,67775.0,1354789987449.6958,35356991304.989265,,1.3213010610724116,coingecko,2026-02-20T08:40:28Z
2026-02-20T08:00:00Z,ETH,1958.46,236295188974.03925,19827734702.96244,,-0.4954797739967974,coingecko,2026-02-20T08:40:28Z
2026-02-20T08:00:00Z,BNB,611.55,83355571768.83388,858063526.9400004,,0.8705119484641684,coingecko,2026-02-20T08:40:28Z
2026-02-20T09:00:00Z,BTC,68121.0,1362252199152.5396,36327646685.73802,,1.60406262612008,coingecko,2026-02-20T09:41:04Z
2026-02-20T09:00:00Z,ETH,1966.19,237361580227.8512,18575932160.301365,,-0.3276551347466648,coingecko,2026-02-20T09:41:04Z
2026-02-20T09:00:00Z,BNB,612.82,83558397818.54141,848399615.6322157,,0.7848862255509891,coingecko,2026-02-20T09:41:04Z
2026-02-20T10:00:00Z,BTC,68193.0,1364283479008.5017,36007673541.053986,,1.9848837561959871,coingecko,2026-02-20T10:37:32Z
2026-02-20T10:00:00Z,ETH,1966.75,237494215992.7769,19888628705.82097,,0.0696793859514955,coingecko,2026-02-20T10:37:32Z
2026-02-20T10:00:00Z,BNB,614.51,83814161361.0026,866560774.5494335,,1.2183216839417814,coingecko,2026-02-20T10:37:32Z
2026-02-20T11:00:00Z,BTC,67846.0,1356452366027.6917,36604361731.91818,,1.5373667751604136,coingecko,2026-02-20T11:32:41Z
2026-02-20T11:00:00Z,ETH,1952.88,235736536886.1284,19330034992.579967,,-0.3666344283529562,coingecko,2026-02-20T11:32:41Z
2026-02-20T11:00:00Z,BNB,610.58,83264737152.41792,894497946.6726656,,0.8127698204610265,coingecko,2026-02-20T11:32:41Z
2026-02-20T12:00:00Z,BTC,67478.0,1349314482692.0732,37507028959.09633,,1.481500526726561,coingecko,2026-02-20T12:58:30Z
2026-02-20T12:00:00Z,ETH,1948.32,235043652343.9937,20506058204.30714,,-0.009152540628784,coingecko,2026-02-20T12:58:30Z
2026-02-20T12:00:00Z,BNB,609.02,83018384833.3836,908487002.9893702,,0.6445597087574063,coingecko,2026-02-20T12:58:30Z
2026-02-20T14:00:00Z,BTC,66798.0,1335709088984.744,40344841112.4655,,1.372190401469394,coingecko,2026-02-20T14:03:20Z
2026-02-20T14:00:00Z,ETH,1935.04,233481866120.2736,20914775980.579742,,0.7103459855911496,coingecko,2026-02-20T14:03:20Z
2026-02-20T14:00:00Z,BNB,604.33,82395832278.0734,926868519.3700044,,0.9882330010352256,coingecko,2026-02-20T14:03:20Z
2026-02-20T15:00:00Z,BTC,67034.0,1344869440414.2903,42716203869.571526,,1.1889132136471985,coingecko,2026-02-20T15:37:24Z
2026-02-20T15:00:00Z,ETH,1946.19,235657574759.86124,20812872871.08504,,1.1881793938811411,coingecko,2026-02-20T15:37:24Z
2026-02-20T15:00:00Z,BNB,612.15,83688344983.83882,979605200.030879,,1.8120106632019448,coingecko,2026-02-20T15:37:24Z
2026-02-20T16:00:00Z,BTC,67429.0,1347232550897.374,46296543314.54377,,1.499344153359949,coingecko,2026-02-20T16:38:38Z
2026-02-20T16:00:00Z,ETH,1957.09,236155280169.5526,22403675895.80675,,1.635133652034643,coingecko,2026-02-20T16:38:38Z
2026-02-20T16:00:00Z,BNB,617.38,84222939550.47392,1002021786.0588964,,2.7446203021041287,coingecko,2026-02-20T16:38:38Z
2026-02-20T17:00:00Z,BTC,67009.0,1339874509704.5325,47417468563.886406,,0.7521608127358015,coingecko,2026-02-20T17:37:52Z
2026-02-20T17:00:00Z,ETH,1947.23,234905901217.45505,20542924974.223537,,1.1626826308417,coingecko,2026-02-20T17:37:52Z
2026-02-20T17:00:00Z,BNB,617.25,84148633833.95398,1029205172.0217272,,2.7670388022255663,coingecko,2026-02-20T17:37:52Z
2026-02-20T18:00:00Z,BTC,67842.0,1355468932289.6594,52273477440.36372,,1.3096340435643388,coingecko,2026-02-20T18:48:01Z
2026-02-20T18:00:00Z,ETH,1974.32,238107082627.4623,21551267985.523247,,1.8112962021283288,coingecko,2026-02-20T18:48:01Z
2026-02-20T18:00:00Z,BNB,626.26,85298491691.479,1103967749.7731829,,3.446341152307893,coingecko,2026-02-20T18:48:01Z
2026-02-20T19:00:00Z,BTC,67772.0,1354817484027.4053,52153967968.37138,,1.5132835133169422,coingecko,2026-02-20T19:36:47Z
2026-02-20T19:00:00Z,ETH,1968.42,237720259889.2306,21572020958.88949,,2.017372641592909,coingecko,2026-02-20T19:36:47Z
2026-02-20T19:00:00Z,BNB,626.77,85480237067.45802,1088309718.0671468,,4.044514610898031,coingecko,2026-02-20T19:36:47Z
2026-02-20T20:00:00Z,BTC,67590.0,1351296901671.3242,52341164876.65366,,0.913933582030632,coingecko,2026-02-20T20:32:16Z
2026-02-20T20:00:00Z,ETH,1963.74,236992548040.85208,21197828116.148964,,1.1938849239386125,coingecko,2026-02-20T20:32:16Z
2026-02-20T20:00:00Z,BNB,626.17,85379724676.99709,1121660410.6988957,,3.4714682747586365,coingecko,2026-02-20T20:32:16Z
2026-02-20T21:00:00Z,BTC,67692.0,1353191893711.4456,52430006359.7684,,1.0464899844048745,coingecko,2026-02-20T21:25:15Z
2026-02-20T21:00:00Z,ETH,1969.15,237644937540.9532,21279953384.4167,,1.1422130830411794,coingecko,2026-02-20T21:25:15Z
2026-02-20T21:00:00Z,BNB,628.15,85644587974.30446,1129872552.714988,,3.34140593327368,coingecko,2026-02-20T21:25:15Z
2026-02-20T22:00:00Z,BTC,67878.0,1357280979610.006,53115248484.47871,,1.624816613641751,coingecko,2026-02-20T22:26:43Z
2026-02-20T22:00:00Z,ETH,1969.03,237664205698.7401,22043569876.426456,,1.3351639510728144,coingecko,2026-02-20T22:26:43Z
2026-02-20T22:00:00Z,BNB,626.23,85404474622.36198,1127665157.6513264,,3.2555531105714937,coingecko,2026-02-20T22:26:43Z
2026-02-20T23:00:00Z,BTC,68015.0,1359355586452.1858,53387091609.50956,,1.574476361017839,coingecko,2026-02-20T23:28:56Z
2026-02-20T23:00:00Z,ETH,1967.45,237439460045.7509,21182059515.99714,,0.9915043291154538,coingecko,2026-02-20T23:28:56Z
2026-02-20T23:00:00Z,BNB,626.0,85339739761.0866,1131397827.3978672,,3.144982709638408,coingecko,2026-02-20T23:28:56Z
2026-02-21T01:00:00Z,BTC,67943.0,1358282500204.6912,52524021378.71957,,1.0345717227054818,coingecko,2026-02-21T01:58:35Z
2026-02-21T01:00:00Z,ETH,1965.16,237208249880.22845,20985492907.11532,,0.639321719182821,coingecko,2026-02-21T01:58:35Z
2026-02-21T01:00:00Z,BNB,627.83,85599641307.91089,1103978343.8465662,,3.382770800721166,coingecko,2026-02-21T01:58:35Z
2026-02-21T04:00:00Z,BTC,67667.0,1352283683447.9636,52712314239.57824,,0.5950480580508921,coingecko,2026-02-21T04:11:30Z
2026-02-21T04:00:00Z,ETH,1958.9,236320015334.2256,20546166353.534523,,0.635453279517716,coingecko,2026-02-21T04:11:30Z
2026-02-21T04:00:00Z,BNB,625.28,85236075227.82356,1116655148.7110543,,3.0375212105278964,coingecko,2026-02-21T04:11:30Z
2026-02-21T05:00:00Z,BTC,67824.0,1355608922696.064,50587354474.279205,,-0.043025720368874,coingecko,2026-02-21T05:42:10Z
2026-02-21T05:00:00Z,ETH,1962.7,236857523920.12924,23309731814.233498,,0.2003219530549322,coingecko,2026-02-21T05:42:10Z
2026-02-21T05:00:00Z,BNB,627.31,85527585683.81163,1049330168.5271952,,2.390786135349062,coingecko,2026-02-21T05:42:10Z
2026-02-21T06:00:00Z,BTC,67772.0,1354983127503.5403,50368278202.465965,,0.0214073712886575,coingecko,2026-02-21T06:41:52Z
2026-02-21T06:00:00Z,ETH,1962.0,236666486739.42764,19493474931.01999,,0.3932636871111767,coingecko,2026-02-21T06:41:52Z
2026-02-21T06:00:00Z,BNB,625.6,85290645073.77744,1064861370.000164,,2.3741091135837817,coingecko,2026-02-21T06:41:52Z
2026-02-21T07:00:00Z,BTC,67845.0,1356173947602.5334,50054039821.73999,,-0.0934693538314523,coingecko,2026-02-21T07:32:51Z
2026-02-21T07:00:00Z,ETH,1962.93,236885883095.25647,19147691783.27541,,0.0654138831211018,coingecko,2026-02-21T07:32:51Z
2026-02-21T07:00:00Z,BNB,627.25,85563565800.64488,994663187.1507858,,2.5700638412845604,coingecko,2026-02-21T07:32:51Z
2026-02-21T08:00:00Z,BTC,67955.0,1358609412199.3972,49372257140.89389,,0.3053277103835768,coingecko,2026-02-21T08:31:23Z
2026-02-21T08:00:00Z,ETH,1963.8,237085693096.7066,19305964242.6474,,0.2272573947382561,coingecko,2026-02-21T08:31:23Z
2026-02-21T08:00:00Z,BNB,626.62,85454048296.99097,1062693381.6578636,,2.422393584005312,coingecko,2026-02-21T08:31:23Z
2026-02-21T09:00:00Z,BTC,68214.0,1363821341638.8696,49192638871.30229,,0.1301495050892538,coingecko,2026-02-21T09:29:40Z
2026-02-21T09:00:00Z,ETH,1974.94,238362930748.8784,19122398263.616016,,0.394044312401607,coingecko,2026-02-21T09:29:40Z
2026-02-21T09:00:00Z,BNB,629.65,85859165897.13509,940027987.7241892,,2.821015137714544,coingecko,2026-02-21T09:29:40Z
2026-02-21T10:00:00Z,BTC,68166.0,1362969029909.2417,49066956055.36497,,0.0567310439838392,coingecko,2026-02-21T10:26:40Z
2026-02-21T10:00:00Z,ETH,1971.47,237987791022.66888,18346711453.29925,,0.2383847628088655,coingecko,2026-02-21T10:26:40Z
2026-02-21T10:00:00Z,BNB,629.0,85774380981.71689,926008654.6089836,,2.433001116822626,coingecko,2026-02-21T10:26:40Z
2026-02-21T11:00:00Z,BTC,68244.0,1364193861830.9387,47906408820.472725,,0.6403364884525863,coingecko,2026-02-21T11:22:45Z
2026-02-21T11:00:00Z,ETH,1985.82,239147638990.85333,18568587226.207672,,1.6378822837261502,coingecko,2026-02-21T11:22:45Z
2026-02-21T11:00:00Z,BNB,630.87,86040904004.93489,891243642.2541114,,3.5001621334273723,coingecko,2026-02-21T11:22:45Z
2026-02-21T12:00:00Z,BTC,68033.0,1359866616885.221,46736503509.6368,,0.8525195983194107,coingecko,2026-02-21T12:47:47Z
2026-02-21T12:00:00Z,ETH,1972.36,238021051077.6345,21271297733.387512,,1.3306434966528684,coingecko,2026-02-21T12:47:47Z
2026-02-21T12:00:00Z,BNB,629.51,85791421199.5279,910043374.0141784,,3.435962049694642,coingecko,2026-02-21T12:47:47Z
2026-02-21T13:00:00Z,BTC,68171.0,1363176587537.8936,43603370528.50705,,2.3139373215364216,coingecko,2026-02-21T13:42:03Z
2026-02-21T13:00:00Z,ETH,1976.19,238469164399.33856,20581727167.506897,,2.5245419713083166,coingecko,2026-02-21T13:42:03Z
2026-02-21T13:00:00Z,BNB,630.47,85989787445.3107,852914621.2968056,,4.756848172688511,coingecko,2026-02-21T13:42:03Z
2026-02-21T14:00:00Z,BTC,68497.0,1369442432258.4734,38481962464.40479,,2.3318596324666103,coingecko,2026-02-21T14:26:59Z
2026-02-21T14:00:00Z,ETH,1991.54,240194248474.4738,16813405809.601904,,2.7152121579979727,coingecko,2026-02-21T14:26:59Z
2026-02-21T14:00:00Z,BNB,633.66,86433039429.55214,919400828.6251552,,4.414622240199091,coingecko,2026-02-21T14:26:59Z
2026-02-21T15:00:00Z,BTC,68518.0,1369932287129.0437,34731360390.53801,,1.825395795658567,coingecko,2026-02-21T15:25:22Z
2026-02-21T15:00:00Z,ETH,1990.33,240182812931.38724,14781251699.405766,,1.7281578045887442,coingecko,2026-02-21T15:25:22Z
2026-02-21T15:00:00Z,BNB,631.35,86100674342.67763,849043735.3221915,,3.0303910877112523,coingecko,2026-02-21T15:25:22Z
2026-02-21T16:00:00Z,BTC,68200.0,1361949109899.6123,32929745122.32842,,0.5644496474311238,coingecko,2026-02-21T16:29:38Z
2026-02-21T16:00:00Z,ETH,1980.94,238839883121.57205,14229770518.525028,,1.05745591171024,coingecko,2026-02-21T16:29:38Z
2026-02-21T16:00:00Z,BNB,625.01,85143202637.7645,852234686.7034881,,1.170114872441409,coingecko,2026-02-21T16:29:38Z
2026-02-21T17:00:00Z,BTC,68238.0,1364829374576.2014,30052363670.82738,,1.7122513059675288,coingecko,2026-02-21T17:26:06Z
2026-02-21T17:00:00Z,ETH,1985.2,239642451220.51645,15866485549.17596,,2.222179054378111,coingecko,2026-02-21T17:26:06Z
2026-02-21T17:00:00Z,BNB,625.66,85316989975.86716,802570022.8999263,,1.3938094297204118,coingecko,2026-02-21T17:26:06Z
2026-02-21T18:00:00Z,BTC,68498.0,1369157198130.63,25028452308.589943,,1.3158193112888057,coingecko,2026-02-21T18:35:29Z
2026-02-21T18:00:00Z,ETH,1991.08,240132961027.0705,15370740847.340216,,1.2246528568165678,coingecko,2026-02-21T18:35:29Z
2026-02-21T18:00:00Z,BNB,628.3,85620001296.13693,726663286.2397299,,0.4215211845804942,coingecko,2026-02-21T18:35:29Z
2026-02-21T19:00:00Z,BTC,68534.0,1370428961179.8484,23485312737.50509,,1.228626483407923,coingecko,2026-02-21T19:24:05Z
2026-02-21T19:00:00Z,ETH,1990.74,240308232678.34,11569158695.363924,,1.2412316357868456,coingecko,2026-02-21T19:24:05Z
2026-02-21T19:00:00Z,BNB,627.67,85618017271.72545,685896765.098472,,0.2875275553951927,coingecko,2026-02-21T19:24:05Z
2026-02-21T20:00:00Z,BTC,68531.0,1370240190926.1482,22455116868.248707,,1.2242142641075575,coingecko,2026-02-21T20:25:31Z
2026-02-21T20:00:00Z,ETH,1988.94,240044443493.394,12081157084.024582,,1.1679973129875567,coingecko,2026-02-21T20:25:31Z
2026-02-21T20:00:00Z,BNB,627.04,85517028560.17107,645182967.7807485,,0.0930817747202501,coingecko,2026-02-21T20:25:31Z
2026-02-21T21:00:00Z,BTC,68326.0,1366031557343.0107,21946445811.548576,,0.9387102232884492,coingecko,2026-02-21T21:23:32Z
2026-02-21T21:00:00Z,ETH,1977.93,238711963970.18808,12439344367.168928,,0.4212451775291466,coingecko,2026-02-21T21:23:32Z
2026-02-21T21:00:00Z,BNB,625.6,85306597476.62279,624500721.0728374,,-0.3910015499230386,coingecko,2026-02-21T21:23:32Z
2026-02-21T22:00:00Z,BTC,68295.0,1365281505119.5,21034831268.723194,,0.6197869798876279,coingecko,2026-02-21T22:24:10Z
2026-02-21T22:00:00Z,ETH,1978.52,238770216682.64148,13569884220.146223,,0.4747333492822183,coingecko,2026-02-21T22:24:10Z
2026-02-21T22:00:00Z,BNB,626.71,85471462226.73444,602364486.6175985,,0.2280713712235503,coingecko,2026-02-21T22:24:10Z
2026-02-21T23:00:00Z,BTC,68039.0,1359922703718.371,20648670304.03144,,0.1005111320383533,coingecko,2026-02-21T23:24:24Z
2026-02-21T23:00:00Z,ETH,1975.92,238329740983.67984,11129982928.58328,,0.3840097220938684,coingecko,2026-02-21T23:24:24Z
2026-02-21T23:00:00Z,BNB,625.63,85277425223.31596,605458955.8511809,,-0.087183398931521,coingecko,2026-02-21T23:24:24Z
2026-02-22T02:00:00Z,BTC,68126.0,1362243527592.7656,20241538159.414284,,0.2345889126048069,coingecko,2026-02-22T02:07:54Z
2026-02-22T02:00:00Z,ETH,1977.82,238707644582.5908,10611551370.358105,,0.6660458089896354,coingecko,2026-02-22T02:07:54Z
2026-02-22T02:00:00Z,BNB,626.0,85373009707.16144,599898257.3619126,,-0.2355577361933996,coingecko,2026-02-22T02:07:54Z
2026-02-22T04:00:00Z,BTC,67961.0,1358848921550.6345,19761342531.49211,,0.3959181153481491,coingecko,2026-02-22T04:49:06Z
2026-02-22T04:00:00Z,ETH,1971.96,237897595958.2741,12938319259.098284,,0.6233923193021885,coingecko,2026-02-22T04:49:06Z
2026-02-22T04:00:00Z,BNB,620.83,84642591196.12482,597787494.602504,,-0.8378010197794895,coingecko,2026-02-22T04:49:06Z
2026-02-22T05:00:00Z,BTC,67874.0,1357248417767.8738,19709929707.6677,,0.043472668853914,coingecko,2026-02-22T05:51:42Z
2026-02-22T05:00:00Z,ETH,1971.85,237955331433.5272,11278010605.000977,,0.5286487562697286,coingecko,2026-02-22T05:51:42Z
2026-02-22T05:00:00Z,BNB,618.98,84400437994.36351,596201805.9418361,,-1.2699658966565288,coingecko,2026-02-22T05:51:42Z
2026-02-22T06:00:00Z,BTC,68051.0,1360616895958.0544,19849782474.659485,,0.4548822145145886,coingecko,2026-02-22T06:47:57Z
2026-02-22T06:00:00Z,ETH,1975.64,238468486380.5759,11340592636.634272,,0.7690170325537053,coingecko,2026-02-22T06:47:57Z
2026-02-22T06:00:00Z,BNB,621.7,84778860474.53513,594484748.7036997,,-0.603454167160354,coingecko,2026-02-22T06:47:57Z
2026-02-22T07:00:00Z,BTC,68025.0,1360060000106.923,19588185981.99218,,0.264771484998442,coingecko,2026-02-22T07:36:04Z
2026-02-22T07:00:00Z,ETH,1976.01,238494285804.0497,11068953214.188684,,0.667753131816875,coingecko,2026-02-22T07:36:04Z
2026-02-22T07:00:00Z,BNB,623.06,84963305619.47528,583962681.9502383,,-0.6295048816049769,coingecko,2026-02-22T07:36:04Z
2026-02-22T08:00:00Z,BTC,67923.0,1357872191206.2136,19897775960.2216,,-0.0605078579495991,coingecko,2026-02-22T08:32:30Z
2026-02-22T08:00:00Z,ETH,1972.44,238053250639.86743,11021653668.522703,,0.4220471231071915,coingecko,2026-02-22T08:32:30Z
2026-02-22T08:00:00Z,BNB,621.93,84798233637.76332,593420331.0431545,,-0.7384846780916666,coingecko,2026-02-22T08:32:30Z
2026-02-22T09:00:00Z,BTC,68007.0,1359653938228.1938,19257472473.362648,,-0.2673697406318731,coingecko,2026-02-22T09:31:13Z
2026-02-22T09:00:00Z,ETH,1973.11,238093633939.47864,10634456912.652386,,-0.0348316453890865,coingecko,2026-02-22T09:31:13Z
2026-02-22T09:00:00Z,BNB,622.51,84885948764.88766,569197317.1404793,,-1.1881697655697596,coingecko,2026-02-22T09:31:13Z
2026-02-22T10:00:00Z,BTC,68084.0,1361291103823.0718,18886057807.15324,,-0.1313924881161507,coingecko,2026-02-22T10:25:26Z
2026-02-22T10:00:00Z,ETH,1978.12,238673269530.44693,10385224551.595716,,0.3249220638439412,coingecko,2026-02-22T10:25:26Z
2026-02-22T10:00:00Z,BNB,624.26,85142533720.4935,569180224.1344199,,-0.7609619185856031,coingecko,2026-02-22T10:25:26Z
2026-02-22T11:00:00Z,BTC,68203.0,1363811315498.923,18844598386.40235,,-0.0128518608765016,coingecko,2026-02-22T11:21:38Z
2026-02-22T11:00:00Z,ETH,1981.14,239205606336.7877,9818873097.30475,,-0.1571959347166968,coingecko,2026-02-22T11:21:38Z
2026-02-22T11:00:00Z,BNB,623.91,85085312759.57805,555186364.5988352,,-1.1007471446183017,coingecko,2026-02-22T11:21:38Z
2026-02-22T12:00:00Z,BTC,67919.0,1357526131227.8533,18464261919.67292,,-0.2692359758329271,coingecko,2026-02-22T12:50:21Z
2026-02-22T12:00:00Z,ETH,1965.01,237128118360.23053,10215001364.896051,,-0.391357298205562,coingecko,2026-02-22T12:50:21Z
2026-02-22T12:00:00Z,BNB,620.93,84661218208.80754,545601909.8485092,,-1.3012916607789309,coingecko,2026-02-22T12:50:21Z
2026-02-22T13:00:00Z,BTC,67593.0,1351665589459.654,19191948264.73183,,-0.8271939526975858,coingecko,2026-02-22T13:43:53Z
2026-02-22T13:00:00Z,ETH,1947.73,235070112847.73065,9760561900.85432,,-1.461032725318152,coingecko,2026-02-22T13:43:53Z
2026-02-22T13:00:00Z,BNB,618.66,84399892616.19386,570563443.5978869,,-1.8568380005057328,coingecko,2026-02-22T13:43:53Z
2026-02-22T14:00:00Z,BTC,67607.0,1351312855721.1235,19194568411.874264,,-1.1704509090333812,coingecko,2026-02-22T14:26:23Z
2026-02-22T14:00:00Z,ETH,1950.31,235353412659.8712,10293845394.74373,,-1.9196868016819035,coingecko,2026-02-22T14:26:23Z
2026-02-22T14:00:00Z,BNB,619.18,84402494417.73416,555747294.0725108,,-2.180067950869017,coingecko,2026-02-22T14:26:23Z
2026-02-22T15:00:00Z,BTC,67469.0,1347356839785.183,20009359780.59329,,-1.521193969551772,coingecko,2026-02-22T15:25:37Z
2026-02-22T15:00:00Z,ETH,1949.09,234917060931.5763,9976511582.145432,,-2.0454112521084924,coingecko,2026-02-22T15:25:37Z
2026-02-22T15:00:00Z,BNB,614.74,83787353397.91667,541895158.6597694,,-2.6295468235753527,coingecko,2026-02-22T15:25:37Z
2026-02-22T16:00:00Z,BTC,67550.0,1350566159397.6567,19660349800.540302,,-1.0225397186671024,coingecko,2026-02-22T16:30:19Z
2026-02-22T16:00:00Z,ETH,1948.31,235306145098.35068,9466543830.968142,,-1.7417518994125911,coingecko,2026-02-22T16:30:19Z
2026-02-22T16:00:00Z,BNB,612.94,83597634973.91864,531341429.4553,,-1.8548894126191977,coingecko,2026-02-22T16:30:19Z
2026-02-22T17:00:00Z,BTC,67507.0,1349884299596.0552,19399881992.247723,,-1.0717640098445935,coingecko,2026-02-22T17:25:52Z
2026-02-22T17:00:00Z,ETH,1947.19,234937210863.28613,9517829739.407862,,-1.9215443300491173,coingecko,2026-02-22T17:25:52Z
2026-02-22T17:00:00Z,BNB,611.58,83371422122.60413,521000377.86267495,,-2.2476510844059567,coingecko,2026-02-22T17:25:52Z
2026-02-22T18:00:00Z,BTC,67322.0,1345840478798.3672,20174563091.90816,,-1.7502272603975997,coingecko,2026-02-22T18:35:56Z
2026-02-22T18:00:00Z,ETH,1940.47,234165694220.30545,11328442380.263992,,-2.5278437565333784,coingecko,2026-02-22T18:35:56Z
2026-02-22T18:00:00Z,BNB,611.28,83351920898.62646,550384175.9653894,,-2.79456955267376,coingecko,2026-02-22T18:35:56Z
2026-02-22T19:00:00Z,BTC,67415.0,1347932147831.725,19952184903.59304,,-1.6893863207034847,coingecko,2026-02-22T19:25:15Z
2026-02-22T19:00:00Z,ETH,1941.61,234370534683.1481,9292256963.070225,,-2.4889664172998813,coingecko,2026-02-22T19:25:15Z
2026-02-22T19:00:00Z,BNB,611.22,83337822381.71814,545764025.6573445,,-2.6361257546267733,coingecko,2026-02-22T19:25:15Z
2026-02-22T20:00:00Z,BTC,67411.0,1348189446558.4167,19960523143.20785,,-1.6500784458950928,coingecko,2026-02-22T20:27:53Z
2026-02-22T20:00:00Z,ETH,1943.17,234590637127.94376,10145698036.092196,,-2.28574072070164,coingecko,2026-02-22T20:27:53Z
2026-02-22T20:00:00Z,BNB,611.96,83453021411.00128,541495031.9223174,,-2.4166944643591863,coingecko,2026-02-22T20:27:53Z
2026-02-22T21:00:00Z,BTC,67446.0,1348428106770.631,19888766835.312298,,-1.290598670081381,coingecko,2026-02-22T21:25:04Z
2026-02-22T21:00:00Z,ETH,1942.6,234453335267.28973,8487599631.661609,,-1.7832515194813163,coingecko,2026-02-22T21:25:04Z
2026-02-22T21:00:00Z,BNB,612.01,83413811497.50002,533361691.7646134,,-2.1769400933281924,coingecko,2026-02-22T21:25:04Z
2026-02-22T22:00:00Z,BTC,67598.0,1351553740254.1433,20035549538.077217,,-0.9986690984195294,coingecko,2026-02-22T22:24:58Z
2026-02-22T22:00:00Z,ETH,1954.06,235780154701.10464,9151008657.619806,,-1.2538166488883355,coingecko,2026-02-22T22:24:58Z
2026-02-22T22:00:00Z,BNB,615.28,83908340699.66922,541110014.9507314,,-1.824132384529356,coingecko,2026-02-22T22:24:58Z
2026-02-22T23:00:00Z,BTC,67539.0,1349136602811.4114,20270580771.40118,,-0.7320226896896116,coingecko,2026-02-22T23:26:26Z
2026-02-22T23:00:00Z,ETH,1951.98,235335545106.76004,9337211314.285696,,-1.207646626587461,coingecko,2026-02-22T23:26:26Z
2026-02-22T23:00:00Z,BNB,614.6,83751539237.7851,537772266.3729475,,-1.7589144446147909,coingecko,2026-02-22T23:26:26Z
2026-02-23T02:00:00Z,BTC,64602.0,1290041467261.7412,29590089535.047832,,-5.238297534934048,coingecko,2026-02-23T02:08:47Z
2026-02-23T02:00:00Z,ETH,1861.06,224390975210.114,13504140453.19958,,-6.045107402242577,coingecko,2026-02-23T02:08:47Z
2026-02-23T02:00:00Z,BNB,587.21,79879661850.68857,729948360.0199805,,-6.239292373089868,coingecko,2026-02-23T02:08:47Z
2026-02-23T04:00:00Z,BTC,64795.0,1295242458865.7727,33087510123.751884,,-4.657818367320629,coingecko,2026-02-23T04:58:06Z
2026-02-23T04:00:00Z,ETH,1858.9,224309412365.81525,15221381759.783115,,-5.783076476180664,coingecko,2026-02-23T04:58:06Z
2026-02-23T04:00:00Z,BNB,586.91,80027844934.90129,938239985.3898314,,-5.470658232111265,coingecko,2026-02-23T04:58:06Z
2026-02-23T06:00:00Z,BTC,65146.0,1300381510025.5283,35547603950.5679,,-4.215801820981216,coingecko,2026-02-23T06:08:19Z
2026-02-23T06:00:00Z,ETH,1868.34,225089468055.9293,15483152108.960646,,-5.425693736532407,coingecko,2026-02-23T06:08:19Z
2026-02-23T06:00:00Z,BNB,594.62,80934728077.50084,1039429625.163157,,-4.1462846016522015,coingecko,2026-02-23T06:08:19Z
2026-02-23T07:00:00Z,BTC,65930.0,1318095440655.8582,38038349778.732544,,-3.103674692122344,coingecko,2026-02-23T07:54:41Z
2026-02-23T07:00:00Z,ETH,1884.93,227502290368.09827,24907146961.951767,,-4.597841147260668,coingecko,2026-02-23T07:54:41Z
2026-02-23T07:00:00Z,BNB,599.11,81712866442.25148,1091074168.6515822,,-3.759118038038544,coingecko,2026-02-23T07:54:41Z
2026-02-23T08:00:00Z,BTC,65598.0,1311550775991.205,39192536049.874245,,-3.4339956502867564,coingecko,2026-02-23T08:51:37Z
2026-02-23T08:00:00Z,ETH,1879.4,226772976838.2664,17159522639.370152,,-4.6868678488699365,coingecko,2026-02-23T08:51:37Z
2026-02-23T08:00:00Z,BNB,597.79,81494616906.98218,1108473983.0757148,,-3.777742846194624,coingecko,2026-02-23T08:51:37Z
2026-02-23T09:00:00Z,BTC,66359.0,1325290312620.0415,40815615451.96755,,-2.5127592756796613,coingecko,2026-02-23T09:55:20Z
2026-02-23T09:00:00Z,ETH,1915.4,230910273889.1215,17951273748.09509,,-3.023147097978359,coingecko,2026-02-23T09:55:20Z
2026-02-23T09:00:00Z,BNB,609.0,83011839146.27872,1148492880.9695065,,-2.379595328125596,coingecko,2026-02-23T09:55:20Z
2026-02-23T10:00:00Z,BTC,66297.0,1325379899845.0168,41435912576.732056,,-2.683792024158973,coingecko,2026-02-23T10:51:43Z
2026-02-23T10:00:00Z,ETH,1913.99,230992742058.652,27371121543.81259,,-3.187974214729246,coingecko,2026-02-23T10:51:43Z
2026-02-23T10:00:00Z,BNB,607.57,82846143482.55283,1198407511.4412706,,-2.5838773383544087,coingecko,2026-02-23T10:51:43Z
2026-02-23T11:00:00Z,BTC,66162.0,1323726994342.3508,42572849872.54458,,-3.004638255691394,coingecko,2026-02-23T11:39:53Z
2026-02-23T11:00:00Z,ETH,1912.71,231050384799.418,28236197262.80786,,-3.3794216339175662,coingecko,2026-02-23T11:39:53Z
2026-02-23T11:00:00Z,BNB,606.83,82770005836.05193,1207057018.4757037,,-2.7068435227066643,coingecko,2026-02-23T11:39:53Z
2026-02-23T13:00:00Z,BTC,66276.0,1325117839814.8564,43767433622.490166,,-2.512318740196936,coingecko,2026-02-23T13:04:34Z
2026-02-23T13:00:00Z,ETH,1920.74,231830395442.3516,28573394495.4228,,-2.318518089105426,coingecko,2026-02-23T13:04:34Z
2026-02-23T13:00:00Z,BNB,610.76,83284575578.29823,1257511929.6056275,,-1.6224486709293329,coingecko,2026-02-23T13:04:34Z
2026-02-23T14:00:00Z,BTC,65845.0,1316486434530.3667,44390551759.76053,,-2.561316898408508,coingecko,2026-02-23T14:45:55Z
2026-02-23T14:00:00Z,ETH,1906.12,230030698056.58963,20038043625.217705,,-2.059979298367505,coingecko,2026-02-23T14:45:55Z
2026-02-23T14:00:00Z,BNB,608.33,82777684223.62076,1359331126.5272253,,-1.5088989195390043,coingecko,2026-02-23T14:45:55Z
2026-02-23T15:00:00Z,BTC,65809.0,1315479446365.3357,44955459757.23312,,-2.8672697086961523,coingecko,2026-02-23T15:45:46Z
2026-02-23T15:00:00Z,ETH,1905.64,229873957136.7107,30078024908.59232,,-2.538792275798864,coingecko,2026-02-23T15:45:46Z
2026-02-23T15:00:00Z,BNB,606.89,82729144439.80077,1370606790.570769,,-1.5678906821663754,coingecko,2026-02-23T15:45:46Z
2026-02-23T16:00:00Z,BTC,65378.0,1307495128985.6042,46154548767.54497,,-3.29852505569769,coingecko,2026-02-23T16:57:28Z
2026-02-23T16:00:00Z,ETH,1886.18,227676555933.49905,19956647963.625725,,-3.364217758549044,coingecko,2026-02-23T16:57:28Z
2026-02-23T16:00:00Z,BNB,602.76,82262768221.00877,1400510892.0486507,,-1.758745084774953,coingecko,2026-02-23T16:57:28Z
2026-02-23T18:00:00Z,BTC,64705.0,1294598472172.8608,49647152287.99501,,-3.9295582093339902,coingecko,2026-02-23T18:02:26Z
2026-02-23T18:00:00Z,ETH,1861.18,224804040287.2053,21147847443.18769,,-4.044757629245463,coingecko,2026-02-23T18:02:26Z
2026-02-23T18:00:00Z,BNB,596.35,81375564997.1229,1438371705.6964464,,-2.398822459627751,coingecko,2026-02-23T18:02:26Z
2026-02-23T19:00:00Z,BTC,64253.0,1284148123772.0796,53168916272.94264,,-4.671388140859829,coingecko,2026-02-23T19:56:42Z
2026-02-23T19:00:00Z,ETH,1855.12,223854753236.77515,23716602148.22646,,-4.524431685382195,coingecko,2026-02-23T19:56:42Z
2026-02-23T19:00:00Z,BNB,592.74,80809823706.40479,1501259712.516251,,-3.184727813779895,coingecko,2026-02-23T19:56:42Z
2026-02-23T20:00:00Z,BTC,64258.0,1283588871918.4172,54537618998.10641,,-4.669624468626342,coingecko,2026-02-23T20:46:42Z
2026-02-23T20:00:00Z,ETH,1856.4,223908276293.9938,24083397208.195484,,-4.48303566836994,coingecko,2026-02-23T20:46:42Z
2026-02-23T20:00:00Z,BNB,593.93,80910124662.49675,1524727223.05101,,-2.9616569472465666,coingecko,2026-02-23T20:46:42Z
2026-02-23T21:00:00Z,BTC,64711.0,1293816186097.1338,55523349305.42749,,-4.227249884357791,coingecko,2026-02-23T21:44:20Z
2026-02-23T21:00:00Z,ETH,1863.74,224939652248.3693,31669355685.990627,,-4.326948474172768,coingecko,2026-02-23T21:44:20Z
2026-02-23T21:00:00Z,BNB,596.63,81356125238.10138,1560846372.3746183,,-2.6517508073092824,coingecko,2026-02-23T21:44:20Z
2026-02-23T22:00:00Z,BTC,64859.0,1296793429491.9612,56394743920.87639,,-3.981056832023139,coingecko,2026-02-23T22:41:07Z
2026-02-23T22:00:00Z,ETH,1866.25,225248348343.49463,30944375521.87769,,-4.671113416805151,coingecko,2026-02-23T22:41:07Z
2026-02-23T22:00:00Z,BNB,598.37,81590565382.77565,1567657439.9745326,,-2.773512423078057,coingecko,2026-02-23T22:41:07Z
2026-02-23T23:00:00Z,BTC,64822.0,1296001349771.548,55701360861.84703,,-4.046607399266583,coingecko,2026-02-23T23:34:40Z
2026-02-23T23:00:00Z,ETH,1860.77,224592001072.80484,23435502752.6034,,-4.654745988072049,coingecko,2026-02-23T23:34:40Z
2026-02-23T23:00:00Z,BNB,597.78,81519096661.04146,1554360990.3786,,-2.7051377215536765,coingecko,2026-02-23T23:34:40Z
2026-02-24T02:00:00Z,BTC,64108.0,1281764352839.1748,50278274120.51265,,-0.7310201655703364,coingecko,2026-02-24T02:05:36Z
2026-02-24T02:00:00Z,ETH,1839.67,222363833263.4921,19867509847.9125,,-1.0921144238685392,coingecko,2026-02-24T02:05:36Z
2026-02-24T02:00:00Z,BNB,598.08,81542355210.14255,1381910740.964866,,1.9946952272120035,coingecko,2026-02-24T02:05:36Z
2026-02-24T04:00:00Z,BTC,63317.0,1265610123166.8845,50111114456.20224,,-2.1295448377949224,coingecko,2026-02-24T04:51:59Z
2026-02-24T04:00:00Z,ETH,1829.15,220716742776.79987,21033227171.32984,,-1.5056004689377136,coingecko,2026-02-24T04:51:59Z
2026-02-24T04:00:00Z,BNB,592.05,80706555565.69487,1318544026.7823002,,0.857319564525455,coingecko,2026-02-24T04:51:59Z
2026-02-24T05:00:00Z,BTC,63068.0,1260983860794.3372,50061055784.95046,,-2.9493787181504683,coingecko,2026-02-24T05:59:44Z
2026-02-24T05:00:00Z,ETH,1825.72,220375165761.48187,21028883887.55325,,-2.112198441811461,coingecko,2026-02-24T05:59:44Z
2026-02-24T05:00:00Z,BNB,590.31,80510604400.03136,1266678964.1226473,,-0.543947376587162,coingecko,2026-02-24T05:59:44Z
2026-02-24T07:00:00Z,BTC,63260.0,1259583488006.8284,49968297057.13535,,-3.847123798221354,coingecko,2026-02-24T07:12:34Z
2026-02-24T07:00:00Z,ETH,1827.08,219393853458.228,20613859463.17416,,-2.9049528780611924,coingecko,2026-02-24T07:12:34Z
2026-02-24T07:00:00Z,BNB,588.89,80046042914.29361,1258824334.1541862,,-1.6522307390899624,coingecko,2026-02-24T07:12:34Z
2026-02-24T08:00:00Z,BTC,63364.0,1267219855129.7988,49517916284.47101,,-3.409521614607472,coingecko,2026-02-24T08:49:48Z
2026-02-24T08:00:00Z,ETH,1831.49,221144280509.4052,20730476166.8041,,-2.4845220717624503,coingecko,2026-02-24T08:49:48Z
2026-02-24T08:00:00Z,BNB,591.99,80759793425.71567,1256787459.52478,,-0.9265365561497696,coingecko,2026-02-24T08:49:48Z
2026-02-24T09:00:00Z,BTC,63212.0,1261756376663.3003,49372637538.99274,,-4.800190870853785,coingecko,2026-02-24T09:53:00Z
2026-02-24T09:00:00Z,ETH,1823.74,219795074253.4011,27537966008.34965,,-4.828747342451009,coingecko,2026-02-24T09:53:00Z
2026-02-24T09:00:00Z,BNB,589.03,80237022674.32544,1229277332.934939,,-3.314131500145844,coingecko,2026-02-24T09:53:00Z
2026-02-24T10:00:00Z,BTC,63198.0,1263063104950.0508,47987659316.10412,,-4.765482903215557,coingecko,2026-02-24T10:50:58Z
2026-02-24T10:00:00Z,ETH,1823.31,219976505035.112,24884340441.383728,,-4.737104450799387,coingecko,2026-02-24T10:50:58Z
2026-02-24T10:00:00Z,BNB,588.1,80167748257.77101,1201680703.0379658,,-3.2049081212031663,coingecko,2026-02-24T10:50:58Z
2026-02-24T11:00:00Z,BTC,63201.0,1262565861933.5625,48970213394.6189,,-4.480495262845734,coingecko,2026-02-24T11:41:03Z
2026-02-24T11:00:00Z,ETH,1822.02,219716583221.3076,20846894490.039604,,-4.7472956593444415,coingecko,2026-02-24T11:41:03Z
2026-02-24T11:00:00Z,BNB,586.49,79962793891.44183,1224157982.753393,,-3.3639635422819976,coingecko,2026-02-24T11:41:03Z
2026-02-24T13:00:00Z,BTC,62951.0,1258838798246.5144,48085081999.78842,,-4.984403850014174,coingecko,2026-02-24T13:05:52Z
2026-02-24T13:00:00Z,ETH,1824.45,220187219036.24283,26223533423.84594,,-5.154011217231404,coingecko,2026-02-24T13:05:52Z
2026-02-24T13:00:00Z,BNB,584.35,79796236221.81056,1207791327.2544796,,-4.267466846523979,coingecko,2026-02-24T13:05:52Z
2026-02-24T14:00:00Z,BTC,63503.0,1266385402350.346,49030950532.31417,,-3.374778800107746,coingecko,2026-02-24T14:50:05Z
2026-02-24T14:00:00Z,ETH,1835.08,220793598441.63315,19960118179.504,,-3.7271461149790666,coingecko,2026-02-24T14:50:05Z
2026-02-24T14:00:00Z,BNB,583.23,79410843256.88594,1271095294.0628247,,-4.1343434227140925,coingecko,2026-02-24T14:50:05Z
2026-02-24T15:00:00Z,BTC,63959.0,1278612765498.954,49403329251.49465,,-2.6029770991992094,coingecko,2026-02-24T15:58:56Z
2026-02-24T15:00:00Z,ETH,1846.14,222743376615.19827,20394837397.95649,,-2.667873894267415,coingecko,2026-02-24T15:58:56Z
2026-02-24T15:00:00Z,BNB,585.98,79849360178.97607,1295615192.6042058,,-3.223096283360163,coingecko,2026-02-24T15:58:56Z
2026-02-24T17:00:00Z,BTC,64391.0,1284805327707.9563,49556437001.48086,,-1.1084798124406416,coingecko,2026-02-24T17:13:18Z
2026-02-24T17:00:00Z,ETH,1861.78,224389572102.691,20465560495.168846,,-1.0544735711183917,coingecko,2026-02-24T17:13:18Z
2026-02-24T17:00:00Z,BNB,588.99,80143637571.74294,1308961525.7917607,,-2.147862227519701,coingecko,2026-02-24T17:13:18Z
2026-02-24T19:00:00Z,BTC,64454.0,1288222623521.3152,48877994708.297455,,-0.27643389002819,coingecko,2026-02-24T19:02:07Z
2026-02-24T19:00:00Z,ETH,1855.3,223910649636.385,19332924983.159924,,-0.1386118100506416,coingecko,2026-02-24T19:02:07Z
2026-02-24T19:00:00Z,BNB,588.09,80191575807.50238,1285847598.4389672,,-1.6182715569517472,coingecko,2026-02-24T19:02:07Z
2026-02-24T20:00:00Z,BTC,64513.0,1290130398691.754,46461160098.89887,,0.4634558012417198,coingecko,2026-02-24T20:36:18Z
2026-02-24T20:00:00Z,ETH,1858.34,224296868797.6854,18867752746.124016,,0.1434158794695947,coingecko,2026-02-24T20:36:18Z
2026-02-24T20:00:00Z,BNB,589.78,80450283893.6834,1260735781.84096,,-0.6112712465688895,coingecko,2026-02-24T20:36:18Z
2026-02-24T21:00:00Z,BTC,63910.0,1278311381683.5764,46015084282.39805,,-0.9828212803705288,coingecko,2026-02-24T21:35:02Z
2026-02-24T21:00:00Z,ETH,1847.63,223105143855.27243,19876278029.444103,,-0.8672745359791885,coingecko,2026-02-24T21:35:02Z
2026-02-24T21:00:00Z,BNB,584.18,79683352858.53218,1249373720.007329,,-2.014360806205998,coingecko,2026-02-24T21:35:02Z
2026-02-24T22:00:00Z,BTC,64099.0,1281541552577.3936,45199967006.98994,,-1.2495882108250314,coingecko,2026-02-24T22:34:00Z
2026-02-24T22:00:00Z,ETH,1857.24,224148415076.8312,26435309921.279488,,-0.4979938991455019,coingecko,2026-02-24T22:34:00Z
2026-02-24T22:00:00Z,BNB,585.22,79791737451.52603,1236786794.4610157,,-2.120445872775255,coingecko,2026-02-24T22:34:00Z
2026-02-24T23:00:00Z,BTC,64178.0,1283233958625.5852,44144819755.5826,,-1.0036974162094348,coingecko,2026-02-24T23:31:55Z
2026-02-24T23:00:00Z,ETH,1857.8,224202415719.29868,18994577416.043785,,-0.1671311681409077,coingecko,2026-02-24T23:31:55Z
2026-02-24T23:00:00Z,BNB,585.04,79761228448.0366,1241130214.935607,,-2.1342681717389773,coingecko,2026-02-24T23:31:55Z
2026-02-25T02:00:00Z,BTC,65991.0,1319395309439.672,45460574755.01795,,3.045941459977743,coingecko,2026-02-25T02:07:35Z
2026-02-25T02:00:00Z,ETH,1919.68,231794924761.08105,22605928011.849224,,4.425358279433879,coingecko,2026-02-25T02:07:35Z
2026-02-25T02:00:00Z,BNB,598.58,81594692222.74861,1323991536.4635522,,0.1787965750074252,coingecko,2026-02-25T02:07:35Z
2026-02-25T04:00:00Z,BTC,65490.0,1310297876838.0562,44738052310.61277,,3.517224164587142,coingecko,2026-02-25T04:52:39Z
2026-02-25T04:00:00Z,ETH,1908.49,230515120984.95044,27010371100.92796,,4.391681380101352,coingecko,2026-02-25T04:52:39Z
2026-02-25T04:00:00Z,BNB,595.56,81198467272.65527,1325219782.774989,,0.6151572814755785,coingecko,2026-02-25T04:52:39Z
2026-02-25T06:00:00Z,BTC,64879.0,1297817806882.7683,44329518232.17551,,2.869715213733808,coingecko,2026-02-25T06:00:44Z
2026-02-25T06:00:00Z,ETH,1888.29,228006113338.41464,22505452937.09737,,3.441845569852019,coingecko,2026-02-25T06:00:44Z
2026-02-25T06:00:00Z,BNB,592.37,80760501737.54655,1282481410.0054803,,0.3362406450438031,coingecko,2026-02-25T06:00:44Z
2026-02-25T07:00:00Z,BTC,65035.0,1298222613830.1824,43706277081.260925,,2.834748859514096,coingecko,2026-02-25T07:14:33Z
2026-02-25T07:00:00Z,ETH,1888.94,227673425417.1062,22580549514.197994,,3.40447858554365,coingecko,2026-02-25T07:14:33Z
2026-02-25T07:00:00Z,BNB,595.32,80947199713.12549,1321419573.465457,,1.1043173818460634,coingecko,2026-02-25T07:14:33Z
2026-02-25T08:00:00Z,BTC,65432.0,1308271624755.5366,43908803532.78561,,3.2849131350003704,coingecko,2026-02-25T08:50:52Z
2026-02-25T08:00:00Z,ETH,1905.54,230027231270.8525,19844837579.1162,,4.070997348454483,coingecko,2026-02-25T08:50:52Z
2026-02-25T08:00:00Z,BNB,599.67,81811276476.72803,1365919320.138133,,1.247961314413099,coingecko,2026-02-25T08:50:52Z
2026-02-25T09:00:00Z,BTC,65538.0,1310530895978.3025,43746954924.7926,,3.835375420484093,coingecko,2026-02-25T09:55:13Z
2026-02-25T09:00:00Z,ETH,1913.91,231004718969.5175,19378493863.14448,,4.975884798332366,coingecko,2026-02-25T09:55:13Z
2026-02-25T09:00:00Z,BNB,601.78,82058855761.29599,1393641296.72005,,2.286080404749347,coingecko,2026-02-25T09:55:13Z
2026-02-25T10:00:00Z,BTC,65464.0,1309014698015.2097,43459170135.78984,,3.587558937836758,coingecko,2026-02-25T10:51:53Z
2026-02-25T10:00:00Z,ETH,1915.23,231158540850.4454,18022001798.53301,,4.813729325319567,coingecko,2026-02-25T10:51:53Z
2026-02-25T10:00:00Z,BNB,603.1,82224674475.80014,1418925096.779407,,2.3778795165683766,coingecko,2026-02-25T10:51:53Z
2026-02-25T11:00:00Z,BTC,65415.0,1306863243481.4712,43820975492.30111,,3.6559771687961344,coingecko,2026-02-25T11:40:25Z
2026-02-25T11:00:00Z,ETH,1923.02,231743624920.59613,18991169500.40527,,5.542875658338529,coingecko,2026-02-25T11:40:25Z
2026-02-25T11:00:00Z,BNB,604.22,82365530465.50734,1441717749.118071,,3.023847182090246,coingecko,2026-02-25T11:40:25Z
2026-02-25T13:00:00Z,BTC,66140.0,1323132974872.161,43212459065.776566,,5.068076101839314,coingecko,2026-02-25T13:04:56Z
2026-02-25T13:00:00Z,ETH,1956.13,236135611219.3889,22112788304.362858,,7.219988163200918,coingecko,2026-02-25T13:04:56Z
2026-02-25T13:00:00Z,BNB,613.01,83592811441.97224,1482502825.6430516,,4.904506075702671,coingecko,2026-02-25T13:04:56Z
2026-02-25T14:00:00Z,BTC,66659.0,1332658500432.639,43931197078.57911,,5.2478216972693374,coingecko,2026-02-25T14:49:21Z
2026-02-25T14:00:00Z,ETH,1984.1,239409963254.32388,20248058598.331703,,8.070316880840725,coingecko,2026-02-25T14:49:21Z
2026-02-25T14:00:00Z,BNB,616.58,84066648917.27777,1501514909.1839025,,5.733734797831919,coingecko,2026-02-25T14:49:21Z
2026-02-25T16:00:00Z,BTC,67490.0,1347936355858.5,45816851765.21572,,4.955703973425538,coingecko,2026-02-25T16:03:03Z
2026-02-25T16:00:00Z,ETH,2018.39,243086088280.2396,21087780354.458275,,8.5859353435786,coingecko,2026-02-25T16:03:03Z
2026-02-25T16:00:00Z,BNB,622.3,84701364058.43517,1594393137.427407,,5.748015113434414,coingecko,2026-02-25T16:03:03Z
2026-02-25T17:00:00Z,BTC,68670.0,1374451029113.0544,49572448003.20528,,6.936565359156386,coingecko,2026-02-25T17:57:28Z
2026-02-25T17:00:00Z,ETH,2071.84,250131750989.2053,23355522464.56431,,11.666081385838044,coingecko,2026-02-25T17:57:28Z
2026-02-25T17:00:00Z,BNB,628.35,85711676429.36438,1767861525.7180774,,7.091662502047563,coingecko,2026-02-25T17:57:28Z
2026-02-25T19:00:00Z,BTC,68945.0,1381647901843.078,52448650028.683136,,6.743908200497348,coingecko,2026-02-25T19:12:23Z
2026-02-25T19:00:00Z,ETH,2065.15,249926754248.94925,27936498382.051285,,11.31835063168535,coingecko,2026-02-25T19:12:23Z
2026-02-25T19:00:00Z,BNB,629.4,86050964833.81732,1858244989.604212,,6.917618385862344,coingecko,2026-02-25T19:12:23Z
2026-02-25T20:00:00Z,BTC,69145.0,1381629734657.7986,53996818702.55116,,7.160412860578086,coingecko,2026-02-25T20:36:22Z
2026-02-25T20:00:00Z,ETH,2069.72,249487043202.19104,23600101793.045067,,11.39087576698038,coingecko,2026-02-25T20:36:22Z
2026-02-25T20:00:00Z,BNB,631.63,86092713139.09323,1783503856.3349628,,7.197213994082991,coingecko,2026-02-25T20:36:22Z
2026-02-25T21:00:00Z,BTC,69064.0,1376907683183.49,55035810169.39916,,8.070487150776362,coingecko,2026-02-25T21:35:14Z
2026-02-25T21:00:00Z,ETH,2077.77,250170143299.83603,23658950890.93144,,12.382406469045351,coingecko,2026-02-25T21:35:14Z
2026-02-25T21:00:00Z,BNB,631.61,85965955190.58536,1962465096.388749,,8.157651134314527,coingecko,2026-02-25T21:35:14Z
2026-02-25T22:00:00Z,BTC,68806.0,1377379238805.06,53249627086.980286,,7.2664337073190035,coingecko,2026-02-25T22:34:13Z
2026-02-25T22:00:00Z,ETH,2099.1,253491202780.9608,27183686146.33488,,12.920055719191058,coingecko,2026-02-25T22:34:13Z
2026-02-25T22:00:00Z,BNB,633.85,86448846729.31189,2051696247.646248,,8.233643717805213,coingecko,2026-02-25T22:34:13Z
2026-02-25T23:00:00Z,BTC,68316.0,1365965073904.9617,53900932439.13503,,6.451161073934491,coingecko,2026-02-25T23:28:23Z
2026-02-25T23:00:00Z,ETH,2070.11,249813985186.9007,28021913619.134827,,11.46450256179252,coingecko,2026-02-25T23:28:23Z
2026-02-25T23:00:00Z,BNB,630.91,85998888078.23206,2063984322.808195,,8.00319184667299,coingecko,2026-02-25T23:28:23Z
2026-02-26T02:00:00Z,BTC,68166.0,1364781742673.2275,53355072563.66556,,3.3726770162318043,coingecko,2026-02-26T02:02:57Z
2026-02-26T02:00:00Z,ETH,2054.56,248482030646.1703,28347160306.339607,,7.0345565363469005,coingecko,2026-02-26T02:02:57Z
2026-02-26T02:00:00Z,BNB,627.65,85605519945.28989,2057599520.514564,,4.98807354431986,coingecko,2026-02-26T02:02:57Z
2026-02-26T04:00:00Z,BTC,68690.0,1373808846267.688,52167686896.97651,,4.822242708533029,coingecko,2026-02-26T04:50:49Z
2026-02-26T04:00:00Z,ETH,2077.19,250523665712.84363,26906292222.80224,,8.766849721960124,coingecko,2026-02-26T04:50:49Z
2026-02-26T04:00:00Z,BNB,631.57,86127928740.07542,2016983262.5345187,,6.010606804229301,coingecko,2026-02-26T04:50:49Z
2026-02-26T05:00:00Z,BTC,68418.0,1367670758476.2786,52593071065.17467,,5.3581573417527775,coingecko,2026-02-26T05:58:12Z
2026-02-26T05:00:00Z,ETH,2066.95,249471791223.9401,28595205751.46685,,9.408844881304368,coingecko,2026-02-26T05:58:12Z
2026-02-26T05:00:00Z,BNB,628.69,85723522072.70334,2048294351.0446,,6.222772228534228,coingecko,2026-02-26T05:58:12Z
2026-02-26T07:00:00Z,BTC,68203.0,1363917307105.2722,55577111328.38595,,5.131626509218452,coingecko,2026-02-26T07:08:47Z
2026-02-26T07:00:00Z,ETH,2064.92,249290605513.5185,31532701319.98024,,9.495314814847584,coingecko,2026-02-26T07:08:47Z
2026-02-26T07:00:00Z,BNB,627.54,85548376773.18552,2093724878.6490653,,5.590325365838979,coingecko,2026-02-26T07:08:47Z
2026-02-26T08:00:00Z,BTC,68055.0,1360257028629.4863,58674443917.18932,,3.9914022737047454,coingecko,2026-02-26T08:49:43Z
2026-02-26T08:00:00Z,ETH,2053.14,247531230430.96213,32125566943.538387,,7.749209753859285,coingecko,2026-02-26T08:49:43Z
2026-02-26T08:00:00Z,BNB,627.37,85527134084.86017,2114756402.7858653,,4.602650160791892,coingecko,2026-02-26T08:49:43Z
2026-02-26T09:00:00Z,BTC,68508.0,1369340452389.4182,59296122221.97528,,4.5266548044512005,coingecko,2026-02-26T09:51:26Z
2026-02-26T09:00:00Z,ETH,2073.14,250197542312.31625,31471671374.79576,,8.471095142739845,coingecko,2026-02-26T09:51:26Z
2026-02-26T09:00:00Z,BNB,629.54,85814909316.24889,2146465207.237208,,4.612494347926328,coingecko,2026-02-26T09:51:26Z
2026-02-26T10:00:00Z,BTC,68414.0,1367495903898.1,59963953959.59871,,4.586002877458454,coingecko,2026-02-26T10:45:46Z
2026-02-26T10:00:00Z,ETH,2071.0,249798564616.98752,32410538253.306374,,8.192658605566432,coingecko,2026-02-26T10:45:46Z
2026-02-26T10:00:00Z,BNB,626.51,85432241438.12213,2159076051.217736,,4.041830950926093,coingecko,2026-02-26T10:45:46Z
2026-02-26T11:00:00Z,BTC,68176.0,1363804007438.7317,59932861504.88336,,4.22156033654987,coingecko,2026-02-26T11:40:17Z
2026-02-26T11:00:00Z,ETH,2060.8,248826044410.4736,32036235441.577465,,7.11964831374474,coingecko,2026-02-26T11:40:17Z
2026-02-26T11:00:00Z,BNB,623.84,85060337037.48695,2165007101.039611,,3.2462727407837995,coingecko,2026-02-26T11:40:17Z
2026-02-26T13:00:00Z,BTC,68175.0,1363043818290.0876,58876012962.14343,,3.061639580554167,coingecko,2026-02-26T13:06:09Z
2026-02-26T13:00:00Z,ETH,2067.44,249595450189.802,31250584058.0067,,5.61772720145027,coingecko,2026-02-26T13:06:09Z
2026-02-26T13:00:00Z,BNB,626.36,85414255609.05824,2140698851.973704,,2.3025903825427623,coingecko,2026-02-26T13:06:09Z
2026-02-26T14:00:00Z,BTC,67664.0,1357348382452.723,57973470326.42143,,2.050057019433176,coingecko,2026-02-26T14:47:17Z
2026-02-26T14:00:00Z,ETH,2055.85,248886001689.4259,29538611302.68915,,3.3357233488915305,coingecko,2026-02-26T14:47:17Z
2026-02-26T14:00:00Z,BNB,623.97,85254763533.68398,2220204190.332772,,1.5584618795269447,coingecko,2026-02-26T14:47:17Z
2026-02-26T15:00:00Z,BTC,67373.0,1347132094944.776,57208159592.09825,,0.0531140512332319,coingecko,2026-02-26T15:54:04Z
2026-02-26T15:00:00Z,ETH,2033.84,245468355363.47733,29619906496.808395,,0.73464358468902,coingecko,2026-02-26T15:54:04Z
2026-02-26T15:00:00Z,BNB,623.32,84914747146.3316,2328937979.45092,,0.3415397185741814,coingecko,2026-02-26T15:54:04Z
2026-02-26T16:00:00Z,BTC,66624.0,1333199659566.592,55981804478.4959,,-2.082128269209546,coingecko,2026-02-26T16:58:55Z
2026-02-26T16:00:00Z,ETH,1984.64,239775265231.4781,28685325187.44532,,-2.741127541746044,coingecko,2026-02-26T16:58:55Z
2026-02-26T16:00:00Z,BNB,615.9,83988556485.62407,2365557664.9427423,,-1.5530968667424885,coingecko,2026-02-26T16:58:55Z
2026-02-26T17:00:00Z,BTC,66804.0,1335266997186.8374,54037691822.465904,,-2.776968752094277,coingecko,2026-02-26T17:58:43Z
2026-02-26T17:00:00Z,ETH,1989.25,239888220637.0968,28872960529.917835,,-4.01519214039658,coingecko,2026-02-26T17:58:43Z
2026-02-26T17:00:00Z,BNB,616.76,84100268448.01996,2379689569.5790834,,-1.8789675074191183,coingecko,2026-02-26T17:58:43Z
2026-02-26T19:00:00Z,BTC,67372.0,1346182308581.1543,52349901071.873,,-2.838628521024414,coingecko,2026-02-26T19:02:20Z
2026-02-26T19:00:00Z,ETH,2006.35,241936384425.09027,27875242787.04142,,-3.2731366046795967,coingecko,2026-02-26T19:02:20Z
2026-02-26T19:00:00Z,BNB,620.25,84572186223.75922,2356733511.3010707,,-2.003222212662452,coingecko,2026-02-26T19:02:20Z
2026-02-26T20:00:00Z,BTC,67495.0,1350165084177.1472,51081313930.14805,,-2.333958660857625,coingecko,2026-02-26T20:38:03Z
2026-02-26T20:00:00Z,ETH,2029.0,245023045479.1836,28605862679.658665,,-1.9701109437505724,coingecko,2026-02-26T20:38:03Z
2026-02-26T20:00:00Z,BNB,623.22,85005218513.3359,2356979828.277846,,-1.3624485160774915,coingecko,2026-02-26T20:38:03Z
2026-02-26T21:00:00Z,BTC,67462.0,1349019019073.4685,50245974373.223015,,-2.0146233157828464,coingecko,2026-02-26T21:32:38Z
2026-02-26T21:00:00Z,ETH,2030.68,245133782756.29315,26914199636.46326,,-2.2662239651466973,coingecko,2026-02-26T21:32:38Z
2026-02-26T21:00:00Z,BNB,623.3,84935889011.7919,2023889844.3461163,,-1.1362018043583988,coingecko,2026-02-26T21:32:38Z
2026-02-26T22:00:00Z,BTC,67449.0,1347933310670.3765,48145442634.23237,,-2.1106190312232207,coingecko,2026-02-26T22:33:55Z
2026-02-26T22:00:00Z,ETH,2030.2,244930383139.69275,24704528217.2538,,-3.345852135602742,coingecko,2026-02-26T22:33:55Z
2026-02-26T22:00:00Z,BNB,624.37,85111547169.1083,2245316722.200688,,-1.526782365470169,coingecko,2026-02-26T22:33:55Z
2026-02-26T23:00:00Z,BTC,67609.0,1350999975557.8213,46567005378.31735,,-1.004007812692619,coingecko,2026-02-26T23:29:50Z
2026-02-26T23:00:00Z,ETH,2032.85,245165053696.0805,23582572463.92522,,-1.8494922376540488,coingecko,2026-02-26T23:29:50Z
2026-02-26T23:00:00Z,BNB,626.14,85346521750.95284,2209983169.451215,,-0.7439145772717369,coingecko,2026-02-26T23:29:50Z
2026-02-27T02:00:00Z,BTC,67384.0,1346283196562.848,44547135449.0532,,-0.9292799723835656,coingecko,2026-02-27T02:02:16Z
2026-02-27T02:00:00Z,ETH,2022.5,243841647239.6505,23309911449.32669,,-1.3170811838155712,coingecko,2026-02-27T02:02:16Z
2026-02-27T02:00:00Z,BNB,625.92,85301509583.30005,2137440374.6707287,,-0.1278430550989152,coingecko,2026-02-27T02:02:16Z
2026-02-27T04:00:00Z,BTC,67756.0,1354912145089.5466,44734842792.03072,,-1.4086746077709018,coingecko,2026-02-27T04:45:26Z
2026-02-27T04:00:00Z,ETH,2047.05,247055263313.31613,22380809889.53356,,-1.386437564712009,coingecko,2026-02-27T04:45:26Z
2026-02-27T04:00:00Z,BNB,632.19,86225176280.13026,2189314944.678669,,0.0589301183082554,coingecko,2026-02-27T04:45:26Z
2026-02-27T05:00:00Z,BTC,67786.0,1355390653392.1562,44762631378.19699,,-0.8991300993208027,coingecko,2026-02-27T05:52:26Z
2026-02-27T05:00:00Z,ETH,2044.25,246748854094.52524,22065179484.03356,,-1.0925673420610629,coingecko,2026-02-27T05:52:26Z
2026-02-27T05:00:00Z,BNB,632.75,86305044256.55173,2173881830.416556,,0.6531043826218083,coingecko,2026-02-27T05:52:26Z
2026-02-27T06:00:00Z,BTC,67741.0,1355052919758.0598,44101898766.543785,,-0.6545586481353785,coingecko,2026-02-27T06:54:39Z
2026-02-27T06:00:00Z,ETH,2036.68,245946579907.45337,22870490391.905544,,-1.3402723694777376,coingecko,2026-02-27T06:54:39Z
2026-02-27T06:00:00Z,BNB,629.57,85878434996.89706,2145692257.1777563,,0.4585265176744793,coingecko,2026-02-27T06:54:39Z
2026-02-27T07:00:00Z,BTC,67539.0,1350470048169.142,44280392280.5834,,-0.6539885782345787,coingecko,2026-02-27T07:46:57Z
2026-02-27T07:00:00Z,ETH,2024.62,244376003125.012,22024362828.0422,,-1.623474960596023,coingecko,2026-02-27T07:46:57Z
2026-02-27T07:00:00Z,BNB,626.03,85354911031.37033,2142599602.242268,,-0.0390329184774617,coingecko,2026-02-27T07:46:57Z
2026-02-27T08:00:00Z,BTC,67804.0,1355939024040.9084,44162718017.62156,,-0.4335875622032322,coingecko,2026-02-27T08:40:43Z
2026-02-27T08:00:00Z,ETH,2031.05,245189199378.24146,22394918077.51236,,-0.9544851264977092,coingecko,2026-02-27T08:40:43Z
2026-02-27T08:00:00Z,BNB,626.98,85413053215.41582,2118342650.619464,,-0.076507953478597,coingecko,2026-02-27T08:40:43Z
2026-02-27T09:00:00Z,BTC,67815.0,1355974607447.9722,44733073688.229546,,-1.1334684617846045,coingecko,2026-02-27T09:41:17Z
2026-02-27T09:00:00Z,ETH,2029.45,244932251310.1941,22058950112.56036,,-2.089479455427925,coingecko,2026-02-27T09:41:17Z
2026-02-27T09:00:00Z,BNB,627.52,85566700046.37782,2064208432.9834423,,-0.3157814446351237,coingecko,2026-02-27T09:41:17Z
2026-02-27T10:00:00Z,BTC,66859.0,1337635497023.302,45031315033.98766,,-2.3011271544963288,coingecko,2026-02-27T10:37:52Z
2026-02-27T10:00:00Z,ETH,1994.61,240917459968.95493,23053558794.12192,,-3.64897920038887,coingecko,2026-02-27T10:37:52Z
2026-02-27T10:00:00Z,BNB,620.25,84632233439.51721,2036894149.2278724,,-1.1389696000939191,coingecko,2026-02-27T10:37:52Z
2026-02-27T11:00:00Z,BTC,66527.0,1331493203158.5725,46174640060.63736,,-2.406977516274687,coingecko,2026-02-27T11:32:36Z
2026-02-27T11:00:00Z,ETH,1973.79,238501133781.7505,23485982115.00913,,-4.264069106810419,coingecko,2026-02-27T11:32:36Z
2026-02-27T11:00:00Z,BNB,617.7,84197395214.06099,2013757781.947883,,-0.9579468891346744,coingecko,2026-02-27T11:32:36Z
2026-02-27T12:00:00Z,BTC,65814.0,1315985772727.381,48019989570.12633,,-3.456944721987548,coingecko,2026-02-27T12:59:13Z
2026-02-27T12:00:00Z,ETH,1956.8,236170837154.6993,21472687960.546623,,-5.453633428528291,coingecko,2026-02-27T12:59:13Z
2026-02-27T12:00:00Z,BNB,613.95,83725200901.72786,1982004764.315688,,-1.993395111922041,coingecko,2026-02-27T12:59:13Z
2026-02-27T14:00:00Z,BTC,66233.0,1324462913050.6785,48545851121.65072,,-2.3497894735899205,coingecko,2026-02-27T14:03:47Z
2026-02-27T14:00:00Z,ETH,1960.2,236905937229.4421,24160118584.010445,,-4.995943195815856,coingecko,2026-02-27T14:03:47Z
2026-02-27T14:00:00Z,BNB,614.0,83749014701.61655,1929356332.672474,,-2.024028182183621,coingecko,2026-02-27T14:03:47Z
2026-02-27T15:00:00Z,BTC,65949.0,1319434154169.5725,46957808574.59971,,-1.9354399934819064,coingecko,2026-02-27T15:37:49Z
2026-02-27T15:00:00Z,ETH,1944.57,234813416729.08463,22599498733.89148,,-3.7926100268511065,coingecko,2026-02-27T15:37:49Z
2026-02-27T15:00:00Z,BNB,612.1,83477866468.09303,1702653977.1471376,,-1.5339728863431144,coingecko,2026-02-27T15:37:49Z
2026-02-27T16:00:00Z,BTC,65894.0,1318598579000.5918,45545524451.46094,,-1.7086949584541145,coingecko,2026-02-27T16:41:01Z
2026-02-27T16:00:00Z,ETH,1936.79,234015980814.3786,22099564871.17459,,-3.970603190869864,coingecko,2026-02-27T16:41:01Z
2026-02-27T16:00:00Z,BNB,612.82,83609091646.32227,1540557988.6395595,,-1.1386253200842948,coingecko,2026-02-27T16:41:01Z
2026-02-27T17:00:00Z,BTC,65289.0,1303962810590.6409,44667104710.954926,,-2.50190499886282,coingecko,2026-02-27T17:36:08Z
2026-02-27T17:00:00Z,ETH,1914.82,230797026378.6178,22240389962.586994,,-4.030813838285445,coingecko,2026-02-27T17:36:08Z
2026-02-27T17:00:00Z,BNB,608.08,82770394307.7653,1411631297.934913,,-1.689773660380386,coingecko,2026-02-27T17:36:08Z
2026-02-27T18:00:00Z,BTC,65578.0,1310813134054.9937,44538529802.1245,,-2.4800314612809147,coingecko,2026-02-27T18:43:06Z
2026-02-27T18:00:00Z,ETH,1925.06,232295753515.10724,21937256153.62091,,-4.022435860893135,coingecko,2026-02-27T18:43:06Z
2026-02-27T18:00:00Z,BNB,612.14,83453710414.12476,1313923740.3955154,,-1.1597150962628644,coingecko,2026-02-27T18:43:06Z
2026-02-27T19:00:00Z,BTC,65370.0,1306674256386.105,42960387825.60475,,-3.311821497157544,coingecko,2026-02-27T19:33:41Z
2026-02-27T19:00:00Z,ETH,1920.16,231716335438.84537,21220389865.490578,,-5.353494755527654,coingecko,2026-02-27T19:33:41Z
2026-02-27T19:00:00Z,BNB,610.01,83187901875.86508,1261984384.9867125,,-2.146365978320863,coingecko,2026-02-27T19:33:41Z
2026-02-27T20:00:00Z,BTC,65606.0,1311665714925.1208,42837879909.77015,,-2.928390038015748,coingecko,2026-02-27T20:28:08Z
2026-02-27T20:00:00Z,ETH,1925.25,232312389523.5609,20120815204.137257,,-5.126963830535027,coingecko,2026-02-27T20:28:08Z
2026-02-27T20:00:00Z,BNB,611.15,83344753743.92064,1220664774.9114206,,-2.0952816546544613,coingecko,2026-02-27T20:28:08Z
2026-02-27T21:00:00Z,BTC,65709.0,1314042696182.316,42807263143.26788,,-2.6026052626073337,coingecko,2026-02-27T21:29:59Z
2026-02-27T21:00:00Z,ETH,1931.27,233110924798.70303,19964234145.881763,,-4.895305159970109,coingecko,2026-02-27T21:29:59Z
2026-02-27T21:00:00Z,BNB,612.43,83529503905.99014,1184953068.85118,,-1.7258475277121346,coingecko,2026-02-27T21:29:59Z
2026-02-27T22:00:00Z,BTC,65522.0,1310961201018.7742,43030939419.91645,,-2.866935640965937,coingecko,2026-02-27T22:23:00Z
2026-02-27T22:00:00Z,ETH,1915.94,231682713167.2608,20987681135.71442,,-5.5613440007795365,coingecko,2026-02-27T22:23:00Z
2026-02-27T22:00:00Z,BNB,610.47,83243490414.95746,1194463720.504033,,-2.177917992943033,coingecko,2026-02-27T22:23:00Z
2026-02-27T23:00:00Z,BTC,65883.0,1316988226825.165,43558493495.53773,,-2.392925125224908,coingecko,2026-02-27T23:25:01Z
2026-02-27T23:00:00Z,ETH,1930.62,232958608101.092,21608723784.62992,,-4.957466289613618,coingecko,2026-02-27T23:25:01Z
2026-02-27T23:00:00Z,BNB,613.97,83610062301.38454,1198676359.8166547,,-1.8256390343269573,coingecko,2026-02-27T23:25:01Z
2026-02-28T01:00:00Z,BTC,65841.0,1316147132814.6694,41754482559.27945,,-2.15679969619965,coingecko,2026-02-28T01:52:30Z
2026-02-28T01:00:00Z,ETH,1927.92,232635690663.7991,20007073042.398705,,-4.45058882720358,coingecko,2026-02-28T01:52:30Z
2026-02-28T01:00:00Z,BNB,612.53,83552681225.90585,1139695267.9370642,,-2.0831465971693546,coingecko,2026-02-28T01:52:30Z
2026-02-28T03:00:00Z,BTC,65826.0,1316266679968.9275,40712690238.29237,,-2.3566384168326486,coingecko,2026-02-28T03:55:16Z
2026-02-28T03:00:00Z,ETH,1924.97,232330782977.12985,26693499664.51905,,-5.168334514689649,coingecko,2026-02-28T03:55:16Z
2026-02-28T03:00:00Z,BNB,614.75,83826615206.79442,1087181081.2710428,,-2.127359697457916,coingecko,2026-02-28T03:55:16Z
2026-02-28T04:00:00Z,BTC,65678.0,1312784995624.4883,39655810364.41761,,-3.270932879850577,coingecko,2026-02-28T04:55:59Z
2026-02-28T04:00:00Z,ETH,1925.5,232354666584.21,19705551474.167885,,-6.006814993236809,coingecko,2026-02-28T04:55:59Z
2026-02-28T04:00:00Z,BNB,612.52,83519964614.32245,1036232495.067545,,-3.233694509422216,coingecko,2026-02-28T04:55:59Z
2026-02-28T05:00:00Z,BTC,65586.0,1311652049219.9265,38940049220.57651,,-3.3400386322712707,coingecko,2026-02-28T05:33:47Z
2026-02-28T05:00:00Z,ETH,1920.57,231893585041.48505,19448545795.904087,,-6.100524345851214,coingecko,2026-02-28T05:33:47Z
2026-02-28T05:00:00Z,BNB,611.3,83420942527.31262,1041935355.5449836,,-3.2430211772000805,coingecko,2026-02-28T05:33:47Z
2026-02-28T06:00:00Z,BTC,63716.0,1275432549392.257,41009660567.87731,,-5.820257426780871,coingecko,2026-02-28T06:39:03Z
2026-02-28T06:00:00Z,ETH,1860.09,224855247669.2721,19636955602.824013,,-8.70379263926332,coingecko,2026-02-28T06:39:03Z
2026-02-28T06:00:00Z,BNB,595.82,81354342657.91129,983913583.9832932,,-5.356079552427123,coingecko,2026-02-28T06:39:03Z
2026-02-28T07:00:00Z,BTC,63424.0,1268551733266.472,44088325691.27082,,-6.105769211693328,coingecko,2026-02-28T07:27:33Z
2026-02-28T07:00:00Z,ETH,1849.82,223474226520.4919,29172754917.32649,,-8.993958178886192,coingecko,2026-02-28T07:27:33Z
2026-02-28T07:00:00Z,BNB,592.85,80964247179.50986,1050183272.14334,,-5.36644654581375,coingecko,2026-02-28T07:27:33Z
2026-02-28T08:00:00Z,BTC,63652.0,1272260779203.51,45541656872.44635,,-6.317255786204468,coingecko,2026-02-28T08:29:45Z
2026-02-28T08:00:00Z,ETH,1858.53,224181063059.66168,28651030272.03603,,-8.767448058081353,coingecko,2026-02-28T08:29:45Z
2026-02-28T08:00:00Z,BNB,594.28,80974908374.01637,1052558177.8962166,,-5.351331619435838,coingecko,2026-02-28T08:29:45Z
2026-02-28T09:00:00Z,BTC,63887.0,1274232088639.6443,45434532490.592354,,-6.060138226820113,coingecko,2026-02-28T09:26:51Z
2026-02-28T09:00:00Z,ETH,1860.2,224235980369.8661,22752778797.65676,,-8.688929512212773,coingecko,2026-02-28T09:26:51Z
2026-02-28T09:00:00Z,BNB,593.87,80861315463.39288,1214342892.6476612,,-5.489972691040526,coingecko,2026-02-28T09:26:51Z
2026-02-28T10:00:00Z,BTC,63845.0,1276497870992.9622,45204570872.9193,,-4.546585244200164,coingecko,2026-02-28T10:23:54Z
2026-02-28T10:00:00Z,ETH,1857.91,224236831411.7188,21691178448.485046,,-6.825345350596527,coingecko,2026-02-28T10:23:54Z
2026-02-28T10:00:00Z,BNB,591.95,80715378941.19542,1202555178.913895,,-4.65795711503883,coingecko,2026-02-28T10:23:54Z
2026-02-28T11:00:00Z,BTC,64057.0,1281575773513.6982,44461840536.71701,,-3.609909754019353,coingecko,2026-02-28T11:19:40Z
2026-02-28T11:00:00Z,ETH,1870.84,226038732455.3485,22866253473.312275,,-5.150827893513126,coingecko,2026-02-28T11:19:40Z
2026-02-28T11:00:00Z,BNB,596.3,81318148406.61589,1186299587.557521,,-3.562555471564842,coingecko,2026-02-28T11:19:40Z
2026-02-28T12:00:00Z,BTC,64057.0,1280761877585.8047,42973253755.93888,,-2.8126841750621248,coingecko,2026-02-28T12:44:54Z
2026-02-28T12:00:00Z,ETH,1869.96,225671128535.73,19384827247.928986,,-4.508110374304621,coingecko,2026-02-28T12:44:54Z
2026-02-28T12:00:00Z,BNB,598.02,81544786282.53204,1149367424.2004056,,-2.712454092335465,coingecko,2026-02-28T12:44:54Z
2026-02-28T13:00:00Z,BTC,64055.0,1281015763359.257,42162860179.67667,,-2.7005663705820613,coingecko,2026-02-28T13:36:44Z
2026-02-28T13:00:00Z,ETH,1868.76,225569417946.8184,19913082093.053528,,-4.125000989619164,coingecko,2026-02-28T13:36:44Z
2026-02-28T13:00:00Z,BNB,597.06,81419893688.2099,1113287656.7255309,,-2.2807927206192296,coingecko,2026-02-28T13:36:44Z
2026-02-28T14:00:00Z,BTC,64742.0,1294578028421.2144,44336971648.64031,,-2.0335578703030097,coingecko,2026-02-28T14:22:28Z
2026-02-28T14:00:00Z,ETH,1898.93,229186374387.29755,20985889407.09606,,-2.6243318208940867,coingecko,2026-02-28T14:22:28Z
2026-02-28T14:00:00Z,BNB,603.35,82272398934.04372,1167967584.16073,,-1.536029267763114,coingecko,2026-02-28T14:22:28Z
2026-02-28T15:00:00Z,BTC,64436.0,1288254110780.5896,43135670920.53979,,-2.5052779105781595,coingecko,2026-02-28T15:22:35Z
2026-02-28T15:00:00Z,ETH,1883.0,227294710464.102,19850226673.052788,,-3.297486156951799,coingecko,2026-02-28T15:22:35Z
2026-02-28T15:00:00Z,BNB,600.25,81837767411.12682,1141247140.5199976,,-2.0442391243129894,coingecko,2026-02-28T15:22:35Z
2026-02-28T16:00:00Z,BTC,64984.0,1297989442059.543,41898441284.98874,,-1.5454840849254017,coingecko,2026-02-28T16:27:05Z
2026-02-28T16:00:00Z,ETH,1902.09,229356671443.66943,20118173393.45865,,-2.0733614953176023,coingecko,2026-02-28T16:27:05Z
2026-02-28T16:00:00Z,BNB,604.05,82337764519.99344,1149345016.304385,,-1.5177788197326478,coingecko,2026-02-28T16:27:05Z
2026-02-28T17:00:00Z,BTC,64935.0,1298420293240.559,41417520220.37608,,-0.673482187542491,coingecko,2026-02-28T17:20:44Z
2026-02-28T17:00:00Z,ETH,1898.2,229090718326.4527,19537282610.23436,,-1.3748428567173523,coingecko,2026-02-28T17:20:44Z
2026-02-28T17:00:00Z,BNB,602.61,82163213895.75371,1105258516.4968145,,-1.0197730441129034,coingecko,2026-02-28T17:20:44Z
2026-02-28T18:00:00Z,BTC,65364.0,1306370084901.0718,41531056500.59952,,-0.3324959468969771,coingecko,2026-02-28T18:33:21Z
2026-02-28T18:00:00Z,ETH,1909.4,230398629621.89688,19804508712.66264,,-0.9106605423892444,coingecko,2026-02-28T18:33:21Z
2026-02-28T18:00:00Z,BNB,606.0,82612500239.52534,1124651440.8859606,,-0.9599120795306914,coingecko,2026-02-28T18:33:21Z
2026-02-28T19:00:00Z,BTC,65746.0,1315622763227.7756,42228730123.00515,,0.79885749897987,coingecko,2026-02-28T19:21:00Z
2026-02-28T19:00:00Z,ETH,1927.25,232772083710.9985,20459769972.491444,,0.5104475326268052,coingecko,2026-02-28T19:21:00Z
2026-02-28T19:00:00Z,BNB,609.57,83163916531.07545,1143356412.100451,,0.084677954237895,coingecko,2026-02-28T19:21:00Z
2026-02-28T20:00:00Z,BTC,66968.0,1338694499878.404,43265792882.45483,,2.125263391912168,coingecko,2026-02-28T20:26:21Z
2026-02-28T20:00:00Z,ETH,1964.04,237055117933.42883,20702689461.029263,,2.079326064852978,coingecko,2026-02-28T20:26:21Z
2026-02-28T20:00:00Z,BNB,618.61,84319774226.26094,1084488760.802258,,1.250052293720472,coingecko,2026-02-28T20:26:21Z
2026-02-28T21:00:00Z,BTC,66457.0,1329729927990.8215,44142918157.966896,,1.217218820897643,coingecko,2026-02-28T21:21:15Z
2026-02-28T21:00:00Z,ETH,1949.23,235875121862.8441,22222905112.56784,,0.9141842482410512,coingecko,2026-02-28T21:21:15Z
2026-02-28T21:00:00Z,BNB,615.15,83941296834.12788,1211211659.7912626,,0.4410752019169478,coingecko,2026-02-28T21:21:15Z
2026-02-28T22:00:00Z,BTC,67028.0,1339342842539.055,44916888059.72683,,2.2089900155339635,coingecko,2026-02-28T22:22:56Z
2026-02-28T22:00:00Z,ETH,1965.55,237060653996.7444,20614253924.13553,,2.6396852966979427,coingecko,2026-02-28T22:22:56Z
2026-02-28T22:00:00Z,BNB,617.84,84214695565.5507,1227436735.9277484,,1.3104419923906496,coingecko,2026-02-28T22:22:56Z
2026-02-28T23:00:00Z,BTC,66992.0,1339260768190.978,45550575096.632965,,1.6817711184456563,coingecko,2026-02-28T23:21:38Z
2026-02-28T23:00:00Z,ETH,1963.94,237067762457.85565,21281182827.13233,,1.719894086032548,coingecko,2026-02-28T23:21:38Z
2026-02-28T23:00:00Z,BNB,616.79,84096904043.59174,1218337663.191913,,0.4147466756417247,coingecko,2026-02-28T23:21:38Z
2026-03-01T02:00:00Z,BTC,67794.0,1355832798071.4832,50652835758.08975,,2.809415022279115,coingecko,2026-03-01T02:21:41Z
2026-03-01T02:00:00Z,ETH,2042.96,246622248224.96103,25238749824.26918,,5.89528872887937,coingecko,2026-03-01T02:21:41Z
2026-03-01T02:00:00Z,BNB,629.65,85825376249.49551,1358747337.9220855,,2.6136284623004213,coingecko,2026-03-01T02:21:41Z
2026-03-01T04:00:00Z,BTC,67351.0,1346673894760.7495,53091893860.78507,,2.5792401477535707,coingecko,2026-03-01T04:53:49Z
2026-03-01T04:00:00Z,ETH,2016.67,243364870791.2761,27317306744.20468,,4.752518820106386,coingecko,2026-03-01T04:53:49Z
2026-03-01T04:00:00Z,BNB,630.19,85940680893.78549,1486574457.2439475,,2.887439110247793,coingecko,2026-03-01T04:53:49Z
2026-03-01T05:00:00Z,BTC,67409.0,1347357381834.01,53337550432.29028,,2.8565491106041487,coingecko,2026-03-01T05:52:14Z
2026-03-01T05:00:00Z,ETH,2013.74,243108709047.7464,26887366005.01936,,4.93800091757034,coingecko,2026-03-01T05:52:14Z
2026-03-01T05:00:00Z,BNB,629.02,85795170320.79376,1503843809.188167,,2.9277204696544445,coingecko,2026-03-01T05:52:14Z
2026-03-01T06:00:00Z,BTC,66905.0,1338087345478.1782,51307258871.16386,,4.7200653586374965,coingecko,2026-03-01T06:46:05Z
2026-03-01T06:00:00Z,ETH,1994.33,240884458248.6112,25140957941.3648,,6.972587953920398,coingecko,2026-03-01T06:46:05Z
2026-03-01T06:00:00Z,BNB,623.79,85074299994.70311,1446223307.805262,,4.709178371213777,coingecko,2026-03-01T06:46:05Z
2026-03-01T07:00:00Z,BTC,66956.0,1338871944666.5603,48473735877.04442,,5.402939074003172,coingecko,2026-03-01T07:33:19Z
2026-03-01T07:00:00Z,ETH,1999.65,241341690673.5798,24575367821.54616,,7.932305422458874,coingecko,2026-03-01T07:33:19Z
2026-03-01T07:00:00Z,BNB,623.91,85074973441.61879,1368100425.9648747,,5.167665767517429,coingecko,2026-03-01T07:33:19Z
2026-03-01T08:00:00Z,BTC,67230.0,1344348091114.7195,46564522618.61403,,5.637130249095879,coingecko,2026-03-01T08:31:23Z
2026-03-01T08:00:00Z,ETH,2007.16,242251171698.7353,22826435541.695435,,8.029071968647534,coingecko,2026-03-01T08:31:23Z
2026-03-01T08:00:00Z,BNB,625.14,85243702132.57002,1320165398.4563582,,5.439604462584489,coingecko,2026-03-01T08:31:23Z
2026-03-01T09:00:00Z,BTC,66623.0,1331702438490.3706,47422952268.592224,,4.328064826989438,coingecko,2026-03-01T09:29:47Z
2026-03-01T09:00:00Z,ETH,1990.31,240079177948.98376,23346655599.015675,,7.0680097064855785,coingecko,2026-03-01T09:29:47Z
2026-03-01T09:00:00Z,BNB,622.5,84866653176.85638,1313760955.2295573,,4.851801806580588,coingecko,2026-03-01T09:29:47Z
2026-03-01T10:00:00Z,BTC,66500.0,1329266328409.182,46565683111.7866,,4.057148560604885,coingecko,2026-03-01T10:25:41Z
2026-03-01T10:00:00Z,ETH,1980.47,238959201057.59387,23249961369.226776,,6.626797586561542,coingecko,2026-03-01T10:25:41Z
2026-03-01T10:00:00Z,BNB,621.33,84710680916.71928,1255215480.9525535,,4.826899243341727,coingecko,2026-03-01T10:25:41Z
2026-03-01T11:00:00Z,BTC,66600.0,1331751816068.6582,45784368507.41015,,3.959753685932401,coingecko,2026-03-01T11:20:33Z
2026-03-01T11:00:00Z,ETH,1987.73,239891860142.73672,23686901511.36157,,6.2612555997622765,coingecko,2026-03-01T11:20:33Z
2026-03-01T11:00:00Z,BNB,623.83,85080864245.23152,1256469010.6745622,,4.5854322426484,coingecko,2026-03-01T11:20:33Z
2026-03-01T12:00:00Z,BTC,66392.0,1327893297525.5596,44542552231.21731,,3.8251762950279233,coingecko,2026-03-01T12:48:58Z
2026-03-01T12:00:00Z,ETH,1978.4,238934131020.3519,18645795862.40441,,6.045973308514252,coingecko,2026-03-01T12:48:58Z
2026-03-01T12:00:00Z,BNB,621.2,84743805030.57341,1252732011.6858332,,4.004163688991301,coingecko,2026-03-01T12:48:58Z
2026-03-01T13:00:00Z,BTC,66284.0,1325720980301.6584,44045319155.269005,,3.466722238159376,coingecko,2026-03-01T13:39:16Z
2026-03-01T13:00:00Z,ETH,1975.28,238347394997.5672,22374597645.10366,,5.6936912585430335,coingecko,2026-03-01T13:39:16Z
2026-03-01T13:00:00Z,BNB,620.66,84626050778.41296,1258248964.3717904,,4.109776177948279,coingecko,2026-03-01T13:39:16Z
2026-03-01T14:00:00Z,BTC,66856.0,1340210302986.1992,43576380123.372086,,3.131090126073289,coingecko,2026-03-01T14:24:31Z
2026-03-01T14:00:00Z,ETH,2008.93,243269197614.0568,23456621953.41242,,5.754114547942284,coingecko,2026-03-01T14:24:31Z
2026-03-01T14:00:00Z,BNB,626.97,85639019305.96669,1245627310.1120934,,3.799527479435232,coingecko,2026-03-01T14:24:31Z
2026-03-01T15:00:00Z,BTC,67076.0,1341276397346.612,43066050538.42408,,4.136331030854143,coingecko,2026-03-01T15:23:39Z
2026-03-01T15:00:00Z,ETH,2009.38,242517331227.5511,23207417314.495625,,6.702912027145637,coingecko,2026-03-01T15:23:39Z
2026-03-01T15:00:00Z,BNB,628.21,85662221271.98451,1221236650.2777903,,4.433619611919073,coingecko,2026-03-01T15:23:39Z
2026-03-01T16:00:00Z,BTC,67025.0,1337353660733.181,43372041373.92649,,3.1486782240923343,coingecko,2026-03-01T16:28:40Z
2026-03-01T16:00:00Z,ETH,2005.5,241203429297.25104,22594082857.291405,,5.437213818188416,coingecko,2026-03-01T16:28:40Z
2026-03-01T16:00:00Z,BNB,628.96,85627064191.11365,1227478327.4579513,,4.130333787836734,coingecko,2026-03-01T16:28:40Z
2026-03-01T17:00:00Z,BTC,65877.0,1316097460744.9414,44437814642.468925,,1.2865372523308205,coingecko,2026-03-01T17:22:54Z
2026-03-01T17:00:00Z,ETH,1960.35,236607971203.8668,23475906884.05872,,3.110970869258187,coingecko,2026-03-01T17:22:54Z
2026-03-01T17:00:00Z,BNB,618.98,84497453988.56659,1250119865.4915924,,2.743302403004345,coingecko,2026-03-01T17:22:54Z
2026-03-01T18:00:00Z,BTC,66303.0,1328089512114.3567,45080736691.287056,,1.2860845454523668,coingecko,2026-03-01T18:33:48Z
2026-03-01T18:00:00Z,ETH,1976.89,239099489853.1173,23814510179.17265,,3.358866793606997,coingecko,2026-03-01T18:33:48Z
2026-03-01T18:00:00Z,BNB,622.04,84931228623.09695,1256524209.226693,,2.506350041801495,coingecko,2026-03-01T18:33:48Z
2026-03-01T19:00:00Z,BTC,66040.0,1320649472116.3477,43652642784.673615,,0.4746307029914212,coingecko,2026-03-01T19:22:09Z
2026-03-01T19:00:00Z,ETH,1964.43,237080251635.00024,23550087357.288933,,1.9292121479407671,coingecko,2026-03-01T19:22:09Z
2026-03-01T19:00:00Z,BNB,620.91,84670343027.37389,1221888207.4648516,,1.8598194121332992,coingecko,2026-03-01T19:22:09Z
2026-03-01T20:00:00Z,BTC,65443.0,1308643492917.975,43067658840.13787,,-1.9890846783023428,coingecko,2026-03-01T20:27:23Z
2026-03-01T20:00:00Z,ETH,1932.16,233197151275.9257,22519003442.859432,,-1.6175743968891154,coingecko,2026-03-01T20:27:23Z
2026-03-01T20:00:00Z,BNB,615.81,83970878730.09196,1241459509.1219015,,-0.4308356899339949,coingecko,2026-03-01T20:27:23Z
2026-03-01T21:00:00Z,BTC,65649.0,1311165079988.5125,43193343791.229744,,-1.215185689582549,coingecko,2026-03-01T21:23:16Z
2026-03-01T21:00:00Z,ETH,1927.35,232154152439.3097,23493618760.86584,,-1.1223044006224023,coingecko,2026-03-01T21:23:16Z
2026-03-01T21:00:00Z,BNB,616.95,83935740740.22047,1250203957.5900588,,0.2042325791831505,coingecko,2026-03-01T21:23:16Z
2026-03-01T22:00:00Z,BTC,66064.0,1320825046757.8655,43253219468.313866,,-1.4797073406599426,coingecko,2026-03-01T22:24:35Z
2026-03-01T22:00:00Z,ETH,1945.76,234800006438.2512,23018276035.696857,,-0.9211475832596404,coingecko,2026-03-01T22:24:35Z
2026-03-01T22:00:00Z,BNB,618.18,84284647889.16896,1278318671.189652,,0.0592225052584773,coingecko,2026-03-01T22:24:35Z
2026-03-01T23:00:00Z,BTC,65731.0,1315707862978.0437,44210985961.44354,,-1.921424688334987,coingecko,2026-03-01T23:23:52Z
2026-03-01T23:00:00Z,ETH,1936.45,233814121053.4512,23951455984.029247,,-1.3855912635528058,coingecko,2026-03-01T23:23:52Z
2026-03-01T23:00:00Z,BNB,620.08,84571077215.4533,1290270114.7796812,,0.5631164097098347,coingecko,2026-03-01T23:23:52Z
2026-03-02T02:00:00Z,BTC,66536.0,1330392319885.5266,43347027980.95868,,-1.9522378786981984,coingecko,2026-03-02T02:05:45Z
2026-03-02T02:00:00Z,ETH,1963.83,236998874861.5653,22324924103.588333,,-3.675869248440189,coingecko,2026-03-02T02:05:45Z
2026-03-02T02:00:00Z,BNB,622.37,84857810551.25099,1303041148.722668,,-1.0476836009090706,coingecko,2026-03-02T02:05:45Z
2026-03-02T04:00:00Z,BTC,66731.0,1335635965611.277,42297047963.21898,,-0.972700743899488,coingecko,2026-03-02T04:48:09Z
2026-03-02T04:00:00Z,ETH,1972.78,238134601594.21487,21810493872.00083,,-2.1655115661358697,coingecko,2026-03-02T04:48:09Z
2026-03-02T04:00:00Z,BNB,623.13,84985331345.56361,1218115999.5653796,,-1.1888055209457613,coingecko,2026-03-02T04:48:09Z
2026-03-02T05:00:00Z,BTC,66852.0,1336821296781.9304,42821171859.86298,,-0.6955900066028903,coingecko,2026-03-02T05:53:20Z
2026-03-02T05:00:00Z,ETH,1975.82,238465960692.4439,21116222768.956127,,-1.7601446188261458,coingecko,2026-03-02T05:53:20Z
2026-03-02T05:00:00Z,BNB,624.93,85213987965.73227,1202537519.7757545,,-0.5554366818865343,coingecko,2026-03-02T05:53:20Z
2026-03-02T06:00:00Z,BTC,66201.0,1322998961640.5776,41580238743.58001,,-1.0947552242407934,coingecko,2026-03-02T06:58:29Z
2026-03-02T06:00:00Z,ETH,1944.91,234466402504.0464,20698225036.003883,,-2.7058229977014587,coingecko,2026-03-02T06:58:29Z
2026-03-02T06:00:00Z,BNB,617.07,84139250682.46849,1068230745.295066,,-1.303999098652499,coingecko,2026-03-02T06:58:29Z
2026-03-02T07:00:00Z,BTC,65944.0,1318951759964.662,42402954489.90768,,-1.7549263711567522,coingecko,2026-03-02T07:52:38Z
2026-03-02T07:00:00Z,ETH,1940.37,234213840343.36737,20821683157.04598,,-3.2394652024082355,coingecko,2026-03-02T07:52:38Z
2026-03-02T07:00:00Z,BNB,616.67,84090593697.20673,1153374271.3298633,,-1.3313835155871616,coingecko,2026-03-02T07:52:38Z
2026-03-02T08:00:00Z,BTC,65990.0,1318800390760.139,43447831113.55061,,-1.7436809741274313,coingecko,2026-03-02T08:44:20Z
2026-03-02T08:00:00Z,ETH,1940.51,233881564793.1278,21850567918.74432,,-3.116150552006317,coingecko,2026-03-02T08:44:20Z
2026-03-02T08:00:00Z,BNB,616.19,83967151928.4207,1094099514.9148624,,-1.412284847160047,coingecko,2026-03-02T08:44:20Z
2026-03-02T09:00:00Z,BTC,66345.0,1326351816612.1694,43585850446.56361,,0.0125349887577289,coingecko,2026-03-02T09:50:58Z
2026-03-02T09:00:00Z,ETH,1953.06,235742270703.94635,20929150036.64874,,-1.3976712823860171,coingecko,2026-03-02T09:50:58Z
2026-03-02T09:00:00Z,BNB,619.89,84520180771.14267,1178877340.6415708,,-0.0139497105173282,coingecko,2026-03-02T09:50:58Z
2026-03-02T10:00:00Z,BTC,66290.0,1325886459919.598,44138962466.422935,,-0.2227282191529561,coingecko,2026-03-02T10:43:24Z
2026-03-02T10:00:00Z,ETH,1952.01,235702249733.00485,21002230669.387035,,-1.6781293227690155,coingecko,2026-03-02T10:43:24Z
2026-03-02T10:00:00Z,BNB,619.96,84539277679.23134,1185567812.8401475,,-0.3152144225143311,coingecko,2026-03-02T10:43:24Z
2026-03-02T11:00:00Z,BTC,66096.0,1320932903151.1282,44930416135.44487,,-0.5497819249883223,coingecko,2026-03-02T11:32:25Z
2026-03-02T11:00:00Z,ETH,1939.37,233936046172.30563,20877495603.2059,,-2.3289706395798384,coingecko,2026-03-02T11:32:25Z
2026-03-02T11:00:00Z,BNB,619.7,84501122965.62354,1194945169.0222776,,-0.6845395979212341,coingecko,2026-03-02T11:32:25Z
2026-03-02T12:00:00Z,BTC,65958.0,1318851334454.1538,45383981904.87101,,-0.5473828149029633,coingecko,2026-03-02T12:58:52Z
2026-03-02T12:00:00Z,ETH,1938.23,233920813839.59424,20839691392.248104,,-2.0445097691260563,coingecko,2026-03-02T12:58:52Z
2026-03-02T12:00:00Z,BNB,622.03,84890497072.10101,1202945847.4621215,,0.1530874722467839,coingecko,2026-03-02T12:58:52Z
2026-03-02T14:00:00Z,BTC,65351.0,1307478220930.1694,46101061892.695305,,-2.3917845099644994,coingecko,2026-03-02T14:03:58Z
2026-03-02T14:00:00Z,ETH,1924.6,232551070926.4205,21345960685.168983,,-4.183608004982551,coingecko,2026-03-02T14:03:58Z
2026-03-02T14:00:00Z,BNB,619.68,84569788913.25609,1210387027.8054163,,-1.1243225146411426,coingecko,2026-03-02T14:03:58Z
2026-03-02T15:00:00Z,BTC,69307.0,1383630848650.2644,54613147775.064735,,3.179372020461116,coingecko,2026-03-02T15:42:26Z
2026-03-02T15:00:00Z,ETH,2048.35,247132005773.72696,24613646013.763752,,1.7225141822690817,coingecko,2026-03-02T15:42:26Z
2026-03-02T15:00:00Z,BNB,647.11,88232936704.20076,1410506463.5700312,,2.9078606983698627,coingecko,2026-03-02T15:42:26Z
2026-03-02T16:00:00Z,BTC,69959.0,1392311112005.0483,55744218584.28814,,4.696957257365108,coingecko,2026-03-02T16:47:31Z
2026-03-02T16:00:00Z,ETH,2078.96,250779042772.818,23986587280.01238,,3.992098318787365,coingecko,2026-03-02T16:47:31Z
2026-03-02T16:00:00Z,BNB,651.28,88870150434.27888,1536839003.249733,,4.416113894010013,coingecko,2026-03-02T16:47:31Z
2026-03-02T17:00:00Z,BTC,68929.0,1380939472494.3252,60945775510.39294,,4.354200505698983,coingecko,2026-03-02T17:44:50Z
2026-03-02T17:00:00Z,ETH,2032.96,246437955667.29745,24897861415.417675,,3.265278441977633,coingecko,2026-03-02T17:44:50Z
2026-03-02T17:00:00Z,BNB,643.17,87888455828.28278,1536966408.088212,,3.590262246711263,coingecko,2026-03-02T17:44:50Z
2026-03-02T18:00:00Z,BTC,69064.0,1381929639359.6477,61324474511.44199,,4.051965713700758,coingecko,2026-03-02T18:48:42Z
2026-03-02T18:00:00Z,ETH,2031.58,245226508774.2084,26642296918.34993,,2.5229726011492475,coingecko,2026-03-02T18:48:42Z
2026-03-02T18:00:00Z,BNB,641.99,87583660204.4029,1542110522.4654784,,2.9765152459820707,coingecko,2026-03-02T18:48:42Z
2026-03-02T19:00:00Z,BTC,68962.0,1376514361012.5598,62574211935.64227,,4.457870193456596,coingecko,2026-03-02T19:36:51Z
2026-03-02T19:00:00Z,ETH,2037.84,245745173710.5143,26758198845.311043,,3.927346302434396,coingecko,2026-03-02T19:36:51Z
2026-03-02T19:00:00Z,BNB,638.41,86998173932.60428,1554074137.4041758,,2.9027167581854427,coingecko,2026-03-02T19:36:51Z
2026-03-02T20:00:00Z,BTC,69106.0,1381748766958.0876,62426965998.93559,,6.074308866129031,coingecko,2026-03-02T20:38:22Z
2026-03-02T20:00:00Z,ETH,2040.04,246211519435.5829,26498794133.145527,,6.434258963961365,coingecko,2026-03-02T20:38:22Z
2026-03-02T20:00:00Z,BNB,635.02,86566041886.19104,1560268560.2039754,,3.528662770691024,coingecko,2026-03-02T20:38:22Z
2026-03-02T21:00:00Z,BTC,69409.0,1387726468014.012,62414814264.23055,,5.839766333550676,coingecko,2026-03-02T21:34:23Z
2026-03-02T21:00:00Z,ETH,2041.69,246269085418.63705,27008843424.14429,,6.12354932594107,coingecko,2026-03-02T21:34:23Z
2026-03-02T21:00:00Z,BNB,635.22,86584256710.70253,1530073303.9764547,,3.333675077145952,coingecko,2026-03-02T21:34:23Z
2026-03-02T22:00:00Z,BTC,69298.0,1385545090513.3862,62229870386.98029,,5.177812094433479,coingecko,2026-03-02T22:27:23Z
2026-03-02T22:00:00Z,ETH,2048.29,247192406414.8296,26637496937.98933,,5.291107181790722,coingecko,2026-03-02T22:27:23Z
2026-03-02T22:00:00Z,BNB,638.54,87073247330.97342,1531852293.3318634,,3.438133556001229,coingecko,2026-03-02T22:27:23Z
2026-03-02T23:00:00Z,BTC,69099.0,1381660823400.792,61520899193.00363,,5.262227181145038,coingecko,2026-03-02T23:26:16Z
2026-03-02T23:00:00Z,ETH,2041.77,246446308305.2665,25749022542.753014,,5.589526435545329,coingecko,2026-03-02T23:26:16Z
2026-03-02T23:00:00Z,BNB,638.83,87077086813.4341,1505504365.1909351,,2.983221877896244,coingecko,2026-03-02T23:26:16Z
2026-03-03T02:00:00Z,BTC,68550.0,1370084904609.529,58910123361.97308,,3.5610671248814985,coingecko,2026-03-03T02:07:38Z
2026-03-03T02:00:00Z,ETH,2010.04,242464691061.91696,25638007027.45381,,3.1072552544591066,coingecko,2026-03-03T02:07:38Z
2026-03-03T02:00:00Z,BNB,635.9,86587776912.63162,1500533010.013811,,2.5966171121490853,coingecko,2026-03-03T02:07:38Z
2026-03-03T04:00:00Z,BTC,68186.0,1363844538089.0515,57598059857.231445,,2.27542420344835,coingecko,2026-03-03T04:46:32Z
2026-03-03T04:00:00Z,ETH,2003.83,241903467934.43832,25758406089.23039,,1.476620927060013,coingecko,2026-03-03T04:46:32Z
2026-03-03T04:00:00Z,BNB,635.55,86657776840.55357,1495782152.0185893,,2.075768033596193,coingecko,2026-03-03T04:46:32Z
2026-03-03T05:00:00Z,BTC,67922.0,1361180043469.8826,59595861018.90548,,1.5428902757042164,coingecko,2026-03-03T05:50:12Z
2026-03-03T05:00:00Z,ETH,1991.26,241265092028.5749,27025911051.08016,,0.5740034243820341,coingecko,2026-03-03T05:50:12Z
2026-03-03T05:00:00Z,BNB,629.62,86015000913.17229,1528031409.3652482,,0.7077485226979483,coingecko,2026-03-03T05:50:12Z
2026-03-03T06:00:00Z,BTC,67916.0,1356679234537.9932,59295105347.88591,,2.6963397154517974,coingecko,2026-03-03T06:52:54Z
2026-03-03T06:00:00Z,ETH,1992.66,240274650008.09387,26910968404.738075,,2.4681673230389065,coingecko,2026-03-03T06:52:54Z
2026-03-03T06:00:00Z,BNB,631.63,86010516533.12703,1555860377.7448468,,2.38417983811089,coingecko,2026-03-03T06:52:54Z
2026-03-03T07:00:00Z,BTC,68116.0,1361258024988.383,59218788302.36677,,3.3158213300850865,coingecko,2026-03-03T07:42:14Z
2026-03-03T07:00:00Z,ETH,1995.6,240847005214.2317,25725072926.7485,,2.872564632823031,coingecko,2026-03-03T07:42:14Z
2026-03-03T07:00:00Z,BNB,634.22,86459889695.60233,1554922407.0378456,,2.878168967032128,coingecko,2026-03-03T07:42:14Z
2026-03-03T08:00:00Z,BTC,67497.0,1351819681233.2566,59841932414.742,,2.3006779471155703,coingecko,2026-03-03T08:41:28Z
2026-03-03T08:00:00Z,ETH,1970.37,238539774017.2092,26631014168.832523,,1.5676436505728162,coingecko,2026-03-03T08:41:28Z
2026-03-03T08:00:00Z,BNB,627.85,85766467497.61595,1560258020.0536249,,1.8770885285370524,coingecko,2026-03-03T08:41:28Z
2026-03-03T09:00:00Z,BTC,66570.0,1332103187905.2664,60427138642.45423,,0.294024602609759,coingecko,2026-03-03T09:42:07Z
2026-03-03T09:00:00Z,ETH,1951.28,235627018789.77603,27017723060.54664,,-0.2724485400522344,coingecko,2026-03-03T09:42:07Z
2026-03-03T09:00:00Z,BNB,623.4,84955681659.4875,1603871596.0288465,,0.5153400439551384,coingecko,2026-03-03T09:42:07Z
2026-03-03T10:00:00Z,BTC,66518.0,1329850968267.5266,60402748315.19099,,0.3271725902402287,coingecko,2026-03-03T10:39:09Z
2026-03-03T10:00:00Z,ETH,1951.77,235479903143.97183,27114593187.638947,,-0.0594378362735774,coingecko,2026-03-03T10:39:09Z
2026-03-03T10:00:00Z,BNB,623.22,84950485842.95284,1616278731.127283,,0.6370959656068063,coingecko,2026-03-03T10:39:09Z
2026-03-03T11:00:00Z,BTC,66882.0,1336986610493.692,61259434377.52216,,1.2428784674499638,coingecko,2026-03-03T11:32:29Z
2026-03-03T11:00:00Z,ETH,1958.56,236314067722.27777,26608278967.567413,,1.0364897226189231,coingecko,2026-03-03T11:32:29Z
2026-03-03T11:00:00Z,BNB,625.83,85303901128.13403,1632513214.3428178,,1.0173852748491994,coingecko,2026-03-03T11:32:29Z
2026-03-03T12:00:00Z,BTC,67399.0,1346026235293.582,62828024172.36722,,2.112414978225293,coingecko,2026-03-03T12:58:03Z
2026-03-03T12:00:00Z,ETH,1967.35,237162986287.0057,27989924115.120934,,1.4445771820613549,coingecko,2026-03-03T12:58:03Z
2026-03-03T12:00:00Z,BNB,627.02,85431475162.32564,1646805683.612795,,0.7990171686858825,coingecko,2026-03-03T12:58:03Z
2026-03-03T14:00:00Z,BTC,66932.0,1338297837229.7422,61020664123.1709,,2.3189111318775257,coingecko,2026-03-03T14:02:21Z
2026-03-03T14:00:00Z,ETH,1951.89,235560695096.1537,27630243616.038643,,1.39886033877519,coingecko,2026-03-03T14:02:21Z
2026-03-03T14:00:00Z,BNB,624.42,85147408619.02689,1584284865.9040494,,0.6801398977271332,coingecko,2026-03-03T14:02:21Z
2026-03-03T15:00:00Z,BTC,67607.0,1350343827931.6787,56671806000.42179,,-2.5460040870560072,coingecko,2026-03-03T15:47:01Z
2026-03-03T15:00:00Z,ETH,1964.12,236577897364.7852,26256487017.45454,,-4.3003118993003655,coingecko,2026-03-03T15:47:01Z
2026-03-03T15:00:00Z,BNB,628.97,85692812532.6451,1489487670.5850637,,-2.989705942015666,coingecko,2026-03-03T15:47:01Z
2026-03-03T16:00:00Z,BTC,68000.0,1356948933852.3938,55270480712.5769,,-2.649489577547105,coingecko,2026-03-03T16:48:35Z
2026-03-03T16:00:00Z,ETH,1977.7,238189719447.1642,25983669292.5634,,-4.551213903041648,coingecko,2026-03-03T16:48:35Z
2026-03-03T16:00:00Z,BNB,632.45,86092246689.85411,1444334672.239727,,-2.85774652229051,coingecko,2026-03-03T16:48:35Z
2026-03-03T17:00:00Z,BTC,68055.0,1359929749392.0334,54620962361.8762,,-1.1795157033520989,coingecko,2026-03-03T17:43:54Z
2026-03-03T17:00:00Z,ETH,1971.46,237702362534.2606,25672348797.56401,,-2.98107644736037,coingecko,2026-03-03T17:43:54Z
2026-03-03T17:00:00Z,BNB,631.96,86157672888.3594,1409436502.9111848,,-1.739092250826111,coingecko,2026-03-03T17:43:54Z
2026-03-03T18:00:00Z,BTC,68625.0,1372552338517.818,53455281195.82334,,-0.7294287446238213,coingecko,2026-03-03T18:47:40Z
2026-03-03T18:00:00Z,ETH,1991.61,240843438096.04205,25071569336.3339,,-2.088059535514448,coingecko,2026-03-03T18:47:40Z
2026-03-03T18:00:00Z,BNB,635.92,86809647232.70506,1410195532.637661,,-0.973167520007386,coingecko,2026-03-03T18:47:40Z
2026-03-03T19:00:00Z,BTC,68665.0,1368206958294.6057,54804280050.27522,,-0.368276845645294,coingecko,2026-03-03T19:39:20Z
2026-03-03T19:00:00Z,ETH,1988.84,239159869751.40613,26093468908.79345,,-2.354264468876622,coingecko,2026-03-03T19:39:20Z
2026-03-03T19:00:00Z,BNB,634.01,86272254150.8364,1377182345.0354486,,-0.7057364536124963,coingecko,2026-03-03T19:39:20Z
2026-03-03T20:00:00Z,BTC,68439.0,1367853818836.2444,54425450070.64437,,-0.9403782305013972,coingecko,2026-03-03T20:32:56Z
2026-03-03T20:00:00Z,ETH,1984.11,239402203906.87173,25456718003.20267,,-2.761753481814558,coingecko,2026-03-03T20:32:56Z
2026-03-03T20:00:00Z,BNB,632.4,86184675447.16927,1333289894.3011358,,-0.376325476319772,coingecko,2026-03-03T20:32:56Z
2026-03-03T21:00:00Z,BTC,67932.0,1358301844174.3552,53890307343.83417,,-2.140748609795959,coingecko,2026-03-03T21:34:36Z
2026-03-03T21:00:00Z,ETH,1963.96,236965514621.6035,25049833280.911987,,-3.819011451364597,coingecko,2026-03-03T21:34:36Z
2026-03-03T21:00:00Z,BNB,629.27,85786439243.2971,1308939851.5368433,,-0.9168838637123496,coingecko,2026-03-03T21:34:36Z
2026-03-03T22:00:00Z,BTC,68262.0,1365435296752.974,53487794314.01071,,-1.5808200411182778,coingecko,2026-03-03T22:29:10Z
2026-03-03T22:00:00Z,ETH,1980.79,239132681634.96783,24355149705.877224,,-3.4283385882483515,coingecko,2026-03-03T22:29:10Z
2026-03-03T22:00:00Z,BNB,633.12,86366909850.36563,1305318316.889998,,-0.8680210046682901,coingecko,2026-03-03T22:29:10Z
2026-03-03T23:00:00Z,BTC,68471.0,1370481403989.3645,52977193324.698166,,-0.7576789283351608,coingecko,2026-03-03T23:27:48Z
2026-03-03T23:00:00Z,ETH,1988.84,240396395027.24973,24952667657.75394,,-2.459080425082938,coingecko,2026-03-03T23:27:48Z
2026-03-03T23:00:00Z,BNB,633.89,86494674937.28958,1297037934.3000972,,-0.7260101089349758,coingecko,2026-03-03T23:27:48Z
2026-03-04T02:00:00Z,BTC,68409.0,1368984570932.0752,53751158858.81738,,-0.4979398923211732,coingecko,2026-03-04T02:00:57Z
2026-03-04T02:00:00Z,ETH,1981.93,239492696508.2145,24385518553.42312,,-1.911966628764464,coingecko,2026-03-04T02:00:57Z
2026-03-04T02:00:00Z,BNB,634.13,86505876095.4881,1249025838.4721854,,-0.2327354556139685,coingecko,2026-03-04T02:00:57Z
2026-03-04T04:00:00Z,BTC,67638.0,1352329584128.8416,54714367341.40485,,-0.975833746959053,coingecko,2026-03-04T04:29:07Z
2026-03-04T04:00:00Z,ETH,1955.26,235961277098.16,24440891954.25764,,-2.660309794657534,coingecko,2026-03-04T04:29:07Z
2026-03-04T04:00:00Z,BNB,628.28,85639472478.81519,1218013305.3317318,,-1.1889857911572992,coingecko,2026-03-04T04:29:07Z
2026-03-04T05:00:00Z,BTC,68037.0,1354930732775.2598,54842393949.63817,,-0.0640910203748396,coingecko,2026-03-04T05:43:29Z
2026-03-04T05:00:00Z,ETH,1968.31,236409565225.52075,24420547924.09801,,-1.551580372469985,coingecko,2026-03-04T05:43:29Z
2026-03-04T05:00:00Z,BNB,631.73,85840784124.19081,1207768993.9466865,,0.0272909520555801,coingecko,2026-03-04T05:43:29Z
2026-03-04T06:00:00Z,BTC,68571.0,1371042924143.8486,55001869438.21165,,1.0184267561255356,coingecko,2026-03-04T06:47:32Z
2026-03-04T06:00:00Z,ETH,1982.5,239307880110.08063,23538510241.79221,,-0.4522365116062514,coingecko,2026-03-04T06:47:32Z
2026-03-04T06:00:00Z,BNB,634.88,86581338772.33861,1171540356.8424938,,0.6172647792114454,coingecko,2026-03-04T06:47:32Z
2026-03-04T07:00:00Z,BTC,68702.0,1373624391919.5442,55227287509.05167,,0.8394781466204754,coingecko,2026-03-04T07:38:16Z
2026-03-04T07:00:00Z,ETH,1986.28,239693691977.33905,23442467036.7229,,-0.4591688969961074,coingecko,2026-03-04T07:38:16Z
2026-03-04T07:00:00Z,BNB,636.21,86774794334.95811,1158759991.8852172,,0.2601787111149457,coingecko,2026-03-04T07:38:16Z
2026-03-04T08:00:00Z,BTC,69521.0,1390248530280.3513,57200717929.63471,,2.9988497005349326,coingecko,2026-03-04T08:39:40Z
2026-03-04T08:00:00Z,ETH,2012.13,242849186557.51483,24114185058.3268,,1.9036378124711724,coingecko,2026-03-04T08:39:40Z
2026-03-04T08:00:00Z,BNB,641.29,87445128843.98842,1190002153.7746632,,2.1397610906873563,coingecko,2026-03-04T08:39:40Z
2026-03-04T09:00:00Z,BTC,71740.0,1430630833148.3584,58824654697.13056,,7.662295268156974,coingecko,2026-03-04T09:40:43Z
2026-03-04T09:00:00Z,ETH,2082.95,251363300199.762,26707238082.83849,,6.671055915420888,coingecko,2026-03-04T09:40:43Z
2026-03-04T09:00:00Z,BNB,653.1,89011805079.74448,1272393763.5587986,,4.792629489482733,coingecko,2026-03-04T09:40:43Z
2026-03-04T10:00:00Z,BTC,71384.0,1429557197769.5615,65290020894.52932,,7.339947760609279,coingecko,2026-03-04T10:36:41Z
2026-03-04T10:00:00Z,ETH,2076.01,250990223971.94028,27481323610.88636,,6.36874885700294,coingecko,2026-03-04T10:36:41Z
2026-03-04T10:00:00Z,BNB,651.45,88914139331.47504,1306796057.6515918,,4.508657567763252,coingecko,2026-03-04T10:36:41Z
2026-03-04T11:00:00Z,BTC,71236.0,1424620056165.35,64367161724.741165,,6.556679265253919,coingecko,2026-03-04T11:30:42Z
2026-03-04T11:00:00Z,ETH,2067.54,249599630725.9781,26588623714.37745,,5.594616141174556,coingecko,2026-03-04T11:30:42Z
2026-03-04T11:00:00Z,BNB,650.27,88710206207.72359,1307670160.1229787,,3.9067941585523513,coingecko,2026-03-04T11:30:42Z
2026-03-04T12:00:00Z,BTC,71130.0,1422274763194.8645,66513082715.01138,,5.564208780744049,coingecko,2026-03-04T12:57:02Z
2026-03-04T12:00:00Z,ETH,2048.86,247344495052.28387,27522526478.47263,,4.150845114341759,coingecko,2026-03-04T12:57:02Z
2026-03-04T12:00:00Z,BNB,649.57,88597989510.36288,1348079967.59048,,3.640975070785545,coingecko,2026-03-04T12:57:02Z
2026-03-04T13:00:00Z,BTC,71488.0,1429082890076.653,68495303552.09464,,6.884050286373636,coingecko,2026-03-04T13:59:59Z
2026-03-04T13:00:00Z,ETH,2065.05,249171610697.21863,28474082489.03361,,5.808555850449071,coingecko,2026-03-04T13:59:59Z
2026-03-04T13:00:00Z,BNB,653.41,89078676538.97699,1366559128.138983,,4.618635787449366,coingecko,2026-03-04T13:59:59Z
2026-03-04T14:00:00Z,BTC,71548.0,1429020812916.974,70844170566.29596,,7.638454864285489,coingecko,2026-03-04T14:48:50Z
2026-03-04T14:00:00Z,ETH,2072.75,249814770869.63312,28718685857.20739,,6.943214166012801,coingecko,2026-03-04T14:48:50Z
2026-03-04T14:00:00Z,BNB,650.88,88665214395.42574,1370208012.49079,,4.65203680919489,coingecko,2026-03-04T14:48:50Z
2026-03-04T15:00:00Z,BTC,72704.0,1455261598755.9707,73582629016.16165,,7.731871929769307,coingecko,2026-03-04T15:41:04Z
2026-03-04T15:00:00Z,ETH,2127.11,256749270290.76047,30402814086.251213,,8.497730212759212,coingecko,2026-03-04T15:41:04Z
2026-03-04T15:00:00Z,BNB,657.57,89664934114.84796,1465491886.8923297,,4.5955671560894045,coingecko,2026-03-04T15:41:04Z
2026-03-04T16:00:00Z,BTC,73269.0,1464098525789.4463,74777682242.88338,,8.237706071115634,coingecko,2026-03-04T16:44:24Z
2026-03-04T16:00:00Z,ETH,2150.72,259303125847.19684,30295419274.6294,,9.445687024043666,coingecko,2026-03-04T16:44:24Z
2026-03-04T16:00:00Z,BNB,660.51,90007993126.927,1504774191.7160468,,4.782409878595107,coingecko,2026-03-04T16:44:24Z
2026-03-04T17:00:00Z,BTC,73207.0,1463546964019.8662,75803388589.43483,,7.91638634002549,coingecko,2026-03-04T17:39:25Z
2026-03-04T17:00:00Z,ETH,2142.65,258311316294.881,31531646998.847355,,9.18009092225832,coingecko,2026-03-04T17:39:25Z
2026-03-04T17:00:00Z,BNB,658.05,89614048888.04536,1478731084.8313096,,4.322603263527417,coingecko,2026-03-04T17:39:25Z
2026-03-04T18:00:00Z,BTC,73561.0,1470114416153.5818,74971299537.89592,,7.112618166707013,coingecko,2026-03-04T18:52:21Z
2026-03-04T18:00:00Z,ETH,2159.74,260065809390.56348,31359002121.80139,,8.536083356485538,coingecko,2026-03-04T18:52:21Z
2026-03-04T18:00:00Z,BNB,660.83,90056987934.30289,1528590068.2717023,,3.9380424140102,coingecko,2026-03-04T18:52:21Z
2026-03-04T19:00:00Z,BTC,73709.0,1471339095571.5513,78816999275.58395,,7.332582571458396,coingecko,2026-03-04T19:38:18Z
2026-03-04T19:00:00Z,ETH,2177.19,262364384056.86755,33196911042.407413,,9.481448085210609,coingecko,2026-03-04T19:38:18Z
2026-03-04T19:00:00Z,BNB,663.31,90346104004.17238,1564015816.8983192,,4.842328812057926,coingecko,2026-03-04T19:38:18Z
2026-03-04T20:00:00Z,BTC,73473.0,1469684225735.717,78952976092.49338,,7.409389607232465,coingecko,2026-03-04T20:32:08Z
2026-03-04T20:00:00Z,ETH,2170.84,262115372141.649,33418969012.6422,,9.453803285069808,coingecko,2026-03-04T20:32:08Z
2026-03-04T20:00:00Z,BNB,662.02,90271868089.09198,1573229707.6764295,,4.734931780626796,coingecko,2026-03-04T20:32:08Z
2026-03-04T21:00:00Z,BTC,73186.0,1463111838768.5713,79634653053.44633,,7.744248485122489,coingecko,2026-03-04T21:35:16Z
2026-03-04T21:00:00Z,ETH,2148.92,259475596181.25137,32925513224.9822,,9.483585116169351,coingecko,2026-03-04T21:35:16Z
2026-03-04T21:00:00Z,BNB,659.67,89954814595.76973,1581420856.048746,,4.827656992244076,coingecko,2026-03-04T21:35:16Z
2026-03-04T22:00:00Z,BTC,73291.0,1466058202929.3264,80263966153.16258,,7.318530822498878,coingecko,2026-03-04T22:31:50Z
2026-03-04T22:00:00Z,ETH,2154.15,260309348256.75897,33275632882.41529,,8.73844126270773,coingecko,2026-03-04T22:31:50Z
2026-03-04T22:00:00Z,BNB,660.56,90127825243.73904,1600832167.5654316,,4.333033248968655,coingecko,2026-03-04T22:31:50Z
2026-03-04T23:00:00Z,BTC,72575.0,1452436756052.8125,80488758819.86177,,5.950848097183458,coingecko,2026-03-04T23:30:35Z
2026-03-04T23:00:00Z,ETH,2126.46,256837372065.4458,33948957041.99333,,6.928040880983664,coingecko,2026-03-04T23:30:35Z
2026-03-04T23:00:00Z,BNB,658.26,89784285920.6974,1612662533.936272,,3.78132861610452,coingecko,2026-03-04T23:30:35Z
2026-03-05T02:00:00Z,BTC,72651.0,1452872127964.7732,81815388854.24701,,6.368474384771021,coingecko,2026-03-05T02:04:11Z
2026-03-05T02:00:00Z,ETH,2118.97,255230125538.53693,34799955028.22646,,7.136452308336401,coingecko,2026-03-05T02:04:11Z
2026-03-05T02:00:00Z,BNB,654.3,89078942369.63524,1644006051.2280135,,3.3886128208794544,coingecko,2026-03-05T02:04:11Z
2026-03-05T04:00:00Z,BTC,72838.0,1456284630051.4556,80946719911.54953,,7.876004323274939,coingecko,2026-03-05T04:44:27Z
2026-03-05T04:00:00Z,ETH,2135.86,257761227907.6804,34333010539.011192,,9.36890339758599,coingecko,2026-03-05T04:44:27Z
2026-03-05T04:00:00Z,BNB,655.9,89434508801.53485,1645635685.559063,,4.422903653304366,coingecko,2026-03-05T04:44:27Z
2026-03-05T05:00:00Z,BTC,72444.0,1448299211367.682,80709436379.32597,,6.2331822772060725,coingecko,2026-03-05T05:48:59Z
2026-03-05T05:00:00Z,ETH,2117.73,255557555895.13333,34388378178.4632,,7.386386644648763,coingecko,2026-03-05T05:48:59Z
2026-03-05T05:00:00Z,BNB,653.56,89108131457.86964,1651277852.6375482,,3.312100015464483,coingecko,2026-03-05T05:48:59Z
2026-03-05T06:00:00Z,BTC,72604.0,1450564111505.6216,81390785137.31525,,5.9911297060416215,coingecko,2026-03-05T06:53:20Z
2026-03-05T06:00:00Z,ETH,2129.48,256670138403.43976,34731758886.58254,,7.565780672121545,coingecko,2026-03-05T06:53:20Z
2026-03-05T06:00:00Z,BNB,655.08,89330349006.26193,1647518765.6361582,,3.2163207890173977,coingecko,2026-03-05T06:53:20Z
2026-03-05T07:00:00Z,BTC,72222.0,1444304907299.342,80164145261.99113,,4.862102052682907,coingecko,2026-03-05T07:42:24Z
2026-03-05T07:00:00Z,ETH,2117.72,255591317786.9671,33668746735.50008,,6.370766737747139,coingecko,2026-03-05T07:42:24Z
2026-03-05T07:00:00Z,BNB,651.06,88849685386.61642,1661681957.7692714,,2.1632266465413563,coingecko,2026-03-05T07:42:24Z
2026-03-05T08:00:00Z,BTC,72057.0,1441147647309.5222,78951746577.00914,,3.0800760828979734,coingecko,2026-03-05T08:41:29Z
2026-03-05T08:00:00Z,ETH,2103.28,253884965398.5714,32934079913.16777,,3.6165076002095407,coingecko,2026-03-05T08:41:29Z
2026-03-05T08:00:00Z,BNB,651.42,88887262368.88852,1640094331.397614,,1.1585923305623758,coingecko,2026-03-05T08:41:29Z
2026-03-05T09:00:00Z,BTC,72546.0,1453457784315.8333,72518285139.33269,,1.1508872329947708,coingecko,2026-03-05T09:42:36Z
2026-03-05T09:00:00Z,ETH,2126.06,257187299260.878,30204727803.45781,,1.9772329786325475,coingecko,2026-03-05T09:42:36Z
2026-03-05T09:00:00Z,BNB,655.13,89510042177.03604,1371906244.0473137,,0.2817047391443621,coingecko,2026-03-05T09:42:36Z
2026-03-05T10:00:00Z,BTC,73371.0,1468055785137.3582,72207383187.32582,,2.7876056000907683,coingecko,2026-03-05T10:38:58Z
2026-03-05T10:00:00Z,ETH,2156.06,260274831378.13504,30706496403.969418,,3.8606815395467073,coingecko,2026-03-05T10:38:58Z
2026-03-05T10:00:00Z,BNB,664.04,90509048203.81172,1493707310.5832412,,1.927232797525276,coingecko,2026-03-05T10:38:58Z
2026-03-05T11:00:00Z,BTC,73077.0,1461289396877.3608,72204929120.34966,,2.5886715471014865,coingecko,2026-03-05T11:33:56Z
2026-03-05T11:00:00Z,ETH,2147.34,259173060977.5245,30358140642.457874,,3.834232853740577,coingecko,2026-03-05T11:33:56Z
2026-03-05T11:00:00Z,BNB,662.23,90300735219.1854,1484512885.6508124,,1.8480955165256383,coingecko,2026-03-05T11:33:56Z
2026-03-05T13:00:00Z,BTC,72957.0,1459054258939.9402,71105144668.13808,,2.572277700215529,coingecko,2026-03-05T13:00:25Z
2026-03-05T13:00:00Z,ETH,2139.67,258244804238.81924,30248494695.92699,,4.18495485958138,coingecko,2026-03-05T13:00:25Z
2026-03-05T13:00:00Z,BNB,660.4,90053271091.14717,1457096102.0614543,,1.5249501297367518,coingecko,2026-03-05T13:00:25Z
2026-03-05T14:00:00Z,BTC,72542.0,1449733139651.578,69870159050.5888,,1.5507940905528157,coingecko,2026-03-05T14:05:08Z
2026-03-05T14:00:00Z,ETH,2119.53,255607078497.4283,29051757414.118923,,2.6542572392480217,coingecko,2026-03-05T14:05:08Z
2026-03-05T14:00:00Z,BNB,657.19,89533943920.34541,1448355385.480211,,0.5805744461421514,coingecko,2026-03-05T14:05:08Z
2026-03-05T15:00:00Z,BTC,71393.0,1429399287490.8257,65073847135.97302,,-2.0338082130483834,coingecko,2026-03-05T15:51:12Z
2026-03-05T15:00:00Z,ETH,2082.15,251301182246.8321,27479422503.120045,,-2.4080444099649525,coingecko,2026-03-05T15:51:12Z
2026-03-05T15:00:00Z,BNB,651.54,88854162716.01897,1360148847.7674935,,-0.872359438219771,coingecko,2026-03-05T15:51:12Z
2026-03-05T18:00:00Z,BTC,70778.0,1414050766693.7332,61603732038.199165,,-3.3708427295102275,coingecko,2026-03-05T18:04:40Z
2026-03-05T18:00:00Z,ETH,2061.49,248577884318.1885,25201693921.196754,,-4.154104015587246,coingecko,2026-03-05T18:04:40Z
2026-03-05T18:00:00Z,BNB,647.0,88276447541.17189,1279996154.61395,,-1.7657792381957151,coingecko,2026-03-05T18:04:40Z
2026-03-05T19:00:00Z,BTC,71058.0,1421695197101.4602,58206289567.356735,,-3.670934439833216,coingecko,2026-03-05T19:52:34Z
2026-03-05T19:00:00Z,ETH,2081.42,251317350752.78214,24628447458.09547,,-4.714085483619924,coingecko,2026-03-05T19:52:34Z
2026-03-05T19:00:00Z,BNB,651.35,88841936888.30103,1224017071.4858868,,-1.9477520986036023,coingecko,2026-03-05T19:52:34Z
2026-03-05T20:00:00Z,BTC,71314.0,1426175697887.3835,57060026393.4832,,-2.8933647700288643,coingecko,2026-03-05T20:37:22Z
2026-03-05T20:00:00Z,ETH,2092.61,252555771300.0422,24549177659.26591,,-3.593924581318764,coingecko,2026-03-05T20:37:22Z
2026-03-05T20:00:00Z,BNB,651.17,88792544987.09648,1211926332.861692,,-1.6391112984965532,coingecko,2026-03-05T20:37:22Z
2026-03-05T21:00:00Z,BTC,71435.0,1429872413015.276,57164948858.02972,,-2.3701096685063976,coingecko,2026-03-05T21:35:42Z
2026-03-05T21:00:00Z,ETH,2090.17,252482676288.963,24241913141.34894,,-2.734970554878746,coingecko,2026-03-05T21:35:42Z
2026-03-05T21:00:00Z,BNB,650.9,88831909190.6522,1198773525.8019867,,-1.3115436920333094,coingecko,2026-03-05T21:35:42Z
2026-03-05T22:00:00Z,BTC,71189.0,1422774720408.7214,56741149800.92275,,-2.735320066451117,coingecko,2026-03-05T22:32:46Z
2026-03-05T22:00:00Z,ETH,2079.89,251055703919.82407,23084724398.48864,,-3.4596771841060128,coingecko,2026-03-05T22:32:46Z
2026-03-05T22:00:00Z,BNB,647.27,88225400068.918,1185631767.8380456,,-1.9383417140922743,coingecko,2026-03-05T22:32:46Z
2026-03-05T23:00:00Z,BTC,70868.0,1417926497737.692,55315786511.19208,,-2.479582769662044,coingecko,2026-03-05T23:51:21Z
2026-03-05T23:00:00Z,ETH,2074.57,250474080523.0171,25186119832.19408,,-2.411296785841332,coingecko,2026-03-05T23:51:21Z
2026-03-05T23:00:00Z,BNB,647.8,88364201214.11827,1142137451.031217,,-1.4811750894976912,coingecko,2026-03-05T23:51:21Z
2026-03-06T02:00:00Z,BTC,71219.0,1424052906776.0798,53789082955.80066,,-1.825774878765103,coingecko,2026-03-06T02:04:05Z
2026-03-06T02:00:00Z,ETH,2086.45,251820302715.6492,22615330870.46842,,-1.3069484231908088,coingecko,2026-03-06T02:04:05Z
2026-03-06T02:00:00Z,BNB,650.75,88734057987.51732,1078217607.1477988,,-0.3758104115221722,coingecko,2026-03-06T02:04:05Z
2026-03-06T04:00:00Z,BTC,70477.0,1414405909492.1008,54126256355.17822,,-3.139842318539896,coingecko,2026-03-06T04:42:05Z
2026-03-06T04:00:00Z,ETH,2065.71,249929951049.2622,22442643612.27247,,-3.0997664525428044,coingecko,2026-03-06T04:42:05Z
2026-03-06T04:00:00Z,BNB,643.69,88016036411.68005,1067834279.219342,,-1.9261761180783328,coingecko,2026-03-06T04:42:05Z
2026-03-06T05:00:00Z,BTC,70214.0,1404704843742.0652,52806146065.56876,,-3.052732943468939,coingecko,2026-03-06T05:44:56Z
2026-03-06T05:00:00Z,ETH,2061.81,248751816111.88828,21214491808.56839,,-2.5821907664709265,coingecko,2026-03-06T05:44:56Z
2026-03-06T05:00:00Z,BNB,643.09,87691243708.88649,1056031924.434252,,-1.550439915862636,coingecko,2026-03-06T05:44:56Z
2026-03-06T06:00:00Z,BTC,70769.0,1414415431679.1196,53154675919.26932,,-2.3943514795791576,coingecko,2026-03-06T06:49:53Z
2026-03-06T06:00:00Z,ETH,2077.29,250600479207.4272,21903521337.87086,,-2.263229510588332,coingecko,2026-03-06T06:49:53Z
2026-03-06T06:00:00Z,BNB,645.74,88029420623.50867,1051499004.5276788,,-1.2868675984583842,coingecko,2026-03-06T06:49:53Z
2026-03-06T07:00:00Z,BTC,70962.0,1418491511576.0425,53047994585.31748,,-1.755916821830516,coingecko,2026-03-06T07:38:24Z
2026-03-06T07:00:00Z,ETH,2082.55,251318725184.3268,21831011127.583828,,-1.6939704993910607,coingecko,2026-03-06T07:38:24Z
2026-03-06T07:00:00Z,BNB,646.75,88188774829.97942,1034077722.005538,,-0.6894521516560493,coingecko,2026-03-06T07:38:24Z
2026-03-06T08:00:00Z,BTC,70993.0,1419047207956.2263,50926871771.02171,,-1.4595918931439322,coingecko,2026-03-06T08:38:29Z
2026-03-06T08:00:00Z,ETH,2078.95,250899500303.7868,20553404665.17784,,-1.1519345947784814,coingecko,2026-03-06T08:38:29Z
2026-03-06T08:00:00Z,BNB,644.63,87937472224.9641,1026268871.6826328,,-1.0305090256793754,coingecko,2026-03-06T08:38:29Z
2026-03-06T09:00:00Z,BTC,70376.0,1407416798726.371,50528037793.609085,,-3.038344655006484,coingecko,2026-03-06T09:38:41Z
2026-03-06T09:00:00Z,ETH,2050.24,247904882994.67023,19720121268.127235,,-3.60907802146566,coingecko,2026-03-06T09:38:41Z
2026-03-06T09:00:00Z,BNB,639.77,87237103823.51886,1017958735.1817774,,-2.394374845388783,coingecko,2026-03-06T09:38:41Z
2026-03-06T10:00:00Z,BTC,70609.0,1413660222568.9116,48022866284.87479,,-3.847227257241079,coingecko,2026-03-06T10:35:30Z
2026-03-06T10:00:00Z,ETH,2064.07,249435584756.13208,20248602029.49921,,-4.2688327827531305,coingecko,2026-03-06T10:35:30Z
2026-03-06T10:00:00Z,BNB,640.71,87378407771.11157,1013780982.789434,,-3.5504818993063174,coingecko,2026-03-06T10:35:30Z
2026-03-06T11:00:00Z,BTC,70551.0,1410761461655.6726,47154587116.73093,,-3.4888341847128066,coingecko,2026-03-06T11:29:13Z
2026-03-06T11:00:00Z,ETH,2065.86,249295066060.2369,19002827016.05744,,-3.850387415992558,coingecko,2026-03-06T11:29:13Z
2026-03-06T11:00:00Z,BNB,639.56,87211900704.05728,986484670.1336528,,-3.4279309061344825,coingecko,2026-03-06T11:29:13Z
2026-03-06T12:00:00Z,BTC,69927.0,1397924710010.164,47403327676.47188,,-4.152848520056089,coingecko,2026-03-06T12:56:19Z
2026-03-06T12:00:00Z,ETH,2048.53,247258579463.99088,20172981079.136616,,-4.253299295118379,coingecko,2026-03-06T12:56:19Z
2026-03-06T12:00:00Z,BNB,637.2,86881719641.18816,984660828.835446,,-3.513799148454216,coingecko,2026-03-06T12:56:19Z
2026-03-06T13:00:00Z,BTC,69902.0,1397975409421.2808,37940200804.134224,,-3.757196709918519,coingecko,2026-03-06T13:56:42Z
2026-03-06T13:00:00Z,ETH,2041.62,246628826880.4349,15613208379.960632,,-3.87114951607934,coingecko,2026-03-06T13:56:42Z
2026-03-06T13:00:00Z,BNB,638.16,87062501640.69159,940095453.5421736,,-2.976571345376396,coingecko,2026-03-06T13:56:42Z
2026-03-06T14:00:00Z,BTC,68501.0,1369641726092.4612,50561175751.44375,,-5.619087457295182,coingecko,2026-03-06T14:39:14Z
2026-03-06T14:00:00Z,ETH,1987.71,239835666350.5827,21473518513.67955,,-6.458161239025195,coingecko,2026-03-06T14:39:14Z
2026-03-06T14:00:00Z,BNB,629.0,85768801787.4984,1026399041.2669388,,-4.271994769993688,coingecko,2026-03-06T14:39:14Z
2026-03-06T15:00:00Z,BTC,68926.0,1377102619054.973,50572605256.88569,,-3.413250321219292,coingecko,2026-03-06T15:37:43Z
2026-03-06T15:00:00Z,ETH,1993.99,240308423528.519,24053727338.67681,,-3.94414588322572,coingecko,2026-03-06T15:37:43Z
2026-03-06T15:00:00Z,BNB,630.51,85881090228.48653,1035888489.4231956,,-3.1996772131355065,coingecko,2026-03-06T15:37:43Z
2026-03-06T16:00:00Z,BTC,68632.0,1371331436543.674,49110551332.1221,,-3.8931496016961615,coingecko,2026-03-06T16:41:21Z
2026-03-06T16:00:00Z,ETH,1977.37,238345501458.6005,21139489449.52722,,-5.044621972283289,coingecko,2026-03-06T16:41:21Z
2026-03-06T16:00:00Z,BNB,630.53,85937473451.77408,1001006141.0863084,,-3.398936040319868,coingecko,2026-03-06T16:41:21Z
2026-03-06T17:00:00Z,BTC,68188.0,1364541560410.3074,48600498062.71982,,-3.7298555020873896,coingecko,2026-03-06T17:35:25Z
2026-03-06T17:00:00Z,ETH,1972.6,238305230390.9314,21267344889.63307,,-4.418357359014838,coingecko,2026-03-06T17:35:25Z
2026-03-06T17:00:00Z,BNB,628.29,85699572874.3929,988759303.070694,,-2.998131533313594,coingecko,2026-03-06T17:35:25Z
2026-03-06T18:00:00Z,BTC,68425.0,1368398256727.4033,48269395622.05066,,-3.600665357726871,coingecko,2026-03-06T18:45:00Z
2026-03-06T18:00:00Z,ETH,1980.74,239012073235.2473,20350941633.29503,,-4.561527910903516,coingecko,2026-03-06T18:45:00Z
2026-03-06T18:00:00Z,BNB,631.44,86094227856.66806,955443664.4904329,,-2.7776814849191,coingecko,2026-03-06T18:45:00Z
2026-03-06T19:00:00Z,BTC,68233.0,1364120188550.3496,48460188798.24996,,-3.948026563258396,coingecko,2026-03-06T19:34:37Z
2026-03-06T19:00:00Z,ETH,1987.13,239667651801.988,20117354273.206303,,-4.291407398366727,coingecko,2026-03-06T19:34:37Z
2026-03-06T19:00:00Z,BNB,631.19,86067075621.67003,950212954.0564736,,-3.041267017243933,coingecko,2026-03-06T19:34:37Z
2026-03-06T20:00:00Z,BTC,67885.0,1356030127810.016,47277371666.61301,,-4.6456967341963935,coingecko,2026-03-06T20:32:02Z
2026-03-06T20:00:00Z,ETH,1974.23,238141596324.16656,20621856636.740265,,-5.574937724077196,coingecko,2026-03-06T20:32:02Z
2026-03-06T20:00:00Z,BNB,628.1,85617278734.25182,923594681.9021908,,-3.5231653647691847,coingecko,2026-03-06T20:32:02Z
2026-03-06T21:00:00Z,BTC,68013.0,1359204627514.7969,47358557228.78937,,-4.902752969817112,coingecko,2026-03-06T21:30:11Z
2026-03-06T21:00:00Z,ETH,1974.59,238183391821.6535,19806139948.00981,,-5.675575261855277,coingecko,2026-03-06T21:30:11Z
2026-03-06T21:00:00Z,BNB,628.42,85659158308.62979,943635413.7176796,,-3.5709120989945866,coingecko,2026-03-06T21:30:11Z
2026-03-06T22:00:00Z,BTC,68297.0,1365850764696.686,46615448826.43462,,-4.070643503457545,coingecko,2026-03-06T22:28:47Z
2026-03-06T22:00:00Z,ETH,1984.35,239495163769.7463,19553911248.30558,,-4.614968220422942,coingecko,2026-03-06T22:28:47Z
2026-03-06T22:00:00Z,BNB,629.79,85879576808.31384,918262056.5971954,,-2.669229373622422,coingecko,2026-03-06T22:28:47Z
2026-03-06T23:00:00Z,BTC,68330.0,1366525151961.3423,45895020722.398415,,-4.052910007395458,coingecko,2026-03-06T23:27:50Z
2026-03-06T23:00:00Z,ETH,1986.64,239728843397.564,19359632593.360767,,-4.577917042158136,coingecko,2026-03-06T23:27:50Z
2026-03-06T23:00:00Z,BNB,628.26,85671326503.56381,913949853.5596926,,-3.225609409066675,coingecko,2026-03-06T23:27:50Z
2026-03-07T01:00:00Z,BTC,68320.0,1366329641996.59,44171778924.357765,,-4.096573875680304,coingecko,2026-03-07T01:56:28Z
2026-03-07T01:00:00Z,ETH,1982.04,239234467094.2074,18367599993.160847,,-5.055329964915311,coingecko,2026-03-07T01:56:28Z
2026-03-07T01:00:00Z,BNB,628.96,85769670362.9725,894308638.3378195,,-3.406705102056202,coingecko,2026-03-07T01:56:28Z
2026-03-07T04:00:00Z,BTC,68107.0,1362264768788.0933,42509997976.20797,,-4.139967184725489,coingecko,2026-03-07T04:02:18Z
2026-03-07T04:00:00Z,ETH,1979.85,238997677924.04385,18560792714.96949,,-4.971213606521356,coingecko,2026-03-07T04:02:18Z
2026-03-07T04:00:00Z,BNB,626.95,85512080363.2088,869097198.9042282,,-3.485999692901039,coingecko,2026-03-07T04:02:18Z
2026-03-07T05:00:00Z,BTC,67964.0,1359139761654.8835,42048161429.45586,,-3.4329521425495417,coingecko,2026-03-07T05:37:10Z
2026-03-07T05:00:00Z,ETH,1973.96,238264457915.4413,18296392758.910526,,-4.406152243684422,coingecko,2026-03-07T05:37:10Z
2026-03-07T05:00:00Z,BNB,627.34,85553754036.35707,858717750.2458981,,-2.583529825823716,coingecko,2026-03-07T05:37:10Z
2026-03-07T06:00:00Z,BTC,67854.0,1357031033972.3333,41483129248.39527,,-3.921950246301464,coingecko,2026-03-07T06:41:01Z
2026-03-07T06:00:00Z,ETH,1973.39,238202696983.64764,18872167636.291218,,-4.6773674982238695,coingecko,2026-03-07T06:41:01Z
2026-03-07T06:00:00Z,BNB,626.96,85491958907.15884,844124237.2606169,,-2.7699857970523603,coingecko,2026-03-07T06:41:01Z
2026-03-07T07:00:00Z,BTC,67736.0,1354243728200.9973,41756042273.35145,,-4.256172586593953,coingecko,2026-03-07T07:28:56Z
2026-03-07T07:00:00Z,ETH,1976.36,238488651255.89075,17821641465.732307,,-4.88880266345774,coingecko,2026-03-07T07:28:56Z
2026-03-07T07:00:00Z,BNB,626.87,85456027507.72931,732556610.9187231,,-3.079136668361068,coingecko,2026-03-07T07:28:56Z
2026-03-07T08:00:00Z,BTC,67965.0,1358939255247.111,40937344728.04188,,-4.194555674665724,coingecko,2026-03-07T08:31:39Z
2026-03-07T08:00:00Z,ETH,1986.23,239682784101.52963,18346137248.96561,,-4.438745557431095,coingecko,2026-03-07T08:31:39Z
2026-03-07T08:00:00Z,BNB,628.9,85750342754.49379,826310769.8648009,,-2.430587916593528,coingecko,2026-03-07T08:31:39Z
2026-03-07T09:00:00Z,BTC,67951.0,1358982678657.581,40098057096.01902,,-3.6048865871227527,coingecko,2026-03-07T09:29:02Z
2026-03-07T09:00:00Z,ETH,1984.1,239501802927.1984,18764671810.468185,,-3.6671901712873,coingecko,2026-03-07T09:29:02Z
2026-03-07T09:00:00Z,BNB,629.26,85805393836.58159,800264305.7551796,,-1.669644153732593,coingecko,2026-03-07T09:29:02Z
2026-03-07T10:00:00Z,BTC,67980.0,1359525523814.3723,38615027777.52354,,-3.917008775085187,coingecko,2026-03-07T10:24:12Z
2026-03-07T10:00:00Z,ETH,1985.03,239586789876.8193,17290121470.867134,,-3.959078988797907,coingecko,2026-03-07T10:24:12Z
2026-03-07T10:00:00Z,BNB,628.97,85775562223.59167,784898471.4331506,,-1.8904625839080509,coingecko,2026-03-07T10:24:12Z
2026-03-07T11:00:00Z,BTC,68159.0,1363644126365.4736,39075596063.413376,,-3.369313009049568,coingecko,2026-03-07T11:20:28Z
2026-03-07T11:00:00Z,ETH,1991.09,240477543278.89304,17073685436.560528,,-3.5095643234147724,coingecko,2026-03-07T11:20:28Z
2026-03-07T11:00:00Z,BNB,628.58,85746621730.55444,675480816.7523432,,-1.6744273179533902,coingecko,2026-03-07T11:20:28Z
2026-03-07T12:00:00Z,BTC,67952.0,1358951951467.012,37062500170.44321,,-2.6155288367875738,coingecko,2026-03-07T12:47:23Z
2026-03-07T12:00:00Z,ETH,1984.36,239493077263.2772,15963679842.776377,,-2.925678514924619,coingecko,2026-03-07T12:47:23Z
2026-03-07T12:00:00Z,BNB,626.92,85487589758.01317,674365918.1196545,,-1.4862302681695594,coingecko,2026-03-07T12:47:23Z
2026-03-07T13:00:00Z,BTC,67962.0,1359381741800.89,35425099134.911514,,-3.0933972102699343,coingecko,2026-03-07T13:38:53Z
2026-03-07T13:00:00Z,ETH,1981.32,239187433233.8664,16741026133.948944,,-3.517658145952025,coingecko,2026-03-07T13:38:53Z
2026-03-07T13:00:00Z,BNB,627.29,85539635755.39908,699939481.9384414,,-1.9555984935061097,coingecko,2026-03-07T13:38:53Z
2026-03-07T15:00:00Z,BTC,67925.0,1357765495544.088,29220058223.75641,,-1.2265068005272943,coingecko,2026-03-07T15:24:13Z
2026-03-07T15:00:00Z,ETH,1984.5,239380651669.5469,12627301512.715504,,-0.4826972366189062,coingecko,2026-03-07T15:24:13Z
2026-03-07T15:00:00Z,BNB,627.23,85506789260.96855,573625561.7896917,,-0.1264145723712694,coingecko,2026-03-07T15:24:13Z
2026-03-07T16:00:00Z,BTC,67818.0,1356242397272.0703,27025730022.92421,,-1.0494177952288213,coingecko,2026-03-07T16:28:22Z
2026-03-07T16:00:00Z,ETH,1977.2,238619187972.51163,11441743002.389238,,0.1121401029891365,coingecko,2026-03-07T16:28:22Z
2026-03-07T16:00:00Z,BNB,623.51,85021032324.81847,531486790.3073973,,-0.9593685957148876,coingecko,2026-03-07T16:28:22Z
2026-03-07T17:00:00Z,BTC,67842.0,1356303546215.8777,25848023631.49355,,-0.8759335250359048,coingecko,2026-03-07T17:21:23Z
2026-03-07T17:00:00Z,ETH,1980.35,239012884604.6046,10946895938.779951,,0.2547913930077909,coingecko,2026-03-07T17:21:23Z
2026-03-07T17:00:00Z,BNB,624.52,85138448652.3343,527829551.3498292,,-0.8038850591961515,coingecko,2026-03-07T17:21:23Z
2026-03-07T18:00:00Z,BTC,67592.0,1352172446103.1675,24261980206.58956,,-1.1029800237117284,coingecko,2026-03-07T18:34:25Z
2026-03-07T18:00:00Z,ETH,1973.19,238202232432.16205,9883055660.924538,,-0.2520452134097138,coingecko,2026-03-07T18:34:25Z
2026-03-07T18:00:00Z,BNB,622.49,84886708687.54933,511998662.18574375,,-1.2572236121471416,coingecko,2026-03-07T18:34:25Z
2026-03-07T19:00:00Z,BTC,67440.0,1349317832414.8086,24675138759.00503,,-1.175842682940993,coingecko,2026-03-07T19:22:10Z
2026-03-07T19:00:00Z,ETH,1966.34,237534766659.05515,9672022330.391115,,-0.9209669051418544,coingecko,2026-03-07T19:22:10Z
2026-03-07T19:00:00Z,BNB,621.21,84731798240.99992,521277073.3187724,,-1.6169562548080896,coingecko,2026-03-07T19:22:10Z
2026-03-07T20:00:00Z,BTC,67250.0,1344938084666.3677,24966967738.433743,,-1.165623671876804,coingecko,2026-03-07T20:25:57Z
2026-03-07T20:00:00Z,ETH,1964.24,236967229988.432,9728351784.38003,,-0.7033800094232678,coingecko,2026-03-07T20:25:57Z
2026-03-07T20:00:00Z,BNB,621.05,84691122431.59251,518615913.0655638,,-1.2892500611687112,coingecko,2026-03-07T20:25:57Z
2026-03-07T21:00:00Z,BTC,67428.0,1349336223776.3015,24782786102.61329,,-0.9217870302406648,coingecko,2026-03-07T21:21:33Z
2026-03-07T21:00:00Z,ETH,1967.91,237755913296.50723,15276736832.894644,,-0.2889371413027393,coingecko,2026-03-07T21:21:33Z
2026-03-07T21:00:00Z,BNB,621.69,84811016639.48349,525147759.7231352,,-1.0709816767522822,coingecko,2026-03-07T21:21:33Z
2026-03-07T22:00:00Z,BTC,67310.0,1347034966954.907,24644987750.032574,,-1.4782704952231176,coingecko,2026-03-07T22:23:45Z
2026-03-07T22:00:00Z,ETH,1967.44,237634829050.5873,9815570443.617825,,-0.8523607848335271,coingecko,2026-03-07T22:23:45Z
2026-03-07T22:00:00Z,BNB,620.11,84578327950.59666,528617375.5365717,,-1.5375827663542805,coingecko,2026-03-07T22:23:45Z
2026-03-07T23:00:00Z,BTC,67368.0,1347201851269.5208,24745789676.451263,,-1.4188340006052826,coingecko,2026-03-07T23:22:51Z
2026-03-07T23:00:00Z,ETH,1971.39,237791229338.7771,9634225982.731382,,-0.7404837781419562,coingecko,2026-03-07T23:22:51Z
2026-03-07T23:00:00Z,BNB,620.59,84593290877.32095,525178437.9484755,,-1.2522327136149132,coingecko,2026-03-07T23:22:51Z
2026-03-08T02:00:00Z,BTC,67261.0,1345338528498.9666,24179638177.71288,,-1.4391434537417782,coingecko,2026-03-08T02:05:47Z
2026-03-08T02:00:00Z,ETH,1968.95,237666035588.3032,9671549066.715622,,-0.5535768337133373,coingecko,2026-03-08T02:05:47Z
2026-03-08T02:00:00Z,BNB,619.54,84495965597.38506,510902042.9471397,,-1.4170968022355437,coingecko,2026-03-08T02:05:47Z
2026-03-08T04:00:00Z,BTC,66937.0,1338707927880.5566,25737184091.19632,,-1.7551183925094562,coingecko,2026-03-08T04:43:16Z
2026-03-08T04:00:00Z,ETH,1946.85,234970376532.63687,12324993176.27308,,-1.5458776599575912,coingecko,2026-03-08T04:43:16Z
2026-03-08T04:00:00Z,BNB,616.28,84034116901.37775,513512966.6146961,,-1.770508807376456,coingecko,2026-03-08T04:43:16Z
2026-03-08T05:00:00Z,BTC,67163.0,1343097067034.199,26241732584.19128,,-1.3410827383174255,coingecko,2026-03-08T05:43:07Z
2026-03-08T05:00:00Z,ETH,1950.5,235393303039.6273,10921066185.323725,,-1.3767472612123073,coingecko,2026-03-08T05:43:07Z
2026-03-08T05:00:00Z,BNB,618.08,84301273654.00475,525580807.18965787,,-1.612406353808186,coingecko,2026-03-08T05:43:07Z
2026-03-08T06:00:00Z,BTC,67121.0,1342431072246.2576,26155224459.485672,,-1.0787105603518188,coingecko,2026-03-08T06:42:42Z
2026-03-08T06:00:00Z,ETH,1947.45,235059068205.8052,10828468734.989365,,-1.314018977761115,coingecko,2026-03-08T06:42:42Z
2026-03-08T06:00:00Z,BNB,618.78,84364074725.92162,533627962.0688552,,-1.3040657953989827,coingecko,2026-03-08T06:42:42Z
2026-03-08T07:00:00Z,BTC,67358.0,1345845280958.0608,25952724737.49654,,-0.5643551948314973,coingecko,2026-03-08T07:31:05Z
2026-03-08T07:00:00Z,ETH,1955.77,235902276568.85504,11446009338.040005,,-1.0592747984271007,coingecko,2026-03-08T07:31:05Z
2026-03-08T07:00:00Z,BNB,620.56,84573952002.68042,534280031.5872885,,-1.0201445800525637,coingecko,2026-03-08T07:31:05Z
2026-03-08T08:00:00Z,BTC,67277.0,1345401130191.285,25784867064.709408,,-0.988750307471078,coingecko,2026-03-08T08:32:15Z
2026-03-08T08:00:00Z,ETH,1952.92,235546679126.2611,12348936978.405056,,-1.590519826951696,coingecko,2026-03-08T08:32:15Z
2026-03-08T08:00:00Z,BNB,618.51,84332455514.95284,531676739.314746,,-1.6794184006686232,coingecko,2026-03-08T08:32:15Z
2026-03-08T09:00:00Z,BTC,67810.0,1354930718186.0654,27116924558.255524,,-0.2061192551241039,coingecko,2026-03-08T09:29:48Z
2026-03-08T09:00:00Z,ETH,1968.63,237309081784.6796,11264625812.303495,,-0.7865602782352752,coingecko,2026-03-08T09:29:48Z
2026-03-08T09:00:00Z,BNB,620.82,84622098693.4202,548710879.4225017,,-1.3381935748617098,coingecko,2026-03-08T09:29:48Z
2026-03-08T10:00:00Z,BTC,68109.0,1359978042922.7732,27813965483.06121,,0.226359855214167,coingecko,2026-03-08T10:25:53Z
2026-03-08T10:00:00Z,ETH,1976.68,237970302303.3007,11769578767.421225,,-0.4142333752704289,coingecko,2026-03-08T10:25:53Z
2026-03-08T10:00:00Z,BNB,623.54,84820950505.44606,508746798.8412627,,-0.8342971326655654,coingecko,2026-03-08T10:25:53Z
2026-03-08T11:00:00Z,BTC,67619.0,1352691847092.802,27801651433.4354,,-0.8138607621330424,coingecko,2026-03-08T11:21:23Z
2026-03-08T11:00:00Z,ETH,1958.08,236390781038.906,11671865367.275368,,-1.66634089929301,coingecko,2026-03-08T11:21:23Z
2026-03-08T11:00:00Z,BNB,620.63,84633652724.89055,554852025.6289505,,-1.2199194458298932,coingecko,2026-03-08T11:21:23Z
2026-03-08T12:00:00Z,BTC,67311.0,1346203724063.5164,28629807764.673367,,-0.8866145366478981,coingecko,2026-03-08T12:49:05Z
2026-03-08T12:00:00Z,ETH,1944.92,234730954424.6498,12820866446.057997,,-1.8188491996699097,coingecko,2026-03-08T12:49:05Z
2026-03-08T12:00:00Z,BNB,619.43,84463867225.30199,590999982.6146067,,-1.1358072782721746,coingecko,2026-03-08T12:49:05Z
2026-03-08T13:00:00Z,BTC,67080.0,1341570948187.9182,29994834476.884937,,-1.3386252125409666,coingecko,2026-03-08T13:40:13Z
2026-03-08T13:00:00Z,ETH,1934.65,233496318857.88068,13051845054.153645,,-2.256371413884738,coingecko,2026-03-08T13:40:13Z
2026-03-08T13:00:00Z,BNB,614.78,83816617560.91696,603776893.5818498,,-1.923757309326644,coingecko,2026-03-08T13:40:13Z
2026-03-08T14:00:00Z,BTC,67358.0,1347372936646.891,30775279138.87204,,-0.6456992455114234,coingecko,2026-03-08T14:25:26Z
2026-03-08T14:00:00Z,ETH,1947.85,235120520175.6,13389457193.473732,,-1.4400180424482885,coingecko,2026-03-08T14:25:26Z
2026-03-08T14:00:00Z,BNB,617.52,84201923210.21141,607673216.5406246,,-1.160240200098852,coingecko,2026-03-08T14:25:26Z
2026-03-08T15:00:00Z,BTC,67200.0,1346341665434.1284,30814114735.74792,,-1.0942523786721945,coingecko,2026-03-08T15:24:08Z
2026-03-08T15:00:00Z,ETH,1942.01,234726806931.47607,14246806246.427282,,-2.157972484466265,coingecko,2026-03-08T15:24:08Z
2026-03-08T15:00:00Z,BNB,616.68,84141347653.61156,615609364.8642997,,-1.7386101399130616,coingecko,2026-03-08T15:24:08Z
2026-03-08T16:00:00Z,BTC,67116.0,1342443577972.326,30905867110.08293,,-0.9921131393530992,coingecko,2026-03-08T16:28:58Z
2026-03-08T16:00:00Z,ETH,1942.1,234490062523.9256,13363972841.172249,,-1.7615520675787988,coingecko,2026-03-08T16:28:58Z
2026-03-08T16:00:00Z,BNB,615.59,83948992967.02997,600504086.0893611,,-1.2487201032235815,coingecko,2026-03-08T16:28:58Z
2026-03-08T17:00:00Z,BTC,67110.0,1342454298409.3396,30901867057.13925,,-1.0585388138230587,coingecko,2026-03-08T17:23:27Z
2026-03-08T17:00:00Z,ETH,1939.78,234201659574.05865,13493156328.63486,,-2.1412922837139794,coingecko,2026-03-08T17:23:27Z
2026-03-08T17:00:00Z,BNB,614.32,83781394000.80244,633715085.5917683,,-1.7098160856792173,coingecko,2026-03-08T17:23:27Z
2026-03-08T18:00:00Z,BTC,66968.0,1339525111782.4883,31455515167.828896,,-0.949297193437529,coingecko,2026-03-08T18:34:58Z
2026-03-08T18:00:00Z,ETH,1935.33,233618916597.0325,14227592225.929708,,-1.84763195701908,coingecko,2026-03-08T18:34:58Z
2026-03-08T18:00:00Z,BNB,613.88,83708372184.08496,611826977.1914364,,-1.345074683208398,coingecko,2026-03-08T18:34:58Z
2026-03-08T19:00:00Z,BTC,67149.0,1342300949130.5728,31377982259.313084,,-0.3994009330965948,coingecko,2026-03-08T19:23:44Z
2026-03-08T19:00:00Z,ETH,1953.15,235590005206.4295,13708184090.647837,,-0.6622171557182556,coingecko,2026-03-08T19:23:44Z
2026-03-08T19:00:00Z,BNB,617.0,84136574911.01573,610875471.0017587,,-0.6539179192189907,coingecko,2026-03-08T19:23:44Z
2026-03-08T20:00:00Z,BTC,67060.0,1342666698582.3557,30736825836.082,,-0.3057920770518084,coingecko,2026-03-08T20:27:04Z
2026-03-08T20:00:00Z,ETH,1955.0,236330572953.27008,13970374867.784176,,-0.49954002481576,coingecko,2026-03-08T20:27:04Z
2026-03-08T20:00:00Z,BNB,617.32,84224629000.6005,610750521.0840869,,-0.578213729103453,coingecko,2026-03-08T20:27:04Z
2026-03-08T21:00:00Z,BTC,66902.0,1337902546163.0369,31467692912.568783,,-0.7826616581497225,coingecko,2026-03-08T21:24:03Z
2026-03-08T21:00:00Z,ETH,1948.96,235150466045.5016,14176686200.69928,,-0.9662357801075548,coingecko,2026-03-08T21:24:03Z
2026-03-08T21:00:00Z,BNB,616.43,84066937500.53307,597965501.850644,,-0.8563800779413975,coingecko,2026-03-08T21:24:03Z
2026-03-08T22:00:00Z,BTC,65751.0,1314601188868.1858,34101536416.3026,,-2.3794021619453147,coingecko,2026-03-08T22:23:56Z
2026-03-08T22:00:00Z,ETH,1922.43,232219415078.6828,15609941451.533804,,-2.308385520750916,coingecko,2026-03-08T22:23:56Z
2026-03-08T22:00:00Z,BNB,609.64,83109682521.47188,571851944.1806537,,-1.7095335872652968,coingecko,2026-03-08T22:23:56Z
2026-03-08T23:00:00Z,BTC,66451.0,1325719814780.0786,35402488615.94064,,-1.3777609972045413,coingecko,2026-03-08T23:24:23Z
2026-03-08T23:00:00Z,ETH,1948.64,234762809550.0383,16152511990.315851,,-1.0913464630041505,coingecko,2026-03-08T23:24:23Z
2026-03-08T23:00:00Z,BNB,614.87,83730547152.6861,667974677.2528429,,-0.8891935429156971,coingecko,2026-03-08T23:24:23Z
2026-03-09T02:00:00Z,BTC,66151.0,1322877609935.3086,39510322311.886215,,-1.6504877456172276,coingecko,2026-03-09T02:07:11Z
2026-03-09T02:00:00Z,ETH,1944.52,234579418982.5216,18059489461.8542,,-1.239648982080899,coingecko,2026-03-09T02:07:11Z
2026-03-09T02:00:00Z,BNB,614.75,83841988807.372,710521353.2613595,,-0.7146406893000824,coingecko,2026-03-09T02:07:11Z
2026-03-09T04:00:00Z,BTC,67457.0,1348970388295.6526,40268122747.36086,,1.2299004004450462,coingecko,2026-03-09T04:51:32Z
2026-03-09T04:00:00Z,ETH,1984.25,239472562893.4199,19459964938.081806,,2.4198465742852107,coingecko,2026-03-09T04:51:32Z
2026-03-09T04:00:00Z,BNB,624.8,85183141383.62003,760866367.2004462,,1.5435146480969826,coingecko,2026-03-09T04:51:32Z
2026-03-09T05:00:00Z,BTC,67854.0,1356860471499.927,41166425366.72319,,1.046759899039336,coingecko,2026-03-09T05:58:00Z
2026-03-09T05:00:00Z,ETH,2009.47,242458740578.2463,19605556847.82916,,3.1623269674421,coingecko,2026-03-09T05:58:00Z
2026-03-09T05:00:00Z,BNB,628.99,85741220073.36244,775620933.830235,,1.7423583049253897,coingecko,2026-03-09T05:58:00Z
2026-03-09T07:00:00Z,BTC,67190.0,1343621262229.8416,42304351483.78682,,-0.101588288473325,coingecko,2026-03-09T07:10:02Z
2026-03-09T07:00:00Z,ETH,1976.6,238738356129.9507,20198063519.812588,,1.326251924220592,coingecko,2026-03-09T07:10:02Z
2026-03-09T07:00:00Z,BNB,621.53,84785080526.55779,803395110.5012782,,0.1177733914743906,coingecko,2026-03-09T07:10:02Z
2026-03-09T08:00:00Z,BTC,67754.0,1353958154936.0674,43763103192.77715,,0.5131257355454569,coingecko,2026-03-09T08:44:05Z
2026-03-09T08:00:00Z,ETH,1993.45,240380246893.03903,21667490692.421032,,1.8336870885482843,coingecko,2026-03-09T08:44:05Z
2026-03-09T08:00:00Z,BNB,625.36,85270111858.86421,841909504.0130414,,0.9733131932781864,coingecko,2026-03-09T08:44:05Z
2026-03-09T09:00:00Z,BTC,68218.0,1364350890984.6443,44773550865.743576,,0.7408738268387316,coingecko,2026-03-09T09:52:12Z
2026-03-09T09:00:00Z,ETH,2009.45,242603844963.36325,21383489161.09405,,2.329981782674971,coingecko,2026-03-09T09:52:12Z
2026-03-09T09:00:00Z,BNB,628.33,85680203137.51996,846232351.7931721,,1.3014570336520217,coingecko,2026-03-09T09:52:12Z
2026-03-09T10:00:00Z,BTC,67630.0,1354086721185.6182,45341613082.225365,,-0.4794481793157857,coingecko,2026-03-09T10:45:23Z
2026-03-09T10:00:00Z,ETH,1996.91,241423880074.73407,21771210681.40211,,1.1683840900469138,coingecko,2026-03-09T10:45:23Z
2026-03-09T10:00:00Z,BNB,626.91,85513581993.04663,865257078.9017475,,0.6316566497377415,coingecko,2026-03-09T10:45:23Z
2026-03-09T11:00:00Z,BTC,67492.0,1349832030701.4968,44581137733.30547,,-0.2857694539661936,coingecko,2026-03-09T11:35:17Z
2026-03-09T11:00:00Z,ETH,1985.29,239605055641.22867,20920337644.4928,,1.3209694235552356,coingecko,2026-03-09T11:35:17Z
2026-03-09T11:00:00Z,BNB,625.87,85325433153.35054,868509928.8727168,,0.7181165471064488,coingecko,2026-03-09T11:35:17Z
2026-03-09T13:00:00Z,BTC,68178.0,1362903944924.9973,45016446359.32779,,1.2686175499520145,coingecko,2026-03-09T13:03:34Z
2026-03-09T13:00:00Z,ETH,2002.53,241661244377.55933,20203346829.98144,,2.891742766825798,coingecko,2026-03-09T13:03:34Z
2026-03-09T13:00:00Z,BNB,631.44,86042971599.05035,878085409.7094866,,1.954793335030392,coingecko,2026-03-09T13:03:34Z
2026-03-09T14:00:00Z,BTC,69259.0,1384996162769.962,49921543297.0328,,3.130529561589181,coingecko,2026-03-09T14:51:46Z
2026-03-09T14:00:00Z,ETH,2027.75,244537402593.29605,22291086958.38632,,4.522050413381244,coingecko,2026-03-09T14:51:46Z
2026-03-09T14:00:00Z,BNB,637.08,86848698048.35936,923980681.8055484,,3.216976355775319,coingecko,2026-03-09T14:51:46Z
2026-03-09T15:00:00Z,BTC,68999.0,1379919915865.3374,51522500060.74813,,2.6790122168931227,coingecko,2026-03-09T15:58:47Z
2026-03-09T15:00:00Z,ETH,2026.37,244505006280.91443,23693312183.103245,,4.330602302792385,coingecko,2026-03-09T15:58:47Z
2026-03-09T15:00:00Z,BNB,639.67,87204447225.92204,970070620.0293336,,3.833543833420016,coingecko,2026-03-09T15:58:47Z
2026-03-09T17:00:00Z,BTC,68986.0,1379313174636.4148,52410735158.87374,,2.966681049277328,coingecko,2026-03-09T17:02:30Z
2026-03-09T17:00:00Z,ETH,2027.91,244699178711.2997,24139625074.59097,,4.416037547642508,coingecko,2026-03-09T17:02:30Z
2026-03-09T17:00:00Z,BNB,639.55,87185208664.47076,971730779.8831124,,4.151708138782062,coingecko,2026-03-09T17:02:30Z
2026-03-09T18:00:00Z,BTC,68420.0,1368605019582.0315,54080539328.02116,,2.4381915437536548,coingecko,2026-03-09T18:53:55Z
2026-03-09T18:00:00Z,ETH,2014.69,243162226248.17383,24109857746.67774,,4.386591879171686,coingecko,2026-03-09T18:53:55Z
2026-03-09T18:00:00Z,BNB,634.81,86582296086.2458,979470853.331512,,3.54051582474406,coingecko,2026-03-09T18:53:55Z
2026-03-09T19:00:00Z,BTC,69035.0,1380703980507.1323,55422021165.07731,,2.550279985438517,coingecko,2026-03-09T19:40:55Z
2026-03-09T19:00:00Z,ETH,2032.3,245282382324.73587,25308807018.221016,,3.4053222165813968,coingecko,2026-03-09T19:40:55Z
2026-03-09T19:00:00Z,BNB,639.02,87210573465.63437,1004848877.7032868,,3.266449084697164,coingecko,2026-03-09T19:40:55Z
2026-03-09T20:00:00Z,BTC,68897.0,1378706020883.762,56066153192.20774,,2.680968744745329,coingecko,2026-03-09T20:35:16Z
2026-03-09T20:00:00Z,ETH,2026.7,244826475101.71643,28089244121.89378,,3.5619740457147726,coingecko,2026-03-09T20:35:16Z
2026-03-09T20:00:00Z,BNB,637.4,86963876890.78322,1023469431.6758504,,3.200549064207193,coingecko,2026-03-09T20:35:16Z
2026-03-09T21:00:00Z,BTC,68899.0,1377158936685.8054,55856541416.8837,,2.960284367276779,coingecko,2026-03-09T21:33:11Z
2026-03-09T21:00:00Z,ETH,2028.28,244882884735.61728,24651167443.73012,,3.9393612482036655,coingecko,2026-03-09T21:33:11Z
2026-03-09T21:00:00Z,BNB,639.17,87139587528.08113,1023364902.6473994,,3.5747333531434,coingecko,2026-03-09T21:33:11Z
2026-03-09T22:00:00Z,BTC,68836.0,1376664565295.7507,53525328655.81736,,4.729579057781233,coingecko,2026-03-09T22:29:14Z
2026-03-09T22:00:00Z,ETH,2021.52,243909053440.2277,23967098132.95502,,4.750376522968422,coingecko,2026-03-09T22:29:14Z
2026-03-09T22:00:00Z,BNB,639.42,87190012436.98396,990910487.950863,,4.872829474147005,coingecko,2026-03-09T22:29:14Z
2026-03-09T23:00:00Z,BTC,68622.0,1371575271715.1453,52459686243.96247,,3.163988558402142,coingecko,2026-03-09T23:28:47Z
2026-03-09T23:00:00Z,ETH,1999.91,241405792368.6832,24608347675.914543,,2.423279651976428,coingecko,2026-03-09T23:28:47Z
2026-03-09T23:00:00Z,BNB,635.83,86711184302.4113,991251633.680505,,3.333069593300165,coingecko,2026-03-09T23:28:47Z
2026-03-10T04:00:00Z,BTC,69713.0,1393303639292.286,52011504730.11319,,3.680125927163135,coingecko,2026-03-10T04:16:25Z
2026-03-10T04:00:00Z,ETH,2034.31,244960593692.85,22674084103.8382,,2.983551543195601,coingecko,2026-03-10T04:16:25Z
2026-03-10T04:00:00Z,BNB,640.59,87250050079.02545,956262793.3278143,,2.794419220351193,coingecko,2026-03-10T04:16:25Z
2026-03-10T05:00:00Z,BTC,69932.0,1399026305963.5654,52452742550.172295,,2.9840898587059552,coingecko,2026-03-10T05:46:00Z
2026-03-10T05:00:00Z,ETH,2041.98,246614540372.1436,23791370559.700096,,1.9702958732255187,coingecko,2026-03-10T05:46:00Z
2026-03-10T05:00:00Z,BNB,644.35,87937069754.66035,969133849.722253,,2.5568545766363195,coingecko,2026-03-10T05:46:00Z
2026-03-10T06:00:00Z,BTC,69980.0,1399086475278.6743,52106041741.99239,,3.930016220867937,coingecko,2026-03-10T06:51:28Z
2026-03-10T06:00:00Z,ETH,2044.72,246716689465.0092,22493559513.97956,,2.8720429265447303,coingecko,2026-03-10T06:51:28Z
2026-03-10T06:00:00Z,BNB,644.03,87799917369.75278,937746894.58092,,3.2466634509127186,coingecko,2026-03-10T06:51:28Z
2026-03-10T07:00:00Z,BTC,70341.0,1406390560216.7175,52221716113.91195,,4.3371330090292375,coingecko,2026-03-10T07:41:25Z
2026-03-10T07:00:00Z,ETH,2050.01,247391871694.5281,22525574807.245625,,3.548586360318517,coingecko,2026-03-10T07:41:25Z
2026-03-10T07:00:00Z,BNB,644.96,87942475602.15598,928255923.9843994,,3.7779538262911054,coingecko,2026-03-10T07:41:25Z
2026-03-10T08:00:00Z,BTC,70957.0,1418625874449.3774,53469390688.04667,,4.801204072587819,coingecko,2026-03-10T08:42:22Z
2026-03-10T08:00:00Z,ETH,2067.46,249339620713.1808,23556135003.08062,,3.792153624504354,coingecko,2026-03-10T08:42:22Z
2026-03-10T08:00:00Z,BNB,648.25,88332854302.58702,932258279.1617782,,3.684772959052805,coingecko,2026-03-10T08:42:22Z
2026-03-10T09:00:00Z,BTC,71078.0,1422759018376.539,54023122325.12133,,3.984608621358321,coingecko,2026-03-10T09:43:47Z
2026-03-10T09:00:00Z,ETH,2067.73,249700795056.722,22719127635.55846,,2.5661767051568622,coingecko,2026-03-10T09:43:47Z
2026-03-10T09:00:00Z,BNB,647.55,88337488795.94713,940788880.8409426,,2.8718924661325227,coingecko,2026-03-10T09:43:47Z
2026-03-10T10:00:00Z,BTC,70731.0,1414635632845.9268,54468010459.00631,,4.470819180515136,coingecko,2026-03-10T10:39:22Z
2026-03-10T10:00:00Z,ETH,2057.56,248340374040.31305,23173408845.41791,,2.78730972147559,coingecko,2026-03-10T10:39:22Z
2026-03-10T10:00:00Z,BNB,645.91,88176273450.31723,926012831.634876,,2.8700659100305805,coingecko,2026-03-10T10:39:22Z
2026-03-10T11:00:00Z,BTC,70600.0,1412592241459.9607,54009771897.79643,,4.586426633042484,coingecko,2026-03-10T11:33:13Z
2026-03-10T11:00:00Z,ETH,2063.34,249079499899.41367,23211199136.40945,,3.862482087969577,coingecko,2026-03-10T11:33:13Z
2026-03-10T11:00:00Z,BNB,646.07,88094566132.12761,924620332.8288368,,3.213304289351904,coingecko,2026-03-10T11:33:13Z
2026-03-10T13:00:00Z,BTC,70513.0,1409863373291.216,54210793777.52257,,3.46694824682103,coingecko,2026-03-10T13:00:43Z
2026-03-10T13:00:00Z,ETH,2049.41,247302894409.9731,22466742474.75061,,2.3785311241520604,coingecko,2026-03-10T13:00:43Z
2026-03-10T13:00:00Z,BNB,646.48,88137427649.36224,910015975.7024708,,2.485680293956174,coingecko,2026-03-10T13:00:43Z
2026-03-10T14:00:00Z,BTC,69994.0,1397043148227.9736,53532369604.4676,,1.3101145202366282,coingecko,2026-03-10T14:05:52Z
2026-03-10T14:00:00Z,ETH,2033.94,245252295496.849,22747356004.369595,,1.1450070992045924,coingecko,2026-03-10T14:05:52Z
2026-03-10T14:00:00Z,BNB,642.67,87567262003.70122,891573969.4130695,,1.3972316647536238,coingecko,2026-03-10T14:05:52Z
2026-03-10T16:00:00Z,BTC,71349.0,1426980112593.8804,55239186791.55243,,3.606383747220319,coingecko,2026-03-10T16:00:17Z
2026-03-10T16:00:00Z,ETH,2079.58,250988219907.5724,24150029750.164104,,2.7597683741380448,coingecko,2026-03-10T16:00:17Z
2026-03-10T16:00:00Z,BNB,648.9,88483478133.87582,903884018.2810144,,1.453412759853471,coingecko,2026-03-10T16:00:17Z
2026-03-10T17:00:00Z,BTC,71275.0,1425312361249.8157,55549955762.30975,,3.345129749804021,coingecko,2026-03-10T17:03:47Z
2026-03-10T17:00:00Z,ETH,2082.06,251234541403.00305,25009775056.14469,,2.6853802967226827,coingecko,2026-03-10T17:03:47Z
2026-03-10T17:00:00Z,BNB,649.24,88576928267.91148,907129592.904196,,1.5353472642655126,coingecko,2026-03-10T17:03:47Z
2026-03-10T18:00:00Z,BTC,70080.0,1402051570126.4678,57863727595.51309,,2.40923817471181,coingecko,2026-03-10T18:47:43Z
2026-03-10T18:00:00Z,ETH,2042.34,246682003249.87576,25953148686.79916,,1.255997055619705,coingecko,2026-03-10T18:47:43Z
2026-03-10T18:00:00Z,BNB,641.69,87520342156.26573,926853594.750312,,1.0058051183432202,coingecko,2026-03-10T18:47:43Z
2026-03-10T19:00:00Z,BTC,69853.0,1397715421360.6365,57238870088.45206,,1.2022781013741703,coingecko,2026-03-10T19:38:25Z
2026-03-10T19:00:00Z,ETH,2030.52,245031842380.21115,25462652663.7728,,-0.6133830152809155,coingecko,2026-03-10T19:38:25Z
2026-03-10T19:00:00Z,BNB,640.55,87341697808.29199,928035411.7289636,,0.2592757204179108,coingecko,2026-03-10T19:38:25Z
2026-03-10T20:00:00Z,BTC,70262.0,1405410221142.3745,56311391394.83224,,1.8810427667844205,coingecko,2026-03-10T20:34:33Z
2026-03-10T20:00:00Z,ETH,2045.07,246847522020.96167,24579902637.654102,,0.6983340950579489,coingecko,2026-03-10T20:34:33Z
2026-03-10T20:00:00Z,BNB,643.64,87766154631.37271,896014827.9146917,,0.8563215749090674,coingecko,2026-03-10T20:34:33Z
2026-03-10T21:00:00Z,BTC,69998.0,1400780314135.7705,56863379001.88968,,1.6565599141206686,coingecko,2026-03-10T21:29:37Z
2026-03-10T21:00:00Z,ETH,2038.89,246175111560.0234,25164918644.40029,,0.4881313607576105,coingecko,2026-03-10T21:29:37Z
2026-03-10T21:00:00Z,BNB,642.65,87661269027.13203,907202538.2921869,,0.562424666590279,coingecko,2026-03-10T21:29:37Z
2026-03-10T22:00:00Z,BTC,69680.0,1393630539966.1548,56132928215.68285,,1.2751905228162443,coingecko,2026-03-10T22:29:13Z
2026-03-10T22:00:00Z,ETH,2029.3,244924194827.5028,24583889660.51424,,0.3582606833593493,coingecko,2026-03-10T22:29:13Z
2026-03-10T22:00:00Z,BNB,641.64,87495714735.63063,779998377.9724572,,0.3434118816576325,coingecko,2026-03-10T22:29:13Z
2026-03-10T23:00:00Z,BTC,69781.0,1395730507446.2922,56645231092.398506,,1.6935088847529305,coingecko,2026-03-10T23:28:45Z
2026-03-10T23:00:00Z,ETH,2032.39,245297105842.7809,25234532176.85471,,1.6396016956062636,coingecko,2026-03-10T23:28:45Z
2026-03-10T23:00:00Z,BNB,641.79,87521636999.47859,886819285.1270268,,0.9480795766324818,coingecko,2026-03-10T23:28:45Z
2026-03-11T01:00:00Z,BTC,70068.0,1401585541622.9268,56625223634.81795,,1.0843939016464748,coingecko,2026-03-11T01:59:19Z
2026-03-11T01:00:00Z,ETH,2035.98,245802931278.5294,22444137856.865643,,0.779096531169922,coingecko,2026-03-11T01:59:19Z
2026-03-11T01:00:00Z,BNB,644.22,87839161535.64426,867303139.7976506,,0.8228440386463007,coingecko,2026-03-11T01:59:19Z
2026-03-11T04:00:00Z,BTC,69653.0,1390699562065.9978,54525761626.25909,,-0.0919827955323985,coingecko,2026-03-11T04:16:28Z
2026-03-11T04:00:00Z,ETH,2023.74,243821467733.31897,22265265671.37028,,-0.5122345143734793,coingecko,2026-03-11T04:16:28Z
2026-03-11T04:00:00Z,BNB,640.43,87205142587.21626,825861054.8307183,,-0.0277355543877057,coingecko,2026-03-11T04:16:28Z
2026-03-11T05:00:00Z,BTC,69543.0,1390636084805.183,53545080513.90222,,-0.573321285841239,coingecko,2026-03-11T05:49:39Z
2026-03-11T05:00:00Z,ETH,2017.2,243352007385.78745,21369943136.253765,,-1.191026293846534,coingecko,2026-03-11T05:49:39Z
2026-03-11T05:00:00Z,BNB,639.41,87145734738.26718,812464932.9273771,,-0.725815065949584,coingecko,2026-03-11T05:49:39Z
2026-03-11T06:00:00Z,BTC,69932.0,1398286567868.1904,50257163201.49141,,-0.0302328999290566,coingecko,2026-03-11T06:54:31Z
2026-03-11T06:00:00Z,ETH,2022.99,244144854643.1025,21787093964.0572,,-0.971574209986812,coingecko,2026-03-11T06:54:31Z
2026-03-11T06:00:00Z,BNB,642.88,87663333984.7116,827588990.5604048,,-0.1679714684944551,coingecko,2026-03-11T06:54:31Z
2026-03-11T07:00:00Z,BTC,69546.0,1390948186953.3984,52081837818.01298,,-1.1346509646102778,coingecko,2026-03-11T07:43:39Z
2026-03-11T07:00:00Z,ETH,2009.66,242626116047.88504,21408704054.84864,,-1.990180156806295,coingecko,2026-03-11T07:43:39Z
2026-03-11T07:00:00Z,BNB,640.42,87358850328.84094,813827970.7258985,,-0.7025247075903636,coingecko,2026-03-11T07:43:39Z
2026-03-11T08:00:00Z,BTC,69636.0,1392765792816.9116,50587507639.339935,,-1.8411241865796728,coingecko,2026-03-11T08:41:27Z
2026-03-11T08:00:00Z,ETH,2022.66,244121136227.0804,20430920148.14931,,-2.137209935929827,coingecko,2026-03-11T08:41:27Z
2026-03-11T08:00:00Z,BNB,641.66,87494436653.12593,808213655.4374884,,-0.9481604557563404,coingecko,2026-03-11T08:41:27Z
2026-03-11T09:00:00Z,BTC,69574.0,1390436560844.733,50187191377.573845,,-2.193065964367123,coingecko,2026-03-11T09:42:28Z
2026-03-11T09:00:00Z,ETH,2020.48,243576298870.74625,20753912871.133205,,-2.342159814681704,coingecko,2026-03-11T09:42:28Z
2026-03-11T09:00:00Z,BNB,641.36,87377672190.3842,792787831.1688434,,-1.0073294857967496,coingecko,2026-03-11T09:42:28Z
2026-03-11T10:00:00Z,BTC,69528.0,1390209224408.8335,49112415004.16879,,-1.6947688631408764,coingecko,2026-03-11T10:39:41Z
2026-03-11T10:00:00Z,ETH,2022.74,244045447189.52707,19708577043.765263,,-1.6560905390830474,coingecko,2026-03-11T10:39:41Z
2026-03-11T10:00:00Z,BNB,642.4,87568648876.83269,792128890.5395526,,-0.610825487914184,coingecko,2026-03-11T10:39:41Z
2026-03-11T11:00:00Z,BTC,69514.0,1389329524848.9436,49060196745.42749,,-1.538984712035019,coingecko,2026-03-11T11:33:24Z
2026-03-11T11:00:00Z,ETH,2024.95,244285711122.73773,20281909221.99083,,-1.874495014411079,coingecko,2026-03-11T11:33:24Z
2026-03-11T11:00:00Z,BNB,637.72,86899531197.90404,865215697.9758515,,-1.3023578757337624,coingecko,2026-03-11T11:33:24Z
2026-03-11T13:00:00Z,BTC,69354.0,1386981463624.692,49184135209.52416,,-1.6724154567466298,coingecko,2026-03-11T13:00:21Z
2026-03-11T13:00:00Z,ETH,2023.97,244286777957.5165,22696659243.66433,,-1.2833019288640282,coingecko,2026-03-11T13:00:21Z
2026-03-11T13:00:00Z,BNB,641.7,87505063155.95229,905782353.9048964,,-0.7380728036205101,coingecko,2026-03-11T13:00:21Z
2026-03-11T14:00:00Z,BTC,70250.0,1406308719595.5393,51154621745.29389,,0.8933937419515269,coingecko,2026-03-11T14:10:42Z
2026-03-11T14:00:00Z,ETH,2053.41,248307636474.34225,20544534637.32734,,0.9568359888819978,coingecko,2026-03-11T14:10:42Z
2026-03-11T14:00:00Z,BNB,647.01,88263511780.73132,957623082.7563173,,1.0786616232196984,coingecko,2026-03-11T14:10:42Z
2026-03-11T15:00:00Z,BTC,69966.0,1400908086283.7175,50055944227.3238,,-1.6449529231144802,coingecko,2026-03-11T15:50:03Z
2026-03-11T15:00:00Z,ETH,2039.04,246280769146.6635,19152268528.89536,,-1.548741308489498,coingecko,2026-03-11T15:50:03Z
2026-03-11T15:00:00Z,BNB,644.35,87909517551.81111,949409211.9984215,,-0.4489894123202649,coingecko,2026-03-11T15:50:03Z
2026-03-11T16:00:00Z,BTC,70724.0,1414253236719.139,50299186103.59895,,-0.8566289149259823,coingecko,2026-03-11T16:52:53Z
2026-03-11T16:00:00Z,ETH,2069.89,249593877424.7368,19949221394.51081,,-0.521269634829431,coingecko,2026-03-11T16:52:53Z
2026-03-11T16:00:00Z,BNB,649.39,88509708738.11255,947079065.0667442,,-0.0564958270804953,coingecko,2026-03-11T16:52:53Z
2026-03-11T17:00:00Z,BTC,70843.0,1417165588259.4265,51618495355.03505,,0.0104212623947522,coingecko,2026-03-11T17:49:57Z
2026-03-11T17:00:00Z,ETH,2068.14,249732397317.7107,20183171239.18885,,-0.332394806449865,coingecko,2026-03-11T17:49:57Z
2026-03-11T17:00:00Z,BNB,651.64,88867501930.56639,979352405.7435336,,0.9459198772470032,coingecko,2026-03-11T17:49:57Z
2026-03-11T18:00:00Z,BTC,70724.0,1413582266961.6572,50547265857.81784,,0.9653348892977353,coingecko,2026-03-11T18:53:55Z
2026-03-11T18:00:00Z,ETH,2077.37,250442007218.46027,18565386843.213417,,1.7573135131265731,coingecko,2026-03-11T18:53:55Z
2026-03-11T18:00:00Z,BNB,652.99,89006406250.46472,970271310.9297644,,1.7687568052061324,coingecko,2026-03-11T18:53:55Z
2026-03-11T19:00:00Z,BTC,70661.0,1414243770151.403,50107915400.23259,,0.9147465901796028,coingecko,2026-03-11T19:41:25Z
2026-03-11T19:00:00Z,ETH,2074.47,250638593064.59683,19339107909.45297,,1.867603182001106,coingecko,2026-03-11T19:41:25Z
2026-03-11T19:00:00Z,BNB,653.27,89120248923.96523,958813535.8143984,,1.853675467471929,coingecko,2026-03-11T19:41:25Z
2026-03-11T20:00:00Z,BTC,70483.0,1408872450820.0415,49433462573.608765,,0.3340937674881186,coingecko,2026-03-11T20:34:16Z
2026-03-11T20:00:00Z,ETH,2069.31,249732213469.0172,19014062974.242764,,1.2202662117909169,coingecko,2026-03-11T20:34:16Z
2026-03-11T20:00:00Z,BNB,652.01,88890771931.63062,950145358.642964,,1.329049693752626,coingecko,2026-03-11T20:34:16Z
2026-03-11T21:00:00Z,BTC,70625.0,1412090292661.365,48926672514.8167,,0.8791713651979524,coingecko,2026-03-11T21:33:52Z
2026-03-11T21:00:00Z,ETH,2068.1,249546327218.8958,19143415717.56522,,1.4404067582639488,coingecko,2026-03-11T21:33:52Z
2026-03-11T21:00:00Z,BNB,652.87,88989563453.71602,949034643.3047746,,1.6002134815433855,coingecko,2026-03-11T21:33:52Z
2026-03-11T22:00:00Z,BTC,70607.0,1412200954140.661,48005715604.25769,,1.2954713664920143,coingecko,2026-03-11T22:27:21Z
2026-03-11T22:00:00Z,ETH,2071.7,250037125228.81613,17775084056.77981,,2.072552727311386,coingecko,2026-03-11T22:27:21Z
2026-03-11T22:00:00Z,BNB,653.26,89077406399.46182,843816156.2185668,,1.7991721851765434,coingecko,2026-03-11T22:27:21Z
2026-03-11T23:00:00Z,BTC,70352.0,1407479131867.403,48283349423.04231,,0.8068370604345778,coingecko,2026-03-11T23:26:42Z
2026-03-11T23:00:00Z,ETH,2058.81,248578380911.7652,18246394393.26054,,1.2832542237936693,coingecko,2026-03-11T23:26:42Z
2026-03-11T23:00:00Z,BNB,651.69,88867871796.04945,964043268.267202,,1.5925205437381302,coingecko,2026-03-11T23:26:42Z
2026-03-12T02:00:00Z,BTC,69827.0,1396362386285.5078,47319592436.57451,,-0.3760004437352365,coingecko,2026-03-12T02:05:51Z
2026-03-12T02:00:00Z,ETH,2045.54,246861306351.5188,19048899202.43943,,0.3739785638306746,coingecko,2026-03-12T02:05:51Z
2026-03-12T02:00:00Z,BNB,646.96,88179829858.85529,983567316.8116082,,0.4980429409892075,coingecko,2026-03-12T02:05:51Z
2026-03-12T04:00:00Z,BTC,69373.0,1387602326803.1646,44934419988.86225,,-0.9463660064015004,coingecko,2026-03-12T04:47:19Z
2026-03-12T04:00:00Z,ETH,2024.38,244332348214.15863,18528362924.32772,,-0.5426981730409154,coingecko,2026-03-12T04:47:19Z
2026-03-12T04:00:00Z,BNB,643.04,87684063770.50548,990298453.8156722,,-0.029739547559813,coingecko,2026-03-12T04:47:19Z
2026-03-12T05:00:00Z,BTC,69440.0,1389435866790.1033,44958299547.06453,,-0.2075583818402186,coingecko,2026-03-12T05:51:52Z
2026-03-12T05:00:00Z,ETH,2024.91,244507814038.16464,18392279165.92362,,0.3728756249666092,coingecko,2026-03-12T05:51:52Z
2026-03-12T05:00:00Z,BNB,643.96,87816993575.03528,995614316.7211912,,0.6979232406747163,coingecko,2026-03-12T05:51:52Z
2026-03-12T06:00:00Z,BTC,69439.0,1388798735758.0916,44827846770.62415,,-0.7222622912480955,coingecko,2026-03-12T06:56:10Z
2026-03-12T06:00:00Z,ETH,2029.31,244877491070.9343,18428104494.362564,,0.280025150457062,coingecko,2026-03-12T06:56:10Z
2026-03-12T06:00:00Z,BNB,644.49,87886577233.91963,972924881.2145568,,0.3880693552728451,coingecko,2026-03-12T06:56:10Z
2026-03-12T07:00:00Z,BTC,69702.0,1393851752056.5571,45162055880.81995,,0.0755426295902495,coingecko,2026-03-12T07:47:12Z
2026-03-12T07:00:00Z,ETH,2036.66,245823243030.68307,19144313244.88265,,1.2633677555642302,coingecko,2026-03-12T07:47:12Z
2026-03-12T07:00:00Z,BNB,646.32,88111354003.95279,974784532.9480813,,0.9046678564820068,coingecko,2026-03-12T07:47:12Z
2026-03-12T08:00:00Z,BTC,69749.0,1396621224497.2554,45555425143.283966,,0.1025608867876491,coingecko,2026-03-12T08:42:14Z
2026-03-12T08:00:00Z,ETH,2042.43,246944821986.8336,22860939275.863155,,0.9446726980268436,coingecko,2026-03-12T08:42:14Z
2026-03-12T08:00:00Z,BNB,646.93,88280513960.92778,981993620.7716868,,0.7071006622147431,coingecko,2026-03-12T08:42:14Z
2026-03-12T09:00:00Z,BTC,69945.0,1397221351438.94,45915268587.05975,,0.6819443283572376,coingecko,2026-03-12T09:43:06Z
2026-03-12T09:00:00Z,ETH,2047.61,246879936152.81708,19365155414.176155,,1.5011561399556634,coingecko,2026-03-12T09:43:06Z
2026-03-12T09:00:00Z,BNB,647.98,88357504755.03696,984355634.1734824,,1.0720407915978023,coingecko,2026-03-12T09:43:06Z
2026-03-12T10:00:00Z,BTC,70279.0,1406261071698.2998,46506708026.25396,,1.113133854828159,coingecko,2026-03-12T10:39:07Z
2026-03-12T10:00:00Z,ETH,2067.99,249735239528.0713,19702508865.793564,,2.273542100993568,coingecko,2026-03-12T10:39:07Z
2026-03-12T10:00:00Z,BNB,651.68,88808274429.11732,990756760.9447086,,1.4623725876111442,coingecko,2026-03-12T10:39:07Z
2026-03-12T11:00:00Z,BTC,70523.0,1410951856962.5571,46978034849.96791,,1.4515083829326298,coingecko,2026-03-12T11:32:09Z
2026-03-12T11:00:00Z,ETH,2069.65,249866307111.28223,19998051617.565315,,2.26931336937178,coingecko,2026-03-12T11:32:09Z
2026-03-12T11:00:00Z,BNB,652.49,88932439469.92776,922278569.1687478,,2.3087538905323264,coingecko,2026-03-12T11:32:09Z
2026-03-12T13:00:00Z,BTC,70374.0,1407599984933.795,45621920585.4155,,1.4763891140167067,coingecko,2026-03-12T13:00:06Z
2026-03-12T13:00:00Z,ETH,2064.89,249126619171.6117,18661761958.00403,,2.0472977934143946,coingecko,2026-03-12T13:00:06Z
2026-03-12T13:00:00Z,BNB,655.81,89393064304.43729,897658752.3611662,,2.1983756101731844,coingecko,2026-03-12T13:00:06Z
2026-03-12T14:00:00Z,BTC,70187.0,1406195601477.0452,44007383279.09455,,-0.1225639150819233,coingecko,2026-03-12T14:07:45Z
2026-03-12T14:00:00Z,ETH,2077.31,250982879341.4212,18417545387.01411,,1.1989039169496916,coingecko,2026-03-12T14:07:45Z
2026-03-12T14:00:00Z,BNB,653.7,89247000561.94943,860769805.2457874,,0.8580691728042945,coingecko,2026-03-12T14:07:45Z
2026-03-12T15:00:00Z,BTC,70287.0,1406625106297.6096,45607303369.10527,,0.0638284579598092,coingecko,2026-03-12T15:59:32Z
2026-03-12T15:00:00Z,ETH,2070.28,250020034787.8301,19580679857.61731,,0.9709981279859834,coingecko,2026-03-12T15:59:32Z
2026-03-12T15:00:00Z,BNB,649.86,88656900414.8686,907280538.6500996,,0.6416689027564876,coingecko,2026-03-12T15:59:32Z
2026-03-12T17:00:00Z,BTC,70463.0,1407978473425.4976,44722589527.72413,,-0.6079654807349721,coingecko,2026-03-12T17:05:57Z
2026-03-12T17:00:00Z,ETH,2070.71,249776346434.7992,19472149165.67128,,-0.196061975657301,coingecko,2026-03-12T17:05:57Z
2026-03-12T17:00:00Z,BNB,651.82,88875585796.90251,896799047.2966799,,0.5336924723104811,coingecko,2026-03-12T17:05:57Z
2026-03-12T18:00:00Z,BTC,69894.0,1397838668295.4202,42843130491.31986,,-0.9583181237222518,coingecko,2026-03-12T18:54:41Z
2026-03-12T18:00:00Z,ETH,2052.08,247659699999.9868,18979865239.549736,,-0.9261489150451532,coingecko,2026-03-12T18:54:41Z
2026-03-12T18:00:00Z,BNB,648.72,88457680351.23341,835493728.2403582,,-0.4292054814870528,coingecko,2026-03-12T18:54:41Z
2026-03-12T19:00:00Z,BTC,70290.0,1406364753433.6648,43037419388.92794,,-0.5700279293265871,coingecko,2026-03-12T19:42:46Z
2026-03-12T19:00:00Z,ETH,2066.53,249515011546.2763,18370585416.32776,,-0.4022105824663254,coingecko,2026-03-12T19:42:46Z
2026-03-12T19:00:00Z,BNB,650.58,88731573722.9547,862006245.730477,,-0.3844380473052946,coingecko,2026-03-12T19:42:46Z
2026-03-12T20:00:00Z,BTC,70237.0,1404799196941.5615,43147228202.13553,,-0.3471171190166749,coingecko,2026-03-12T20:35:35Z
2026-03-12T20:00:00Z,ETH,2063.52,249077846058.9111,18196210288.16182,,-0.2644218459819155,coingecko,2026-03-12T20:35:35Z
2026-03-12T20:00:00Z,BNB,649.49,88562595558.8449,844093232.1700091,,-0.3633485511316963,coingecko,2026-03-12T20:35:35Z
2026-03-12T21:00:00Z,BTC,70239.0,1405899190823.3376,43017957309.867775,,-0.5716701548287401,coingecko,2026-03-12T21:33:15Z
2026-03-12T21:00:00Z,ETH,2060.07,248758046079.1696,21657938554.14292,,-0.4070756268006366,coingecko,2026-03-12T21:33:15Z
2026-03-12T21:00:00Z,BNB,650.5,88725368419.65523,856397581.2622207,,-0.3861984242189852,coingecko,2026-03-12T21:33:15Z
2026-03-12T22:00:00Z,BTC,70204.0,1403998573515.4846,42774135601.982704,,-0.4729287911945199,coingecko,2026-03-12T22:26:23Z
2026-03-12T22:00:00Z,ETH,2064.92,249110710108.77213,19462580115.023697,,-0.2230769394008681,coingecko,2026-03-12T22:26:23Z
2026-03-12T22:00:00Z,BNB,651.53,88813718527.50668,850517606.3122988,,-0.2213512311036088,coingecko,2026-03-12T22:26:23Z
2026-03-12T23:00:00Z,BTC,70499.0,1411305844193.9175,43078175099.952034,,0.197677747912313,coingecko,2026-03-12T23:28:47Z
2026-03-12T23:00:00Z,ETH,2081.4,251456851462.51187,20700271212.69949,,1.0838684270838632,coingecko,2026-03-12T23:28:47Z
2026-03-12T23:00:00Z,BNB,653.15,89160614239.75027,854339829.905909,,0.2171633927993793,coingecko,2026-03-12T23:28:47Z
2026-03-13T02:00:00Z,BTC,71561.0,1431697333246.9883,47073969978.64912,,2.480405784581348,coingecko,2026-03-13T02:03:16Z
2026-03-13T02:00:00Z,ETH,2122.63,256449552346.3208,23844060585.021538,,3.756601711121156,coingecko,2026-03-13T02:03:16Z
2026-03-13T02:00:00Z,BNB,661.5,90232777191.93768,949765980.1163536,,2.238379585986926,coingecko,2026-03-13T02:03:16Z
2026-03-13T04:00:00Z,BTC,71388.0,1427837801656.269,47436540139.80022,,2.8952593507474487,coingecko,2026-03-13T04:44:15Z
2026-03-13T04:00:00Z,ETH,2113.68,255232739970.12323,23854016547.50049,,4.329129745714796,coingecko,2026-03-13T04:44:15Z
2026-03-13T04:00:00Z,BNB,660.44,90023095606.0668,963309427.4974358,,2.811964032439123,coingecko,2026-03-13T04:44:15Z
2026-03-13T05:00:00Z,BTC,71579.0,1432098657795.8257,46864593774.7384,,2.974976395798086,coingecko,2026-03-13T05:49:17Z
2026-03-13T05:00:00Z,ETH,2111.83,254995292342.315,29309949370.46905,,4.193132183677461,coingecko,2026-03-13T05:49:17Z
2026-03-13T05:00:00Z,BNB,661.44,90215046679.18983,968972023.6522936,,2.6299336978494,coingecko,2026-03-13T05:49:17Z
2026-03-13T06:00:00Z,BTC,71300.0,1425774534723.2812,48294872169.229774,,2.638512892315705,coingecko,2026-03-13T06:54:37Z
2026-03-13T06:00:00Z,ETH,2095.16,252907554935.3232,29726575259.24657,,3.212464214090987,coingecko,2026-03-13T06:54:37Z
2026-03-13T06:00:00Z,BNB,660.72,90099313752.03864,891790500.8207409,,2.520780873427642,coingecko,2026-03-13T06:54:37Z
2026-03-13T07:00:00Z,BTC,71572.0,1431555620809.8923,48850068288.40813,,2.7030447206758303,coingecko,2026-03-13T07:45:59Z
2026-03-13T07:00:00Z,ETH,2100.78,253553981080.2733,29949482990.542965,,3.137370310678984,coingecko,2026-03-13T07:45:59Z
2026-03-13T07:00:00Z,BNB,662.78,90392285655.11142,932341952.3085556,,2.5747315046805297,coingecko,2026-03-13T07:45:59Z
2026-03-13T08:00:00Z,BTC,71944.0,1437095862803.2375,48653209364.01972,,3.0242590635806166,coingecko,2026-03-13T08:39:44Z
2026-03-13T08:00:00Z,ETH,2110.38,254493587014.6824,24633098579.068764,,3.1456732413263024,coingecko,2026-03-13T08:39:44Z
2026-03-13T08:00:00Z,BNB,667.21,90902447559.8175,861390734.3033313,,3.0627714163218505,coingecko,2026-03-13T08:39:44Z
2026-03-13T09:00:00Z,BTC,71865.0,1437995054919.784,48946590098.37428,,2.987821883564835,coingecko,2026-03-13T09:39:23Z
2026-03-13T09:00:00Z,ETH,2105.61,254208648102.5041,24787139430.808,,3.15076675799735,coingecko,2026-03-13T09:39:23Z
2026-03-13T09:00:00Z,BNB,666.14,90839586699.86832,993863721.3843224,,2.9773319495017825,coingecko,2026-03-13T09:39:23Z
2026-03-13T10:00:00Z,BTC,72477.0,1447377872185.8047,50385732771.76226,,3.221521965693016,coingecko,2026-03-13T10:37:22Z
2026-03-13T10:00:00Z,ETH,2128.91,256658226649.2597,24809173393.472755,,3.0694522007405616,coingecko,2026-03-13T10:37:22Z
2026-03-13T10:00:00Z,BNB,667.4,90979361698.65594,1059717092.3101428,,2.47816597248436,coingecko,2026-03-13T10:37:22Z
2026-03-13T11:00:00Z,BTC,72342.0,1448303805804.496,50602161385.30935,,2.565590049531973,coingecko,2026-03-13T11:31:40Z
2026-03-13T11:00:00Z,ETH,2126.09,256716416377.7161,24735731384.69924,,2.701090157980192,coingecko,2026-03-13T11:31:40Z
2026-03-13T11:00:00Z,BNB,667.07,91007489534.48236,1072190466.6280744,,2.2798585256164405,coingecko,2026-03-13T11:31:40Z
2026-03-13T12:00:00Z,BTC,72774.0,1454207513175.5796,50740526035.11676,,3.375361250566411,coingecko,2026-03-13T12:58:30Z
2026-03-13T12:00:00Z,ETH,2146.3,258693214022.0268,25728940974.70296,,3.94815099616224,coingecko,2026-03-13T12:58:30Z
2026-03-13T12:00:00Z,BNB,671.71,91510235156.18211,1211832898.2850325,,2.4915798781329777,coingecko,2026-03-13T12:58:30Z
2026-03-13T14:00:00Z,BTC,73461.0,1469690620221.5562,53075454854.284485,,5.023516434642071,coingecko,2026-03-13T14:03:19Z
2026-03-13T14:00:00Z,ETH,2187.35,263943397074.0597,26648262708.624783,,5.924919432678433,coingecko,2026-03-13T14:03:19Z
2026-03-13T14:00:00Z,BNB,675.55,92030766017.41576,1145408147.7558675,,3.51901858542028,coingecko,2026-03-13T14:03:19Z
2026-03-13T15:00:00Z,BTC,72284.0,1447266168606.7964,58595191178.486336,,2.5803878289364324,coingecko,2026-03-13T15:42:36Z
2026-03-13T15:00:00Z,ETH,2144.74,259335343827.14062,28917390304.603405,,3.303558062981669,coingecko,2026-03-13T15:42:36Z
2026-03-13T15:00:00Z,BNB,666.0,90857142985.6524,1322630031.6055646,,2.169673883674367,coingecko,2026-03-13T15:42:36Z
2026-03-13T16:00:00Z,BTC,71803.0,1435992541861.9124,59409280479.6487,,1.99849168638592,coingecko,2026-03-13T16:40:34Z
2026-03-13T16:00:00Z,ETH,2128.94,256908520867.8908,29613440999.10575,,2.644149002275216,coingecko,2026-03-13T16:40:34Z
2026-03-13T16:00:00Z,BNB,662.43,90113382848.61314,1232993200.6397612,,1.6484426352694048,coingecko,2026-03-13T16:40:34Z
2026-03-13T17:00:00Z,BTC,71648.0,1433011126416.619,61535691480.854,,1.8480275698366304,coingecko,2026-03-13T17:35:21Z
2026-03-13T17:00:00Z,ETH,2121.22,255941186271.02744,29624473950.04866,,2.824793448376926,coingecko,2026-03-13T17:35:21Z
2026-03-13T17:00:00Z,BNB,659.98,89973906848.17006,1388722529.2681773,,1.3903598636038812,coingecko,2026-03-13T17:35:21Z
2026-03-13T18:00:00Z,BTC,71237.0,1424920302128.7725,62370761164.01321,,1.6889963362111622,coingecko,2026-03-13T18:43:07Z
2026-03-13T18:00:00Z,ETH,2104.2,253995909436.4228,30207263388.17308,,2.24928587192884,coingecko,2026-03-13T18:43:07Z
2026-03-13T18:00:00Z,BNB,657.76,89662105685.99495,1482959640.087099,,1.2336993290990703,coingecko,2026-03-13T18:43:07Z
2026-03-13T19:00:00Z,BTC,71095.0,1421393569997.26,59361753033.40417,,1.2712797654774974,coingecko,2026-03-13T19:31:18Z
2026-03-13T19:00:00Z,ETH,2099.41,253414780229.17163,30125990704.968147,,1.8238360373516984,coingecko,2026-03-13T19:31:18Z
2026-03-13T19:00:00Z,BNB,656.76,89557432979.60403,1335306068.0538645,,0.9462028741197168,coingecko,2026-03-13T19:31:18Z
2026-03-13T20:00:00Z,BTC,71303.0,1426111725788.2312,62384827164.98853,,1.5187544921184857,coingecko,2026-03-13T20:35:36Z
2026-03-13T20:00:00Z,ETH,2110.34,254692079016.52,29284037272.29888,,2.2640996840296306,coingecko,2026-03-13T20:35:36Z
2026-03-13T20:00:00Z,BNB,657.28,89628364265.26907,1400485741.8098729,,1.2029885613891151,coingecko,2026-03-13T20:35:36Z
2026-03-13T21:00:00Z,BTC,71178.0,1424062981933.7783,55643112326.56744,,1.274516335270403,coingecko,2026-03-13T21:33:16Z
2026-03-13T21:00:00Z,ETH,2105.73,254199633873.89008,30057426528.74357,,2.179684148056157,coingecko,2026-03-13T21:33:16Z
2026-03-13T21:00:00Z,BNB,656.78,89562205516.66963,1484109461.9412985,,0.9433402599665128,coingecko,2026-03-13T21:33:16Z
2026-03-13T22:00:00Z,BTC,70666.0,1413590922901.0774,61555399875.26244,,0.6580837936346479,coingecko,2026-03-13T22:28:30Z
2026-03-13T22:00:00Z,ETH,2084.35,251644345318.7873,28899542248.25672,,0.9409519136797146,coingecko,2026-03-13T22:28:30Z
2026-03-13T22:00:00Z,BNB,654.91,89310250976.49821,1522056013.1784174,,0.5187558049162153,coingecko,2026-03-13T22:28:30Z
2026-03-13T23:00:00Z,BTC,70982.0,1418417964034.8145,62284991311.2628,,0.5967837363136145,coingecko,2026-03-13T23:29:27Z
2026-03-13T23:00:00Z,ETH,2093.33,252555384939.02087,28749603360.854485,,0.4737927788489542,coingecko,2026-03-13T23:29:27Z
2026-03-13T23:00:00Z,BNB,655.87,89347603449.08978,1524606942.2917168,,0.2931029743045049,coingecko,2026-03-13T23:29:27Z
2026-03-14T02:00:00Z,BTC,70829.0,1417218304021.1997,59163891765.95947,,-1.0439354458057912,coingecko,2026-03-14T02:00:55Z
2026-03-14T02:00:00Z,ETH,2092.78,252711908183.17712,25875101740.336544,,-1.464619576216413,coingecko,2026-03-14T02:00:55Z
2026-03-14T02:00:00Z,BNB,656.49,89540158779.2002,1423919332.1639466,,-0.7736724821165237,coingecko,2026-03-14T02:00:55Z
2026-03-14T04:00:00Z,BTC,71120.0,1422682850610.84,58998333614.30221,,-0.2812471519710572,coingecko,2026-03-14T04:18:21Z
2026-03-14T04:00:00Z,ETH,2102.04,253819600661.5851,24536507814.42168,,-0.6333240473432519,coingecko,2026-03-14T04:18:21Z
2026-03-14T04:00:00Z,BNB,656.58,89594918872.31108,1389793482.9114983,,-0.5910526285475196,coingecko,2026-03-14T04:18:21Z
2026-03-14T05:00:00Z,BTC,70990.0,1419860525882.5774,57138668722.11869,,-0.7561689100109519,coingecko,2026-03-14T05:45:51Z
2026-03-14T05:00:00Z,ETH,2090.02,252151833536.65848,24416805497.724342,,-0.9663967211615526,coingecko,2026-03-14T05:45:51Z
2026-03-14T05:00:00Z,BNB,655.3,89367503380.05904,1375937718.434584,,-0.8668875271080801,coingecko,2026-03-14T05:45:51Z
2026-03-14T06:00:00Z,BTC,70459.0,1409383495965.9592,55351082288.52314,,-1.126984537180733,coingecko,2026-03-14T06:46:21Z
2026-03-14T06:00:00Z,ETH,2075.12,250399814949.51007,24286565809.5986,,-0.9383452282572108,coingecko,2026-03-14T06:46:21Z
2026-03-14T06:00:00Z,BNB,652.07,88911767140.68237,1352929060.4021747,,-1.3183794005502243,coingecko,2026-03-14T06:46:21Z
2026-03-14T07:00:00Z,BTC,70693.0,1414097453156.1946,55830816974.88155,,-1.1274953393893634,coingecko,2026-03-14T07:35:34Z
2026-03-14T07:00:00Z,ETH,2079.57,251070898603.12256,24751475423.850426,,-0.9924861258317104,coingecko,2026-03-14T07:35:34Z
2026-03-14T07:00:00Z,BNB,653.79,89155310443.83583,1330305116.2306223,,-1.4372777590588208,coingecko,2026-03-14T07:35:34Z
2026-03-14T08:00:00Z,BTC,70664.0,1413672541232.3923,54938589709.21218,,-1.7902854395460226,coingecko,2026-03-14T08:35:36Z
2026-03-14T08:00:00Z,ETH,2078.67,250830948446.67847,23765464574.0659,,-1.5075516845690144,coingecko,2026-03-14T08:35:36Z
2026-03-14T08:00:00Z,BNB,653.24,89097934101.17671,1282571691.0286117,,-2.0919264499927963,coingecko,2026-03-14T08:35:36Z
2026-03-14T09:00:00Z,BTC,70678.0,1413699954698.0403,43072579434.13484,,-1.6850673378613443,coingecko,2026-03-14T09:33:20Z
2026-03-14T09:00:00Z,ETH,2076.4,250612961179.5352,23103013323.438488,,-1.4263146861048988,coingecko,2026-03-14T09:33:20Z
2026-03-14T09:00:00Z,BNB,652.78,89012792928.26102,1225392010.4530015,,-2.003706464417963,coingecko,2026-03-14T09:33:20Z
2026-03-14T10:00:00Z,BTC,70467.0,1409829600011.931,51581477602.67051,,-2.5993061710621834,coingecko,2026-03-14T10:29:13Z
2026-03-14T10:00:00Z,ETH,2066.25,249391819393.6228,22411430379.248867,,-2.7920146209766044,coingecko,2026-03-14T10:29:13Z
2026-03-14T10:00:00Z,BNB,650.86,88752171451.93579,1155413376.9340224,,-2.4134568641022947,coingecko,2026-03-14T10:29:13Z
2026-03-14T11:00:00Z,BTC,70670.0,1413581882533.484,51070824025.6054,,-2.289440241915656,coingecko,2026-03-14T11:24:55Z
2026-03-14T11:00:00Z,ETH,2070.13,249891005058.4337,23118339438.823368,,-2.598545594094803,coingecko,2026-03-14T11:24:55Z
2026-03-14T11:00:00Z,BNB,652.17,88925464571.40617,1117759593.995336,,-2.1700919813508794,coingecko,2026-03-14T11:24:55Z
2026-03-14T12:00:00Z,BTC,70741.0,1414258596323.7417,49250322076.02216,,-2.6863960684229258,coingecko,2026-03-14T12:52:04Z
2026-03-14T12:00:00Z,ETH,2074.83,250374303855.231,21483000900.50889,,-3.171725149075492,coingecko,2026-03-14T12:52:04Z
2026-03-14T12:00:00Z,BNB,653.69,89079551064.34776,1084586682.0143032,,-2.586677509242594,coingecko,2026-03-14T12:52:04Z
2026-03-14T13:00:00Z,BTC,70881.0,1417878664296.0803,46508873417.73052,,-3.341061885733567,coingecko,2026-03-14T13:46:43Z
2026-03-14T13:00:00Z,ETH,2079.15,250894232523.85703,18448672402.484097,,-5.005393218471386,coingecko,2026-03-14T13:46:43Z
2026-03-14T13:00:00Z,BNB,654.27,89208669765.1814,997168748.7104598,,-3.1604896912933307,coingecko,2026-03-14T13:46:43Z
2026-03-14T14:00:00Z,BTC,70808.0,1416023661153.857,42873965989.66085,,-3.998578595026632,coingecko,2026-03-14T14:29:23Z
2026-03-14T14:00:00Z,ETH,2076.78,250565624140.80145,17911481951.541603,,-5.513859742287808,coingecko,2026-03-14T14:29:23Z
2026-03-14T14:00:00Z,BNB,653.24,89039721558.03098,956383164.0237817,,-3.5189595838508363,coingecko,2026-03-14T14:29:23Z
2026-03-14T15:00:00Z,BTC,70703.0,1414192273548.1162,37160150511.87208,,-2.472946372529222,coingecko,2026-03-14T15:28:23Z
2026-03-14T15:00:00Z,ETH,2077.28,250588656783.98724,15681072163.61832,,-3.591436026880129,coingecko,2026-03-14T15:28:23Z
2026-03-14T15:00:00Z,BNB,653.45,89097333199.23608,838399205.881423,,-2.118245600164014,coingecko,2026-03-14T15:28:23Z
2026-03-14T16:00:00Z,BTC,70667.0,1413220836363.691,31695550065.14535,,-1.3506542474016905,coingecko,2026-03-14T16:32:52Z
2026-03-14T16:00:00Z,ETH,2075.71,250485099173.1845,12670403975.14982,,-2.277891969588549,coingecko,2026-03-14T16:32:52Z
2026-03-14T16:00:00Z,BNB,653.73,89118394785.72455,782772328.4679611,,-1.0398726512113083,coingecko,2026-03-14T16:32:52Z
2026-03-14T17:00:00Z,BTC,70716.0,1414060321995.1514,30887610179.27077,,-1.2987801305435511,coingecko,2026-03-14T17:26:48Z
2026-03-14T17:00:00Z,ETH,2077.07,250610893211.46777,12377684930.595287,,-2.11532877489311,coingecko,2026-03-14T17:26:48Z
2026-03-14T17:00:00Z,BNB,653.88,89157177940.93488,748428316.4074783,,-1.2246638201965652,coingecko,2026-03-14T17:26:48Z
2026-03-14T18:00:00Z,BTC,70652.0,1413138911852.2402,28171029280.22291,,-0.8067599871656016,coingecko,2026-03-14T18:39:16Z
2026-03-14T18:00:00Z,ETH,2076.34,250592675374.5364,10348117122.382858,,-1.3282939050198357,coingecko,2026-03-14T18:39:16Z
2026-03-14T18:00:00Z,BNB,652.85,89006834182.728,620909097.9094715,,-0.7117724418797208,coingecko,2026-03-14T18:39:16Z
2026-03-14T19:00:00Z,BTC,70682.0,1414005581763.2358,27243218268.833405,,-0.5510354131690507,coingecko,2026-03-14T19:27:32Z
2026-03-14T19:00:00Z,ETH,2077.08,250735501145.81363,10652817454.570534,,-1.0718978660967282,coingecko,2026-03-14T19:27:32Z
2026-03-14T19:00:00Z,BNB,653.41,89094770093.75122,586904594.1490934,,-0.5117708245248244,coingecko,2026-03-14T19:27:32Z
2026-03-14T20:00:00Z,BTC,70756.0,1415113841931.251,26434566175.96033,,-0.7679594801111498,coingecko,2026-03-14T20:28:54Z
2026-03-14T20:00:00Z,ETH,2080.25,251046685461.19843,9915070116.57543,,-1.432284255326678,coingecko,2026-03-14T20:28:54Z
2026-03-14T20:00:00Z,BNB,653.59,89142266088.35126,593076860.0832049,,-0.596089201725956,coingecko,2026-03-14T20:28:54Z
2026-03-14T21:00:00Z,BTC,70698.0,1414197535527.9348,25466635088.7243,,-0.789862195403377,coingecko,2026-03-14T21:27:49Z
2026-03-14T21:00:00Z,ETH,2083.65,251534592101.03284,9921387841.215303,,-1.1586262728979757,coingecko,2026-03-14T21:27:49Z
2026-03-14T21:00:00Z,BNB,653.68,89142554728.55789,595286825.1763098,,-0.5423471303096252,coingecko,2026-03-14T21:27:49Z
2026-03-14T22:00:00Z,BTC,70754.0,1414882464031.711,24311937720.326687,,0.1228578151438468,coingecko,2026-03-14T22:27:05Z
2026-03-14T22:00:00Z,ETH,2086.89,251838293800.3837,9287191505.110931,,0.1582377525437853,coingecko,2026-03-14T22:27:05Z
2026-03-14T22:00:00Z,BNB,654.83,89269279669.62064,577184343.6421658,,0.0212342963557414,coingecko,2026-03-14T22:27:05Z
2026-03-14T23:00:00Z,BTC,71013.0,1419984862623.0608,23775467811.981163,,0.069531835744562,coingecko,2026-03-14T23:28:05Z
2026-03-14T23:00:00Z,ETH,2093.33,252511613411.9945,9273963247.016024,,0.0058525629293736,coingecko,2026-03-14T23:28:05Z
2026-03-14T23:00:00Z,BNB,656.03,89456462775.94185,566810583.5936697,,0.0250358329832364,coingecko,2026-03-14T23:28:05Z
2026-03-15T02:00:00Z,BTC,71244.0,1426405439536.2812,22565796033.717743,,0.6143763057099644,coingecko,2026-03-15T02:26:11Z
2026-03-15T02:00:00Z,ETH,2093.2,252897423393.2617,8705055529.369072,,0.1042391254192556,coingecko,2026-03-15T02:26:11Z
2026-03-15T02:00:00Z,BNB,657.64,89731494521.53099,542093606.8789161,,0.2290125293808161,coingecko,2026-03-15T02:26:11Z
2026-03-15T05:00:00Z,BTC,71518.0,1431113216480.9795,22308317613.192013,,0.5837251824524263,coingecko,2026-03-15T05:06:07Z
2026-03-15T05:00:00Z,ETH,2102.98,253881192821.98947,8895129017.027657,,0.494585043508667,coingecko,2026-03-15T05:06:07Z
2026-03-15T05:00:00Z,BNB,658.87,89855117888.3839,538069040.4940708,,0.4792133953368098,coingecko,2026-03-15T05:06:07Z
2026-03-15T06:00:00Z,BTC,71445.0,1429464488412.1191,22224151445.02296,,1.1211527629497078,coingecko,2026-03-15T06:57:11Z
2026-03-15T06:00:00Z,ETH,2107.17,254281960431.4392,8338285145.316005,,1.3718137436514168,coingecko,2026-03-15T06:57:11Z
2026-03-15T06:00:00Z,BNB,658.28,89765993226.69232,535610560.410261,,0.7450214483281199,coingecko,2026-03-15T06:57:11Z
2026-03-15T07:00:00Z,BTC,71453.0,1429677073068.9658,22354544600.874805,,1.306124992976834,coingecko,2026-03-15T07:47:27Z
2026-03-15T07:00:00Z,ETH,2105.24,254117841546.4037,8472678620.689889,,1.2789911283302338,coingecko,2026-03-15T07:47:27Z
2026-03-15T07:00:00Z,BNB,659.82,89977889429.88234,529221581.55883753,,1.1089762651342336,coingecko,2026-03-15T07:47:27Z
2026-03-15T08:00:00Z,BTC,71537.0,1431701321996.8943,22352306750.02236,,1.300794264026079,coingecko,2026-03-15T08:37:09Z
2026-03-15T08:00:00Z,ETH,2108.51,254559129105.6803,9145291373.253378,,1.5578437689777924,coingecko,2026-03-15T08:37:09Z
2026-03-15T08:00:00Z,BNB,662.03,90266712494.2006,524075844.7253876,,1.4730488738626222,coingecko,2026-03-15T08:37:09Z
2026-03-15T09:00:00Z,BTC,71856.0,1436864523842.2734,22669539657.27008,,1.7842643414367612,coingecko,2026-03-15T09:34:59Z
2026-03-15T09:00:00Z,ETH,2118.25,255606486737.4167,8752614836.818027,,2.0683735418774,coingecko,2026-03-15T09:34:59Z
2026-03-15T09:00:00Z,BNB,664.31,90571048548.81767,551265656.871366,,1.8283049556466568,coingecko,2026-03-15T09:34:59Z
2026-03-15T10:00:00Z,BTC,71860.0,1437223851178.4749,22481062868.25675,,2.049286565490827,coingecko,2026-03-15T10:30:12Z
2026-03-15T10:00:00Z,ETH,2120.26,255824083104.80124,8688893080.270002,,2.643599183174021,coingecko,2026-03-15T10:30:12Z
2026-03-15T10:00:00Z,BNB,663.31,90448158830.6429,547900014.9522399,,1.930167183867599,coingecko,2026-03-15T10:30:12Z
2026-03-15T11:00:00Z,BTC,71763.0,1435466257887.6917,21010979529.2906,,1.4970119663987906,coingecko,2026-03-15T11:26:24Z
2026-03-15T11:00:00Z,ETH,2118.52,255743975171.0908,8465234615.287464,,2.146624444027748,coingecko,2026-03-15T11:26:24Z
2026-03-15T11:00:00Z,BNB,662.09,90281030895.95256,525796211.0992301,,1.4270896905711583,coingecko,2026-03-15T11:26:24Z
2026-03-15T12:00:00Z,BTC,71621.0,1432810893080.5786,22334071407.079266,,1.242864083115044,coingecko,2026-03-15T12:53:44Z
2026-03-15T12:00:00Z,ETH,2110.34,254806971486.07578,8423118910.281438,,1.659765550718271,coingecko,2026-03-15T12:53:44Z
2026-03-15T12:00:00Z,BNB,661.06,90113423507.87578,557317890.4663403,,1.1005409561264887,coingecko,2026-03-15T12:53:44Z
2026-03-15T13:00:00Z,BTC,71459.0,1428260284076.3286,23284779600.61108,,0.8928197631574977,coingecko,2026-03-15T13:48:40Z
2026-03-15T13:00:00Z,ETH,2092.02,252244156849.5244,9965749419.775976,,0.7127405568726147,coingecko,2026-03-15T13:48:40Z
2026-03-15T13:00:00Z,BNB,657.98,89703067532.33289,587727058.4619861,,0.5856134272888465,coingecko,2026-03-15T13:48:40Z
2026-03-15T14:00:00Z,BTC,71469.0,1429397425678.124,23080311260.5735,,0.9893821982494436,coingecko,2026-03-15T14:30:36Z
2026-03-15T14:00:00Z,ETH,2093.51,252548564222.9756,9230568541.825468,,0.8352933781864269,coingecko,2026-03-15T14:30:36Z
2026-03-15T14:00:00Z,BNB,659.61,89943681901.44817,585392667.4080764,,0.9880650887302233,coingecko,2026-03-15T14:30:36Z
2026-03-15T15:00:00Z,BTC,71517.0,1430517372246.9692,23230901357.02943,,1.1720709045168345,coingecko,2026-03-15T15:29:18Z
2026-03-15T15:00:00Z,ETH,2093.82,252727740138.95395,9450866691.28011,,0.8012462633846779,coingecko,2026-03-15T15:29:18Z
2026-03-15T15:00:00Z,BNB,660.32,90051744856.09099,604812406.1675419,,1.0318571479101095,coingecko,2026-03-15T15:29:18Z
2026-03-15T16:00:00Z,BTC,71365.0,1427609939492.7363,22760447165.81628,,0.973804070307803,coingecko,2026-03-15T16:33:57Z
2026-03-15T16:00:00Z,ETH,2091.66,252445116895.7917,10118449370.89784,,0.7373496572104439,coingecko,2026-03-15T16:33:57Z
2026-03-15T16:00:00Z,BNB,659.29,89917136906.44217,613467148.2161734,,0.8041307833810164,coingecko,2026-03-15T16:33:57Z
2026-03-15T17:00:00Z,BTC,71534.0,1430750702226.19,22582878919.23696,,1.1537897654628133,coingecko,2026-03-15T17:27:52Z
2026-03-15T17:00:00Z,ETH,2096.2,252963001606.8852,10091214089.08178,,0.9118153221363534,coingecko,2026-03-15T17:27:52Z
2026-03-15T17:00:00Z,BNB,660.05,89973749584.43147,613128402.3489438,,0.9420713865581628,coingecko,2026-03-15T17:27:52Z
2026-03-15T18:00:00Z,BTC,71744.0,1435612070319.303,23464247030.84838,,1.5524243859036009,coingecko,2026-03-15T18:39:44Z
2026-03-15T18:00:00Z,ETH,2111.27,254928800860.3842,9931699323.904224,,1.6989043401342916,coingecko,2026-03-15T18:39:44Z
2026-03-15T18:00:00Z,BNB,661.51,90239236488.92818,632043613.3089832,,1.3327542416783251,coingecko,2026-03-15T18:39:44Z
2026-03-15T19:00:00Z,BTC,71530.0,1430764007937.1272,23372335639.772617,,1.2033021498491634,coingecko,2026-03-15T19:28:33Z
2026-03-15T19:00:00Z,ETH,2112.23,254935072107.8336,11071973750.620943,,1.6776225653699823,coingecko,2026-03-15T19:28:33Z
2026-03-15T19:00:00Z,BNB,660.23,90023888307.56622,644482237.8384802,,1.0370297482337614,coingecko,2026-03-15T19:28:33Z
2026-03-15T20:00:00Z,BTC,71463.0,1429598638129.9934,23518149349.23939,,0.9985349730326096,coingecko,2026-03-15T20:29:53Z
2026-03-15T20:00:00Z,ETH,2112.12,254795357230.90488,10427855617.470726,,1.5331180307830743,coingecko,2026-03-15T20:29:53Z
2026-03-15T20:00:00Z,BNB,659.99,89990277590.13585,643189705.1265322,,0.970931030166542,coingecko,2026-03-15T20:29:53Z
2026-03-15T21:00:00Z,BTC,71811.0,1436240118465.3345,21817988877.10877,,1.573751238270204,coingecko,2026-03-15T21:28:54Z
2026-03-15T21:00:00Z,ETH,2130.61,257210639917.6165,10748837723.878338,,2.2674181559523,coingecko,2026-03-15T21:28:54Z
2026-03-15T21:00:00Z,BNB,664.72,90570778841.30704,662454465.8643926,,1.7197796093299738,coingecko,2026-03-15T21:28:54Z
2026-03-15T22:00:00Z,BTC,71959.0,1439354935494.5337,25285823414.130928,,1.6950572691556336,coingecko,2026-03-15T22:29:12Z
2026-03-15T22:00:00Z,ETH,2134.89,257675161435.80072,12315389638.464643,,2.297043575624637,coingecko,2026-03-15T22:29:12Z
2026-03-15T22:00:00Z,BNB,666.9,90937745011.69148,703627547.7694834,,1.8458682431507123,coingecko,2026-03-15T22:29:12Z
2026-03-15T23:00:00Z,BTC,72599.0,1452526714111.9705,27872151849.18045,,2.167554872718122,coingecko,2026-03-15T23:29:42Z
2026-03-15T23:00:00Z,ETH,2175.99,262856536858.4416,13778088311.758532,,3.8411309264281854,coingecko,2026-03-15T23:29:42Z
2026-03-15T23:00:00Z,BNB,673.48,91835111717.01028,819417332.5939449,,2.624156904686226,coingecko,2026-03-15T23:29:42Z
2026-03-16T02:00:00Z,BTC,72502.0,1450824195281.62,30119160570.84856,,1.7138337757793147,coingecko,2026-03-16T02:27:07Z
2026-03-16T02:00:00Z,ETH,2176.92,262765053109.57965,16378395104.770632,,3.979266320619249,coingecko,2026-03-16T02:27:07Z
2026-03-16T02:00:00Z,BNB,672.74,91741491250.43488,930432666.7301432,,2.2973567283472,coingecko,2026-03-16T02:27:07Z
2026-03-16T05:00:00Z,BTC,73955.0,1480057968988.1145,37345291894.692406,,3.142314622511581,coingecko,2026-03-16T05:15:44Z
2026-03-16T05:00:00Z,ETH,2265.0,273539696474.36127,22814252484.252563,,7.280931162022436,coingecko,2026-03-16T05:15:44Z
2026-03-16T05:00:00Z,BNB,684.69,93357016987.63383,1149966832.0547383,,3.739161679116794,coingecko,2026-03-16T05:15:44Z
2026-03-16T07:00:00Z,BTC,73808.0,1476755118863.4194,40041620492.86211,,2.994139068428529,coingecko,2026-03-16T07:17:47Z
2026-03-16T07:00:00Z,ETH,2264.71,273387151932.0209,25008927067.66172,,7.234765135197069,coingecko,2026-03-16T07:17:47Z
2026-03-16T07:00:00Z,BNB,679.81,92711988492.09274,1232051600.9495237,,2.940598596969409,coingecko,2026-03-16T07:17:47Z
2026-03-16T08:00:00Z,BTC,73176.0,1463625813407.9167,41738964478.90346,,2.149722502784208,coingecko,2026-03-16T08:57:14Z
2026-03-16T08:00:00Z,ETH,2245.61,271044143554.3679,26247099508.3036,,6.353529992871487,coingecko,2026-03-16T08:57:14Z
2026-03-16T08:00:00Z,BNB,675.76,92143459334.24306,1284172289.2496974,,1.816570967465465,coingecko,2026-03-16T08:57:14Z
2026-03-16T10:00:00Z,BTC,73315.0,1468121231941.2354,42975047389.25087,,2.142387260880925,coingecko,2026-03-16T10:08:41Z
2026-03-16T10:00:00Z,ETH,2265.77,273485661892.0181,26495240819.25164,,7.08569407168935,coingecko,2026-03-16T10:08:41Z
2026-03-16T10:00:00Z,BNB,676.93,92323317835.03777,1304690233.604783,,2.166545082273923,coingecko,2026-03-16T10:08:41Z
2026-03-16T11:00:00Z,BTC,73643.0,1472666218597.5195,42136481420.99669,,2.5500746414589286,coingecko,2026-03-16T11:47:51Z
2026-03-16T11:00:00Z,ETH,2273.1,274112977211.96832,27549878705.18791,,7.247479220586298,coingecko,2026-03-16T11:47:51Z
2026-03-16T11:00:00Z,BNB,677.65,92362669686.56396,1351415829.4719958,,2.537001388030503,coingecko,2026-03-16T11:47:51Z
2026-03-16T13:00:00Z,BTC,73883.0,1479266742467.833,43520581076.04408,,3.436558329023009,coingecko,2026-03-16T13:12:51Z
2026-03-16T13:00:00Z,ETH,2276.12,275332802178.80164,29667096729.57001,,8.503688919856295,coingecko,2026-03-16T13:12:51Z
2026-03-16T13:00:00Z,BNB,678.42,92558693091.26192,1396382728.2521062,,2.913485187624577,coingecko,2026-03-16T13:12:51Z
2026-03-16T15:00:00Z,BTC,73446.0,1470150723166.676,48783647761.98459,,2.564839855191168,coingecko,2026-03-16T15:00:08Z
2026-03-16T15:00:00Z,ETH,2282.64,275227760029.98413,33542226624.293404,,8.8725059173449,coingecko,2026-03-16T15:00:08Z
2026-03-16T15:00:00Z,BNB,673.91,91895222536.07816,1326542905.114867,,2.050373479152385,coingecko,2026-03-16T15:00:08Z
2026-03-16T16:00:00Z,BTC,73331.0,1468078846334.302,51687942962.455086,,2.465934639219485,coingecko,2026-03-16T16:13:48Z
2026-03-16T16:00:00Z,ETH,2278.5,275379358515.79865,34046211332.78972,,8.615377708238226,coingecko,2026-03-16T16:13:48Z
2026-03-16T16:00:00Z,BNB,672.37,91790040092.42937,1611831875.2325006,,1.7490607832906475,coingecko,2026-03-16T16:13:48Z
2026-03-16T18:00:00Z,BTC,73951.0,1478799223610.4807,53346646637.404526,,2.9624924149444976,coingecko,2026-03-16T18:00:14Z
2026-03-16T18:00:00Z,ETH,2314.94,279130073313.7795,35968789087.74999,,9.694666753618954,coingecko,2026-03-16T18:00:14Z
2026-03-16T18:00:00Z,BNB,678.23,92432176420.16664,1671858535.0570073,,2.445880789775657,coingecko,2026-03-16T18:00:14Z
2026-03-16T19:00:00Z,BTC,74225.0,1484703639458.829,55773034285.651085,,3.863862836027588,coingecko,2026-03-16T19:17:40Z
2026-03-16T19:00:00Z,ETH,2339.76,282390281369.6772,36860645876.8697,,10.91513089203373,coingecko,2026-03-16T19:17:40Z
2026-03-16T19:00:00Z,BNB,680.69,92386766893.34103,1592190548.4121838,,3.2186710351869325,coingecko,2026-03-16T19:17:40Z
2026-03-16T20:00:00Z,BTC,74040.0,1480793942681.9712,56589066612.53816,,3.147976455184747,coingecko,2026-03-16T20:39:12Z
2026-03-16T20:00:00Z,ETH,2337.58,282028227006.9971,39263621109.16481,,9.58803678720322,coingecko,2026-03-16T20:39:12Z
2026-03-16T20:00:00Z,BNB,675.9,92133512258.77084,1754539957.6324575,,1.733431758599463,coingecko,2026-03-16T20:39:12Z
2026-03-16T21:00:00Z,BTC,74527.0,1490485569183.8562,58172578453.50559,,3.37168384927216,coingecko,2026-03-16T21:40:42Z
2026-03-16T21:00:00Z,ETH,2362.96,285667519191.2202,40486379184.24395,,10.450761222168952,coingecko,2026-03-16T21:40:42Z
2026-03-16T21:00:00Z,BNB,681.3,92675003038.72472,1770126681.8377044,,1.9975372264034144,coingecko,2026-03-16T21:40:42Z
2026-03-16T22:00:00Z,BTC,74658.0,1493386045696.0164,58580410016.86101,,3.580535348757561,coingecko,2026-03-16T22:33:51Z
2026-03-16T22:00:00Z,ETH,2361.41,284739003276.7639,41044289625.476265,,9.845373996104742,coingecko,2026-03-16T22:33:51Z
2026-03-16T22:00:00Z,BNB,682.34,93042550402.74196,1774577863.9070692,,1.9804515231035773,coingecko,2026-03-16T22:33:51Z
2026-03-16T23:00:00Z,BTC,74630.0,1492281806611.2246,56709988074.523926,,2.951008011950152,coingecko,2026-03-16T23:32:59Z
2026-03-16T23:00:00Z,ETH,2352.43,283724937180.89325,38614856271.13433,,8.353037833922196,coingecko,2026-03-16T23:32:59Z
2026-03-16T23:00:00Z,BNB,679.03,92540582892.18549,1663890032.3538475,,0.9485308208282278,coingecko,2026-03-16T23:32:59Z
2026-03-17T02:00:00Z,BTC,75569.0,1512468429130.8943,61691256768.49075,,3.823690546801549,coingecko,2026-03-17T02:06:27Z
2026-03-17T02:00:00Z,ETH,2357.12,284688911950.6062,41030151140.1127,,7.915484417712204,coingecko,2026-03-17T02:06:27Z
2026-03-17T02:00:00Z,BNB,683.48,93214968398.99686,1744048416.8659189,,1.1192474640479946,coingecko,2026-03-17T02:06:27Z
2026-03-17T04:00:00Z,BTC,74197.0,1484047670136.269,60666223737.71929,,0.2395208180328246,coingecko,2026-03-17T04:51:37Z
2026-03-17T04:00:00Z,ETH,2309.64,278731041111.1427,39179833831.89488,,2.0719674913393846,coingecko,2026-03-17T04:51:37Z
2026-03-17T04:00:00Z,BNB,674.42,91922085687.70409,1503461901.079677,,-1.4363773468851877,coingecko,2026-03-17T04:51:37Z
2026-03-17T05:00:00Z,BTC,74028.0,1481213427040.871,59753257370.20912,,-0.174418324929544,coingecko,2026-03-17T05:59:12Z
2026-03-17T05:00:00Z,ETH,2307.91,278647717967.88605,36769512401.6123,,1.055938217475357,coingecko,2026-03-17T05:59:12Z
2026-03-17T05:00:00Z,BNB,675.25,92101970896.45863,1613667841.9616475,,-1.5080202266281464,coingecko,2026-03-17T05:59:12Z
2026-03-17T07:00:00Z,BTC,74325.0,1484177360790.2937,58020850804.58238,,0.7887906977624511,coingecko,2026-03-17T07:16:00Z
2026-03-17T07:00:00Z,ETH,2324.65,279967111631.68665,35446950961.83442,,2.6905466025347367,coingecko,2026-03-17T07:16:00Z
2026-03-17T07:00:00Z,BNB,674.29,91905529074.55344,1569526333.6258788,,-0.7271882507685532,coingecko,2026-03-17T07:16:00Z
2026-03-17T08:00:00Z,BTC,74349.0,1487823433566.822,54897146867.001335,,1.6739011340361325,coingecko,2026-03-17T08:54:13Z
2026-03-17T08:00:00Z,ETH,2328.71,281307288562.9767,36163547585.89882,,3.763079775345602,coingecko,2026-03-17T08:54:13Z
2026-03-17T08:00:00Z,BNB,675.68,92152722546.72852,1561590137.303995,,0.0405909362213331,coingecko,2026-03-17T08:54:13Z
2026-03-17T09:00:00Z,BTC,73963.0,1480664973382.906,57283171800.86303,,0.9608225158151884,coingecko,2026-03-17T09:56:29Z
2026-03-17T09:00:00Z,ETH,2315.53,279571400084.987,36209111041.35909,,2.44560763444308,coingecko,2026-03-17T09:56:29Z
2026-03-17T09:00:00Z,BNB,673.01,91861353046.3985,1564647276.002566,,-0.5248513128584157,coingecko,2026-03-17T09:56:29Z
2026-03-17T10:00:00Z,BTC,73670.0,1474812569522.7976,57280523963.874535,,0.125018695147135,coingecko,2026-03-17T10:53:16Z
2026-03-17T10:00:00Z,ETH,2307.95,278734029290.6563,32915555741.805325,,1.7059286837780565,coingecko,2026-03-17T10:53:16Z
2026-03-17T10:00:00Z,BNB,668.79,91270498082.27684,1555309568.4188125,,-1.2822905756578964,coingecko,2026-03-17T10:53:16Z
2026-03-17T11:00:00Z,BTC,74102.0,1482351900683.4824,57011611773.31322,,0.6505934036327811,coingecko,2026-03-17T11:43:29Z
2026-03-17T11:00:00Z,ETH,2329.87,281152682478.5256,34581274289.13631,,2.607607179080788,coingecko,2026-03-17T11:43:29Z
2026-03-17T11:00:00Z,BNB,668.41,91151318902.16278,1560916268.1545427,,-1.31318748041527,coingecko,2026-03-17T11:43:29Z
2026-03-17T13:00:00Z,BTC,73802.0,1475952294961.979,56104066506.56422,,-0.2002497680441672,coingecko,2026-03-17T13:12:44Z
2026-03-17T13:00:00Z,ETH,2319.29,279829149925.60767,33234475239.41673,,1.7956463076437057,coingecko,2026-03-17T13:12:44Z
2026-03-17T13:00:00Z,BNB,666.33,90832046317.97768,1507009498.7782617,,-1.9108285032477352,coingecko,2026-03-17T13:12:44Z
2026-03-17T14:00:00Z,BTC,74292.0,1486071791564.225,55539051686.87998,,1.1520023975116451,coingecko,2026-03-17T14:56:40Z
2026-03-17T14:00:00Z,ETH,2341.8,282620411153.97974,33110662140.679794,,2.591439428887885,coingecko,2026-03-17T14:56:40Z
2026-03-17T14:00:00Z,BNB,669.66,91299818690.00354,1431878630.5005624,,-0.6301071727467816,coingecko,2026-03-17T14:56:40Z
2026-03-17T16:00:00Z,BTC,74009.0,1478750576665.9695,55149136365.74673,,0.8847119401803913,coingecko,2026-03-17T16:07:12Z
2026-03-17T16:00:00Z,ETH,2318.61,279516996568.9769,32782556804.25437,,1.6764177855654256,coingecko,2026-03-17T16:07:12Z
2026-03-17T16:00:00Z,BNB,668.47,91108115382.03629,1396609673.9740968,,-0.670939472877605,coingecko,2026-03-17T16:07:12Z
2026-03-17T17:00:00Z,BTC,74523.0,1491172479429.4788,55015162255.207695,,0.7693569163545326,coingecko,2026-03-17T17:58:36Z
2026-03-17T17:00:00Z,ETH,2339.84,282435140332.5428,31016056396.09045,,1.071111332190967,coingecko,2026-03-17T17:58:36Z
2026-03-17T17:00:00Z,BNB,672.53,91705210147.59912,1352114439.668212,,-0.8383688783761197,coingecko,2026-03-17T17:58:36Z
2026-03-17T19:00:00Z,BTC,74776.0,1493965485605.0242,53952494153.37597,,0.881101122479313,coingecko,2026-03-17T19:12:38Z
2026-03-17T19:00:00Z,ETH,2336.68,281614650642.096,28696544740.247555,,0.0029543860456575,coingecko,2026-03-17T19:12:38Z
2026-03-17T19:00:00Z,BNB,674.42,91850786306.13008,1306536302.2800562,,-0.7699686617165518,coingecko,2026-03-17T19:12:38Z
2026-03-17T20:00:00Z,BTC,74555.0,1491781301704.89,53337663405.76526,,0.639218275025991,coingecko,2026-03-17T20:39:21Z
2026-03-17T20:00:00Z,ETH,2327.06,280850894490.6343,29758116549.30257,,-0.5797027066626155,coingecko,2026-03-17T20:39:21Z
2026-03-17T20:00:00Z,BNB,672.03,91695972868.7226,1276226297.4160888,,-0.6554079004246005,coingecko,2026-03-17T20:39:21Z
2026-03-17T21:00:00Z,BTC,74754.0,1492406228335.8748,52673557390.7838,,0.3050290142575481,coingecko,2026-03-17T21:38:48Z
2026-03-17T21:00:00Z,ETH,2339.35,281968223312.5918,27903501791.144573,,-0.9729821287284418,coingecko,2026-03-17T21:38:48Z
2026-03-17T21:00:00Z,BNB,673.91,91815656520.34648,1237696998.431815,,-1.0521151949682377,coingecko,2026-03-17T21:38:48Z
2026-03-17T22:00:00Z,BTC,74323.0,1488309310533.707,51335280032.06944,,-0.4289618505773635,coingecko,2026-03-17T22:33:27Z
2026-03-17T22:00:00Z,ETH,2327.85,281167505448.8375,27509832093.75499,,-1.4050670140422026,coingecko,2026-03-17T22:33:27Z
2026-03-17T22:00:00Z,BNB,671.42,91678686301.03091,1208863906.2285182,,-1.6012552106045446,coingecko,2026-03-17T22:33:27Z
2026-03-17T23:00:00Z,BTC,74125.0,1484225782242.5957,50035177482.45152,,-0.788388853479078,coingecko,2026-03-17T23:33:12Z
2026-03-17T23:00:00Z,ETH,2325.26,280928159765.77,26626212181.912663,,-1.2920445990863385,coingecko,2026-03-17T23:33:12Z
2026-03-17T23:00:00Z,BNB,670.32,91458438427.4576,1191270551.9448822,,-1.3004462287108869,coingecko,2026-03-17T23:33:12Z
2026-03-18T02:00:00Z,BTC,74180.0,1482248161590.6611,44774711419.76888,,-1.380534340335874,coingecko,2026-03-18T02:10:20Z
2026-03-18T02:00:00Z,ETH,2331.41,280968659693.803,23187903057.74026,,-0.7460471245659095,coingecko,2026-03-18T02:10:20Z
2026-03-18T02:00:00Z,BNB,670.44,91344958546.2567,1071233112.1147784,,-1.5490549359683934,coingecko,2026-03-18T02:10:20Z
2026-03-18T04:00:00Z,BTC,74184.0,1484358989592.4478,39453554320.49529,,-0.129233073035031,coingecko,2026-03-18T04:56:53Z
2026-03-18T04:00:00Z,ETH,2327.9,281054073822.3419,19850455860.161392,,0.7006354336690568,coingecko,2026-03-18T04:56:53Z
2026-03-18T04:00:00Z,BNB,671.9,91659784922.31068,1055396013.8753128,,-0.4699856415716599,coingecko,2026-03-18T04:56:53Z
2026-03-18T06:00:00Z,BTC,74004.0,1479178517661.9563,37779442108.44893,,0.1070741438351721,coingecko,2026-03-18T06:04:21Z
2026-03-18T06:00:00Z,ETH,2319.62,279821690405.20654,20248630074.100662,,0.7979105512114402,coingecko,2026-03-18T06:04:21Z
2026-03-18T06:00:00Z,BNB,672.08,91527704814.77696,1021397205.4199415,,-0.2735930978682134,coingecko,2026-03-18T06:04:21Z
2026-03-18T07:00:00Z,BTC,73856.0,1477314109931.7588,37587270285.38269,,-0.5546376959637808,coingecko,2026-03-18T07:53:15Z
2026-03-18T07:00:00Z,ETH,2317.48,279698098258.5212,18715196489.41904,,-0.5878129544357757,coingecko,2026-03-18T07:53:15Z
2026-03-18T07:00:00Z,BNB,673.17,91708134457.03856,1027192218.0632164,,-0.2673597245017647,coingecko,2026-03-18T07:53:15Z
2026-03-18T08:00:00Z,BTC,74089.0,1481798483744.454,35680580691.86681,,-0.3273697653421855,coingecko,2026-03-18T08:51:35Z
2026-03-18T08:00:00Z,ETH,2323.37,280365081481.25806,19470320716.606827,,-0.22555648646408,coingecko,2026-03-18T08:51:35Z
2026-03-18T08:00:00Z,BNB,674.54,91978731995.77425,1019631428.7932112,,-0.1487628935809735,coingecko,2026-03-18T08:51:35Z
2026-03-18T09:00:00Z,BTC,74147.0,1482988189882.0413,34732069160.67449,,0.292005158538229,coingecko,2026-03-18T09:56:31Z
2026-03-18T09:00:00Z,ETH,2328.6,280944936655.07294,17726342461.898808,,0.5796890410102842,coingecko,2026-03-18T09:56:31Z
2026-03-18T09:00:00Z,BNB,675.59,92092541016.6122,1007375677.9689096,,0.43696961977576,coingecko,2026-03-18T09:56:31Z
2026-03-18T10:00:00Z,BTC,73920.0,1478995847605.322,35941747888.162735,,0.2985147905937391,coingecko,2026-03-18T10:54:24Z
2026-03-18T10:00:00Z,ETH,2310.77,279086591061.67523,17917507888.85233,,0.0162109848050491,coingecko,2026-03-18T10:54:24Z
2026-03-18T10:00:00Z,BNB,672.49,91692902419.7831,969762032.5447936,,0.4740833148862651,coingecko,2026-03-18T10:54:24Z
2026-03-18T11:00:00Z,BTC,73099.0,1461097470512.29,37551000933.38612,,-1.420409362914123,coingecko,2026-03-18T11:45:59Z
2026-03-18T11:00:00Z,ETH,2275.33,274603315194.30832,19188249235.54788,,-2.3918191375112525,coingecko,2026-03-18T11:45:59Z
2026-03-18T11:00:00Z,BNB,663.97,90556942359.6496,982641389.0019764,,-0.6512753652326325,coingecko,2026-03-18T11:45:59Z
2026-03-18T13:00:00Z,BTC,72356.0,1447746489950.682,39713508365.01354,,-1.9603157921098744,coingecko,2026-03-18T13:12:44Z
2026-03-18T13:00:00Z,ETH,2236.21,269947855556.091,19915362033.149185,,-3.53532760036758,coingecko,2026-03-18T13:12:44Z
2026-03-18T13:00:00Z,BNB,657.89,89725434368.32478,998206254.0449996,,-1.2562309105030365,coingecko,2026-03-18T13:12:44Z
2026-03-18T15:00:00Z,BTC,71050.0,1425804648472.6675,42179573955.98384,,-5.059409707356712,coingecko,2026-03-18T15:02:51Z
2026-03-18T15:00:00Z,ETH,2178.25,264439670564.0178,21456577327.103622,,-7.523109979039187,coingecko,2026-03-18T15:02:51Z
2026-03-18T15:00:00Z,BNB,647.1,88476211331.99303,1060397324.761308,,-3.8353026695110577,coingecko,2026-03-18T15:02:51Z
2026-03-18T17:00:00Z,BTC,71331.0,1427488317026.4268,44240034152.83414,,-3.985544329815274,coingecko,2026-03-18T17:00:41Z
2026-03-18T17:00:00Z,ETH,2181.77,263635690972.83447,21305044975.404182,,-6.464115095760606,coingecko,2026-03-18T17:00:41Z
2026-03-18T17:00:00Z,BNB,648.87,88542443399.1759,1121043137.818005,,-3.4236743856939005,coingecko,2026-03-18T17:00:41Z
2026-03-18T18:00:00Z,BTC,71895.0,1432892594761.6252,44993773066.77127,,-3.64274169517701,coingecko,2026-03-18T18:06:01Z
2026-03-18T18:00:00Z,ETH,2216.8,266133317021.65576,22198014510.83924,,-5.273056594318309,coingecko,2026-03-18T18:06:01Z
2026-03-18T18:00:00Z,BNB,651.88,88748883917.86194,1165640012.5149174,,-3.1856293532455933,coingecko,2026-03-18T18:06:01Z
2026-03-18T19:00:00Z,BTC,71056.0,1421519735691.5688,45759545155.12026,,-4.69404873029418,coingecko,2026-03-18T19:49:22Z
2026-03-18T19:00:00Z,ETH,2189.14,264482363097.4109,23834528806.102184,,-5.790005684755955,coingecko,2026-03-18T19:49:22Z
2026-03-18T19:00:00Z,BNB,647.59,88391216623.40344,1186244549.5197504,,-3.7399930227543634,coingecko,2026-03-18T19:49:22Z
2026-03-18T20:00:00Z,BTC,71239.0,1425059240867.1511,47150595777.54312,,-4.459584039898544,coingecko,2026-03-18T20:36:31Z
2026-03-18T20:00:00Z,ETH,2183.0,263455936890.6168,23760315818.927326,,-6.224628589834352,coingecko,2026-03-18T20:36:31Z
2026-03-18T20:00:00Z,BNB,649.16,88513705723.74416,1237428945.8435245,,-3.4120849815234373,coingecko,2026-03-18T20:36:31Z
2026-03-18T21:00:00Z,BTC,71261.0,1425202604973.9375,46813590270.3664,,-4.47894138344448,coingecko,2026-03-18T21:34:24Z
2026-03-18T21:00:00Z,ETH,2197.09,265237518601.24588,23773162522.31739,,-5.96121460151555,coingecko,2026-03-18T21:34:24Z
2026-03-18T21:00:00Z,BNB,651.48,88856034180.76486,1245469704.2595644,,-3.230112136300192,coingecko,2026-03-18T21:34:24Z
2026-03-18T22:00:00Z,BTC,71031.0,1421469905546.7937,47276194742.22089,,-4.364392930644198,coingecko,2026-03-18T22:32:56Z
2026-03-18T22:00:00Z,ETH,2190.93,264639817560.4213,24327409685.66133,,-5.806635483582631,coingecko,2026-03-18T22:32:56Z
2026-03-18T22:00:00Z,BNB,651.18,88820676223.1483,1251697777.5564263,,-2.983468054523729,coingecko,2026-03-18T22:32:56Z
2026-03-18T23:00:00Z,BTC,71205.0,1423752471126.077,46858264334.46742,,-3.92870192520464,coingecko,2026-03-18T23:30:54Z
2026-03-18T23:00:00Z,ETH,2194.85,264733637584.1797,23901660537.80643,,-5.563620557379439,coingecko,2026-03-18T23:30:54Z
2026-03-18T23:00:00Z,BNB,651.46,88810109180.5495,1246666729.9577236,,-2.781617399582582,coingecko,2026-03-18T23:30:54Z
2026-03-19T02:00:00Z,BTC,71120.0,1420990439161.8496,46797032467.56935,,-4.255275348577748,coingecko,2026-03-19T02:11:04Z
2026-03-19T02:00:00Z,ETH,2198.51,264874118896.3681,24520729775.952625,,-5.813078638012832,coingecko,2026-03-19T02:11:04Z
2026-03-19T02:00:00Z,BNB,650.7,88702065109.40778,1233441667.7387867,,-3.079895127447095,coingecko,2026-03-19T02:11:04Z
2026-03-19T04:00:00Z,BTC,70812.0,1416330645371.9563,42154253061.57941,,-4.564243423423188,coingecko,2026-03-19T04:54:36Z
2026-03-19T04:00:00Z,ETH,2194.58,264876631051.99884,25117618943.687897,,-5.739667141062949,coingecko,2026-03-19T04:54:36Z
2026-03-19T04:00:00Z,BNB,648.98,88495608395.44131,1241627472.777816,,-3.444372840550432,coingecko,2026-03-19T04:54:36Z
2026-03-19T05:00:00Z,BTC,70831.0,1416839826799.5457,46505468796.43346,,-4.212813329671976,coingecko,2026-03-19T05:58:55Z
2026-03-19T05:00:00Z,ETH,2190.25,264390257859.11823,24726086466.786537,,-5.529486134624538,coingecko,2026-03-19T05:58:55Z
2026-03-19T05:00:00Z,BNB,649.56,88557946159.77527,1222331066.6398594,,-3.225938841665706,coingecko,2026-03-19T05:58:55Z
2026-03-19T07:00:00Z,BTC,70435.0,1409477677736.5413,46582867214.88567,,-4.688499496392919,coingecko,2026-03-19T07:08:20Z
2026-03-19T07:00:00Z,ETH,2179.93,263207906904.4188,26079914810.41834,,-6.010124684742215,coingecko,2026-03-19T07:08:20Z
2026-03-19T07:00:00Z,BNB,648.12,88353881678.87204,1229333097.6572144,,-3.659669522167861,coingecko,2026-03-19T07:08:20Z
2026-03-19T08:00:00Z,BTC,70094.0,1399702429029.5234,50587773466.64238,,-5.357449225664128,coingecko,2026-03-19T08:42:32Z
2026-03-19T08:00:00Z,ETH,2164.07,260678844979.1528,26926476249.21615,,-6.747768971147219,coingecko,2026-03-19T08:42:32Z
2026-03-19T08:00:00Z,BNB,645.15,87883277532.27657,1280874337.5138805,,-4.327902955351005,coingecko,2026-03-19T08:42:32Z
2026-03-19T09:00:00Z,BTC,70389.0,1406835883746.078,51569524284.043495,,-5.217963462697096,coingecko,2026-03-19T09:43:15Z
2026-03-19T09:00:00Z,ETH,2183.53,263337360491.64703,27426839041.84993,,-6.381616563818818,coingecko,2026-03-19T09:43:15Z
2026-03-19T09:00:00Z,BNB,646.63,88174419825.37396,1298730247.8201385,,-4.245492377336406,coingecko,2026-03-19T09:43:15Z
2026-03-19T10:00:00Z,BTC,70244.0,1405287234209.2727,51166776441.341125,,-4.967184824287677,coingecko,2026-03-19T10:40:44Z
2026-03-19T10:00:00Z,ETH,2178.29,262900561203.5718,27816103002.62734,,-5.927929991841912,coingecko,2026-03-19T10:40:44Z
2026-03-19T10:00:00Z,BNB,646.87,88236847282.5577,1113700395.736103,,-3.8550317218191887,coingecko,2026-03-19T10:40:44Z
2026-03-19T11:00:00Z,BTC,70140.0,1404664996387.5056,51271265937.642136,,-3.822066134874808,coingecko,2026-03-19T11:36:21Z
2026-03-19T11:00:00Z,ETH,2170.88,262633533433.0825,27589546613.113625,,-4.3097552879434105,coingecko,2026-03-19T11:36:21Z
2026-03-19T11:00:00Z,BNB,644.91,87985162093.56006,1272050112.7782528,,-2.6853852530448328,coingecko,2026-03-19T11:36:21Z
2026-03-19T13:00:00Z,BTC,69370.0,1386883383728.3982,49293480528.66561,,-4.153369092791933,coingecko,2026-03-19T13:05:21Z
2026-03-19T13:00:00Z,ETH,2130.3,256832116205.92065,26035995507.798035,,-4.749296199252554,coingecko,2026-03-19T13:05:21Z
2026-03-19T13:00:00Z,BNB,638.71,87075885445.69243,1199217483.152247,,-2.912188732552164,coingecko,2026-03-19T13:05:21Z
2026-03-19T14:00:00Z,BTC,69236.0,1385270187312.918,48466729651.696045,,-3.226639098489561,coingecko,2026-03-19T14:47:42Z
2026-03-19T14:00:00Z,ETH,2113.39,255133041006.48083,25223992841.017483,,-4.263585550511555,coingecko,2026-03-19T14:47:42Z
2026-03-19T14:00:00Z,BNB,636.81,86855114713.58775,1136591825.796991,,-2.193150937975789,coingecko,2026-03-19T14:47:42Z
2026-03-19T15:00:00Z,BTC,69382.0,1385728784131.3308,43507560028.81089,,-2.987631257703242,coingecko,2026-03-19T15:55:06Z
2026-03-19T15:00:00Z,ETH,2120.4,255532720034.9637,24462415867.618565,,-3.1213321063262334,coingecko,2026-03-19T15:55:06Z
2026-03-19T15:00:00Z,BNB,637.47,86817733989.70357,884335683.5660497,,-1.7213165766635323,coingecko,2026-03-19T15:55:06Z
2026-03-19T16:00:00Z,BTC,69434.0,1388897584651.9175,48006227639.35135,,-2.655735455185487,coingecko,2026-03-19T16:58:50Z
2026-03-19T16:00:00Z,ETH,2113.94,255202580975.3056,26021355623.596912,,-3.117427005618216,coingecko,2026-03-19T16:58:50Z
2026-03-19T16:00:00Z,BNB,635.77,86700852663.92976,1152296263.412603,,-2.028463196931423,coingecko,2026-03-19T16:58:50Z
2026-03-19T17:00:00Z,BTC,69848.0,1397039926952.1592,47300118737.18619,,-2.482712772859136,coingecko,2026-03-19T17:56:22Z
2026-03-19T17:00:00Z,ETH,2127.55,256804641982.2504,25492637791.048725,,-3.4501272790353887,coingecko,2026-03-19T17:56:22Z
2026-03-19T17:00:00Z,BNB,638.17,86971519610.16382,1145214704.6086595,,-1.861713078247377,coingecko,2026-03-19T17:56:22Z
2026-03-19T19:00:00Z,BTC,70356.0,1408067017266.0508,44144730111.86883,,-0.980105497311619,coingecko,2026-03-19T19:50:52Z
2026-03-19T19:00:00Z,ETH,2144.16,259045847797.42084,24108883092.163525,,-1.8135100705472016,coingecko,2026-03-19T19:50:52Z
2026-03-19T19:00:00Z,BNB,640.8,87384439986.94469,1125552187.8860052,,-1.0571186499719445,coingecko,2026-03-19T19:50:52Z
2026-03-19T20:00:00Z,BTC,70445.0,1408948566650.973,45746467070.17664,,-1.0692694629755894,coingecko,2026-03-19T20:38:27Z
2026-03-19T20:00:00Z,ETH,2144.61,258755778451.5987,23874679370.72636,,-1.8211776207061043,coingecko,2026-03-19T20:38:27Z
2026-03-19T20:00:00Z,BNB,641.27,87413742742.21823,1093033615.4185374,,-1.2613031723762236,coingecko,2026-03-19T20:38:27Z
2026-03-19T21:00:00Z,BTC,70484.0,1410833586692.5596,45770581333.29282,,-1.1726501978975288,coingecko,2026-03-19T21:36:06Z
2026-03-19T21:00:00Z,ETH,2147.92,259254942235.47177,24066351916.268795,,-2.357374115536474,coingecko,2026-03-19T21:36:06Z
2026-03-19T21:00:00Z,BNB,642.61,87672835532.76683,1086572715.225484,,-1.442749039856603,coingecko,2026-03-19T21:36:06Z
2026-03-19T22:00:00Z,BTC,70393.0,1408235811821.979,45361096993.43153,,-0.9426859817508948,coingecko,2026-03-19T22:29:19Z
2026-03-19T22:00:00Z,ETH,2150.85,259564987009.52377,23145012047.63258,,-1.908949174068024,coingecko,2026-03-19T22:29:19Z
2026-03-19T22:00:00Z,BNB,641.88,87534879298.92644,1068354209.2667131,,-1.4578762570345498,coingecko,2026-03-19T22:29:19Z
2026-03-19T23:00:00Z,BTC,70143.0,1401662870593.7793,45978962489.650764,,-1.6441137571375748,coingecko,2026-03-19T23:30:23Z
2026-03-19T23:00:00Z,ETH,2142.08,258226739218.5045,24222789891.911846,,-2.707686412291925,coingecko,2026-03-19T23:30:23Z
2026-03-19T23:00:00Z,BNB,639.99,87184105129.17706,1102049937.611931,,-1.838402561797964,coingecko,2026-03-19T23:30:23Z
2026-03-20T02:00:00Z,BTC,70388.0,1407478704431.2148,45908431858.6061,,-1.0414320007130806,coingecko,2026-03-20T02:05:01Z
2026-03-20T02:00:00Z,ETH,2148.97,259314696410.3699,23241263065.68584,,-2.243554040343745,coingecko,2026-03-20T02:05:01Z
2026-03-20T02:00:00Z,BNB,641.67,87485237822.57121,1073676423.0771753,,-1.415879736146737,coingecko,2026-03-20T02:05:01Z
2026-03-20T04:00:00Z,BTC,70589.0,1411914605465.0627,44957591080.25503,,-0.2368991446624056,coingecko,2026-03-20T04:47:06Z
2026-03-20T04:00:00Z,ETH,2140.38,258305665193.03305,22283704112.76969,,-2.389201468067011,coingecko,2026-03-20T04:47:06Z
2026-03-20T04:00:00Z,BNB,641.99,87553665295.3066,1081005503.0237598,,-1.0192701838112217,coingecko,2026-03-20T04:47:06Z
2026-03-20T05:00:00Z,BTC,70660.0,1413510590701.185,45129301447.59104,,-0.2378541798494094,coingecko,2026-03-20T05:52:36Z
2026-03-20T05:00:00Z,ETH,2143.26,258745382305.6857,23591529964.94591,,-2.1589947714268143,coingecko,2026-03-20T05:52:36Z
2026-03-20T05:00:00Z,BNB,643.83,87783870984.11377,1081947932.7454696,,-0.8595430900190372,coingecko,2026-03-20T05:52:36Z
2026-03-20T06:00:00Z,BTC,70502.0,1410265167286.393,44942289146.70023,,-0.0698637609906582,coingecko,2026-03-20T06:56:04Z
2026-03-20T06:00:00Z,ETH,2137.68,258000635680.13785,22420454514.86045,,-1.9318679092561315,coingecko,2026-03-20T06:56:04Z
2026-03-20T06:00:00Z,BNB,642.41,87597445301.35744,1087997812.248776,,-0.9207859677490676,coingecko,2026-03-20T06:56:04Z
2026-03-20T07:00:00Z,BTC,70861.0,1416304422314.327,42635393831.02793,,1.1720374210360305,coingecko,2026-03-20T07:46:50Z
2026-03-20T07:00:00Z,ETH,2151.66,259441057705.0836,22043142545.113003,,-0.6300426980575289,coingecko,2026-03-20T07:46:50Z
2026-03-20T07:00:00Z,BNB,644.27,87844234516.98238,1042860868.2252808,,-0.2437450404888262,coingecko,2026-03-20T07:46:50Z
2026-03-20T08:00:00Z,BTC,71147.0,1423241494862.2969,43086936270.5146,,1.583738280930852,coingecko,2026-03-20T08:40:47Z
2026-03-20T08:00:00Z,ETH,2164.42,261210277404.6593,21896679560.07178,,0.1640791695083886,coingecko,2026-03-20T08:40:47Z
2026-03-20T08:00:00Z,BNB,646.53,88150628300.33011,1047281692.7738488,,0.3255222947286682,coingecko,2026-03-20T08:40:47Z
2026-03-20T09:00:00Z,BTC,70674.0,1414256564287.0571,43099467470.73587,,0.3308258887812869,coingecko,2026-03-20T09:41:31Z
2026-03-20T09:00:00Z,ETH,2145.78,259157833449.54483,21390797759.607018,,-1.7426901778381936,coingecko,2026-03-20T09:41:31Z
2026-03-20T09:00:00Z,BNB,643.04,87659697299.95587,1023676856.439792,,-0.5896240097844582,coingecko,2026-03-20T09:41:31Z
2026-03-20T10:00:00Z,BTC,70450.0,1408415922343.523,42882476318.82072,,0.2739632856660535,coingecko,2026-03-20T10:38:25Z
2026-03-20T10:00:00Z,ETH,2140.18,258188451302.112,22201029185.615494,,-1.7425908654986104,coingecko,2026-03-20T10:38:25Z
2026-03-20T10:00:00Z,BNB,641.68,87490510494.97568,1042493245.489758,,-0.832404935046026,coingecko,2026-03-20T10:38:25Z
2026-03-20T11:00:00Z,BTC,70693.0,1414068961517.5166,42649269466.03848,,0.7238510303839654,coingecko,2026-03-20T11:32:09Z
2026-03-20T11:00:00Z,ETH,2148.93,259357594708.4364,21520409044.96748,,-1.1674784434668863,coingecko,2026-03-20T11:32:09Z
2026-03-20T11:00:00Z,BNB,642.75,87643943508.73773,1039386841.0035436,,-0.3865310807130695,coingecko,2026-03-20T11:32:09Z
2026-03-20T12:00:00Z,BTC,70314.0,1406371328463.378,41167601930.038895,,1.4649380031787431,coingecko,2026-03-20T12:59:48Z
2026-03-20T12:00:00Z,ETH,2140.22,258258934151.2517,20864320336.15725,,0.3503589120797789,coingecko,2026-03-20T12:59:48Z
2026-03-20T12:00:00Z,BNB,641.21,87425134512.40497,1022527371.7171718,,0.3236992903363917,coingecko,2026-03-20T12:59:48Z
2026-03-20T14:00:00Z,BTC,69857.0,1395401678848.4622,40682500679.56152,,0.004428761454773,coingecko,2026-03-20T14:04:55Z
2026-03-20T14:00:00Z,ETH,2126.56,256184164748.3213,20368320287.2414,,-0.4672727661900352,coingecko,2026-03-20T14:04:55Z
2026-03-20T14:00:00Z,BNB,637.87,86947959131.49579,1026526486.6126928,,-0.467432192402444,coingecko,2026-03-20T14:04:55Z
2026-03-20T15:00:00Z,BTC,69894.0,1398338803024.214,40799522954.14448,,1.393253684225079,coingecko,2026-03-20T15:42:31Z
2026-03-20T15:00:00Z,ETH,2130.92,257386442633.88083,18702251692.55926,,1.0465524779874018,coingecko,2026-03-20T15:42:31Z
2026-03-20T15:00:00Z,BNB,639.85,87249102634.4699,1040288619.77442,,0.6594707539485554,coingecko,2026-03-20T15:42:31Z
2026-03-20T16:00:00Z,BTC,69761.0,1395087083068.5083,39570994844.50236,,0.3378298790988016,coingecko,2026-03-20T16:43:37Z
2026-03-20T16:00:00Z,ETH,2134.81,257594732666.9257,18454123692.150017,,0.8416605590059859,coingecko,2026-03-20T16:43:37Z
2026-03-20T16:00:00Z,BNB,640.06,87275490760.65804,991402615.5983616,,0.6201515660213316,coingecko,2026-03-20T16:43:37Z
2026-03-20T17:00:00Z,BTC,69559.0,1392210831502.3225,39138253950.91655,,0.0332245303812421,coingecko,2026-03-20T17:36:17Z
2026-03-20T17:00:00Z,ETH,2126.06,256899616534.2163,17350285405.037716,,0.4406900099191567,coingecko,2026-03-20T17:36:17Z
2026-03-20T17:00:00Z,BNB,638.24,87057582014.12305,995336948.4524906,,0.2376687050343396,coingecko,2026-03-20T17:36:17Z
2026-03-20T18:00:00Z,BTC,69730.0,1396518037825.5703,40104450506.59129,,0.0606477857816757,coingecko,2026-03-20T18:51:23Z
2026-03-20T18:00:00Z,ETH,2123.15,256608353842.7088,18380298359.34432,,0.2061587954665373,coingecko,2026-03-20T18:51:23Z
2026-03-20T18:00:00Z,BNB,637.95,87053374056.60458,1011353553.6982294,,0.2086201600023209,coingecko,2026-03-20T18:51:23Z
2026-03-20T19:00:00Z,BTC,69708.0,1394766569393.9478,39286403940.27637,,-0.8846102702172393,coingecko,2026-03-20T19:37:45Z
2026-03-20T19:00:00Z,ETH,2119.11,256371113143.22708,17610120552.050823,,-1.141144951569152,coingecko,2026-03-20T19:37:45Z
2026-03-20T19:00:00Z,BNB,637.2,87013564749.11067,987753831.9267688,,-0.4437006583300063,coingecko,2026-03-20T19:37:45Z
2026-03-20T20:00:00Z,BTC,69863.0,1399218835928.049,38866235151.602646,,-0.7571298625693658,coingecko,2026-03-20T20:33:31Z
2026-03-20T20:00:00Z,ETH,2125.27,257035385681.78204,17712822097.51306,,-0.8139937687574572,coingecko,2026-03-20T20:33:31Z
2026-03-20T20:00:00Z,BNB,638.26,87051076543.13484,974631539.0984148,,-0.4227662693028589,coingecko,2026-03-20T20:33:31Z
2026-03-20T21:00:00Z,BTC,70477.0,1409152416878.135,38210744878.58861,,-0.1089277135180251,coingecko,2026-03-20T21:31:18Z
2026-03-20T21:00:00Z,ETH,2150.35,259471649222.50403,17703239356.505104,,0.1445414352917489,coingecko,2026-03-20T21:31:18Z
2026-03-20T21:00:00Z,BNB,642.02,87544780103.84145,977363534.696136,,-0.1051739314826137,coingecko,2026-03-20T21:31:18Z
2026-03-20T22:00:00Z,BTC,70710.0,1414766136103.1096,39716438293.353806,,0.4424818680037241,coingecko,2026-03-20T22:29:20Z
2026-03-20T22:00:00Z,ETH,2156.51,260240004123.91104,17120950592.906937,,0.2399081023044671,coingecko,2026-03-20T22:29:20Z
2026-03-20T22:00:00Z,BNB,643.33,87722594693.58665,973994408.4714668,,0.2109529920594235,coingecko,2026-03-20T22:29:20Z
2026-03-20T23:00:00Z,BTC,70476.0,1410417006440.99,39364446018.57135,,0.4794294466390235,coingecko,2026-03-20T23:29:12Z
2026-03-20T23:00:00Z,ETH,2146.48,259135627920.88745,17063087877.742628,,0.2223054281685312,coingecko,2026-03-20T23:29:12Z
2026-03-20T23:00:00Z,BNB,642.25,87571348903.8081,971270565.7470148,,0.3629752977814134,coingecko,2026-03-20T23:29:12Z
2026-03-21T01:00:00Z,BTC,70492.0,1409954296872.0735,36820648397.7366,,0.0924120568096536,coingecko,2026-03-21T01:59:14Z
2026-03-21T01:00:00Z,ETH,2148.06,259253753442.5175,16421508329.921864,,-0.1951228610975018,coingecko,2026-03-21T01:59:14Z
2026-03-21T01:00:00Z,BNB,640.58,87343221228.76857,921802739.5811864,,-0.2921794702772718,coingecko,2026-03-21T01:59:14Z
2026-03-21T04:00:00Z,BTC,70735.0,1415127879549.3826,35615297074.094025,,-0.2771538993553699,coingecko,2026-03-21T04:11:13Z
2026-03-21T04:00:00Z,ETH,2155.6,260262070749.91205,15963418863.93149,,-0.0779895011071007,coingecko,2026-03-21T04:11:13Z
2026-03-21T04:00:00Z,BNB,642.91,87667313001.04959,879863736.6456779,,-0.380855667085252,coingecko,2026-03-21T04:11:13Z
2026-03-21T05:00:00Z,BTC,70733.0,1415326437244.7195,36135745754.72859,,0.0534989757379249,coingecko,2026-03-21T05:41:22Z
2026-03-21T05:00:00Z,ETH,2154.26,260099652875.8906,15786647870.021664,,0.4666831530730703,coingecko,2026-03-21T05:41:22Z
2026-03-21T05:00:00Z,BNB,642.83,87677409133.90848,886531618.6670197,,-0.1041963045719349,coingecko,2026-03-21T05:41:22Z
2026-03-21T06:00:00Z,BTC,70772.0,1415306577787.8628,36005935711.1498,,0.4680438653732811,coingecko,2026-03-21T06:43:22Z
2026-03-21T06:00:00Z,ETH,2155.27,260009152086.71747,15507236311.199345,,0.8954973640784458,coingecko,2026-03-21T06:43:22Z
2026-03-21T06:00:00Z,BNB,643.11,87672041260.86586,868460881.1949123,,0.1885201965072845,coingecko,2026-03-21T06:43:22Z
2026-03-21T07:00:00Z,BTC,70799.0,1417388267956.2244,35749962539.49017,,0.3430394648525174,coingecko,2026-03-21T07:33:42Z
2026-03-21T07:00:00Z,ETH,2157.56,260622273283.7853,15104690926.794617,,0.679454609250317,coingecko,2026-03-21T07:33:42Z
2026-03-21T07:00:00Z,BNB,643.98,87828837507.54707,864809473.5636173,,0.1997409251593128,coingecko,2026-03-21T07:33:42Z
2026-03-21T08:00:00Z,BTC,70563.0,1410307358186.4863,34015608434.933773,,-0.8367499025206335,coingecko,2026-03-21T08:34:02Z
2026-03-21T08:00:00Z,ETH,2151.47,259498022826.5832,14185297562.663946,,-0.5789830389958756,coingecko,2026-03-21T08:34:02Z
2026-03-21T08:00:00Z,BNB,642.42,87565258153.26424,833908731.2111009,,-0.6066242789750259,coingecko,2026-03-21T08:34:02Z
2026-03-21T09:00:00Z,BTC,70579.0,1411715328053.9548,32533679965.768383,,-0.0653611030334612,coingecko,2026-03-21T09:32:17Z
2026-03-21T09:00:00Z,ETH,2155.16,260067742698.7408,13624710299.694418,,0.45401544635421,coingecko,2026-03-21T09:32:17Z
2026-03-21T09:00:00Z,BNB,643.29,87734897364.95442,803941842.2506312,,0.1209211552014019,coingecko,2026-03-21T09:32:17Z
2026-03-21T10:00:00Z,BTC,70565.0,1411388611822.3796,32244403858.89833,,0.3618453250135428,coingecko,2026-03-21T10:27:21Z
2026-03-21T10:00:00Z,ETH,2153.95,259927652770.25305,13130798457.77722,,0.8651796932337948,coingecko,2026-03-21T10:27:21Z
2026-03-21T10:00:00Z,BNB,642.37,87597237093.94868,802693091.208271,,0.207598826205956,coingecko,2026-03-21T10:27:21Z
2026-03-21T11:00:00Z,BTC,70577.0,1411684637465.9785,31788942406.00637,,-0.0980470321773864,coingecko,2026-03-21T11:23:36Z
2026-03-21T11:00:00Z,ETH,2154.85,260024406432.0781,12691412512.822868,,0.2084205998757261,coingecko,2026-03-21T11:23:36Z
2026-03-21T11:00:00Z,BNB,643.07,87682568391.86687,772736765.721229,,0.0066596378349107,coingecko,2026-03-21T11:23:36Z
2026-03-21T12:00:00Z,BTC,70702.0,1415000621391.9648,30956457697.275154,,0.5971933803711025,coingecko,2026-03-21T12:49:27Z
2026-03-21T12:00:00Z,ETH,2157.02,260460351631.36743,12916449749.74352,,0.8907100986666101,coingecko,2026-03-21T12:49:27Z
2026-03-21T12:00:00Z,BNB,643.87,87809432773.99274,754586405.5872992,,0.4530258994029952,coingecko,2026-03-21T12:49:27Z
2026-03-21T13:00:00Z,BTC,70712.0,1414445552104.2002,29521665867.471825,,0.6901978621364715,coingecko,2026-03-21T13:42:36Z
2026-03-21T13:00:00Z,ETH,2154.6,260042266831.4887,11648884473.672554,,0.7791233253713103,coingecko,2026-03-21T13:42:36Z
2026-03-21T13:00:00Z,BNB,643.42,87735379584.90443,723727137.2245215,,0.4158477620376716,coingecko,2026-03-21T13:42:36Z
2026-03-21T14:00:00Z,BTC,70925.0,1418759255199.0657,27968855141.43445,,1.470966259422692,coingecko,2026-03-21T14:27:42Z
2026-03-21T14:00:00Z,ETH,2161.51,260877734246.5197,10716997154.890854,,1.251163941270901,coingecko,2026-03-21T14:27:42Z
2026-03-21T14:00:00Z,BNB,645.19,87976810894.02467,677220885.0465986,,0.8382638298237167,coingecko,2026-03-21T14:27:42Z
2026-03-21T15:00:00Z,BTC,70602.0,1411878689917.061,26493415492.92781,,1.2056364684655747,coingecko,2026-03-21T15:26:41Z
2026-03-21T15:00:00Z,ETH,2151.25,259509048863.0383,10213125561.545675,,1.0235604518832655,coingecko,2026-03-21T15:26:41Z
2026-03-21T15:00:00Z,BNB,642.05,87541276590.16971,651047456.5691216,,0.4783197803880095,coingecko,2026-03-21T15:26:41Z
2026-03-21T16:00:00Z,BTC,70417.0,1410492969093.882,25341962853.77993,,0.7606508672009825,coingecko,2026-03-21T16:30:26Z
2026-03-21T16:00:00Z,ETH,2149.23,259630080761.37027,10847826488.985607,,0.6001952788804668,coingecko,2026-03-21T16:30:26Z
2026-03-21T16:00:00Z,BNB,641.7,87535997332.25644,639156367.072838,,0.1504048191358262,coingecko,2026-03-21T16:30:26Z
2026-03-21T17:00:00Z,BTC,70363.0,1406986126899.917,24568239889.22254,,1.0234291383970762,coingecko,2026-03-21T17:26:15Z
2026-03-21T17:00:00Z,ETH,2147.59,259112843241.8344,9578402484.521158,,0.7866052746847157,coingecko,2026-03-21T17:26:15Z
2026-03-21T17:00:00Z,BNB,641.29,87440150371.735,614202457.274567,,0.3119817339021602,coingecko,2026-03-21T17:26:15Z
2026-03-21T18:00:00Z,BTC,70453.0,1409137401453.8804,22988321707.02516,,1.194403340272875,coingecko,2026-03-21T18:37:14Z
2026-03-21T18:00:00Z,ETH,2152.87,259849541814.1692,9153411445.474983,,1.5575571507202146,coingecko,2026-03-21T18:37:14Z
2026-03-21T18:00:00Z,BNB,641.8,87503263660.2816,588598455.2861797,,0.7918935227012517,coingecko,2026-03-21T18:37:14Z
2026-03-21T19:00:00Z,BTC,70414.0,1408487570686.5454,22142826433.09613,,0.8136812657923707,coingecko,2026-03-21T19:24:36Z
2026-03-21T19:00:00Z,ETH,2151.92,259726063145.411,8112681951.829094,,1.3223010814394194,coingecko,2026-03-21T19:24:36Z
2026-03-21T19:00:00Z,BNB,641.45,87468851574.74026,570713586.5876445,,0.4712831249636818,coingecko,2026-03-21T19:24:36Z
2026-03-21T20:00:00Z,BTC,70440.0,1409060920163.7815,21239161121.744293,,0.6960034032636487,coingecko,2026-03-21T20:27:42Z
2026-03-21T20:00:00Z,ETH,2153.7,259936664333.61124,8321946261.723484,,1.1382254529505749,coingecko,2026-03-21T20:27:42Z
2026-03-21T20:00:00Z,BNB,641.94,87544325443.54323,546768819.812621,,0.4658811550918899,coingecko,2026-03-21T20:27:42Z
2026-03-21T21:00:00Z,BTC,70351.0,1407265095111.4614,20252879885.00415,,-0.1615240844697896,coingecko,2026-03-21T21:25:59Z
2026-03-21T21:00:00Z,ETH,2153.7,259928370770.77185,7340696553.859682,,0.191115443232475,coingecko,2026-03-21T21:25:59Z
2026-03-21T21:00:00Z,BNB,641.98,87545753338.22574,511013268.3422108,,0.0347831575156157,coingecko,2026-03-21T21:25:59Z
2026-03-21T22:00:00Z,BTC,70278.0,1405777073245.715,20295405202.86396,,-0.6122781924668604,coingecko,2026-03-21T22:25:23Z
2026-03-21T22:00:00Z,ETH,2150.63,259556635236.9925,7405993992.797935,,-0.282340181331684,coingecko,2026-03-21T22:25:23Z
2026-03-21T22:00:00Z,BNB,641.4,87468692618.19089,526218059.2632832,,-0.3158790499209994,coingecko,2026-03-21T22:25:23Z
2026-03-21T23:00:00Z,BTC,70176.0,1403507785844.002,20354288205.32101,,-0.4282803274587362,coingecko,2026-03-21T23:25:30Z
2026-03-21T23:00:00Z,ETH,2146.78,259047207127.02545,6672549632.544928,,0.0097614065603176,coingecko,2026-03-21T23:25:30Z
2026-03-21T23:00:00Z,BNB,641.65,87476444746.07921,523764843.5153132,,-0.0829186162709652,coingecko,2026-03-21T23:25:30Z
2026-03-22T02:00:00Z,BTC,68970.0,1380559363876.0198,26467848245.2373,,-2.136823888366376,coingecko,2026-03-22T02:11:44Z
2026-03-22T02:00:00Z,ETH,2088.17,252403039144.74945,9427214411.13008,,-2.780587443871076,coingecko,2026-03-22T02:11:44Z
2026-03-22T02:00:00Z,BNB,631.45,86133623891.92604,684993780.6942557,,-1.3726190360497754,coingecko,2026-03-22T02:11:44Z
2026-03-22T04:00:00Z,BTC,69319.0,1387081325258.5532,27692260313.665043,,-1.8420712282929408,coingecko,2026-03-22T04:52:43Z
2026-03-22T04:00:00Z,ETH,2119.8,255766013757.89407,11307087655.998468,,-1.4754785353462938,coingecko,2026-03-22T04:52:43Z
2026-03-22T04:00:00Z,BNB,635.04,86595778445.29614,747170160.9829783,,-1.0557383307360022,coingecko,2026-03-22T04:52:43Z
2026-03-22T05:00:00Z,BTC,69160.0,1384070674550.7744,27222165212.614548,,-2.170740838946798,coingecko,2026-03-22T05:54:00Z
2026-03-22T05:00:00Z,ETH,2114.43,255321243172.9193,11220257261.37753,,-1.806618026786721,coingecko,2026-03-22T05:54:00Z
2026-03-22T05:00:00Z,BNB,633.25,86387879370.72215,761360420.8450937,,-1.4180370176113537,coingecko,2026-03-22T05:54:00Z
2026-03-22T06:00:00Z,BTC,69159.0,1383142752219.9631,26757168018.78353,,-2.2449466332593344,coingecko,2026-03-22T06:52:47Z
2026-03-22T06:00:00Z,ETH,2108.53,254477182861.6121,11512733656.674189,,-2.123732110012072,coingecko,2026-03-22T06:52:47Z
2026-03-22T06:00:00Z,BNB,633.44,86353213172.30017,769299795.7074413,,-1.49593678397346,coingecko,2026-03-22T06:52:47Z
2026-03-22T07:00:00Z,BTC,69089.0,1382057069677.815,26769714622.4715,,-2.368645895918526,coingecko,2026-03-22T07:39:05Z
2026-03-22T07:00:00Z,ETH,2104.34,254053100975.71228,11301710798.615402,,-2.4581988234957115,coingecko,2026-03-22T07:39:05Z
2026-03-22T07:00:00Z,BNB,633.17,86369060433.18245,772716660.625329,,-1.6846834637264982,coingecko,2026-03-22T07:39:05Z
2026-03-22T08:00:00Z,BTC,68660.0,1373836749916.7903,27329734304.43393,,-2.753465049845474,coingecko,2026-03-22T08:35:16Z
2026-03-22T08:00:00Z,ETH,2078.85,250946492225.4627,12226506362.611565,,-3.411484757220032,coingecko,2026-03-22T08:35:16Z
2026-03-22T08:00:00Z,BNB,629.93,85896346094.5155,790593974.7658198,,-1.9547948763485004,coingecko,2026-03-22T08:35:16Z
2026-03-22T09:00:00Z,BTC,68669.0,1373180132764.8877,27649034712.38745,,-2.729167863962422,coingecko,2026-03-22T09:32:56Z
2026-03-22T09:00:00Z,ETH,2082.75,251261443842.7238,12512061002.518051,,-3.3891919198218226,coingecko,2026-03-22T09:32:56Z
2026-03-22T09:00:00Z,BNB,630.23,85928123286.28557,798366317.0964895,,-2.0179548112441363,coingecko,2026-03-22T09:32:56Z
2026-03-22T10:00:00Z,BTC,68707.0,1374442835572.892,26530958181.87349,,-2.646748365968109,coingecko,2026-03-22T10:28:25Z
2026-03-22T10:00:00Z,ETH,2083.07,251411721868.2539,12423303169.48163,,-3.308103991853196,coingecko,2026-03-22T10:28:25Z
2026-03-22T10:00:00Z,BNB,630.36,85962388197.96733,799253377.7050508,,-1.8847567729007813,coingecko,2026-03-22T10:28:25Z
2026-03-22T11:00:00Z,BTC,68659.0,1372462367984.3674,27663769914.61311,,-2.721539430553729,coingecko,2026-03-22T11:24:31Z
2026-03-22T11:00:00Z,ETH,2082.45,251178641981.98343,12553847746.313513,,-3.360539139258804,coingecko,2026-03-22T11:24:31Z
2026-03-22T11:00:00Z,BNB,629.53,85795990410.99533,818537316.5108846,,-2.112485828541596,coingecko,2026-03-22T11:24:31Z
2026-03-22T12:00:00Z,BTC,68602.0,1371912504394.346,28769229094.14939,,-2.975785318126037,coingecko,2026-03-22T12:52:19Z
2026-03-22T12:00:00Z,ETH,2080.46,251057393396.1916,13417074993.030136,,-3.529004536220381,coingecko,2026-03-22T12:52:19Z
2026-03-22T12:00:00Z,BNB,629.43,85841707071.1399,843289894.1033055,,-2.211680086548732,coingecko,2026-03-22T12:52:19Z
2026-03-22T13:00:00Z,BTC,68599.0,1373069912496.2424,29393692183.868904,,-2.9849541278902514,coingecko,2026-03-22T13:44:43Z
2026-03-22T13:00:00Z,ETH,2075.48,250873681843.88885,13716040981.34571,,-3.682381744287983,coingecko,2026-03-22T13:44:43Z
2026-03-22T13:00:00Z,BNB,629.32,85866558549.61221,865469767.8396032,,-2.2191506940605272,coingecko,2026-03-22T13:44:43Z
2026-03-22T14:00:00Z,BTC,68792.0,1376265285132.3154,29133652944.954723,,-3.0077234785962785,coingecko,2026-03-22T14:28:31Z
2026-03-22T14:00:00Z,ETH,2078.95,251052588786.95444,13522164689.800243,,-3.815253418416454,coingecko,2026-03-22T14:28:31Z
2026-03-22T14:00:00Z,BNB,630.79,86034194032.80898,850236877.9343013,,-2.223486902149889,coingecko,2026-03-22T14:28:31Z
2026-03-22T15:00:00Z,BTC,68862.0,1377350690617.7734,29142664302.3539,,-2.520517279171483,coingecko,2026-03-22T15:27:13Z
2026-03-22T15:00:00Z,ETH,2079.1,250927976219.17697,13338393129.118507,,-3.378245462829557,coingecko,2026-03-22T15:27:13Z
2026-03-22T15:00:00Z,BNB,630.6,86005401034.95122,849523786.1534193,,-1.8118632623648965,coingecko,2026-03-22T15:27:13Z
2026-03-22T16:00:00Z,BTC,68688.0,1374452024352.9695,28600196491.97312,,-2.4885147507509875,coingecko,2026-03-22T16:31:21Z
2026-03-22T16:00:00Z,ETH,2078.7,250934224339.3996,14374851917.259396,,-3.298024910922213,coingecko,2026-03-22T16:31:21Z
2026-03-22T16:00:00Z,BNB,629.68,85867873265.9323,847616297.5524143,,-1.8701160837863675,coingecko,2026-03-22T16:31:21Z
2026-03-22T17:00:00Z,BTC,68773.0,1376441929584.8274,28441667378.106995,,-2.262981109529376,coingecko,2026-03-22T17:26:07Z
2026-03-22T17:00:00Z,ETH,2081.22,251335943549.58347,14524805855.122774,,-3.0872128342206344,coingecko,2026-03-22T17:26:07Z
2026-03-22T17:00:00Z,BNB,631.35,86134327258.42273,866243830.2398914,,-1.5720319666999514,coingecko,2026-03-22T17:26:07Z
2026-03-22T18:00:00Z,BTC,68440.0,1372300717687.1396,26361646229.77439,,-2.855814487654086,coingecko,2026-03-22T18:38:08Z
2026-03-22T18:00:00Z,ETH,2063.12,250316573191.0052,12820037090.954582,,-4.163002108447156,coingecko,2026-03-22T18:38:08Z
2026-03-22T18:00:00Z,BNB,629.26,85956708405.56961,879259342.17973,,-1.974092829548826,coingecko,2026-03-22T18:38:08Z
2026-03-22T19:00:00Z,BTC,68351.0,1367588745751.1956,29240114880.27807,,-2.929257920941374,coingecko,2026-03-22T19:26:26Z
2026-03-22T19:00:00Z,ETH,2061.7,248831633006.0798,12897029047.459642,,-4.200182874728884,coingecko,2026-03-22T19:26:26Z
2026-03-22T19:00:00Z,BNB,627.14,85539267319.71367,893186465.5662246,,-2.258821486882684,coingecko,2026-03-22T19:26:26Z
2026-03-22T20:00:00Z,BTC,68293.0,1366690255307.1326,29751858464.444416,,-3.03011796587054,coingecko,2026-03-22T20:28:44Z
2026-03-22T20:00:00Z,ETH,2063.87,249250003317.7767,15314064291.924282,,-4.15609880091735,coingecko,2026-03-22T20:28:44Z
2026-03-22T20:00:00Z,BNB,629.13,85787270463.47261,911552671.5662686,,-1.9873352075104955,coingecko,2026-03-22T20:28:44Z
2026-03-22T21:00:00Z,BTC,67648.0,1350514796844.2996,30833494545.830845,,-3.836972060343885,coingecko,2026-03-22T21:27:27Z
2026-03-22T21:00:00Z,ETH,2035.85,245220788146.0966,16199592542.902311,,-5.4836260477428,coingecko,2026-03-22T21:27:27Z
2026-03-22T21:00:00Z,BNB,624.16,85007329168.61975,962467028.0836368,,-2.788297254435561,coingecko,2026-03-22T21:27:27Z
2026-03-22T22:00:00Z,BTC,68194.0,1363488177952.2776,31530579044.628773,,-2.958783443832665,coingecko,2026-03-22T22:26:13Z
2026-03-22T22:00:00Z,ETH,2051.67,247414904275.9753,16093399214.08278,,-4.57242210977251,coingecko,2026-03-22T22:26:13Z
2026-03-22T22:00:00Z,BNB,627.45,85514823889.85477,994681662.6811703,,-2.205749235662818,coingecko,2026-03-22T22:26:13Z
2026-03-22T23:00:00Z,BTC,68145.0,1363474238635.3896,32118024582.90612,,-2.8262122070443723,coingecko,2026-03-22T23:28:58Z
2026-03-22T23:00:00Z,ETH,2062.8,248979291199.4857,17069375755.433794,,-3.822014525545244,coingecko,2026-03-22T23:28:58Z
2026-03-22T23:00:00Z,BNB,628.84,85782268501.0153,998189016.8016986,,-1.957096939342484,coingecko,2026-03-22T23:28:58Z
2026-03-23T02:00:00Z,BTC,67990.0,1359151638310.3516,28639094372.49,,-1.4964525364253716,coingecko,2026-03-23T02:12:26Z
2026-03-23T02:00:00Z,ETH,2052.65,247154473400.7417,14743277636.906996,,-1.7859602463819124,coingecko,2026-03-23T02:12:26Z
2026-03-23T02:00:00Z,BNB,626.76,85412746967.16354,920076566.5235964,,-0.7842550029171672,coingecko,2026-03-23T02:12:26Z
2026-03-23T05:00:00Z,BTC,68632.0,1372757707769.042,28375854575.48885,,-0.9234271321655002,coingecko,2026-03-23T05:03:30Z
2026-03-23T05:00:00Z,ETH,2066.82,249447014475.437,13271154027.112623,,-2.453261809494263,coingecko,2026-03-23T05:03:30Z
2026-03-23T05:00:00Z,BNB,629.81,85820105933.9141,886280997.3821492,,-0.7282709289096216,coingecko,2026-03-23T05:03:30Z
2026-03-23T07:00:00Z,BTC,67767.0,1354255222415.1162,31206996836.95994,,-2.021427442463999,coingecko,2026-03-23T07:10:53Z
2026-03-23T07:00:00Z,ETH,2033.31,245365363079.4349,14084532990.66856,,-3.618620229775644,coingecko,2026-03-23T07:10:53Z
2026-03-23T07:00:00Z,BNB,622.17,84821276361.42253,926816021.962368,,-1.818370147011724,coingecko,2026-03-23T07:10:53Z
2026-03-23T08:00:00Z,BTC,68388.0,1369776591767.5583,33900917230.48456,,-0.5928386887840023,coingecko,2026-03-23T08:56:48Z
2026-03-23T08:00:00Z,ETH,2047.52,247160511744.81995,15166603940.583036,,-1.8661548013876537,coingecko,2026-03-23T08:56:48Z
2026-03-23T08:00:00Z,BNB,624.16,85108666152.88994,943221466.6339282,,-1.0432612418531246,coingecko,2026-03-23T08:56:48Z
2026-03-23T10:00:00Z,BTC,68348.0,1366009899111.9604,33458641156.25785,,-0.6599717897472165,coingecko,2026-03-23T10:05:04Z
2026-03-23T10:00:00Z,ETH,2043.61,246468906909.34903,15062014746.517946,,-1.9923779439346825,coingecko,2026-03-23T10:05:04Z
2026-03-23T10:00:00Z,BNB,625.58,85281343188.26448,938517252.8803664,,-0.8787024540740419,coingecko,2026-03-23T10:05:04Z
2026-03-23T11:00:00Z,BTC,70691.0,1413423570176.1736,39232823818.7034,,3.3894663628451567,coingecko,2026-03-23T11:43:41Z
2026-03-23T11:00:00Z,ETH,2157.68,260325256312.8882,19985905562.828342,,4.042767391660053,coingecko,2026-03-23T11:43:41Z
2026-03-23T11:00:00Z,BNB,643.34,87714067686.63423,1269668034.748554,,2.347887570448973,coingecko,2026-03-23T11:43:41Z
2026-03-23T13:00:00Z,BTC,70620.0,1413968092341.7551,46082323057.75311,,2.5654933563876985,coingecko,2026-03-23T13:08:07Z
2026-03-23T13:00:00Z,ETH,2141.49,258718584280.7616,23077678230.87608,,2.547454424800366,coingecko,2026-03-23T13:08:07Z
2026-03-23T13:00:00Z,BNB,644.46,87967819289.15392,1365258018.4748518,,2.096151317869853,coingecko,2026-03-23T13:08:07Z
2026-03-23T14:00:00Z,BTC,71235.0,1423759537007.767,49674256195.54508,,3.6916389685612656,coingecko,2026-03-23T14:55:30Z
2026-03-23T14:00:00Z,ETH,2174.34,262277028490.4407,25932284739.908463,,4.642618131181753,coingecko,2026-03-23T14:55:30Z
2026-03-23T14:00:00Z,BNB,644.92,87920543239.50006,1528377876.8327892,,2.387842155802035,coingecko,2026-03-23T14:55:30Z
2026-03-23T16:00:00Z,BTC,70124.0,1403697295352.399,52798286154.59117,,1.8918934015738893,coingecko,2026-03-23T16:00:12Z
2026-03-23T16:00:00Z,ETH,2126.17,256911560246.49573,26328522366.79709,,2.130826411674921,coingecko,2026-03-23T16:00:12Z
2026-03-23T16:00:00Z,BNB,636.9,86902825723.70227,1576663866.942156,,1.1374273061796587,coingecko,2026-03-23T16:00:12Z
2026-03-23T17:00:00Z,BTC,70508.0,1411316362838.15,55070213806.51751,,2.487143069719138,coingecko,2026-03-23T17:04:10Z
2026-03-23T17:00:00Z,ETH,2135.24,257939273841.796,28669139334.06092,,2.5648398242691344,coingecko,2026-03-23T17:04:10Z
2026-03-23T17:00:00Z,BNB,635.47,86681688597.9942,1680119343.460976,,0.7748103850488347,coingecko,2026-03-23T17:04:10Z
2026-03-23T18:00:00Z,BTC,70993.0,1419825712173.2634,56271426297.249695,,3.5297506369936347,coingecko,2026-03-23T18:55:31Z
2026-03-23T18:00:00Z,ETH,2160.47,260581944421.15723,27412851966.38578,,4.379942472832456,coingecko,2026-03-23T18:55:31Z
2026-03-23T18:00:00Z,BNB,638.52,87058837218.70935,1758518101.2123532,,1.475659847896822,coingecko,2026-03-23T18:55:31Z
2026-03-23T19:00:00Z,BTC,70843.0,1418263288792.8015,56947433823.06143,,3.877480416178948,coingecko,2026-03-23T19:49:28Z
2026-03-23T19:00:00Z,ETH,2158.71,260808214459.4337,29972076609.37423,,4.756583147591107,coingecko,2026-03-23T19:49:28Z
2026-03-23T19:00:00Z,BNB,638.38,87057701416.41656,1760847243.41187,,1.675107844509808,coingecko,2026-03-23T19:49:28Z
2026-03-23T20:00:00Z,BTC,70925.0,1417890986289.877,57276016404.96495,,3.923997924635492,coingecko,2026-03-23T20:38:13Z
2026-03-23T20:00:00Z,ETH,2163.77,260871317218.24524,30065133847.16927,,4.941215469463267,coingecko,2026-03-23T20:38:13Z
2026-03-23T20:00:00Z,BNB,638.99,87071123387.12607,1759460416.145955,,1.6387490842785533,coingecko,2026-03-23T20:38:13Z
2026-03-23T21:00:00Z,BTC,70949.0,1418312600578.6982,54700679116.93798,,4.760146160090625,coingecko,2026-03-23T21:36:44Z
2026-03-23T21:00:00Z,ETH,2159.89,260403412958.7919,29164080807.92591,,5.773641454056632,coingecko,2026-03-23T21:36:44Z
2026-03-23T21:00:00Z,BNB,639.98,87262656848.01637,1730038543.7749698,,2.393002824770708,coingecko,2026-03-23T21:36:44Z
2026-03-23T22:00:00Z,BTC,70557.0,1412575757594.476,54586175244.50074,,3.380481147974628,coingecko,2026-03-23T22:33:22Z
2026-03-23T22:00:00Z,ETH,2146.08,259323129930.78143,28733312521.260868,,4.191345820220536,coingecko,2026-03-23T22:33:22Z
2026-03-23T22:00:00Z,BNB,637.63,86980154195.159,1723134110.1804204,,1.4019428976189738,coingecko,2026-03-23T22:33:22Z
2026-03-23T23:00:00Z,BTC,70671.0,1413626523003.609,53161184638.682434,,3.916621196957428,coingecko,2026-03-23T23:32:53Z
2026-03-23T23:00:00Z,ETH,2147.51,259186169714.46127,27679310174.85595,,4.32929904052094,coingecko,2026-03-23T23:32:53Z
2026-03-23T23:00:00Z,BNB,637.5,86935175785.48782,1637306026.3349934,,1.5463743877263294,coingecko,2026-03-23T23:32:53Z
2026-03-24T02:00:00Z,BTC,70530.0,1409842905307.4414,50862404314.77013,,3.877016512430116,coingecko,2026-03-24T02:04:31Z
2026-03-24T02:00:00Z,ETH,2138.68,257845659210.8445,27374560348.990368,,4.483888215556451,coingecko,2026-03-24T02:04:31Z
2026-03-24T02:00:00Z,BNB,633.9,86374828845.42482,1664770035.9507797,,1.199633214388107,coingecko,2026-03-24T02:04:31Z
2026-03-24T04:00:00Z,BTC,70316.0,1405904947359.081,51208721799.9,,2.7511193854852545,coingecko,2026-03-24T04:53:42Z
2026-03-24T04:00:00Z,ETH,2133.68,257387551811.44656,27360959825.29054,,3.603852606463383,coingecko,2026-03-24T04:53:42Z
2026-03-24T04:00:00Z,BNB,629.28,85790167677.2496,1662637290.7040832,,0.1068217413782771,coingecko,2026-03-24T04:53:42Z
2026-03-24T06:00:00Z,BTC,70252.0,1405364963331.3213,50183987179.39336,,2.027645435195565,coingecko,2026-03-24T06:00:12Z
2026-03-24T06:00:00Z,ETH,2132.74,257476959431.41388,28149807444.211803,,3.124174989669202,coingecko,2026-03-24T06:00:12Z
2026-03-24T06:00:00Z,BNB,628.94,85783386568.7789,1705089659.5906715,,-0.4213627619997614,coingecko,2026-03-24T06:00:12Z
2026-03-24T07:00:00Z,BTC,70820.0,1415860735645.0916,50119782434.77809,,4.262430388676288,coingecko,2026-03-24T07:17:14Z
2026-03-24T07:00:00Z,ETH,2160.49,260477565282.4777,27025552655.090816,,6.099001420498378,coingecko,2026-03-24T07:17:14Z
2026-03-24T07:00:00Z,BNB,634.18,86432703227.78976,1653440036.705692,,1.895024006078687,coingecko,2026-03-24T07:17:14Z
2026-03-24T08:00:00Z,BTC,70975.0,1419086922732.1926,48247232394.53859,,3.644624328727245,coingecko,2026-03-24T08:54:07Z
2026-03-24T08:00:00Z,ETH,2156.79,260155102834.37915,27769937520.703102,,5.167204527445621,coingecko,2026-03-24T08:54:07Z
2026-03-24T08:00:00Z,BNB,635.06,86583259659.9238,1692563535.3545303,,1.653338959285363,coingecko,2026-03-24T08:54:07Z
2026-03-24T09:00:00Z,BTC,71282.0,1423700293810.9446,49935169932.85238,,4.444585859811331,coingecko,2026-03-24T09:56:21Z
2026-03-24T09:00:00Z,ETH,2163.96,260721377830.71548,28051324116.219418,,6.048690434615592,coingecko,2026-03-24T09:56:21Z
2026-03-24T09:00:00Z,BNB,638.0,86899903022.17113,1696026604.5291712,,2.01972618626588,coingecko,2026-03-24T09:56:21Z
2026-03-24T10:00:00Z,BTC,71179.0,1423799430877.244,49152283033.21261,,3.900511471878787,coingecko,2026-03-24T10:53:16Z
2026-03-24T10:00:00Z,ETH,2158.98,260571257804.75635,27470003994.18471,,5.448185027180156,coingecko,2026-03-24T10:53:16Z
2026-03-24T10:00:00Z,BNB,637.59,86939655961.11067,1678659698.0639844,,1.8421357924258512,coingecko,2026-03-24T10:53:16Z
2026-03-24T11:00:00Z,BTC,71244.0,1424491260168.1,41708338713.60504,,0.7420456276709604,coingecko,2026-03-24T11:45:25Z
2026-03-24T11:00:00Z,ETH,2172.6,262168215660.2943,22281667244.41381,,0.7339176803355832,coingecko,2026-03-24T11:45:25Z
2026-03-24T11:00:00Z,BNB,639.2,87161362107.5629,1406883339.986527,,-0.7285463514636761,coingecko,2026-03-24T11:45:25Z
2026-03-24T13:00:00Z,BTC,70758.0,1419960054517.7666,38538301576.7902,,0.049133411561035,coingecko,2026-03-24T13:12:19Z
2026-03-24T13:00:00Z,ETH,2154.05,260901627527.0164,19178019312.960087,,0.3489414869292805,coingecko,2026-03-24T13:12:19Z
2026-03-24T13:00:00Z,BNB,636.75,86954572293.5133,1303153955.8481174,,-1.1841463092406728,coingecko,2026-03-24T13:12:19Z
2026-03-24T14:00:00Z,BTC,69920.0,1398413893664.602,38613723847.5388,,-2.146510279013507,coingecko,2026-03-24T14:58:39Z
2026-03-24T14:00:00Z,ETH,2137.41,257930670206.88983,18849678245.741505,,-1.9819928233055253,coingecko,2026-03-24T14:58:39Z
2026-03-24T14:00:00Z,BNB,630.47,85929885965.89175,1060866755.677418,,-2.395908063062628,coingecko,2026-03-24T14:58:39Z
2026-03-24T16:00:00Z,BTC,69883.0,1396401552603.572,37429849590.47923,,-0.809969528348305,coingecko,2026-03-24T16:12:00Z
2026-03-24T16:00:00Z,ETH,2137.05,257612115728.46625,16978939384.72467,,0.0244070487152742,coingecko,2026-03-24T16:12:00Z
2026-03-24T16:00:00Z,BNB,631.04,85982264437.53859,1082411022.3146534,,-1.1108820334205298,coingecko,2026-03-24T16:12:00Z
2026-03-24T17:00:00Z,BTC,69005.0,1380314870901.3225,37955806446.03325,,-2.904098528543888,coingecko,2026-03-24T17:56:46Z
2026-03-24T17:00:00Z,ETH,2106.46,254277336542.9396,17478186326.115417,,-2.131652496687282,coingecko,2026-03-24T17:56:46Z
2026-03-24T17:00:00Z,BNB,627.67,85591077846.20876,961815588.577598,,-1.5765233027189147,coingecko,2026-03-24T17:56:46Z
2026-03-24T19:00:00Z,BTC,69481.0,1389882473219.9944,38818121587.8272,,-2.070806857199905,coingecko,2026-03-24T19:05:42Z
2026-03-24T19:00:00Z,ETH,2121.65,256066695388.28244,17325042157.364544,,-1.9544367373022813,coingecko,2026-03-24T19:05:42Z
2026-03-24T19:00:00Z,BNB,630.89,86025953655.71532,964591950.8200004,,-1.2562920012995382,coingecko,2026-03-24T19:05:42Z
2026-03-24T20:00:00Z,BTC,70044.0,1399803751338.0266,39457517298.47321,,-1.2097927043766563,coingecko,2026-03-24T20:41:49Z
2026-03-24T20:00:00Z,ETH,2148.43,258825527974.61923,16824907390.688072,,-0.6630058789470841,coingecko,2026-03-24T20:41:49Z
2026-03-24T20:00:00Z,BNB,636.07,86648808518.96376,976616850.1476396,,-0.4985685723480567,coingecko,2026-03-24T20:41:49Z
2026-03-24T21:00:00Z,BTC,70053.0,1401255438454.036,39634521170.536285,,-1.2689263562268285,coingecko,2026-03-24T21:38:41Z
2026-03-24T21:00:00Z,ETH,2144.44,258804686994.1148,16976166695.304296,,-0.7324608427255136,coingecko,2026-03-24T21:38:41Z
2026-03-24T21:00:00Z,BNB,635.76,86688800757.89297,975612722.2950402,,-0.6657185779120353,coingecko,2026-03-24T21:38:41Z
2026-03-24T22:00:00Z,BTC,70186.0,1407025619004.4297,40575322533.39607,,-0.5059129555154274,coingecko,2026-03-24T22:32:30Z
2026-03-24T22:00:00Z,ETH,2142.88,259227913937.25967,18091633470.19464,,-0.1456708777710824,coingecko,2026-03-24T22:32:30Z
2026-03-24T22:00:00Z,BNB,636.17,86755601962.59734,972390163.3409122,,-0.2030980181668314,coingecko,2026-03-24T22:32:30Z
2026-03-24T23:00:00Z,BTC,70775.0,1415289345566.8274,41166668782.95344,,0.1983652027896434,coingecko,2026-03-24T23:33:14Z
2026-03-24T23:00:00Z,ETH,2160.76,260708985914.58188,18194210695.86042,,0.6962793743704571,coingecko,2026-03-24T23:33:14Z
2026-03-24T23:00:00Z,BNB,639.11,87094436179.87883,980701905.9334352,,0.2852954149048745,coingecko,2026-03-24T23:33:14Z
2026-03-25T02:00:00Z,BTC,70596.0,1412016681911.6987,40081186549.66139,,0.1664634664613767,coingecko,2026-03-25T02:10:07Z
2026-03-25T02:00:00Z,ETH,2155.14,260021253900.26865,17122337193.492184,,0.8816001650256641,coingecko,2026-03-25T02:10:07Z
2026-03-25T02:00:00Z,BNB,638.76,87103930342.38188,971939160.0283072,,0.9477055511852686,coingecko,2026-03-25T02:10:07Z
2026-03-25T04:00:00Z,BTC,70751.0,1415241290340.3115,40946678450.35867,,0.5811027550998012,coingecko,2026-03-25T04:54:18Z
2026-03-25T04:00:00Z,ETH,2160.64,260770996117.04523,17978788378.206894,,1.2191368456778804,coingecko,2026-03-25T04:54:18Z
2026-03-25T04:00:00Z,BNB,641.54,87479301523.24654,973085104.231192,,1.9206642384948056,coingecko,2026-03-25T04:54:18Z
2026-03-25T06:00:00Z,BTC,71089.0,1421654527975.0789,41530706908.96034,,1.1046876664366825,coingecko,2026-03-25T06:01:30Z
2026-03-25T06:00:00Z,ETH,2168.4,261654858947.22745,17499294942.24538,,1.613770059855886,coingecko,2026-03-25T06:01:30Z
2026-03-25T06:00:00Z,BNB,643.71,87738248161.3633,974486877.6711962,,2.264287639931022,coingecko,2026-03-25T06:01:30Z
2026-03-25T07:00:00Z,BTC,70936.0,1418932883424.1885,40525729441.91398,,-0.0810214466001833,coingecko,2026-03-25T07:52:48Z
2026-03-25T07:00:00Z,ETH,2166.19,261237276363.71805,17286290443.31631,,0.4332806712329679,coingecko,2026-03-25T07:52:48Z
2026-03-25T07:00:00Z,BNB,643.56,87812198183.07881,805362489.151987,,1.1876722077584434,coingecko,2026-03-25T07:52:48Z
2026-03-25T08:00:00Z,BTC,71300.0,1426464430917.737,40577034506.01281,,0.4883015532905306,coingecko,2026-03-25T08:52:31Z
2026-03-25T08:00:00Z,ETH,2178.23,262935532055.67407,17082458506.002548,,1.0353095787847797,coingecko,2026-03-25T08:52:31Z
2026-03-25T08:00:00Z,BNB,647.12,88239734192.04572,983089183.2361534,,1.9132526497142213,coingecko,2026-03-25T08:52:31Z
2026-03-25T09:00:00Z,BTC,71181.0,1423833618877.814,40785183944.632576,,-0.0856751233060676,coingecko,2026-03-25T09:54:37Z
2026-03-25T09:00:00Z,ETH,2179.83,263073731482.8935,18213670075.96837,,0.7935382844799839,coingecko,2026-03-25T09:54:37Z
2026-03-25T09:00:00Z,BNB,649.01,88497761506.1924,1022797687.0147738,,1.788588581968429,coingecko,2026-03-25T09:54:37Z
2026-03-25T10:00:00Z,BTC,71520.0,1429892256457.8015,41024240450.60593,,0.5163682984367148,coingecko,2026-03-25T10:50:13Z
2026-03-25T10:00:00Z,ETH,2184.28,263555418731.3092,18466300551.784657,,1.214982055514805,coingecko,2026-03-25T10:50:13Z
2026-03-25T10:00:00Z,BNB,646.74,88166470904.26924,1053866653.2781672,,1.4348739601867533,coingecko,2026-03-25T10:50:13Z
2026-03-25T11:00:00Z,BTC,71844.0,1438156144848.2686,41569910379.8744,,0.8423446929287046,coingecko,2026-03-25T11:42:03Z
2026-03-25T11:00:00Z,ETH,2193.34,264998349172.9004,18774680737.24094,,0.9544205456415972,coingecko,2026-03-25T11:42:03Z
2026-03-25T11:00:00Z,BNB,649.72,88616492432.71553,1063826375.7634327,,1.6452398268835384,coingecko,2026-03-25T11:42:03Z
2026-03-25T13:00:00Z,BTC,71662.0,1434127199869.4485,42704919072.72399,,1.2411618890744798,coingecko,2026-03-25T13:10:55Z
2026-03-25T13:00:00Z,ETH,2182.6,263580870820.8685,19446443150.05071,,1.2373107425688497,coingecko,2026-03-25T13:10:55Z
2026-03-25T13:00:00Z,BNB,649.08,88532791815.34482,1094635052.6718593,,1.9172398411531903,coingecko,2026-03-25T13:10:55Z
2026-03-25T15:00:00Z,BTC,71291.0,1426332758609.9546,37917857806.059525,,1.909710989826913,coingecko,2026-03-25T15:00:11Z
2026-03-25T15:00:00Z,ETH,2175.5,262636181145.8101,18145634335.282475,,1.8012583480918185,coingecko,2026-03-25T15:00:11Z
2026-03-25T15:00:00Z,BNB,647.55,88293948179.20062,1036713242.252104,,2.748071713692523,coingecko,2026-03-25T15:00:11Z
2026-03-25T16:00:00Z,BTC,70867.0,1417498556196.1084,39553466485.77616,,1.44197703017421,coingecko,2026-03-25T16:20:09Z
2026-03-25T16:00:00Z,ETH,2159.62,260644826599.4051,17473454155.698036,,1.0653012258038572,coingecko,2026-03-25T16:20:09Z
2026-03-25T16:00:00Z,BNB,646.74,88184789151.49428,1047526949.2165196,,2.451532983956433,coingecko,2026-03-25T16:20:09Z
2026-03-25T17:00:00Z,BTC,70730.0,1415593196342.744,39734862771.28219,,2.241260182339188,coingecko,2026-03-25T17:59:23Z
2026-03-25T17:00:00Z,ETH,2161.89,260849616849.74817,17141814411.996336,,2.512919598972728,coingecko,2026-03-25T17:59:23Z
2026-03-25T17:00:00Z,BNB,645.06,87983483548.27516,1056192197.7583886,,2.655306468921624,coingecko,2026-03-25T17:59:23Z
2026-03-25T19:00:00Z,BTC,70932.0,1418949389435.6963,38293152508.94981,,2.014053694880846,coingecko,2026-03-25T19:08:07Z
2026-03-25T19:00:00Z,ETH,2167.55,261442307485.704,16865215440.617426,,2.0659750180723835,coingecko,2026-03-25T19:08:07Z
2026-03-25T19:00:00Z,BNB,646.72,88102844929.60997,882331606.8630465,,2.485161097487007,coingecko,2026-03-25T19:08:07Z
2026-03-25T20:00:00Z,BTC,70774.0,1414293386133.663,38450989905.39624,,1.1207917512552743,coingecko,2026-03-25T20:39:07Z
2026-03-25T20:00:00Z,ETH,2161.89,260784784702.5908,16670359576.17538,,0.8115652240605002,coingecko,2026-03-25T20:39:07Z
2026-03-25T20:00:00Z,BNB,644.8,87875336331.56107,1042499258.6522868,,1.4687266219561546,coingecko,2026-03-25T20:39:07Z
2026-03-25T21:00:00Z,BTC,71005.0,1420081741725.6614,37788973780.92587,,1.241879212489208,coingecko,2026-03-25T21:39:46Z
2026-03-25T21:00:00Z,ETH,2163.76,261135904568.6385,16352591530.73941,,0.8332174593301027,coingecko,2026-03-25T21:39:46Z
2026-03-25T21:00:00Z,BNB,646.96,88207932946.82983,1001831431.205711,,1.701767088829472,coingecko,2026-03-25T21:39:46Z
2026-03-25T22:00:00Z,BTC,71162.0,1422813157987.227,37459653040.33828,,1.3576228611438548,coingecko,2026-03-25T22:36:13Z
2026-03-25T22:00:00Z,ETH,2173.6,262013178895.24472,14236063425.103794,,1.409477298521219,coingecko,2026-03-25T22:36:13Z
2026-03-25T22:00:00Z,BNB,647.96,88308927725.26195,1030432417.777728,,1.8677988209391945,coingecko,2026-03-25T22:36:13Z
2026-03-25T23:00:00Z,BTC,71311.0,1426563508325.6003,36695455589.48207,,0.8523039767842676,coingecko,2026-03-25T23:35:23Z
2026-03-25T23:00:00Z,ETH,2170.28,261999410334.74283,16132904136.044205,,0.426461369139692,coingecko,2026-03-25T23:35:23Z
2026-03-25T23:00:00Z,BNB,647.61,88301192998.80708,1031784705.9442213,,1.31525940545229,coingecko,2026-03-25T23:35:23Z
2026-03-26T02:00:00Z,BTC,70951.0,1418865690216.1982,35879580772.21076,,0.5565467702767877,coingecko,2026-03-26T02:23:48Z
2026-03-26T02:00:00Z,ETH,2154.41,260034363823.5749,15487272271.00365,,-0.002938171553621,coingecko,2026-03-26T02:23:48Z
2026-03-26T02:00:00Z,BNB,644.63,87897547558.38979,989166108.1679356,,0.9365343506961352,coingecko,2026-03-26T02:23:48Z
2026-03-26T05:00:00Z,BTC,70700.0,1414544231314.9294,35492377662.42589,,-0.6588032990500856,coingecko,2026-03-26T05:06:38Z
2026-03-26T05:00:00Z,ETH,2147.59,259214451831.8608,14445487713.545223,,-1.156092382284284,coingecko,2026-03-26T05:06:38Z
2026-03-26T05:00:00Z,BNB,641.89,87538126662.90202,997182453.0840616,,-0.4269699803718032,coingecko,2026-03-26T05:06:38Z
2026-03-26T07:00:00Z,BTC,70004.0,1400654860975.15,35735327573.0661,,-1.4222132939621173,coingecko,2026-03-26T07:09:20Z
2026-03-26T07:00:00Z,ETH,2120.1,255856282818.2989,16661486445.947071,,-2.126639199875683,coingecko,2026-03-26T07:09:20Z
2026-03-26T07:00:00Z,BNB,634.5,86537862957.01968,1000592213.6123958,,-1.6011079821808458,coingecko,2026-03-26T07:09:20Z
2026-03-26T08:00:00Z,BTC,69957.0,1398768126556.135,34642964527.719666,,-1.80238179078764,coingecko,2026-03-26T08:56:53Z
2026-03-26T08:00:00Z,ETH,2118.53,255646538317.58423,15539177747.173471,,-2.6502354035591464,coingecko,2026-03-26T08:56:53Z
2026-03-26T08:00:00Z,BNB,633.21,86339639286.04973,974115090.9991132,,-2.1213434846578854,coingecko,2026-03-26T08:56:53Z
2026-03-26T10:00:00Z,BTC,69535.0,1391008325649.216,36415015084.65384,,-2.4884385091768166,coingecko,2026-03-26T10:03:23Z
2026-03-26T10:00:00Z,ETH,2078.47,251140164228.57013,16442003252.257904,,-4.82312417087344,coingecko,2026-03-26T10:03:23Z
2026-03-26T10:00:00Z,BNB,629.52,85871940421.94572,943929429.3698468,,-2.8543588765526784,coingecko,2026-03-26T10:03:23Z
2026-03-26T11:00:00Z,BTC,69376.0,1388015524717.282,36621375285.993126,,-3.0956870972103703,coingecko,2026-03-26T11:50:42Z
2026-03-26T11:00:00Z,ETH,2070.11,249963132898.39417,17261494261.215572,,-5.237545584353053,coingecko,2026-03-26T11:50:42Z
2026-03-26T11:00:00Z,BNB,629.39,85839744344.44914,909156187.3073502,,-2.8841494267152754,coingecko,2026-03-26T11:50:42Z
2026-03-26T13:00:00Z,BTC,69443.0,1388766775167.2256,36152145854.016304,,-3.0479951230422504,coingecko,2026-03-26T13:16:08Z
2026-03-26T13:00:00Z,ETH,2077.49,250677526276.90216,16564100154.754547,,-4.767612971237897,coingecko,2026-03-26T13:16:08Z
2026-03-26T13:00:00Z,BNB,630.11,85901592918.5307,865127575.8097874,,-2.938941783071148,coingecko,2026-03-26T13:16:08Z
2026-03-26T15:00:00Z,BTC,69361.0,1387399105766.8584,39327954265.19846,,-2.6418625212739086,coingecko,2026-03-26T15:04:41Z
2026-03-26T15:00:00Z,ETH,2072.63,250144900191.86475,16038696887.460709,,-4.698699570159414,coingecko,2026-03-26T15:04:41Z
2026-03-26T15:00:00Z,BNB,629.04,85774558269.52513,864738344.7071241,,-2.7991644223278147,coingecko,2026-03-26T15:04:41Z
2026-03-26T17:00:00Z,BTC,68909.0,1377902525399.0828,43819535633.37415,,-3.342690801204339,coingecko,2026-03-26T17:02:15Z
2026-03-26T17:00:00Z,ETH,2060.62,248589018501.32465,15860325179.610508,,-5.1602380627759095,coingecko,2026-03-26T17:02:15Z
2026-03-26T17:00:00Z,BNB,626.71,85456605561.47127,849012909.9560038,,-3.23315996201257,coingecko,2026-03-26T17:02:15Z
2026-03-26T19:00:00Z,BTC,68375.0,1368785415659.8098,47086378946.61489,,-3.5198248301392185,coingecko,2026-03-26T19:05:55Z
2026-03-26T19:00:00Z,ETH,2043.47,246778988644.47003,17291185856.500195,,-5.535001332483187,coingecko,2026-03-26T19:05:55Z
2026-03-26T19:00:00Z,BNB,625.01,85241732942.07103,856552849.9787987,,-3.2038748976924567,coingecko,2026-03-26T19:05:55Z
2026-03-26T20:00:00Z,BTC,69165.0,1383850433921.6755,50461133770.50648,,-2.2742224088669425,coingecko,2026-03-26T20:36:46Z
2026-03-26T20:00:00Z,ETH,2068.91,249756868804.95245,17450259417.228405,,-4.298866737146321,coingecko,2026-03-26T20:36:46Z
2026-03-26T20:00:00Z,BNB,630.57,86001317141.53387,896480023.2745115,,-2.2117713977348874,coingecko,2026-03-26T20:36:46Z
2026-03-26T21:00:00Z,BTC,69053.0,1380935930174.0117,51411800619.95178,,-2.71849197391657,coingecko,2026-03-26T21:31:51Z
2026-03-26T21:00:00Z,ETH,2072.59,250077170902.8393,17687659187.915154,,-4.200978395569082,coingecko,2026-03-26T21:31:51Z
2026-03-26T21:00:00Z,BNB,630.78,85984575634.03758,905471708.1874108,,-2.4533106636011404,coingecko,2026-03-26T21:31:51Z
2026-03-26T22:00:00Z,BTC,68730.0,1374099868824.4585,52466037082.62701,,-3.3835298865309484,coingecko,2026-03-26T22:30:31Z
2026-03-26T22:00:00Z,ETH,2060.99,248642664865.22537,18673295061.87168,,-5.135542763672602,coingecko,2026-03-26T22:30:31Z
2026-03-26T22:00:00Z,BNB,628.84,85746713232.35478,902648442.9701144,,-2.9205909703543904,coingecko,2026-03-26T22:30:31Z
2026-03-26T23:00:00Z,BTC,68660.0,1373221255703.9404,51972019475.32906,,-3.719420114169118,coingecko,2026-03-26T23:33:06Z
2026-03-26T23:00:00Z,ETH,2058.85,248507083284.00403,17616306799.66709,,-5.139812571441939,coingecko,2026-03-26T23:33:06Z
2026-03-26T23:00:00Z,BNB,627.68,85600462348.32707,899494215.3835397,,-3.09066632584388,coingecko,2026-03-26T23:33:06Z
2026-03-27T02:00:00Z,BTC,68968.0,1379567028200.5498,52746428635.14216,,-2.723919787786984,coingecko,2026-03-27T02:24:57Z
2026-03-27T02:00:00Z,ETH,2070.2,249789004441.99487,18290007958.460472,,-3.848260115416283,coingecko,2026-03-27T02:24:57Z
2026-03-27T02:00:00Z,BNB,630.36,85942004109.74728,923553246.161247,,-2.1939933269334526,coingecko,2026-03-27T02:24:57Z
2026-03-27T05:00:00Z,BTC,68542.0,1370552317187.526,51375655756.56935,,-2.853723754623131,coingecko,2026-03-27T05:07:49Z
2026-03-27T05:00:00Z,ETH,2052.82,247757665644.8856,17401764814.163395,,-4.1298547055889445,coingecko,2026-03-27T05:07:49Z
2026-03-27T05:00:00Z,BNB,627.15,85516408457.80884,913477636.7434666,,-2.1349230542669257,coingecko,2026-03-27T05:07:49Z
2026-03-27T07:00:00Z,BTC,68628.0,1372966950744.6282,45242866707.1218,,-1.980182908977283,coingecko,2026-03-27T07:08:00Z
2026-03-27T07:00:00Z,ETH,2061.61,248818150985.37347,17504375692.668205,,-2.768982327122865,coingecko,2026-03-27T07:08:00Z
2026-03-27T07:00:00Z,BNB,627.45,85570839696.30695,871497804.4835267,,-1.1309080079697558,coingecko,2026-03-27T07:08:00Z
2026-03-27T08:00:00Z,BTC,67927.0,1356665381924.098,49874803614.78791,,-2.8343993129285483,coingecko,2026-03-27T08:53:59Z
2026-03-27T08:00:00Z,ETH,2048.82,246768301205.2036,18139589086.92851,,-3.251716079414608,coingecko,2026-03-27T08:53:59Z
2026-03-27T08:00:00Z,BNB,620.65,84568916769.29384,915747722.8001572,,-1.9850843572758925,coingecko,2026-03-27T08:53:59Z
2026-03-27T09:00:00Z,BTC,67798.0,1356402524345.3096,49814624963.58623,,-2.540972545401996,coingecko,2026-03-27T09:55:23Z
2026-03-27T09:00:00Z,ETH,2043.75,246709235080.9405,17963769114.041645,,-1.864435475262434,coingecko,2026-03-27T09:55:23Z
2026-03-27T09:00:00Z,BNB,620.22,84574719879.67987,900675012.3789575,,-1.525765393573551,coingecko,2026-03-27T09:55:23Z
2026-03-27T10:00:00Z,BTC,66789.0,1337064413892.2307,52195504480.80323,,-3.87462506870306,coingecko,2026-03-27T10:50:50Z
2026-03-27T10:00:00Z,ETH,2009.31,242611985251.5564,18228622399.59201,,-3.2582652486337738,coingecko,2026-03-27T10:50:50Z
2026-03-27T10:00:00Z,BNB,611.43,83359701989.05736,776225804.1302209,,-3.031078624023138,coingecko,2026-03-27T10:50:50Z
2026-03-27T11:00:00Z,BTC,66699.0,1333155400968.552,51495996379.37852,,-3.879044928939584,coingecko,2026-03-27T11:42:08Z
2026-03-27T11:00:00Z,ETH,1994.48,240639090384.2985,18542507487.162502,,-3.699433215679341,coingecko,2026-03-27T11:42:08Z
2026-03-27T11:00:00Z,BNB,611.03,83309968464.54626,1017761965.7243032,,-2.923052718592546,coingecko,2026-03-27T11:42:08Z
2026-03-27T13:00:00Z,BTC,66624.0,1332677477506.0706,52516842648.01005,,-4.076152801783177,coingecko,2026-03-27T13:06:50Z
2026-03-27T13:00:00Z,ETH,1990.26,240206548721.83,18794768719.5444,,-4.142297317826422,coingecko,2026-03-27T13:06:50Z
2026-03-27T13:00:00Z,BNB,611.53,83376209050.96002,1025065818.0349427,,-2.9116828374623767,coingecko,2026-03-27T13:06:50Z
2026-03-27T14:00:00Z,BTC,65877.0,1317198359116.7695,55910536009.35057,,-4.966078881897787,coingecko,2026-03-27T14:50:40Z
2026-03-27T14:00:00Z,ETH,1980.14,238874101552.14017,20201692353.0561,,-4.311858545703543,coingecko,2026-03-27T14:50:40Z
2026-03-27T14:00:00Z,BNB,607.33,82793814461.43181,1089705822.993007,,-3.387958663131426,coingecko,2026-03-27T14:50:40Z
2026-03-27T15:00:00Z,BTC,66234.0,1324998309499.4524,55635262808.94672,,-4.244551371106424,coingecko,2026-03-27T15:53:53Z
2026-03-27T15:00:00Z,ETH,1991.85,240405035484.6232,20805944686.86377,,-3.876679634310373,coingecko,2026-03-27T15:53:53Z
2026-03-27T15:00:00Z,BNB,611.44,83375861212.59915,1105977772.760017,,-2.6060484863028246,coingecko,2026-03-27T15:53:53Z
2026-03-27T16:00:00Z,BTC,65904.0,1317229271933.4458,56687348257.38696,,-4.329437527031537,coingecko,2026-03-27T16:56:04Z
2026-03-27T16:00:00Z,ETH,1985.51,239582399765.2136,20935977950.02822,,-3.605829464301812,coingecko,2026-03-27T16:56:04Z
2026-03-27T16:00:00Z,BNB,608.99,83033576341.80826,1122082642.2679374,,-2.833039991913085,coingecko,2026-03-27T16:56:04Z
2026-03-27T17:00:00Z,BTC,65605.0,1312144993916.4087,56626998175.31978,,-4.52527513934628,coingecko,2026-03-27T17:51:12Z
2026-03-27T17:00:00Z,ETH,1976.3,238508703286.612,20026785789.811203,,-4.0185516058878505,coingecko,2026-03-27T17:51:12Z
2026-03-27T17:00:00Z,BNB,607.2,82790155319.04268,1109208216.1352427,,-3.067028746872716,coingecko,2026-03-27T17:51:12Z
2026-03-27T18:00:00Z,BTC,65802.0,1316835071543.4802,54087356687.42138,,-3.84421590601015,coingecko,2026-03-27T18:56:33Z
2026-03-27T18:00:00Z,ETH,1983.08,239455759236.824,19986215356.040707,,-3.027101369424084,coingecko,2026-03-27T18:56:33Z
2026-03-27T18:00:00Z,BNB,608.91,83025934744.05911,1113295927.7527614,,-2.6082234959527444,coingecko,2026-03-27T18:56:33Z
2026-03-27T19:00:00Z,BTC,65919.0,1319392654883.1929,54208470444.010376,,-3.907656192199086,coingecko,2026-03-27T19:41:47Z
2026-03-27T19:00:00Z,ETH,1991.16,240505895862.2129,19758525249.26604,,-2.8730246634446,coingecko,2026-03-27T19:41:47Z
2026-03-27T19:00:00Z,BNB,609.93,83179510616.45422,1114963264.53609,,-2.4908837656893823,coingecko,2026-03-27T19:41:47Z
2026-03-27T20:00:00Z,BTC,65826.0,1316386715097.0752,53050078268.28671,,-4.8364288432583,coingecko,2026-03-27T20:39:26Z
2026-03-27T20:00:00Z,ETH,1981.66,239068276126.77023,19997542403.699192,,-4.26435399800433,coingecko,2026-03-27T20:39:26Z
2026-03-27T20:00:00Z,BNB,609.02,83026831215.02992,1098707287.5012386,,-3.463023676403464,coingecko,2026-03-27T20:39:26Z
2026-03-27T21:00:00Z,BTC,66112.0,1322729288125.8076,52370376787.86047,,-4.170610230976355,coingecko,2026-03-27T21:34:57Z
2026-03-27T21:00:00Z,ETH,1987.69,239951949348.87543,18819295686.71643,,-3.954569479187929,coingecko,2026-03-27T21:34:57Z
2026-03-27T21:00:00Z,BNB,611.36,83374843345.62688,1089887174.060862,,-3.0529263599759004,coingecko,2026-03-27T21:34:57Z
2026-03-27T22:00:00Z,BTC,65975.0,1318838258742.8987,52351294456.68743,,-4.040521489011315,coingecko,2026-03-27T22:33:18Z
2026-03-27T22:00:00Z,ETH,1983.91,239335398179.6568,19494368217.71592,,-3.747639903997049,coingecko,2026-03-27T22:33:18Z
2026-03-27T22:00:00Z,BNB,609.89,83158523862.70323,1087510266.932726,,-2.9876141433057835,coingecko,2026-03-27T22:33:18Z
2026-03-27T23:00:00Z,BTC,66140.0,1323115826168.2275,48213416788.43565,,-3.660769066110508,coingecko,2026-03-27T23:33:24Z
2026-03-27T23:00:00Z,ETH,1986.93,239777340948.0113,18550040665.04553,,-3.468216042530726,coingecko,2026-03-27T23:33:24Z
2026-03-27T23:00:00Z,BNB,611.36,83356404134.81723,1063943512.193423,,-2.6177575467223275,coingecko,2026-03-27T23:33:24Z
2026-03-28T02:00:00Z,BTC,66151.0,1324000907294.3726,50530747062.69953,,-4.16001387184237,coingecko,2026-03-28T02:08:19Z
2026-03-28T02:00:00Z,ETH,1989.9,240391446367.34225,19649076283.120216,,-4.016378345949097,coingecko,2026-03-28T02:08:19Z
2026-03-28T02:00:00Z,BNB,611.86,83440367104.2204,1082221147.6332855,,-3.0292183133528225,coingecko,2026-03-28T02:08:19Z
2026-03-28T04:00:00Z,BTC,66234.0,1324899760641.769,47516259006.29854,,-3.4006429174141823,coingecko,2026-03-28T04:53:09Z
2026-03-28T04:00:00Z,ETH,1989.66,240121445963.6304,18637989127.727764,,-3.047211270744182,coingecko,2026-03-28T04:53:09Z
2026-03-28T04:00:00Z,BNB,610.69,83256740765.23811,1049292476.7462804,,-2.593343246349992,coingecko,2026-03-28T04:53:09Z
2026-03-28T05:00:00Z,BTC,66301.0,1326304988291.823,47499965620.14934,,-3.329179643214496,coingecko,2026-03-28T05:57:35Z
2026-03-28T05:00:00Z,ETH,1993.09,240520559933.58444,18556432742.0116,,-3.243733323241901,coingecko,2026-03-28T05:57:35Z
2026-03-28T05:00:00Z,BNB,611.82,83443514415.49052,1001529572.8379004,,-2.473786024110377,coingecko,2026-03-28T05:57:35Z
2026-03-28T07:00:00Z,BTC,66359.0,1327425285081.5088,46177574355.91603,,-3.308730487123777,coingecko,2026-03-28T07:03:44Z
2026-03-28T07:00:00Z,ETH,2000.32,241350735666.0048,18241987181.483543,,-2.974359016175712,coingecko,2026-03-28T07:03:44Z
2026-03-28T07:00:00Z,BNB,613.35,83638510469.85873,1039558062.3037946,,-2.2643118449398534,coingecko,2026-03-28T07:03:44Z
2026-03-28T08:00:00Z,BTC,66442.0,1329804781816.8054,44484894428.7161,,-1.7767586231277763,coingecko,2026-03-28T08:39:48Z
2026-03-28T08:00:00Z,ETH,2000.96,241592584292.12067,16777839960.921926,,-1.831375152678823,coingecko,2026-03-28T08:39:48Z
2026-03-28T08:00:00Z,BNB,612.91,83610804840.36525,1009751182.5790251,,-1.2379345574451326,coingecko,2026-03-28T08:39:48Z
2026-03-28T09:00:00Z,BTC,66259.0,1325600892388.5552,42941982649.58172,,-2.2212680992328986,coingecko,2026-03-28T09:38:24Z
2026-03-28T09:00:00Z,ETH,1995.85,240982879689.8031,16233514634.31684,,-2.4280298738610746,coingecko,2026-03-28T09:38:24Z
2026-03-28T09:00:00Z,BNB,611.41,83359948363.69724,973260261.8153572,,-1.385866137376099,coingecko,2026-03-28T09:38:24Z
2026-03-28T10:00:00Z,BTC,66150.0,1323530471153.2358,42820178237.72618,,-2.245154791188769,coingecko,2026-03-28T10:32:51Z
2026-03-28T10:00:00Z,ETH,1993.41,240587646562.73395,15991184214.003435,,-2.334425569738313,coingecko,2026-03-28T10:32:51Z
2026-03-28T10:00:00Z,BNB,610.85,83293668329.6729,952783499.3534762,,-1.2956281553028974,coingecko,2026-03-28T10:32:51Z
2026-03-28T11:00:00Z,BTC,66252.0,1324984965046.97,38124876738.223045,,-0.6155639407457486,coingecko,2026-03-28T11:28:42Z
2026-03-28T11:00:00Z,ETH,1995.53,240816198518.9856,13650955777.173164,,0.0114859847312221,coingecko,2026-03-28T11:28:42Z
2026-03-28T11:00:00Z,BNB,611.77,83398924443.42867,833026426.9609399,,0.1232982011005304,coingecko,2026-03-28T11:28:42Z
2026-03-28T12:00:00Z,BTC,66399.0,1328590465097.954,36787946236.80408,,-0.2865896089169192,coingecko,2026-03-28T12:56:00Z
2026-03-28T12:00:00Z,ETH,1999.02,241325338950.90863,12641930213.743029,,0.5378100846225662,coingecko,2026-03-28T12:56:00Z
2026-03-28T12:00:00Z,BNB,612.22,83492501549.92628,779979237.9995402,,0.2246184095579457,coingecko,2026-03-28T12:56:00Z
2026-03-28T13:00:00Z,BTC,66797.0,1338977294323.2805,36308574474.27256,,0.8790704596403106,coingecko,2026-03-28T13:52:23Z
2026-03-28T13:00:00Z,ETH,2024.49,244721639589.88443,13778327580.674252,,2.2735720900913106,coingecko,2026-03-28T13:52:23Z
2026-03-28T13:00:00Z,BNB,615.65,83989884779.72577,808470118.4499903,,1.1815493292452304,coingecko,2026-03-28T13:52:23Z
2026-03-28T14:00:00Z,BTC,66773.0,1336038372099.3755,33750629193.180244,,1.451328990229868,coingecko,2026-03-28T14:32:16Z
2026-03-28T14:00:00Z,ETH,2024.07,244187886872.4892,12469460295.016748,,2.506223714566502,coingecko,2026-03-28T14:32:16Z
2026-03-28T14:00:00Z,BNB,615.86,83963237981.02316,798222729.7498783,,1.611325336407438,coingecko,2026-03-28T14:32:16Z
2026-03-28T15:00:00Z,BTC,66998.0,1340482604789.2234,30712745790.76309,,0.8808830290464065,coingecko,2026-03-28T15:32:26Z
2026-03-28T15:00:00Z,ETH,2027.59,244715517482.4773,11726493046.12116,,1.4792762030037507,coingecko,2026-03-28T15:32:26Z
2026-03-28T15:00:00Z,BNB,617.23,84140367405.94395,753221221.5736302,,0.8103747776969027,coingecko,2026-03-28T15:32:26Z
2026-03-28T16:00:00Z,BTC,66968.0,1340095544629.621,28865868319.465446,,1.7690860746350294,coingecko,2026-03-28T16:35:06Z
2026-03-28T16:00:00Z,ETH,2025.99,244494951540.35544,10281256765.947844,,2.263669648140079,coingecko,2026-03-28T16:35:06Z
2026-03-28T16:00:00Z,BNB,616.81,84096541668.075,737067609.3663116,,1.3642947294167953,coingecko,2026-03-28T16:35:06Z
2026-03-28T17:00:00Z,BTC,66750.0,1335595853059.2795,28283793615.784508,,1.3374904279799058,coingecko,2026-03-28T17:29:34Z
2026-03-28T17:00:00Z,ETH,2020.63,243944786078.35025,9836135227.120646,,1.903719136051272,coingecko,2026-03-28T17:29:34Z
2026-03-28T17:00:00Z,BNB,615.82,84000078926.04433,727301965.9335636,,1.174062751750574,coingecko,2026-03-28T17:29:34Z
2026-03-28T18:00:00Z,BTC,66818.0,1336632097888.0244,27072008960.139088,,1.5897911290574982,coingecko,2026-03-28T18:41:10Z
2026-03-28T18:00:00Z,ETH,2020.4,243752186234.8076,9298368920.087896,,1.9870145892728703,coingecko,2026-03-28T18:41:10Z
2026-03-28T18:00:00Z,BNB,616.3,84024288701.5463,694571125.2255049,,1.3041092943585242,coingecko,2026-03-28T18:41:10Z
2026-03-28T19:00:00Z,BTC,66804.0,1336830455531.453,25055677377.554035,,1.2799743613846413,coingecko,2026-03-28T19:30:18Z
2026-03-28T19:00:00Z,ETH,2018.75,243666679227.5327,8354831136.402761,,1.242958951941736,coingecko,2026-03-28T19:30:18Z
2026-03-28T19:00:00Z,BNB,615.82,83974702363.8548,645294349.4413102,,0.965994505508272,coingecko,2026-03-28T19:30:18Z
2026-03-28T20:00:00Z,BTC,66866.0,1338084611019.4473,24776272880.48976,,1.6066272409402491,coingecko,2026-03-28T20:30:52Z
2026-03-28T20:00:00Z,ETH,2022.05,244068458025.8549,8406635489.014011,,2.088834185337205,coingecko,2026-03-28T20:30:52Z
2026-03-28T20:00:00Z,BNB,617.1,84153382590.79732,674229343.2717152,,1.369270993489002,coingecko,2026-03-28T20:30:52Z
2026-03-28T21:00:00Z,BTC,66775.0,1336132535375.0557,24623072465.69111,,1.0033814401894037,coingecko,2026-03-28T21:30:28Z
2026-03-28T21:00:00Z,ETH,2017.89,243558401859.9536,8194203725.335376,,1.519388874519172,coingecko,2026-03-28T21:30:28Z
2026-03-28T21:00:00Z,BNB,616.39,84051342913.27423,664195184.4689455,,0.8229519769055742,coingecko,2026-03-28T21:30:28Z
2026-03-28T22:00:00Z,BTC,66706.0,1334688826244.1394,24711486744.50665,,1.199781923831551,coingecko,2026-03-28T22:29:33Z
2026-03-28T22:00:00Z,ETH,2010.09,242601382388.4432,8432726781.491899,,1.3690045030625655,coingecko,2026-03-28T22:29:33Z
2026-03-28T22:00:00Z,BNB,615.71,83968364914.15678,636470866.0687195,,0.9632191305717076,coingecko,2026-03-28T22:29:33Z
2026-03-28T23:00:00Z,BTC,66374.0,1327740510103.9463,23708674245.479267,,0.3622242080760532,coingecko,2026-03-28T23:32:05Z
2026-03-28T23:00:00Z,ETH,1996.34,240763702233.89047,8358289780.891885,,0.4767164001219859,coingecko,2026-03-28T23:32:05Z
2026-03-28T23:00:00Z,BNB,611.44,83373908405.52382,664953592.4573352,,0.0108668423049097,coingecko,2026-03-28T23:32:05Z
2026-03-29T02:00:00Z,BTC,66610.0,1333052481454.6863,24558998538.02447,,0.917531745677604,coingecko,2026-03-29T02:27:34Z
2026-03-29T02:00:00Z,ETH,2004.24,241956398670.29303,9849658298.708586,,1.0154272949129164,coingecko,2026-03-29T02:27:34Z
2026-03-29T02:00:00Z,BNB,612.72,83552146740.40686,680373611.0713946,,0.2908703959429682,coingecko,2026-03-29T02:27:34Z
2026-03-29T05:00:00Z,BTC,66660.0,1333803722086.553,23661336654.51323,,0.7035776160214984,coingecko,2026-03-29T05:11:36Z
2026-03-29T05:00:00Z,ETH,2001.19,241649292697.7474,9125544321.164389,,0.6616169523804815,coingecko,2026-03-29T05:11:36Z
2026-03-29T05:00:00Z,BNB,612.1,83513003177.20815,669539068.9410063,,0.2571545744146899,coingecko,2026-03-29T05:11:36Z
2026-03-29T07:00:00Z,BTC,66567.0,1334033041458.4375,22944274374.023106,,0.3252870523174966,coingecko,2026-03-29T07:03:42Z
2026-03-29T07:00:00Z,ETH,2000.77,241785203852.9396,8937760650.425585,,0.0429763643098226,coingecko,2026-03-29T07:03:42Z
2026-03-29T07:00:00Z,BNB,613.2,83627988065.2472,641198309.2197841,,-0.007634826755844,coingecko,2026-03-29T07:03:42Z
2026-03-29T08:00:00Z,BTC,66700.0,1334397118274.5012,22138675152.01313,,0.451452559220771,coingecko,2026-03-29T08:40:44Z
2026-03-29T08:00:00Z,ETH,2004.53,241935820850.80124,9456583400.16422,,0.2247686760039605,coingecko,2026-03-29T08:40:44Z
2026-03-29T08:00:00Z,BNB,613.9,83696160198.45868,627748998.9055665,,0.1755852916009632,coingecko,2026-03-29T08:40:44Z
2026-03-29T09:00:00Z,BTC,66536.0,1331462305837.4636,22376562306.16452,,0.4217408034284896,coingecko,2026-03-29T09:37:40Z
2026-03-29T09:00:00Z,ETH,1997.47,241059134756.9297,8995153814.630613,,0.0566321243954035,coingecko,2026-03-29T09:37:40Z
2026-03-29T09:00:00Z,BNB,612.73,83554649448.14236,616689785.9585893,,0.21409236341861,coingecko,2026-03-29T09:37:40Z
2026-03-29T10:00:00Z,BTC,66432.0,1329084212647.7964,22484361519.142628,,0.3832300110557553,coingecko,2026-03-29T10:33:59Z
2026-03-29T10:00:00Z,ETH,1992.86,240506902743.92163,9025630849.56268,,-0.0910677532670934,coingecko,2026-03-29T10:33:59Z
2026-03-29T10:00:00Z,BNB,611.58,83394291033.15222,640431478.560132,,0.1144257112440421,coingecko,2026-03-29T10:33:59Z
2026-03-29T11:00:00Z,BTC,66771.0,1335647397437.8242,22069254355.61344,,0.7693633239272157,coingecko,2026-03-29T11:29:34Z
2026-03-29T11:00:00Z,ETH,2002.07,241564396831.00333,9632316824.341026,,0.3160501240434373,coingecko,2026-03-29T11:29:34Z
2026-03-29T11:00:00Z,BNB,613.1,83591298657.6718,608966277.6770303,,0.20993617094477,coingecko,2026-03-29T11:29:34Z
2026-03-29T12:00:00Z,BTC,66799.0,1336459700794.001,23377592562.639137,,0.5762105785207021,coingecko,2026-03-29T12:56:39Z
2026-03-29T12:00:00Z,ETH,2001.17,241461049019.1273,9454549217.088415,,0.1324524680698136,coingecko,2026-03-29T12:56:39Z
2026-03-29T12:00:00Z,BNB,612.36,83488171781.9553,636686015.3124685,,0.0055838860746337,coingecko,2026-03-29T12:56:39Z
2026-03-29T13:00:00Z,BTC,66569.0,1331828505718.8132,22801180682.57752,,-0.3840258423104328,coingecko,2026-03-29T13:55:00Z
2026-03-29T13:00:00Z,ETH,1989.31,240032748843.0648,8795822454.07117,,-1.7606754761077574,coingecko,2026-03-29T13:55:00Z
2026-03-29T13:00:00Z,BNB,610.1,83186213578.21895,607919932.7306892,,-0.9064292310924834,coingecko,2026-03-29T13:55:00Z
2026-03-29T14:00:00Z,BTC,66520.0,1330660352202.4094,22639417408.091003,,-0.3707517878550351,coingecko,2026-03-29T14:34:49Z
2026-03-29T14:00:00Z,ETH,1992.14,240277138317.43536,8687103388.2245,,-1.6338050025864304,coingecko,2026-03-29T14:34:49Z
2026-03-29T14:00:00Z,BNB,609.78,83148167476.22845,617387579.5518513,,-0.994139055614252,coingecko,2026-03-29T14:34:49Z
2026-03-29T15:00:00Z,BTC,66307.0,1327846837376.262,20891805783.047733,,-1.0681928076299272,coingecko,2026-03-29T15:32:49Z
2026-03-29T15:00:00Z,ETH,1987.21,239954253433.9768,7727762745.902452,,-2.024570466108481,coingecko,2026-03-29T15:32:49Z
2026-03-29T15:00:00Z,BNB,607.37,82850395589.70467,600263652.2616278,,-1.627758521275683,coingecko,2026-03-29T15:32:49Z
2026-03-29T16:00:00Z,BTC,66512.0,1331290155651.8315,21343811200.53279,,-0.6155341161627581,coingecko,2026-03-29T16:36:14Z
2026-03-29T16:00:00Z,ETH,1998.17,241221084662.58545,7745857278.19776,,-1.2899591877234828,coingecko,2026-03-29T16:36:14Z
2026-03-29T16:00:00Z,BNB,609.6,83137172633.04839,614521327.9372138,,-1.1413991178317329,coingecko,2026-03-29T16:36:14Z
2026-03-29T17:00:00Z,BTC,66186.0,1323473179160.2268,21191394194.20422,,-0.7922577796955466,coingecko,2026-03-29T17:30:56Z
2026-03-29T17:00:00Z,ETH,1988.72,239974528003.18704,7816013598.199619,,-1.4499406424224803,coingecko,2026-03-29T17:30:56Z
2026-03-29T17:00:00Z,BNB,607.83,82866126546.76012,617238190.2610369,,-1.2469788727718425,coingecko,2026-03-29T17:30:56Z
2026-03-29T18:00:00Z,BTC,66428.0,1329040624890.7922,21685491233.919582,,-0.6756348085177396,coingecko,2026-03-29T18:42:35Z
2026-03-29T18:00:00Z,ETH,1997.33,240955946273.1273,7886123454.866685,,-1.209769761523458,coingecko,2026-03-29T18:42:35Z
2026-03-29T18:00:00Z,BNB,609.2,83036568797.00914,630930168.3396078,,-1.1889946764745944,coingecko,2026-03-29T18:42:35Z
2026-03-29T19:00:00Z,BTC,66391.0,1327880752301.8655,21022207125.651794,,-0.6452514286540623,coingecko,2026-03-29T19:32:37Z
2026-03-29T19:00:00Z,ETH,1997.03,240982325391.3328,7856792075.794229,,-1.0659939952671835,coingecko,2026-03-29T19:32:37Z
2026-03-29T19:00:00Z,BNB,608.88,83029024873.86397,609939794.9583485,,-1.1536275443282884,coingecko,2026-03-29T19:32:37Z
2026-03-29T20:00:00Z,BTC,66658.0,1333903639778.0164,21658255643.1665,,-0.310534911882635,coingecko,2026-03-29T20:33:03Z
2026-03-29T20:00:00Z,ETH,2004.37,241897563018.8204,8024882604.155351,,-0.8730508196482045,coingecko,2026-03-29T20:33:03Z
2026-03-29T20:00:00Z,BNB,611.18,83331131597.73653,595639700.3296989,,-0.96176376496134,coingecko,2026-03-29T20:33:03Z
2026-03-29T21:00:00Z,BTC,66614.0,1332569558996.782,21897421536.34732,,-0.2445083893959432,coingecko,2026-03-29T21:32:27Z
2026-03-29T21:00:00Z,ETH,2003.74,241746520101.98285,8806397530.46926,,-0.6629964842668266,coingecko,2026-03-29T21:32:27Z
2026-03-29T21:00:00Z,BNB,609.4,83091569869.06374,621628570.7551697,,-1.0763375327259752,coingecko,2026-03-29T21:32:27Z
2026-03-29T22:00:00Z,BTC,66336.0,1326982605638.5608,22345932219.31593,,-0.5751411135741266,coingecko,2026-03-29T22:32:35Z
2026-03-29T22:00:00Z,ETH,1992.77,240514179148.6015,8823951442.865063,,-0.8471768901667441,coingecko,2026-03-29T22:32:35Z
2026-03-29T22:00:00Z,BNB,608.34,82912856610.94958,641072014.7801316,,-1.191815269871182,coingecko,2026-03-29T22:32:35Z
2026-03-29T23:00:00Z,BTC,65943.0,1320536202954.7314,24613833485.187206,,-0.6890616068113335,coingecko,2026-03-29T23:33:46Z
2026-03-29T23:00:00Z,ETH,1982.15,239449389326.438,9520454731.37066,,-0.7530627503414413,coingecko,2026-03-29T23:33:46Z
2026-03-29T23:00:00Z,BNB,605.52,82594457869.89464,719993417.354884,,-0.996363709921481,coingecko,2026-03-29T23:33:46Z
2026-03-30T02:00:00Z,BTC,66668.0,1334173251996.4795,27882518664.435253,,0.0816870557076084,coingecko,2026-03-30T02:30:32Z
2026-03-30T02:00:00Z,ETH,2011.95,242877286545.47125,11084756629.871252,,0.3874119306984662,coingecko,2026-03-30T02:30:32Z
2026-03-30T02:00:00Z,BNB,612.88,83604074350.65556,781546703.3244041,,0.0275782300231131,coingecko,2026-03-30T02:30:32Z
2026-03-30T05:00:00Z,BTC,67607.0,1352424692706.3474,29121892287.795288,,1.4530532488759498,coingecko,2026-03-30T05:25:17Z
2026-03-30T05:00:00Z,ETH,2052.14,247604661162.4897,12033534079.399933,,2.642921671934725,coingecko,2026-03-30T05:25:17Z
2026-03-30T05:00:00Z,BNB,617.0,84105394812.30641,822500529.8422469,,0.8116407373185561,coingecko,2026-03-30T05:25:17Z
2026-03-30T07:00:00Z,BTC,67267.0,1346021662741.1184,29421343945.96273,,0.989375993119372,coingecko,2026-03-30T07:28:11Z
2026-03-30T07:00:00Z,ETH,2042.99,246616752794.1919,12701800819.237902,,2.037431264077797,coingecko,2026-03-30T07:28:11Z
2026-03-30T07:00:00Z,BNB,615.89,83994108136.79088,824463065.2716678,,0.4870707720552257,coingecko,2026-03-30T07:28:11Z
2026-03-30T09:00:00Z,BTC,67608.0,1352420233323.5564,32293537374.071323,,1.474116995786479,coingecko,2026-03-30T09:12:58Z
2026-03-30T09:00:00Z,ETH,2059.52,248694713161.3879,13689721517.07453,,2.8718509562231884,coingecko,2026-03-30T09:12:58Z
2026-03-30T09:00:00Z,BNB,618.35,84361990257.21777,879154330.9118066,,0.8535944440793977,coingecko,2026-03-30T09:12:58Z
2026-03-30T11:00:00Z,BTC,67456.0,1349461292563.9688,31789449195.12401,,1.401121727327082,coingecko,2026-03-30T11:02:27Z
2026-03-30T11:00:00Z,ETH,2056.82,248156894088.0575,14517497209.303246,,3.024365921316344,coingecko,2026-03-30T11:02:27Z
2026-03-30T11:00:00Z,BNB,617.83,84231542620.41068,873694637.604459,,0.9395541881649108,coingecko,2026-03-30T11:02:27Z
2026-03-30T13:00:00Z,BTC,67885.0,1358477274800.6194,33413721801.55152,,1.897398099760916,coingecko,2026-03-30T13:20:23Z
2026-03-30T13:00:00Z,ETH,2072.4,250137432877.9404,14710646415.314066,,4.085863854311403,coingecko,2026-03-30T13:20:23Z
2026-03-30T13:00:00Z,BNB,619.31,84473226975.18034,948236718.8479948,,1.4183347212806834,coingecko,2026-03-30T13:20:23Z
2026-03-30T15:00:00Z,BTC,67734.0,1355822951942.9255,36451904495.79827,,1.7070775074016078,coingecko,2026-03-30T15:03:26Z
2026-03-30T15:00:00Z,ETH,2070.78,249924487368.1837,16015855675.599377,,3.854599417152352,coingecko,2026-03-30T15:03:26Z
2026-03-30T15:00:00Z,BNB,616.75,84100408072.95285,974770139.7875872,,1.311600169841865,coingecko,2026-03-30T15:03:26Z
2026-03-30T16:00:00Z,BTC,67216.0,1346230467395.5713,38061297963.19468,,1.1610273377733544,coingecko,2026-03-30T16:56:32Z
2026-03-30T16:00:00Z,ETH,2059.16,248996643800.2096,16805078048.895248,,3.1708419972569164,coingecko,2026-03-30T16:56:32Z
2026-03-30T16:00:00Z,BNB,615.21,83953835127.96681,988158958.2596126,,0.9977464327994136,coingecko,2026-03-30T16:56:32Z
2026-03-30T17:00:00Z,BTC,66798.0,1337169335673.7107,39137621501.96344,,0.7031900355386385,coingecko,2026-03-30T17:55:31Z
2026-03-30T17:00:00Z,ETH,2043.12,246700876724.2984,18094558152.12366,,2.478979920600259,coingecko,2026-03-30T17:55:31Z
2026-03-30T17:00:00Z,BNB,613.38,83668931550.36613,995848613.9112808,,0.7592439822925495,coingecko,2026-03-30T17:55:31Z
2026-03-30T19:00:00Z,BTC,66456.0,1330147025163.7356,40369104722.883385,,0.2581132409200435,coingecko,2026-03-30T19:59:05Z
2026-03-30T19:00:00Z,ETH,2021.99,244231479239.6053,18194530412.302044,,1.4119092305404484,coingecko,2026-03-30T19:59:05Z
2026-03-30T19:00:00Z,BNB,610.15,83181684748.26546,996792366.251563,,0.2446148143291667,coingecko,2026-03-30T19:59:05Z
2026-03-30T20:00:00Z,BTC,66597.0,1332527424637.4954,40491785318.65531,,0.0772083106800399,coingecko,2026-03-30T20:56:17Z
2026-03-30T20:00:00Z,ETH,2023.67,244200885637.08817,18140225562.023285,,1.1444693684360792,coingecko,2026-03-30T20:56:17Z
2026-03-30T20:00:00Z,BNB,609.62,83124056177.17447,1025864305.6724548,,0.1068741209298936,coingecko,2026-03-30T20:56:17Z
2026-03-30T21:00:00Z,BTC,66834.0,1337752622994.2705,41311756512.96221,,0.377976752142437,coingecko,2026-03-30T21:42:14Z
2026-03-30T21:00:00Z,ETH,2041.14,246436722624.57367,19347789596.068497,,1.9112044454203168,coingecko,2026-03-30T21:42:14Z
2026-03-30T21:00:00Z,BNB,612.13,83478758294.56561,1036963840.7523112,,0.4218264292184416,coingecko,2026-03-30T21:42:14Z
2026-03-30T22:00:00Z,BTC,66743.0,1335476723800.0496,41095067059.973,,0.8039281857688824,coingecko,2026-03-30T22:36:16Z
2026-03-30T22:00:00Z,ETH,2033.38,245406113921.2236,19446808965.97219,,2.249851053505743,coingecko,2026-03-30T22:36:16Z
2026-03-30T22:00:00Z,BNB,611.16,83377625101.89075,1032520931.5664946,,0.7679608379826591,coingecko,2026-03-30T22:36:16Z
2026-03-30T23:00:00Z,BTC,66687.0,1334297370765.813,38960415296.66417,,1.2205288949370028,coingecko,2026-03-30T23:35:17Z
2026-03-30T23:00:00Z,ETH,2024.07,244283715495.46936,17729634196.768173,,2.2215909871680752,coingecko,2026-03-30T23:35:17Z
2026-03-30T23:00:00Z,BNB,608.34,82957481448.6216,946187451.9895272,,0.5541162764734111,coingecko,2026-03-30T23:35:17Z
2026-03-31T02:00:00Z,BTC,67960.0,1360201734774.23,41005909562.11316,,1.9383777619001927,coingecko,2026-03-31T02:25:18Z
2026-03-31T02:00:00Z,ETH,2077.16,250715273070.66205,18113719616.29798,,3.2408034716029146,coingecko,2026-03-31T02:25:18Z
2026-03-31T02:00:00Z,BNB,616.91,84126222796.41911,930561160.0889114,,0.6564745714768846,coingecko,2026-03-31T02:25:18Z
2026-03-31T05:00:00Z,BTC,67495.0,1350820678157.5044,41784766279.17688,,-0.1485602824023301,coingecko,2026-03-31T05:09:40Z
2026-03-31T05:00:00Z,ETH,2059.45,248571526450.65503,17166032493.919044,,0.5126077367745442,coingecko,2026-03-31T05:09:40Z
2026-03-31T05:00:00Z,BNB,611.6,83395570031.08337,904563237.231636,,-0.8475533896510407,coingecko,2026-03-31T05:09:40Z
2026-03-31T07:00:00Z,BTC,67251.0,1348466873067.7302,42505304849.47884,,-0.129285245407959,coingecko,2026-03-31T07:14:43Z
2026-03-31T07:00:00Z,ETH,2051.68,248394484202.0271,16931928289.123856,,0.2862379691646503,coingecko,2026-03-31T07:14:43Z
2026-03-31T07:00:00Z,BNB,610.49,83372660049.09753,893786875.3887811,,-1.0325775204134515,coingecko,2026-03-31T07:14:43Z
2026-03-31T09:00:00Z,BTC,66753.0,1335247922603.0847,43922224523.98403,,-1.2018080398271995,coingecko,2026-03-31T09:00:20Z
2026-03-31T09:00:00Z,ETH,2039.18,246080952056.6721,15523341505.835716,,-0.981760035203008,coingecko,2026-03-31T09:00:20Z
2026-03-31T09:00:00Z,BNB,606.85,82741442382.5704,877223738.2666973,,-1.9479471914312456,coingecko,2026-03-31T09:00:20Z
2026-03-31T10:00:00Z,BTC,66278.0,1325572317245.3245,47145800777.98281,,-1.6277124058328214,coingecko,2026-03-31T10:12:48Z
2026-03-31T10:00:00Z,ETH,2022.27,243924730928.3544,16495763118.730322,,-1.4413637086498718,coingecko,2026-03-31T10:12:48Z
2026-03-31T10:00:00Z,BNB,601.36,81984727538.26349,910504513.2716236,,-2.5847571471800816,coingecko,2026-03-31T10:12:48Z
2026-03-31T11:00:00Z,BTC,66536.0,1331396608788.554,46600603942.533775,,-1.6354284264663028,coingecko,2026-03-31T11:50:52Z
2026-03-31T11:00:00Z,ETH,2036.79,245772788285.34592,15854133104.559464,,-1.6113656175781403,coingecko,2026-03-31T11:50:52Z
2026-03-31T11:00:00Z,BNB,604.62,82459892679.39154,923123787.294043,,-2.1322308652786823,coingecko,2026-03-31T11:50:52Z
2026-03-31T13:00:00Z,BTC,66799.0,1337060881271.691,50386231843.4916,,-1.5991201066260723,coingecko,2026-03-31T13:19:18Z
2026-03-31T13:00:00Z,ETH,2057.93,248659763014.076,17673062890.306328,,-0.697555960307757,coingecko,2026-03-31T13:19:18Z
2026-03-31T13:00:00Z,BNB,607.09,82806182316.80246,929012726.7011948,,-1.9700188024390208,coingecko,2026-03-31T13:19:18Z
2026-03-31T15:00:00Z,BTC,66657.0,1331861053896.863,50690226689.16329,,-1.597924019355377,coingecko,2026-03-31T15:03:11Z
2026-03-31T15:00:00Z,ETH,2048.77,246820589601.3245,18268310070.830547,,-1.086184245293906,coingecko,2026-03-31T15:03:11Z
2026-03-31T15:00:00Z,BNB,608.48,82927586543.58939,979179827.0403404,,-1.3211642833676314,coingecko,2026-03-31T15:03:11Z
2026-03-31T16:00:00Z,BTC,67534.0,1351882196933.8303,54918150762.52778,,0.404676425543284,coingecko,2026-03-31T16:57:49Z
2026-03-31T16:00:00Z,ETH,2087.68,252180430026.335,20089016518.661697,,1.2909822235095318,coingecko,2026-03-31T16:57:49Z
2026-03-31T16:00:00Z,BNB,613.3,83662670621.52638,1052053006.2908396,,-0.3930781865758679,coingecko,2026-03-31T16:57:49Z
2026-03-31T17:00:00Z,BTC,67388.0,1350320463821.2754,59005920342.25032,,0.950710337509231,coingecko,2026-03-31T17:58:37Z
2026-03-31T17:00:00Z,ETH,2091.75,252496796314.0825,20860732909.68654,,2.531471399388794,coingecko,2026-03-31T17:58:37Z
2026-03-31T17:00:00Z,BNB,613.94,83736680226.10486,1100411391.9958687,,0.1678090561719587,coingecko,2026-03-31T17:58:37Z
2026-03-31T19:00:00Z,BTC,67823.0,1356930589312.0374,56829110402.24455,,2.247121550674855,coingecko,2026-03-31T19:11:13Z
2026-03-31T19:00:00Z,ETH,2097.75,253261074216.63065,21448481374.056847,,4.077553884488915,coingecko,2026-03-31T19:11:13Z
2026-03-31T19:00:00Z,BNB,615.78,83989528153.66437,1110260967.140134,,1.1191789909114744,coingecko,2026-03-31T19:11:13Z
2026-03-31T20:00:00Z,BTC,67994.0,1360857978294.5918,57718884207.7622,,2.098487718246474,coingecko,2026-03-31T20:42:47Z
2026-03-31T20:00:00Z,ETH,2103.55,253869304307.1041,21397392133.64589,,4.022988099869811,coingecko,2026-03-31T20:42:47Z
2026-03-31T20:00:00Z,BNB,616.59,84061433083.45403,1109895127.33318,,1.1810001244416457,coingecko,2026-03-31T20:42:47Z
2026-03-31T21:00:00Z,BTC,68035.0,1360971972729.505,58630547934.691925,,1.7751999467397064,coingecko,2026-03-31T21:39:50Z
2026-03-31T21:00:00Z,ETH,2099.69,253308193038.93063,21178703756.272617,,2.8646842786127387,coingecko,2026-03-31T21:39:50Z
2026-03-31T21:00:00Z,BNB,617.23,84152736674.25528,1110122093.9531126,,0.8650252963715785,coingecko,2026-03-31T21:39:50Z
2026-03-31T22:00:00Z,BTC,67965.0,1361915771281.5576,59188979961.81614,,1.821781856343954,coingecko,2026-03-31T22:35:06Z
2026-03-31T22:00:00Z,ETH,2089.32,252879073949.3805,19963303768.236645,,2.731037854810636,coingecko,2026-03-31T22:35:06Z
2026-03-31T22:00:00Z,BNB,615.47,84083997839.18254,1087827095.7489238,,0.7222564348205647,coingecko,2026-03-31T22:35:06Z
2026-03-31T23:00:00Z,BTC,68220.0,1365041196465.6694,55729898126.31531,,2.303326256587636,coingecko,2026-03-31T23:34:36Z
2026-03-31T23:00:00Z,ETH,2100.37,253472380249.45148,20407958568.23793,,3.771237471550681,coingecko,2026-03-31T23:34:36Z
2026-03-31T23:00:00Z,BNB,616.46,84054667517.1981,1112398472.0942037,,1.327114173768268,coingecko,2026-03-31T23:34:36Z
2026-04-01T02:00:00Z,BTC,67634.0,1353366170360.2715,51412454936.81413,,-0.3771734545798617,coingecko,2026-04-01T02:35:38Z
2026-04-01T02:00:00Z,ETH,2084.93,251681526596.52017,19523845022.582363,,0.5663370149998097,coingecko,2026-04-01T02:35:38Z
2026-04-01T02:00:00Z,BNB,614.38,83788421784.0441,1088915898.88663,,-0.3062881107673815,coingecko,2026-04-01T02:35:38Z
2026-04-01T05:00:00Z,BTC,68443.0,1369387785329.7866,56363083742.09752,,1.3869997795448077,coingecko,2026-04-01T05:25:05Z
2026-04-01T05:00:00Z,ETH,2119.53,255738690969.3773,20151410314.390945,,2.8805287500743333,coingecko,2026-04-01T05:25:05Z
2026-04-01T05:00:00Z,BNB,616.05,83992410554.51979,1095771537.5401552,,0.663918211915945,coingecko,2026-04-01T05:25:05Z
2026-04-01T07:00:00Z,BTC,68985.0,1382758272102.67,54342011376.35703,,2.713315931026534,coingecko,2026-04-01T07:21:21Z
2026-04-01T07:00:00Z,ETH,2142.04,259165144182.5752,21621308150.375942,,4.743595475190589,coingecko,2026-04-01T07:21:21Z
2026-04-01T07:00:00Z,BNB,619.14,84508764736.4705,1223770390.0849254,,1.5867846199040982,coingecko,2026-04-01T07:21:21Z
2026-04-01T09:00:00Z,BTC,68685.0,1373185190959.2092,55870363070.1288,,2.8895494614891915,coingecko,2026-04-01T09:04:50Z
2026-04-01T09:00:00Z,ETH,2137.9,257799929856.7563,21509084690.74821,,4.946676066723034,coingecko,2026-04-01T09:04:50Z
2026-04-01T09:00:00Z,BNB,615.47,83911069996.66623,1197789419.111934,,1.4213599167819602,coingecko,2026-04-01T09:04:50Z
2026-04-01T10:00:00Z,BTC,68553.0,1372014569887.5198,51952062859.42352,,3.3931602239846743,coingecko,2026-04-01T10:56:51Z
2026-04-01T10:00:00Z,ETH,2132.52,257568300719.45786,18299166218.74015,,5.3335614623998735,coingecko,2026-04-01T10:56:51Z
2026-04-01T10:00:00Z,BNB,614.57,83852694395.4989,1163390821.1420748,,2.040758442276088,coingecko,2026-04-01T10:56:51Z
2026-04-01T11:00:00Z,BTC,68678.0,1373247340512.867,53961489070.90495,,3.1877603173656186,coingecko,2026-04-01T11:54:41Z
2026-04-01T11:00:00Z,ETH,2135.17,257608668921.11847,21240437869.78612,,4.822079162050414,coingecko,2026-04-01T11:54:41Z
2026-04-01T11:00:00Z,BNB,615.44,83891531478.79999,1141377397.1238613,,1.844720418872112,coingecko,2026-04-01T11:54:41Z
2026-04-01T13:00:00Z,BTC,68468.0,1369539745110.2446,56500084712.92219,,2.5792407928036,coingecko,2026-04-01T13:22:23Z
2026-04-01T13:00:00Z,ETH,2129.87,257094095058.22763,21864465581.558907,,3.561276256241582,coingecko,2026-04-01T13:22:23Z
2026-04-01T13:00:00Z,BNB,615.97,83956171833.63982,1143678395.681914,,1.5483710160947854,coingecko,2026-04-01T13:22:23Z
2026-04-01T15:00:00Z,BTC,68573.0,1372139933928.465,54326750002.40675,,2.8151558696053285,coingecko,2026-04-01T15:04:41Z
2026-04-01T15:00:00Z,ETH,2126.02,256592118403.72467,20039254216.39873,,3.717946506267865,coingecko,2026-04-01T15:04:41Z
2026-04-01T15:00:00Z,BNB,613.53,83658712582.7997,1121642782.348673,,0.7990965901258813,coingecko,2026-04-01T15:04:41Z
2026-04-01T16:00:00Z,BTC,68834.0,1377428575038.6423,54267374942.70708,,1.912563925911845,coingecko,2026-04-01T16:55:59Z
2026-04-01T16:00:00Z,ETH,2146.08,259081438632.9012,18344492110.40005,,2.767417543196616,coingecko,2026-04-01T16:55:59Z
2026-04-01T16:00:00Z,BNB,616.56,84088687741.3937,1057984726.2446336,,0.51274683590888,coingecko,2026-04-01T16:55:59Z
2026-04-01T17:00:00Z,BTC,68275.0,1368055378146.0977,53519653992.4124,,1.0904426420498403,coingecko,2026-04-01T17:52:30Z
2026-04-01T17:00:00Z,ETH,2135.52,258086998739.9528,17987710384.50158,,2.021138641880694,coingecko,2026-04-01T17:52:30Z
2026-04-01T17:00:00Z,BNB,614.17,83821416695.59355,1053102862.2074246,,-0.0461624963748881,coingecko,2026-04-01T17:52:30Z
2026-04-01T19:00:00Z,BTC,68103.0,1362758298418.5452,50599237469.7459,,0.3458022198016676,coingecko,2026-04-01T19:02:31Z
2026-04-01T19:00:00Z,ETH,2129.48,257010325441.0561,18367492123.15558,,1.446790211835742,coingecko,2026-04-01T19:02:31Z
2026-04-01T19:00:00Z,BNB,613.15,83569822997.55052,1046619246.4350388,,-0.4929501771905268,coingecko,2026-04-01T19:02:31Z
2026-04-01T20:00:00Z,BTC,68113.0,1363158707358.8552,50485493044.4578,,0.1902828641208806,coingecko,2026-04-01T20:43:21Z
2026-04-01T20:00:00Z,ETH,2138.21,258148355952.874,18415357380.037266,,1.7006503092938152,coingecko,2026-04-01T20:43:21Z
2026-04-01T20:00:00Z,BNB,612.07,83426328882.79787,1051239188.4370332,,-0.7167974021885761,coingecko,2026-04-01T20:43:21Z
2026-04-01T21:00:00Z,BTC,68367.0,1368096675257.0994,50819757576.718025,,0.3941935207607919,coingecko,2026-04-01T21:41:52Z
2026-04-01T21:00:00Z,ETH,2156.55,260287377320.283,18948765467.30367,,2.7326782963828755,coingecko,2026-04-01T21:41:52Z
2026-04-01T21:00:00Z,BNB,614.86,83842572581.63847,1052249813.940822,,-0.3900095274060218,coingecko,2026-04-01T21:41:52Z
2026-04-01T22:00:00Z,BTC,68172.0,1364769486324.652,50553261553.42909,,0.2527824461630568,coingecko,2026-04-01T22:38:02Z
2026-04-01T22:00:00Z,ETH,2144.94,259012045582.5567,18889062248.815216,,2.6112748104862704,coingecko,2026-04-01T22:38:02Z
2026-04-01T22:00:00Z,BNB,610.58,83266633454.99104,1072173141.2450212,,-0.8568644429691219,coingecko,2026-04-01T22:38:02Z
2026-04-01T23:00:00Z,BTC,68085.0,1361591796022.913,46932975443.20596,,-0.2810764644481772,coingecko,2026-04-01T23:36:19Z
2026-04-01T23:00:00Z,ETH,2140.11,258115689371.62167,19990218519.05988,,1.7644128934769872,coingecko,2026-04-01T23:36:19Z
2026-04-01T23:00:00Z,BNB,610.64,83217617501.90575,1067816266.5379704,,-1.0030267297188389,coingecko,2026-04-01T23:36:19Z
2026-04-02T02:00:00Z,BTC,67064.0,1343219752988.9868,50278223557.3244,,-0.9471776287832796,coingecko,2026-04-02T02:14:10Z
2026-04-02T02:00:00Z,ETH,2087.59,252191709371.3865,21393681101.174496,,-0.0729757995369133,coingecko,2026-04-02T02:14:10Z
2026-04-02T02:00:00Z,BNB,602.23,82140828492.86157,1147562020.0736053,,-2.0838606286540085,coingecko,2026-04-02T02:14:10Z
2026-04-02T05:00:00Z,BTC,66397.0,1327603177823.9854,47617520047.04588,,-2.537273648696132,coingecko,2026-04-02T05:03:34Z
2026-04-02T05:00:00Z,ETH,2047.23,246842543939.50488,22544410819.03124,,-2.772370555537825,coingecko,2026-04-02T05:03:34Z
2026-04-02T05:00:00Z,BNB,588.77,80196936055.40788,1282501664.408097,,-4.235920626024514,coingecko,2026-04-02T05:03:34Z
2026-04-02T07:00:00Z,BTC,66570.0,1334152896848.1196,44289891130.198265,,-3.698005476995039,coingecko,2026-04-02T07:13:15Z
2026-04-02T07:00:00Z,ETH,2045.31,247344557567.8664,21463302424.25549,,-4.806877836431041,coingecko,2026-04-02T07:13:15Z
2026-04-02T07:00:00Z,BNB,589.51,80500405831.67754,1230063506.8490648,,-4.942042550658838,coingecko,2026-04-02T07:13:15Z
2026-04-02T08:00:00Z,BTC,66473.0,1330149446082.3826,43553702491.40972,,-3.2140573149635463,coingecko,2026-04-02T08:57:25Z
2026-04-02T08:00:00Z,ETH,2046.83,247036770910.4144,19220771778.94379,,-4.240336054037209,coingecko,2026-04-02T08:57:25Z
2026-04-02T08:00:00Z,BNB,588.86,80296863542.6359,1230790883.1935842,,-4.341754452956169,coingecko,2026-04-02T08:57:25Z
2026-04-02T10:00:00Z,BTC,66427.0,1329367861545.1597,43193635700.60429,,-3.0917822872984635,coingecko,2026-04-02T10:04:21Z
2026-04-02T10:00:00Z,ETH,2042.66,246586428961.6604,20503569928.4162,,-4.229499658800801,coingecko,2026-04-02T10:04:21Z
2026-04-02T10:00:00Z,BNB,585.46,79817987011.13268,1277053067.256162,,-4.815889064929977,coingecko,2026-04-02T10:04:21Z
2026-04-02T11:00:00Z,BTC,66320.0,1327053395008.412,43800003314.62735,,-3.3289727829497573,coingecko,2026-04-02T11:45:51Z
2026-04-02T11:00:00Z,ETH,2033.83,245416828366.5038,20033317239.52718,,-4.686231731429165,coingecko,2026-04-02T11:45:51Z
2026-04-02T11:00:00Z,BNB,580.61,79156555629.75798,1328889461.0687428,,-5.5985100067398985,coingecko,2026-04-02T11:45:51Z
2026-04-02T13:00:00Z,BTC,65995.0,1321737800801.8696,44752205189.96054,,-3.502482623767496,coingecko,2026-04-02T13:14:07Z
2026-04-02T13:00:00Z,ETH,2022.05,244489528831.7628,18987005569.694782,,-4.894058875088423,coingecko,2026-04-02T13:14:07Z
2026-04-02T13:00:00Z,BNB,573.1,78351955352.41394,1465037724.7336342,,-6.876773547925748,coingecko,2026-04-02T13:14:07Z
2026-04-02T14:00:00Z,BTC,66887.0,1338414170819.174,46550291471.54749,,-2.4645815893016043,coingecko,2026-04-02T14:56:46Z
2026-04-02T14:00:00Z,ETH,2064.38,249149551145.9327,21300913416.12095,,-2.8960966394683,coingecko,2026-04-02T14:56:46Z
2026-04-02T14:00:00Z,BNB,575.5,78471837006.95236,1570222337.102755,,-6.244201821765291,coingecko,2026-04-02T14:56:46Z
2026-04-02T16:00:00Z,BTC,66817.0,1336834147748.444,47691680625.07346,,-2.8536573961655867,coingecko,2026-04-02T16:02:18Z
2026-04-02T16:00:00Z,ETH,2058.69,248511756943.4557,21380507303.16291,,-3.406341581142907,coingecko,2026-04-02T16:02:18Z
2026-04-02T16:00:00Z,BNB,573.82,78196799798.23074,1612545653.9611888,,-6.555527307639575,coingecko,2026-04-02T16:02:18Z
2026-04-02T17:00:00Z,BTC,66835.0,1338361012405.186,49792221393.9511,,-2.154662981853516,coingecko,2026-04-02T17:50:45Z
2026-04-02T17:00:00Z,ETH,2052.17,247919578406.72183,21261747407.72224,,-3.973267167203366,coingecko,2026-04-02T17:50:45Z
2026-04-02T17:00:00Z,BNB,580.25,79178713324.46237,1668916594.046512,,-5.519610613699244,coingecko,2026-04-02T17:50:45Z
2026-04-02T18:00:00Z,BTC,66981.0,1340492683597.094,47915146216.1747,,-1.532521178438563,coingecko,2026-04-02T18:57:31Z
2026-04-02T18:00:00Z,ETH,2058.35,248458330745.9711,19817410327.82335,,-3.25204093371525,coingecko,2026-04-02T18:57:31Z
2026-04-02T18:00:00Z,BNB,582.13,79376736124.80797,1626910388.5571804,,-5.017133901773077,coingecko,2026-04-02T18:57:31Z
2026-04-02T19:00:00Z,BTC,67003.0,1339866317020.8354,48958521715.99208,,-1.6736254207303565,coingecko,2026-04-02T19:52:44Z
2026-04-02T19:00:00Z,ETH,2062.31,248769669080.50043,20799093203.602062,,-3.77656852887103,coingecko,2026-04-02T19:52:44Z
2026-04-02T19:00:00Z,BNB,582.2,79318786806.73018,1659417869.5973997,,-5.121618521796647,coingecko,2026-04-02T19:52:44Z
2026-04-02T20:00:00Z,BTC,66962.0,1340181622302.3257,48988753748.88698,,-1.6969537914080095,coingecko,2026-04-02T20:36:12Z
2026-04-02T20:00:00Z,ETH,2068.99,249721627532.124,19826904908.016144,,-3.254074303519695,coingecko,2026-04-02T20:36:12Z
2026-04-02T20:00:00Z,BNB,583.56,79565090153.48941,1616489250.8393822,,-4.599347623854621,coingecko,2026-04-02T20:36:12Z
2026-04-02T21:00:00Z,BTC,66834.0,1337621973489.8464,48967642292.31859,,-2.243672892662049,coingecko,2026-04-02T21:38:50Z
2026-04-02T21:00:00Z,ETH,2059.63,248556506171.78656,19429578218.76006,,-4.492151587274111,coingecko,2026-04-02T21:38:50Z
2026-04-02T21:00:00Z,BNB,583.28,79608993558.70059,1615294541.597397,,-5.129168380825601,coingecko,2026-04-02T21:38:50Z
2026-04-02T22:00:00Z,BTC,66917.0,1338876442113.5532,48420219091.48625,,-1.8861736946139385,coingecko,2026-04-02T22:31:40Z
2026-04-02T22:00:00Z,ETH,2058.11,248324235569.7928,19350842760.28361,,-4.098810503853398,coingecko,2026-04-02T22:31:40Z
2026-04-02T22:00:00Z,BNB,582.46,79382598487.57153,1635220295.0040889,,-4.61593849031896,coingecko,2026-04-02T22:31:40Z
2026-04-02T23:00:00Z,BTC,66918.0,1339036001296.591,46986491597.93269,,-1.7756430782455832,coingecko,2026-04-02T23:35:19Z
2026-04-02T23:00:00Z,ETH,2054.91,247993266458.8592,18154751684.75244,,-4.0363747547214,coingecko,2026-04-02T23:35:19Z
2026-04-02T23:00:00Z,BNB,583.38,79544625076.73715,1584180226.584964,,-4.459949412385293,coingecko,2026-04-02T23:35:19Z
2026-04-03T02:00:00Z,BTC,66627.0,1334677554458.517,45112932914.76863,,-0.4015854292715917,coingecko,2026-04-03T02:23:29Z
2026-04-03T02:00:00Z,ETH,2054.63,248354761657.67505,16796062469.904112,,-1.3995862836284902,coingecko,2026-04-03T02:23:29Z
2026-04-03T02:00:00Z,BNB,585.23,79863019996.57445,1521718243.9478812,,-2.4887459544413737,coingecko,2026-04-03T02:23:29Z
2026-04-03T05:00:00Z,BTC,66645.0,1332764445802.1729,41256966233.26258,,0.4480271301799405,coingecko,2026-04-03T05:05:29Z
2026-04-03T05:00:00Z,ETH,2055.6,247930900772.086,15422535733.0453,,0.6419381562882994,coingecko,2026-04-03T05:05:29Z
2026-04-03T05:00:00Z,BNB,586.86,79985105237.05396,1347996470.244262,,-0.3694847892146704,coingecko,2026-04-03T05:05:29Z
2026-04-03T07:00:00Z,BTC,66830.0,1336092434862.3127,38026456891.256775,,0.2747532381181524,coingecko,2026-04-03T07:09:02Z
2026-04-03T07:00:00Z,ETH,2064.06,248941909598.0837,14892080487.326773,,0.7625013551239505,coingecko,2026-04-03T07:09:02Z
2026-04-03T07:00:00Z,BNB,586.63,79952628740.13474,1283526237.7416246,,-0.6264013293851328,coingecko,2026-04-03T07:09:02Z
2026-04-03T08:00:00Z,BTC,66947.0,1339903136978.212,38971248522.27698,,0.7488004050905958,coingecko,2026-04-03T08:55:20Z
2026-04-03T08:00:00Z,ETH,2060.21,248742691354.2884,13935643969.652714,,0.6776143425808958,coingecko,2026-04-03T08:55:20Z
2026-04-03T08:00:00Z,BNB,585.06,79786775848.50111,1246526224.0640514,,-0.4976816674164199,coingecko,2026-04-03T08:55:20Z
2026-04-03T09:00:00Z,BTC,66836.0,1337580347168.4055,38832295251.65628,,0.6986246099228747,coingecko,2026-04-03T09:53:50Z
2026-04-03T09:00:00Z,ETH,2060.8,248745314823.9857,14456611990.629854,,0.8858615289965568,coingecko,2026-04-03T09:53:50Z
2026-04-03T09:00:00Z,BNB,585.19,79797016710.07996,1210041644.4075766,,-0.0629610002039295,coingecko,2026-04-03T09:53:50Z
2026-04-03T10:00:00Z,BTC,66777.0,1335746571028.08,38694370679.047264,,0.4787954777994248,coingecko,2026-04-03T10:43:16Z
2026-04-03T10:00:00Z,ETH,2056.33,248105069083.9546,13422252664.553265,,0.8620634083185206,coingecko,2026-04-03T10:43:16Z
2026-04-03T10:00:00Z,BNB,584.52,79682313021.49481,1185183520.3554764,,0.3392029494493039,coingecko,2026-04-03T10:43:16Z
2026-04-03T11:00:00Z,BTC,66977.0,1340202362426.334,36833038047.69989,,0.954921291402632,coingecko,2026-04-03T11:37:59Z
2026-04-03T11:00:00Z,ETH,2062.49,248913114100.5689,13136461066.66021,,1.4228340119168246,coingecko,2026-04-03T11:37:59Z
2026-04-03T11:00:00Z,BNB,587.13,80059699769.26778,1081649103.2167358,,1.1478544810271152,coingecko,2026-04-03T11:37:59Z
2026-04-03T13:00:00Z,BTC,66691.0,1334483080751.39,36428488995.00714,,1.0464750098753297,coingecko,2026-04-03T13:03:58Z
2026-04-03T13:00:00Z,ETH,2049.66,247441185026.15964,13869863756.438784,,1.3011250107450416,coingecko,2026-04-03T13:03:58Z
2026-04-03T13:00:00Z,BNB,584.97,79813919478.06317,992739637.2501088,,1.7888913394002075,coingecko,2026-04-03T13:03:58Z
2026-04-03T14:00:00Z,BTC,66870.0,1337910175337.4868,34099041804.3734,,0.0156747855688979,coingecko,2026-04-03T14:42:39Z
2026-04-03T14:00:00Z,ETH,2050.98,247574071329.2424,12600312366.52932,,-0.4792113456445504,coingecko,2026-04-03T14:42:39Z
2026-04-03T14:00:00Z,BNB,587.26,80056000896.97194,839784075.8208884,,1.8632642230037195,coingecko,2026-04-03T14:42:39Z
2026-04-03T15:00:00Z,BTC,66885.0,1338768659954.8115,32881564643.917385,,-0.0728328527800201,coingecko,2026-04-03T15:39:45Z
2026-04-03T15:00:00Z,ETH,2050.42,247674539194.7354,12069193695.312466,,-0.5264259712808169,coingecko,2026-04-03T15:39:45Z
2026-04-03T15:00:00Z,BNB,586.62,79994177374.7615,757856188.4547931,,2.390423652598628,coingecko,2026-04-03T15:39:45Z
2026-04-03T16:00:00Z,BTC,66947.0,1339668017652.8457,30819845869.866886,,-0.2921521057869135,coingecko,2026-04-03T16:40:26Z
2026-04-03T16:00:00Z,ETH,2053.11,247793526262.4108,11526094469.568056,,-0.7077403438720542,coingecko,2026-04-03T16:40:26Z
2026-04-03T16:00:00Z,BNB,588.02,80155519273.7402,694883835.8035039,,1.4152565173643707,coingecko,2026-04-03T16:40:26Z
2026-04-03T17:00:00Z,BTC,66913.0,1339104922518.0952,30191814927.014805,,-0.1220807370471404,coingecko,2026-04-03T17:35:36Z
2026-04-03T17:00:00Z,ETH,2049.65,247268222852.48105,11694584960.68285,,-0.4767949376765363,coingecko,2026-04-03T17:35:36Z
2026-04-03T17:00:00Z,BNB,588.1,80191807123.73022,657267914.9433709,,1.092177310532734,coingecko,2026-04-03T17:35:36Z
2026-04-03T18:00:00Z,BTC,66823.0,1337425968215.974,29302557144.2537,,-0.0204706766209877,coingecko,2026-04-03T18:47:46Z
2026-04-03T18:00:00Z,ETH,2049.74,247430991066.5113,11690955652.51923,,-0.1677135616754871,coingecko,2026-04-03T18:47:46Z
2026-04-03T18:00:00Z,BNB,587.94,80195688799.34624,658254231.0485694,,1.0972638121774316,coingecko,2026-04-03T18:47:46Z
2026-04-03T19:00:00Z,BTC,66794.0,1336352670924.7668,28284144763.535816,,-0.1989072803857598,coingecko,2026-04-03T19:38:34Z
2026-04-03T19:00:00Z,ETH,2049.07,247271133475.50403,11511529159.159124,,-0.3929571158184366,coingecko,2026-04-03T19:38:34Z
2026-04-03T19:00:00Z,BNB,587.98,80185354134.78047,673993145.5898877,,1.16259832277887,coingecko,2026-04-03T19:38:34Z
2026-04-03T20:00:00Z,BTC,66863.0,1338123557537.568,26682656102.459164,,-0.3154480075501702,coingecko,2026-04-03T20:37:00Z
2026-04-03T20:00:00Z,ETH,2051.98,247733507199.34567,10522282353.284697,,-0.980959813340263,coingecko,2026-04-03T20:37:00Z
2026-04-03T20:00:00Z,BNB,588.98,80327796889.23544,649419920.54236,,0.7920285301476457,coingecko,2026-04-03T20:37:00Z
2026-04-03T21:00:00Z,BTC,66890.0,1338436268401.4524,26541036452.040752,,0.0563636655249229,coingecko,2026-04-03T21:34:32Z
2026-04-03T21:00:00Z,ETH,2056.89,248250732194.46835,10345523046.274666,,-0.1431959386786562,coingecko,2026-04-03T21:34:32Z
2026-04-03T21:00:00Z,BNB,588.32,80237905610.77979,640098429.2804508,,0.7664191266115857,coingecko,2026-04-03T21:34:32Z
2026-04-03T22:00:00Z,BTC,66914.0,1338706141690.2358,26738029305.663822,,-0.0497044509153044,coingecko,2026-04-03T22:33:54Z
2026-04-03T22:00:00Z,ETH,2054.39,247967814167.0981,10176888815.976536,,-0.2346374735431514,coingecko,2026-04-03T22:33:54Z
2026-04-03T22:00:00Z,BNB,587.75,80155114501.87605,627088197.4648968,,0.793934516446102,coingecko,2026-04-03T22:33:54Z
2026-04-03T23:00:00Z,BTC,66887.0,1337846095386.7136,26672359376.85767,,-0.0431524891951008,coingecko,2026-04-03T23:34:33Z
2026-04-03T23:00:00Z,ETH,2051.02,247433980448.10632,9639030803.636189,,-0.1820774434323863,coingecko,2026-04-03T23:34:33Z
2026-04-03T23:00:00Z,BNB,587.89,80167024893.37979,612586174.9911653,,0.7781558562395747,coingecko,2026-04-03T23:34:33Z
2026-04-04T02:00:00Z,BTC,66891.0,1338119339867.58,24950639759.11373,,0.620586521149442,coingecko,2026-04-04T02:08:22Z
2026-04-04T02:00:00Z,ETH,2052.25,247592206465.7597,9661479711.11028,,0.2342663739068975,coingecko,2026-04-04T02:08:22Z
2026-04-04T02:00:00Z,BNB,588.06,80185438560.4686,565828360.3719124,,0.7929832261477494,coingecko,2026-04-04T02:08:22Z
2026-04-04T04:00:00Z,BTC,66851.0,1337709036598.65,22393836128.001205,,0.3828669468271564,coingecko,2026-04-04T04:50:41Z
2026-04-04T04:00:00Z,ETH,2050.87,247512107477.7721,8671926372.292377,,-0.1836326194997883,coingecko,2026-04-04T04:50:41Z
2026-04-04T04:00:00Z,BNB,588.73,80276609671.88826,527799529.6624993,,0.3583030164898136,coingecko,2026-04-04T04:50:41Z
2026-04-04T05:00:00Z,BTC,66904.0,1338826126413.7058,22447316295.7763,,0.5086985234568684,coingecko,2026-04-04T05:58:05Z
2026-04-04T05:00:00Z,ETH,2053.6,247850890912.852,7889343214.929519,,-0.1550557196133993,coingecko,2026-04-04T05:58:05Z
2026-04-04T05:00:00Z,BNB,589.45,80378614434.04613,522231028.0823011,,0.4754577566141222,coingecko,2026-04-04T05:58:05Z
2026-04-04T07:00:00Z,BTC,66993.0,1340624702793.0676,22337636748.844383,,0.2146219122216561,coingecko,2026-04-04T07:07:17Z
2026-04-04T07:00:00Z,ETH,2055.44,248121924066.0626,8234948534.205235,,-0.456267318613784,coingecko,2026-04-04T07:07:17Z
2026-04-04T07:00:00Z,BNB,591.26,80641937290.6269,522012537.6072002,,0.7673987538638232,coingecko,2026-04-04T07:07:17Z
2026-04-04T08:00:00Z,BTC,66964.0,1340078450498.493,21028308777.52238,,0.0624239553996807,coingecko,2026-04-04T08:41:00Z
2026-04-04T08:00:00Z,ETH,2052.36,247720001732.8119,6912499625.666449,,-0.3912665979830751,coingecko,2026-04-04T08:41:00Z
2026-04-04T08:00:00Z,BNB,590.4,80536253098.79065,523916053.9820313,,0.9908890308177436,coingecko,2026-04-04T08:41:00Z
2026-04-04T09:00:00Z,BTC,66960.0,1339886177392.0894,20802828732.2489,,0.2040704952195883,coingecko,2026-04-04T09:38:41Z
2026-04-04T09:00:00Z,ETH,2049.77,247363603829.08948,6686973377.623443,,-0.4733092611792387,coingecko,2026-04-04T09:38:41Z
2026-04-04T09:00:00Z,BNB,589.72,80409231838.3867,490343641.5124766,,1.016319899238998,coingecko,2026-04-04T09:38:41Z
2026-04-04T10:00:00Z,BTC,66920.0,1339122043572.705,20916700410.183994,,0.2763705227785513,coingecko,2026-04-04T10:34:16Z
2026-04-04T10:00:00Z,ETH,2047.98,247160541772.2252,6642075754.519191,,-0.36591204673044,coingecko,2026-04-04T10:34:16Z
2026-04-04T10:00:00Z,BNB,589.37,80399698076.31606,493450728.40681446,,0.8288268219666824,coingecko,2026-04-04T10:34:16Z
2026-04-04T11:00:00Z,BTC,67111.0,1342997937744.8318,21691066922.98868,,0.2523651480668925,coingecko,2026-04-04T11:29:41Z
2026-04-04T11:00:00Z,ETH,2052.0,247666187933.5476,6114566934.904209,,-0.4377224611808843,coingecko,2026-04-04T11:29:41Z
2026-04-04T11:00:00Z,BNB,589.61,80399857940.6932,497738645.9590545,,0.4136101142126906,coingecko,2026-04-04T11:29:41Z
2026-04-04T12:00:00Z,BTC,67104.0,1342822509562.1814,20936244301.551807,,0.5328515721025684,coingecko,2026-04-04T12:56:23Z
2026-04-04T12:00:00Z,ETH,2049.67,247367363152.37665,5300180247.718311,,-0.0370369949827414,coingecko,2026-04-04T12:56:23Z
2026-04-04T12:00:00Z,BNB,589.55,80388238694.80118,462046865.7108076,,0.6999720392073311,coingecko,2026-04-04T12:56:23Z
2026-04-04T13:00:00Z,BTC,67178.0,1344560107104.343,21105842907.27532,,0.8312070038185447,coingecko,2026-04-04T13:54:49Z
2026-04-04T13:00:00Z,ETH,2051.24,247594232460.7129,4794375911.025995,,0.2064027413826183,coingecko,2026-04-04T13:54:49Z
2026-04-04T13:00:00Z,BNB,589.88,80448448262.25424,456366410.23034143,,0.6691793520542355,coingecko,2026-04-04T13:54:49Z
2026-04-04T14:00:00Z,BTC,67166.0,1344077797357.2725,21150266579.58263,,0.3963808092023747,coingecko,2026-04-04T14:34:16Z
2026-04-04T14:00:00Z,ETH,2051.06,247527520274.6133,5821178989.19805,,-0.0480394534891941,coingecko,2026-04-04T14:34:16Z
2026-04-04T14:00:00Z,BNB,589.86,80429466606.79474,454740979.160658,,0.4100452882771689,coingecko,2026-04-04T14:34:16Z
2026-04-04T15:00:00Z,BTC,67310.0,1346788422824.8474,23505075859.525784,,0.579353011515625,coingecko,2026-04-04T15:32:21Z
2026-04-04T15:00:00Z,ETH,2054.27,247837169220.4676,5944613583.61914,,0.0501517318613906,coingecko,2026-04-04T15:32:21Z
2026-04-04T15:00:00Z,BNB,590.72,80556575431.30713,459858450.9677296,,0.6493264805619051,coingecko,2026-04-04T15:32:21Z
2026-04-04T16:00:00Z,BTC,67384.0,1348414450789.204,22680338935.457565,,0.6528976973999903,coingecko,2026-04-04T16:36:16Z
2026-04-04T16:00:00Z,ETH,2058.18,248391303019.15784,5859693877.877582,,0.2468029274034462,coingecko,2026-04-04T16:36:16Z
2026-04-04T16:00:00Z,BNB,592.2,80752624186.64581,445218358.7286865,,0.7135454372596225,coingecko,2026-04-04T16:36:16Z
2026-04-04T17:00:00Z,BTC,67402.0,1348822346753.4412,23304258754.51743,,0.7246368695372069,coingecko,2026-04-04T17:30:39Z
2026-04-04T17:00:00Z,ETH,2057.64,248343720090.3856,5829538991.591783,,0.3841337397783511,coingecko,2026-04-04T17:30:39Z
2026-04-04T17:00:00Z,BNB,592.33,80768820572.08347,450073560.8471741,,0.7179277842222123,coingecko,2026-04-04T17:30:39Z
2026-04-04T18:00:00Z,BTC,67297.0,1346487634793.8918,23207944114.839348,,0.6736418295415667,coingecko,2026-04-04T18:42:53Z
2026-04-04T18:00:00Z,ETH,2055.57,248105573282.0123,5267624651.952961,,0.2382400738415864,coingecko,2026-04-04T18:42:53Z
2026-04-04T18:00:00Z,BNB,592.94,80829868251.60928,470018421.7117055,,0.8192510100421858,coingecko,2026-04-04T18:42:53Z
2026-04-04T19:00:00Z,BTC,67352.0,1347900609769.3232,22831401433.79374,,0.8519232298853701,coingecko,2026-04-04T19:32:05Z
2026-04-04T19:00:00Z,ETH,2068.56,249636161164.75323,5792654916.0474825,,0.9640096459181386,coingecko,2026-04-04T19:32:05Z
2026-04-04T19:00:00Z,BNB,594.22,81033190490.6377,488130758.59689295,,1.0802075466521306,coingecko,2026-04-04T19:32:05Z
2026-04-04T20:00:00Z,BTC,67262.0,1345972416139.084,21388697033.96312,,0.5865669231681523,coingecko,2026-04-04T20:32:50Z
2026-04-04T20:00:00Z,ETH,2063.12,248988473178.6764,5736251550.30215,,0.5105519039579682,coingecko,2026-04-04T20:32:50Z
2026-04-04T20:00:00Z,BNB,593.01,80864206786.40198,453086105.6962693,,0.662873155592493,coingecko,2026-04-04T20:32:50Z
2026-04-04T21:00:00Z,BTC,67258.0,1345947691849.298,21237927127.195457,,0.5540424324557275,coingecko,2026-04-04T21:32:26Z
2026-04-04T21:00:00Z,ETH,2066.51,249461782729.34973,5762913136.35264,,0.4580521856103516,coingecko,2026-04-04T21:32:26Z
2026-04-04T21:00:00Z,BNB,594.34,81019030686.83229,488941180.9751843,,1.031005175287143,coingecko,2026-04-04T21:32:26Z
2026-04-04T22:00:00Z,BTC,67423.0,1349251414594.3655,22038440109.57204,,0.754450663174116,coingecko,2026-04-04T22:30:42Z
2026-04-04T22:00:00Z,ETH,2071.12,249928048207.60257,6271443992.484688,,0.7988017398913305,coingecko,2026-04-04T22:30:42Z
2026-04-04T22:00:00Z,BNB,594.52,81070240743.81194,494230134.9974178,,1.1434113392010978,coingecko,2026-04-04T22:30:42Z
2026-04-04T23:00:00Z,BTC,67314.0,1347016390610.2056,15200891719.358326,,0.6464281477658697,coingecko,2026-04-04T23:32:37Z
2026-04-04T23:00:00Z,ETH,2064.34,249160953192.75964,5595474112.160905,,0.6527339605207253,coingecko,2026-04-04T23:32:37Z
2026-04-04T23:00:00Z,BNB,593.61,80942449104.55663,487973032.750721,,1.0059148393669182,coingecko,2026-04-04T23:32:37Z
2026-04-05T02:00:00Z,BTC,67115.0,1343131151278.7693,15518913035.306755,,0.428157048666595,coingecko,2026-04-05T02:29:56Z
2026-04-05T02:00:00Z,ETH,2058.37,248427716241.06564,6399021774.7703,,0.4619914781695672,coingecko,2026-04-05T02:29:56Z
2026-04-05T02:00:00Z,BNB,592.66,80804686445.03404,498429864.759188,,0.7861462716198127,coingecko,2026-04-05T02:29:56Z
2026-04-05T05:00:00Z,BTC,67116.0,1342944915514.9446,17300453177.682606,,0.3770898313513028,coingecko,2026-04-05T05:12:36Z
2026-04-05T05:00:00Z,ETH,2055.98,248037282624.6188,6303202493.832466,,0.2259749839717668,coingecko,2026-04-05T05:12:36Z
2026-04-05T05:00:00Z,BNB,593.45,80894164952.52216,485755397.3538878,,0.7937688661241673,coingecko,2026-04-05T05:12:36Z
2026-04-05T07:00:00Z,BTC,66870.0,1338123579154.3953,16527008694.53014,,-0.1669946535343104,coingecko,2026-04-05T07:07:08Z
2026-04-05T07:00:00Z,ETH,2040.11,246345390425.92764,6776813799.355377,,-0.6661774283304677,coingecko,2026-04-05T07:07:08Z
2026-04-05T07:00:00Z,BNB,590.92,80587056905.51848,486852105.22325885,,-0.0184201623872486,coingecko,2026-04-05T07:07:08Z
2026-04-05T08:00:00Z,BTC,66856.0,1338105311286.2012,18875055855.53937,,-0.1496157808892081,coingecko,2026-04-05T08:43:31Z
2026-04-05T08:00:00Z,ETH,2037.89,245994248782.6712,6796393700.037399,,-0.6735311499911917,coingecko,2026-04-05T08:43:31Z
2026-04-05T08:00:00Z,BNB,592.8,80819551765.97322,480965409.1555436,,0.4650402284856637,coingecko,2026-04-05T08:43:31Z
2026-04-05T09:00:00Z,BTC,66956.0,1340085161190.173,19340311132.36748,,-0.0086484199981056,coingecko,2026-04-05T09:39:14Z
2026-04-05T09:00:00Z,ETH,2043.39,246613640638.7784,6838924052.072844,,-0.3081989506862669,coingecko,2026-04-05T09:39:14Z
2026-04-05T09:00:00Z,BNB,593.43,80907926190.79333,495209506.7783214,,0.6193148541349913,coingecko,2026-04-05T09:39:14Z
2026-04-05T10:00:00Z,BTC,66968.0,1340149124070.8582,19537670227.52877,,0.0572783580251572,coingecko,2026-04-05T10:34:23Z
2026-04-05T10:00:00Z,ETH,2044.37,246698504568.09427,6777380788.746748,,-0.1850486830467456,coingecko,2026-04-05T10:34:23Z
2026-04-05T10:00:00Z,BNB,593.01,80860512413.61188,491079347.1744526,,0.6280511305099618,coingecko,2026-04-05T10:34:23Z
2026-04-05T11:00:00Z,BTC,66981.0,1340983983203.997,16636157384.243437,,-0.1627734766433547,coingecko,2026-04-05T11:30:38Z
2026-04-05T11:00:00Z,ETH,2041.9,246521986116.2063,6586348109.838626,,-0.4881903817917339,coingecko,2026-04-05T11:30:38Z
2026-04-05T11:00:00Z,BNB,593.06,80868240018.96591,385170438.4076135,,0.6237854548633729,coingecko,2026-04-05T11:30:38Z
2026-04-05T12:00:00Z,BTC,66770.0,1336366235535.5137,17307230757.9487,,-0.4789853369552709,coingecko,2026-04-05T12:58:00Z
2026-04-05T12:00:00Z,ETH,2028.73,244641589471.7319,7891379897.607794,,-1.0149301267065078,coingecko,2026-04-05T12:58:00Z
2026-04-05T12:00:00Z,BNB,589.61,80400601499.46982,505969835.6957342,,0.0060014459857359,coingecko,2026-04-05T12:58:00Z
2026-04-05T13:00:00Z,BTC,66849.0,1337817376393.0422,20461626261.49193,,-0.526834240863141,coingecko,2026-04-05T13:57:08Z
2026-04-05T13:00:00Z,ETH,2033.23,245391295496.20703,7918210174.680126,,-0.9887416025124292,coingecko,2026-04-05T13:57:08Z
2026-04-05T13:00:00Z,BNB,588.77,80297184106.5198,522033092.2690493,,-0.2357098236492149,coingecko,2026-04-05T13:57:08Z
2026-04-05T14:00:00Z,BTC,66874.0,1338615400386.8132,20634285874.40957,,-0.4390249090203351,coingecko,2026-04-05T14:36:52Z
2026-04-05T14:00:00Z,ETH,2038.89,246109587255.29724,6526766168.554198,,-0.6044011828262641,coingecko,2026-04-05T14:36:52Z
2026-04-05T14:00:00Z,BNB,589.68,80408881809.29733,519057696.99670833,,-0.0194917056562539,coingecko,2026-04-05T14:36:52Z
2026-04-05T15:00:00Z,BTC,67497.0,1351236535826.6724,17783329673.843693,,0.249494237479972,coingecko,2026-04-05T15:33:59Z
2026-04-05T15:00:00Z,ETH,2059.2,248748042887.1432,7381195775.350631,,0.2131453711361301,coingecko,2026-04-05T15:33:59Z
2026-04-05T15:00:00Z,BNB,594.17,81029728505.64957,528923368.17543685,,0.549888441965664,coingecko,2026-04-05T15:33:59Z
2026-04-05T16:00:00Z,BTC,67335.0,1348064047775.9402,21527336357.209343,,-0.1831551793953386,coingecko,2026-04-05T16:37:41Z
2026-04-05T16:00:00Z,ETH,2056.42,248204457198.5329,7577979045.896045,,-0.1661669593360125,coingecko,2026-04-05T16:37:41Z
2026-04-05T16:00:00Z,BNB,592.73,80828745492.34167,525310590.6909744,,0.0070002553254939,coingecko,2026-04-05T16:37:41Z
2026-04-05T17:00:00Z,BTC,67311.0,1347196257981.3948,18263439553.415527,,-0.1093089419118456,coingecko,2026-04-05T17:31:48Z
2026-04-05T17:00:00Z,ETH,2055.41,248086332003.1864,7539181457.902988,,-0.0743556263999923,coingecko,2026-04-05T17:31:48Z
2026-04-05T17:00:00Z,BNB,592.98,80855115867.31686,529115332.044095,,0.0943331909223885,coingecko,2026-04-05T17:31:48Z
2026-04-05T18:00:00Z,BTC,67402.0,1348416123455.7388,18275615652.15376,,0.1709845885693787,coingecko,2026-04-05T18:44:12Z
2026-04-05T18:00:00Z,ETH,2064.22,248972590119.89432,7738641916.122804,,0.4252895916760543,coingecko,2026-04-05T18:44:12Z
2026-04-05T18:00:00Z,BNB,593.14,80859693511.46158,527683299.6624895,,0.0392061525398269,coingecko,2026-04-05T18:44:12Z
2026-04-05T19:00:00Z,BTC,67426.0,1349733854624.7805,21358182422.833466,,0.150448681124009,coingecko,2026-04-05T19:33:50Z
2026-04-05T19:00:00Z,ETH,2064.76,249362177703.882,8314982720.942297,,-0.1670876635353147,coingecko,2026-04-05T19:33:50Z
2026-04-05T19:00:00Z,BNB,592.97,80879702764.43188,518904444.49351627,,-0.166982233979466,coingecko,2026-04-05T19:33:50Z
2026-04-05T20:00:00Z,BTC,67463.0,1349991274643.3508,18204707337.60879,,0.3062099918817083,coingecko,2026-04-05T20:34:49Z
2026-04-05T20:00:00Z,ETH,2065.21,249290852873.05392,7209133412.230597,,0.1208371986299509,coingecko,2026-04-05T20:34:49Z
2026-04-05T20:00:00Z,BNB,591.95,80725670038.70807,515103966.01272166,,-0.1814983461022652,coingecko,2026-04-05T20:34:49Z
2026-04-05T21:00:00Z,BTC,67459.0,1349776911487.0427,18644497730.135403,,0.3063464846460565,coingecko,2026-04-05T21:32:49Z
2026-04-05T21:00:00Z,ETH,2059.74,248558066845.4936,7618759244.729631,,-0.3329102384929258,coingecko,2026-04-05T21:32:49Z
2026-04-05T21:00:00Z,BNB,590.79,80574960520.59409,504046713.1939683,,-0.5940404726660744,coingecko,2026-04-05T21:32:49Z
2026-04-05T22:00:00Z,BTC,67418.0,1348680581777.193,23053800713.066257,,0.0155466461249291,coingecko,2026-04-05T22:31:56Z
2026-04-05T22:00:00Z,ETH,2053.16,247621909536.0898,7849463777.998269,,-0.8092067921280046,coingecko,2026-04-05T22:31:56Z
2026-04-05T22:00:00Z,BNB,591.89,80642271621.64285,529646638.1642273,,-0.3926770831830696,coingecko,2026-04-05T22:31:56Z
2026-04-05T23:00:00Z,BTC,68987.0,1376856457193.92,22195477676.57244,,2.4832840792864594,coingecko,2026-04-05T23:34:32Z
2026-04-05T23:00:00Z,ETH,2117.64,254777910303.2083,10052151166.191149,,2.5943401419761045,coingecko,2026-04-05T23:34:32Z
2026-04-05T23:00:00Z,BNB,602.18,82005095798.40219,588954689.956264,,1.4800993659577506,coingecko,2026-04-05T23:34:32Z
2026-04-06T02:00:00Z,BTC,69229.0,1385435754106.3364,26506394795.12524,,3.150638637862974,coingecko,2026-04-06T02:31:24Z
2026-04-06T02:00:00Z,ETH,2136.19,257740695576.0034,12117441319.094185,,3.780650527582427,coingecko,2026-04-06T02:31:24Z
2026-04-06T02:00:00Z,BNB,603.66,82261126604.21141,682260612.2203279,,1.7808439849799833,coingecko,2026-04-06T02:31:24Z
2026-04-06T05:00:00Z,BTC,69182.0,1384082501982.1504,29505848057.68254,,3.150583833607648,coingecko,2026-04-06T05:24:48Z
2026-04-06T05:00:00Z,ETH,2132.97,257286630713.6681,13089485895.818682,,3.965835527252753,coingecko,2026-04-06T05:24:48Z
2026-04-06T05:00:00Z,BNB,601.11,81955134476.37071,671309151.6863222,,1.3753495828866569,coingecko,2026-04-06T05:24:48Z
2026-04-06T07:00:00Z,BTC,69005.0,1381019069900.5164,30101277086.768444,,3.377523783310822,coingecko,2026-04-06T07:43:50Z
2026-04-06T07:00:00Z,ETH,2132.35,257381015575.5823,12634495383.607033,,4.741501175310433,coingecko,2026-04-06T07:43:50Z
2026-04-06T07:00:00Z,BNB,602.41,82194618300.28761,720491188.672982,,2.153446345745064,coingecko,2026-04-06T07:43:50Z
2026-04-06T09:00:00Z,BTC,69249.0,1385588161439.9648,31088014375.31164,,3.5277219884590094,coingecko,2026-04-06T09:09:19Z
2026-04-06T09:00:00Z,ETH,2140.9,258337207430.50244,13289165082.124985,,4.98748091672845,coingecko,2026-04-06T09:09:19Z
2026-04-06T09:00:00Z,BNB,604.36,82393493028.0357,734099263.9206502,,1.9853770767176009,coingecko,2026-04-06T09:09:19Z
2026-04-06T10:00:00Z,BTC,69759.0,1396159407707.5964,36950711172.80702,,4.062770208297917,coingecko,2026-04-06T10:57:19Z
2026-04-06T10:00:00Z,ETH,2151.98,259722853706.83768,14887604478.001097,,5.271205741932896,coingecko,2026-04-06T10:57:19Z
2026-04-06T10:00:00Z,BNB,606.16,82672209596.6861,727385117.5275118,,2.082860603324609,coingecko,2026-04-06T10:57:19Z
2026-04-06T11:00:00Z,BTC,69642.0,1393550152224.0574,37505065014.07495,,3.9777722914422657,coingecko,2026-04-06T11:51:16Z
2026-04-06T11:00:00Z,ETH,2151.17,259562693608.22623,15316266011.642113,,5.350281925884165,coingecko,2026-04-06T11:51:16Z
2026-04-06T11:00:00Z,BNB,605.3,82537966322.81589,788484736.4189658,,1.9711499267905923,coingecko,2026-04-06T11:51:16Z
2026-04-06T13:00:00Z,BTC,69417.0,1389382402055.3733,37537452653.39515,,3.922089526063653,coingecko,2026-04-06T13:11:20Z
2026-04-06T13:00:00Z,ETH,2144.73,258803293221.38785,16212060744.041636,,5.736876830359365,coingecko,2026-04-06T13:11:20Z
2026-04-06T13:00:00Z,BNB,604.71,82449080387.28105,773768121.2989558,,2.711432135764297,coingecko,2026-04-06T13:11:20Z
2026-04-06T14:00:00Z,BTC,69407.0,1389005211554.7576,41374521785.21001,,3.740553744762977,coingecko,2026-04-06T14:47:07Z
2026-04-06T14:00:00Z,ETH,2146.23,259130393115.69656,15871533122.03609,,5.252876510804689,coingecko,2026-04-06T14:47:07Z
2026-04-06T14:00:00Z,BNB,605.87,82637876281.195,784261610.5124936,,2.767236445862404,coingecko,2026-04-06T14:47:07Z
2026-04-06T15:00:00Z,BTC,69804.0,1396025751077.6033,41366383326.34682,,3.639481211775329,coingecko,2026-04-06T15:47:02Z
2026-04-06T15:00:00Z,ETH,2163.77,261004783940.8378,16443090245.34479,,5.239797008048051,coingecko,2026-04-06T15:47:02Z
2026-04-06T15:00:00Z,BNB,608.15,82956615214.23451,795322365.5315628,,2.486580348476549,coingecko,2026-04-06T15:47:02Z
2026-04-06T16:00:00Z,BTC,70188.0,1403527218887.2532,43168205735.21817,,4.421699896202298,coingecko,2026-04-06T16:48:23Z
2026-04-06T16:00:00Z,ETH,2164.47,260960811237.84204,17301492777.924377,,5.399608762232285,coingecko,2026-04-06T16:48:23Z
2026-04-06T16:00:00Z,BNB,608.4,82955615096.35236,781451863.7738873,,2.633667330291071,coingecko,2026-04-06T16:48:23Z
2026-04-06T17:00:00Z,BTC,69458.0,1389978798939.114,45562413919.88293,,3.143772883527603,coingecko,2026-04-06T17:44:11Z
2026-04-06T17:00:00Z,ETH,2132.28,257318869235.8657,17658032938.44233,,3.605013946127615,coingecko,2026-04-06T17:44:11Z
2026-04-06T17:00:00Z,BNB,604.34,82407947285.2775,811718628.3603266,,1.926855838592685,coingecko,2026-04-06T17:44:11Z
2026-04-06T19:00:00Z,BTC,69699.0,1394835947033.0874,48564963688.04459,,3.5450018277402884,coingecko,2026-04-06T19:56:46Z
2026-04-06T19:00:00Z,ETH,2142.46,258468551059.2545,18222775874.98377,,3.985461504880779,coingecko,2026-04-06T19:56:46Z
2026-04-06T19:00:00Z,BNB,606.72,82732122189.26099,821748982.7594577,,2.476905726569352,coingecko,2026-04-06T19:56:46Z
2026-04-06T20:00:00Z,BTC,69947.0,1399809622893.7693,48858405610.0977,,3.427063109188894,coingecko,2026-04-06T20:39:10Z
2026-04-06T20:00:00Z,ETH,2152.44,259780352121.07324,17001518434.39675,,3.950179649753347,coingecko,2026-04-06T20:39:10Z
2026-04-06T20:00:00Z,BNB,607.73,82851345269.6374,827607386.9677247,,2.5046725388678337,coingecko,2026-04-06T20:39:10Z
2026-04-06T21:00:00Z,BTC,69576.0,1393618516849.4526,49281413214.91827,,3.1562908591629606,coingecko,2026-04-06T21:38:31Z
2026-04-06T21:00:00Z,ETH,2143.68,258863634545.77023,19080024022.342693,,4.145009648108904,coingecko,2026-04-06T21:38:31Z
2026-04-06T21:00:00Z,BNB,605.63,82612733676.60004,837484340.7655191,,2.542075431587417,coingecko,2026-04-06T21:38:31Z
2026-04-06T22:00:00Z,BTC,69286.0,1386284377791.9397,49220549585.23023,,2.5614598268029063,coingecko,2026-04-06T22:37:17Z
2026-04-06T22:00:00Z,ETH,2131.64,257242247698.8444,18970409106.83311,,3.5619217449608893,coingecko,2026-04-06T22:37:17Z
2026-04-06T22:00:00Z,BNB,603.99,82357061397.66035,832173773.3133646,,1.884230801787163,coingecko,2026-04-06T22:37:17Z
2026-04-06T23:00:00Z,BTC,68654.0,1373919101350.8933,48705959042.67881,,-0.4625209647680274,coingecko,2026-04-06T23:36:27Z
2026-04-06T23:00:00Z,ETH,2095.64,252912048495.71417,18388492562.910347,,-0.9028866568504836,coingecko,2026-04-06T23:36:27Z
2026-04-06T23:00:00Z,BNB,598.69,81636741631.55563,788078068.4591057,,-0.5835272425115423,coingecko,2026-04-06T23:36:27Z
2026-04-07T02:00:00Z,BTC,68555.0,1370513149452.2048,45028171844.12537,,-0.9066249373916482,coingecko,2026-04-07T02:26:29Z
2026-04-07T02:00:00Z,ETH,2104.97,253768223913.9081,17988008434.30397,,-1.3213556989094934,coingecko,2026-04-07T02:26:29Z
2026-04-07T02:00:00Z,BNB,598.51,81584304246.27412,756600492.3598274,,-0.8377764299635562,coingecko,2026-04-07T02:26:29Z
2026-04-07T05:00:00Z,BTC,68801.0,1376729212212.6543,41948154674.61084,,-0.4931516723139482,coingecko,2026-04-07T05:09:59Z
2026-04-07T05:00:00Z,ETH,2111.22,254924840012.27463,16513824763.143915,,-0.8927747985479475,coingecko,2026-04-07T05:09:59Z
2026-04-07T05:00:00Z,BNB,598.76,81724319722.16759,592567439.2271546,,-0.232405629312822,coingecko,2026-04-07T05:09:59Z
2026-04-07T07:00:00Z,BTC,68577.0,1371441942172.672,43584493057.70593,,-0.546394226108002,coingecko,2026-04-07T07:17:47Z
2026-04-07T07:00:00Z,ETH,2101.94,253663283042.80063,16097208685.256033,,-1.2564493426051149,coingecko,2026-04-07T07:17:47Z
2026-04-07T07:00:00Z,BNB,597.95,81516436161.26205,735072477.7647947,,-0.4735699500119286,coingecko,2026-04-07T07:17:47Z
2026-04-07T09:00:00Z,BTC,68945.0,1379739374238.1672,40804616484.07177,,-0.3985311716706489,coingecko,2026-04-07T09:03:13Z
2026-04-07T09:00:00Z,ETH,2115.25,255286256462.8159,15660576000.363289,,-1.1221838097960422,coingecko,2026-04-07T09:03:13Z
2026-04-07T09:00:00Z,BNB,602.71,82113580546.84506,725323946.8897139,,-0.2235397938249049,coingecko,2026-04-07T09:03:13Z
2026-04-07T10:00:00Z,BTC,68268.0,1366392720695.994,38528148111.85127,,-2.096451738788484,coingecko,2026-04-07T10:55:55Z
2026-04-07T10:00:00Z,ETH,2092.2,252525237659.4238,16112462168.13579,,-2.780140341274437,coingecko,2026-04-07T10:55:55Z
2026-04-07T10:00:00Z,BNB,597.91,81554571569.25746,768399409.1636202,,-1.369517804285313,coingecko,2026-04-07T10:55:55Z
2026-04-07T11:00:00Z,BTC,68355.0,1368577602312.365,42634856065.53266,,-1.7897235651041898,coingecko,2026-04-07T11:55:10Z
2026-04-07T11:00:00Z,ETH,2088.34,252144558155.5508,16415307370.57852,,-2.929401810377138,coingecko,2026-04-07T11:55:10Z
2026-04-07T11:00:00Z,BNB,597.44,81493033397.16052,778398048.6218213,,-1.2966967129303482,coingecko,2026-04-07T11:55:10Z
2026-04-07T13:00:00Z,BTC,68544.0,1372195891954.977,43299121984.19488,,-1.16371159507498,coingecko,2026-04-07T13:19:26Z
2026-04-07T13:00:00Z,ETH,2086.03,251838725544.29605,16752274174.885542,,-2.621060306919955,coingecko,2026-04-07T13:19:26Z
2026-04-07T13:00:00Z,BNB,598.46,81606099858.39355,832001044.1885171,,-1.036925908745698,coingecko,2026-04-07T13:19:26Z
2026-04-07T15:00:00Z,BTC,67764.0,1356232771254.6687,45290864612.37236,,-2.69206475405452,coingecko,2026-04-07T15:08:28Z
2026-04-07T15:00:00Z,ETH,2066.02,249326550185.09903,15508792031.03587,,-4.31781306928102,coingecko,2026-04-07T15:08:28Z
2026-04-07T15:00:00Z,BNB,594.23,81027241711.20496,845005872.340375,,-2.1690343912492063,coingecko,2026-04-07T15:08:28Z
2026-04-07T16:00:00Z,BTC,68212.0,1364894234953.1245,42710352041.4788,,-2.333247260548323,coingecko,2026-04-07T16:59:49Z
2026-04-07T16:00:00Z,ETH,2083.2,251400790576.8704,14910330352.634571,,-2.7905010254859786,coingecko,2026-04-07T16:59:49Z
2026-04-07T16:00:00Z,BNB,601.35,82014545831.24373,857806335.1478128,,-0.7495400238534338,coingecko,2026-04-07T16:59:49Z
2026-04-07T18:00:00Z,BTC,68741.0,1374826182235.731,44981646764.32023,,-1.1837634589232,coingecko,2026-04-07T18:03:07Z
2026-04-07T18:00:00Z,ETH,2100.24,253378952192.7611,15939442388.719889,,-1.623574587585284,coingecko,2026-04-07T18:03:07Z
2026-04-07T18:00:00Z,BNB,604.62,82439441616.04285,879169693.8,,0.0142054117702337,coingecko,2026-04-07T18:03:07Z
2026-04-07T19:00:00Z,BTC,69026.0,1381251060527.9658,45319097329.61413,,-0.9930415235035086,coingecko,2026-04-07T19:57:14Z
2026-04-07T19:00:00Z,ETH,2112.55,254886414818.5506,14964067132.757956,,-1.4920867422509152,coingecko,2026-04-07T19:57:14Z
2026-04-07T19:00:00Z,BNB,608.11,82933215976.3792,929006089.7753948,,0.2134471082957418,coingecko,2026-04-07T19:57:14Z
2026-04-07T20:00:00Z,BTC,69242.0,1385910139742.1794,47116990865.8934,,-0.874780689200416,coingecko,2026-04-07T20:52:01Z
2026-04-07T20:00:00Z,ETH,2114.44,255218968765.89886,16019376204.330904,,-1.6125111314837424,coingecko,2026-04-07T20:52:01Z
2026-04-07T20:00:00Z,BNB,607.77,82890483921.48451,871702643.5413188,,0.1227283288359145,coingecko,2026-04-07T20:52:01Z
2026-04-07T21:00:00Z,BTC,69823.0,1395683597512.0125,50846040278.93909,,0.5191480419236507,coingecko,2026-04-07T21:42:22Z
2026-04-07T21:00:00Z,ETH,2140.41,258209673688.5665,17890122479.240997,,-0.006449026512337,coingecko,2026-04-07T21:42:22Z
2026-04-07T21:00:00Z,BNB,611.24,83317407163.05931,982202551.2910552,,1.0123541713784516,coingecko,2026-04-07T21:42:22Z
2026-04-07T22:00:00Z,BTC,71180.0,1416163170622.8096,53437085539.9359,,2.6764158077983664,coingecko,2026-04-07T22:38:47Z
2026-04-07T22:00:00Z,ETH,2188.16,262605437016.2076,17831108873.171574,,2.619665235781933,coingecko,2026-04-07T22:38:47Z
2026-04-07T22:00:00Z,BNB,618.08,84102183502.47037,1053459083.7938206,,2.3180343330478173,coingecko,2026-04-07T22:38:47Z
2026-04-07T23:00:00Z,BTC,72277.0,1446483579883.173,57654358440.217255,,5.237388140876284,coingecko,2026-04-07T23:37:53Z
2026-04-07T23:00:00Z,ETH,2252.02,271840099882.51544,20645726993.34818,,7.3738987419671425,coingecko,2026-04-07T23:37:53Z
2026-04-07T23:00:00Z,BNB,622.78,84995864720.02905,1155628450.2210262,,3.9930643852841694,coingecko,2026-04-07T23:37:53Z
2026-04-08T02:00:00Z,BTC,71469.0,1430125914079.8865,56999788900.98239,,4.230991670291543,coingecko,2026-04-08T02:27:15Z
2026-04-08T02:00:00Z,ETH,2233.98,269529539370.122,22675026741.59816,,6.0970163627369605,coingecko,2026-04-08T02:27:15Z
2026-04-08T02:00:00Z,BNB,615.68,83965575258.21248,1278895006.684023,,2.866358074448555,coingecko,2026-04-08T02:27:15Z
2026-04-08T05:00:00Z,BTC,71644.0,1432737390747.8672,53856848060.77974,,4.130312449038779,coingecko,2026-04-08T05:11:52Z
2026-04-08T05:00:00Z,ETH,2243.34,270730881341.3412,24224285212.391945,,6.267424594648426,coingecko,2026-04-08T05:11:52Z
2026-04-08T05:00:00Z,BNB,615.85,83934730054.0319,1325480336.0308225,,2.8714161564159166,coingecko,2026-04-08T05:11:52Z
2026-04-08T07:00:00Z,BTC,71735.0,1435313145803.227,56354363784.84603,,4.624834198915621,coingecko,2026-04-08T07:20:17Z
2026-04-08T07:00:00Z,ETH,2249.62,271525829236.60345,25014381003.18768,,7.073001470985972,coingecko,2026-04-08T07:20:17Z
2026-04-08T07:00:00Z,BNB,613.39,83639005684.37595,1381616998.8895738,,2.6035514110248283,coingecko,2026-04-08T07:20:17Z
2026-04-08T09:00:00Z,BTC,71805.0,1436122384630.761,53969940877.61626,,4.112631707331561,coingecko,2026-04-08T09:01:37Z
2026-04-08T09:00:00Z,ETH,2256.46,272247732978.3209,25600282290.265728,,6.601281558588232,coingecko,2026-04-08T09:01:37Z
2026-04-08T09:00:00Z,BNB,612.79,83502727279.59114,1400449041.5333364,,1.662728290545708,coingecko,2026-04-08T09:01:37Z
2026-04-08T10:00:00Z,BTC,71541.0,1431991276961.7988,52809840580.09954,,4.85299115240823,coingecko,2026-04-08T10:56:17Z
2026-04-08T10:00:00Z,ETH,2246.65,271190594927.87875,25822965510.784985,,7.546167754410164,coingecko,2026-04-08T10:56:17Z
2026-04-08T10:00:00Z,BNB,612.42,83500230957.09525,1363349537.4160912,,2.5216376404174503,coingecko,2026-04-08T10:56:17Z
2026-04-08T11:00:00Z,BTC,71711.0,1435148589575.8845,48469059638.24929,,4.911165947594897,coingecko,2026-04-08T11:56:07Z
2026-04-08T11:00:00Z,ETH,2247.92,271305209867.31927,25278281925.89828,,7.571582303292167,coingecko,2026-04-08T11:56:07Z
2026-04-08T11:00:00Z,BNB,612.73,83548440884.1049,1358042635.376138,,2.595693839518185,coingecko,2026-04-08T11:56:07Z
2026-04-08T13:00:00Z,BTC,72628.0,1453511524163.4646,52241633301.47209,,6.041650308888973,coingecko,2026-04-08T13:20:42Z
2026-04-08T13:00:00Z,ETH,2260.68,272844409525.4911,25919059083.3991,,8.467849484174405,coingecko,2026-04-08T13:20:42Z
2026-04-08T13:00:00Z,BNB,613.31,83629753949.3832,1383290801.645885,,2.5580228523989814,coingecko,2026-04-08T13:20:42Z
2026-04-08T15:00:00Z,BTC,70896.0,1420324195404.0872,54663628719.33767,,4.439716783944482,coingecko,2026-04-08T15:11:07Z
2026-04-08T15:00:00Z,ETH,2197.88,265534058303.5867,27283047782.92175,,6.162395317759923,coingecko,2026-04-08T15:11:07Z
2026-04-08T15:00:00Z,BNB,602.29,82204504753.05154,1502759164.2487574,,1.2212463300282028,coingecko,2026-04-08T15:11:07Z
2026-04-08T17:00:00Z,BTC,71623.0,1433284781426.517,54540569341.52664,,4.881038874615106,coingecko,2026-04-08T17:02:28Z
2026-04-08T17:00:00Z,ETH,2221.6,268136203383.0229,26759767683.0099,,6.631668449801857,coingecko,2026-04-08T17:02:28Z
2026-04-08T17:00:00Z,BNB,605.44,82555065472.59798,1465935443.7617238,,0.6737666606053142,coingecko,2026-04-08T17:02:28Z
2026-04-08T19:00:00Z,BTC,71259.0,1422946451129.12,55255634050.23545,,3.9812026926311312,coingecko,2026-04-08T19:16:25Z
2026-04-08T19:00:00Z,ETH,2205.55,265677794399.0105,26603663027.233524,,5.351613444428618,coingecko,2026-04-08T19:16:25Z
2026-04-08T19:00:00Z,BNB,604.37,82390453595.84515,1454332374.4000864,,0.0088358845219972,coingecko,2026-04-08T19:16:25Z
2026-04-08T20:00:00Z,BTC,71327.0,1427778468705.3176,52880964179.68759,,2.906470142990248,coingecko,2026-04-08T20:42:47Z
2026-04-08T20:00:00Z,ETH,2207.71,266606337405.1204,26398106763.88345,,4.279279211050796,coingecko,2026-04-08T20:42:47Z
2026-04-08T20:00:00Z,BNB,604.19,82406079582.75824,1449973978.6999788,,-0.6853485481394436,coingecko,2026-04-08T20:42:47Z
2026-04-08T21:00:00Z,BTC,71641.0,1433744317332.2366,51141032143.49105,,2.5596202542876965,coingecko,2026-04-08T21:42:03Z
2026-04-08T21:00:00Z,ETH,2218.48,267745343913.9969,26450918090.599075,,3.610438277490863,coingecko,2026-04-08T21:42:03Z
2026-04-08T21:00:00Z,BNB,607.05,82775139188.8021,1419802463.1381838,,-0.7415020002573545,coingecko,2026-04-08T21:42:03Z
2026-04-08T22:00:00Z,BTC,71304.0,1426606765357.3447,47747511976.70866,,0.4245224844555432,coingecko,2026-04-08T22:39:28Z
2026-04-08T22:00:00Z,ETH,2199.85,265215545331.0544,24353530866.59225,,0.7641470047210397,coingecko,2026-04-08T22:39:28Z
2026-04-08T22:00:00Z,BNB,606.09,82589590359.45566,1162051918.872506,,-1.8214724763582144,coingecko,2026-04-08T22:39:28Z
2026-04-08T23:00:00Z,BTC,71095.0,1420812923602.5225,43952499349.40339,,-1.6404658614170309,coingecko,2026-04-08T23:38:55Z
2026-04-08T23:00:00Z,ETH,2188.87,263725863883.8921,21341056727.786407,,-2.738306418827056,coingecko,2026-04-08T23:38:55Z
2026-04-08T23:00:00Z,BNB,601.27,81947806572.56432,1247123323.9017916,,-3.5293495576045943,coingecko,2026-04-08T23:38:55Z
2026-04-09T02:00:00Z,BTC,70895.0,1419589736147.8174,40637184272.57134,,-1.109203310849882,coingecko,2026-04-09T02:13:44Z
2026-04-09T02:00:00Z,ETH,2177.54,262989622786.25995,18994225616.72472,,-2.9590414739491995,coingecko,2026-04-09T02:13:44Z
2026-04-09T02:00:00Z,BNB,601.7,82046872562.65504,1194272880.4478314,,-2.473726195403604,coingecko,2026-04-09T02:13:44Z
2026-04-09T05:00:00Z,BTC,70825.0,1417477741660.526,39140520993.18209,,-1.1541806418114815,coingecko,2026-04-09T05:10:09Z
2026-04-09T05:00:00Z,ETH,2177.94,262870388044.15945,18682604007.113968,,-2.826024330069722,coingecko,2026-04-09T05:10:09Z
2026-04-09T05:00:00Z,BNB,599.54,81756056391.417,1082966110.1963198,,-2.6516078192917814,coingecko,2026-04-09T05:10:09Z
2026-04-09T07:00:00Z,BTC,70996.0,1421214410803.283,37823161407.01522,,-1.18167021686492,coingecko,2026-04-09T07:22:59Z
2026-04-09T07:00:00Z,ETH,2181.74,263405332387.80167,18113679664.518013,,-3.2544504031576373,coingecko,2026-04-09T07:22:59Z
2026-04-09T07:00:00Z,BNB,600.1,81876512231.21857,1083560133.4357266,,-2.329789793162352,coingecko,2026-04-09T07:22:59Z
2026-04-09T09:00:00Z,BTC,71155.0,1423733713129.974,37754777920.84233,,-1.033481330780457,coingecko,2026-04-09T09:08:21Z
2026-04-09T09:00:00Z,ETH,2179.96,263129038661.4036,16281089251.2336,,-3.5206047529265505,coingecko,2026-04-09T09:08:21Z
2026-04-09T09:00:00Z,BNB,600.28,81842384568.9844,1051164640.5548671,,-2.195344758650203,coingecko,2026-04-09T09:08:21Z
2026-04-09T10:00:00Z,BTC,71305.0,1427669398806.256,37628306387.67832,,-0.2730761265206013,coingecko,2026-04-09T10:59:15Z
2026-04-09T10:00:00Z,ETH,2192.57,264665423682.3387,16697603242.46654,,-2.3037578136731303,coingecko,2026-04-09T10:59:15Z
2026-04-09T10:00:00Z,BNB,602.65,82146547010.00302,1074916383.5170264,,-1.5536701126168282,coingecko,2026-04-09T10:59:15Z
2026-04-09T11:00:00Z,BTC,71155.0,1424554414400.6997,37081592946.25066,,-0.7289015005305168,coingecko,2026-04-09T11:59:15Z
2026-04-09T11:00:00Z,ETH,2180.14,263199165583.53708,16376939502.544352,,-2.974021626281804,coingecko,2026-04-09T11:59:15Z
2026-04-09T11:00:00Z,BNB,602.25,82130860606.49416,1073930130.1710348,,-1.7205126608391514,coingecko,2026-04-09T11:59:15Z
2026-04-09T14:00:00Z,BTC,70775.0,1416722049238.2988,33215760848.08012,,-1.0935365996698845,coingecko,2026-04-09T14:05:22Z
2026-04-09T14:00:00Z,ETH,2166.02,261138561937.7201,16046398009.572311,,-2.8610592162393744,coingecko,2026-04-09T14:05:22Z
2026-04-09T14:00:00Z,BNB,600.52,81857851805.66963,918315459.3413844,,-1.1268351422968006,coingecko,2026-04-09T14:05:22Z
2026-04-09T16:00:00Z,BTC,72318.0,1446275232267.3496,34537170353.06418,,1.3804729183128128,coingecko,2026-04-09T16:18:12Z
2026-04-09T16:00:00Z,ETH,2219.73,267848133599.02512,15355295047.878391,,0.1493668792588948,coingecko,2026-04-09T16:18:12Z
2026-04-09T16:00:00Z,BNB,606.2,82531355260.73128,862738827.8275818,,0.0077442523293251,coingecko,2026-04-09T16:18:12Z
2026-04-09T17:00:00Z,BTC,72300.0,1447541567265.567,36309705608.14784,,0.5667911760582549,coingecko,2026-04-09T17:58:39Z
2026-04-09T17:00:00Z,ETH,2221.28,268121058717.2904,16351957772.784866,,-0.4680175806320603,coingecko,2026-04-09T17:58:39Z
2026-04-09T17:00:00Z,BNB,608.25,82934552343.31749,923156298.0950592,,0.2013270362171512,coingecko,2026-04-09T17:58:39Z
2026-04-09T19:00:00Z,BTC,72016.0,1441734490649.7495,35921707899.44888,,1.1482108457224525,coingecko,2026-04-09T19:17:56Z
2026-04-09T19:00:00Z,ETH,2213.78,267263674867.13223,16458156554.219507,,0.4814728173767243,coingecko,2026-04-09T19:17:56Z
2026-04-09T19:00:00Z,BNB,608.59,82999925262.27515,934071704.8184956,,0.7622406115471212,coingecko,2026-04-09T19:17:56Z
2026-04-09T20:00:00Z,BTC,72321.0,1447461324960.681,36600987802.21632,,1.368062003422167,coingecko,2026-04-09T20:52:46Z
2026-04-09T20:00:00Z,ETH,2212.27,267199751070.14163,15831421462.757486,,0.1312832730826542,coingecko,2026-04-09T20:52:46Z
2026-04-09T20:00:00Z,BNB,608.35,82961646707.68968,953432803.5719734,,0.6855535161378472,coingecko,2026-04-09T20:52:46Z
2026-04-09T21:00:00Z,BTC,72375.0,1448631359233.243,36626185918.21839,,1.074882452034867,coingecko,2026-04-09T21:45:17Z
2026-04-09T21:00:00Z,ETH,2214.24,266999583065.7245,16473184803.265211,,-0.1391704863990513,coingecko,2026-04-09T21:45:17Z
2026-04-09T21:00:00Z,BNB,607.96,82910566072.57603,970359217.4810536,,0.1274537463654868,coingecko,2026-04-09T21:45:17Z
2026-04-09T22:00:00Z,BTC,72378.0,1449628928876.9924,38715184812.29835,,1.5651556814381338,coingecko,2026-04-09T22:41:05Z
2026-04-09T22:00:00Z,ETH,2213.87,267425734423.0878,16296452664.388094,,0.6783673040292224,coingecko,2026-04-09T22:41:05Z
2026-04-09T22:00:00Z,BNB,607.93,82896140683.56973,1002997309.0487283,,0.3123704514349117,coingecko,2026-04-09T22:41:05Z
2026-04-09T23:00:00Z,BTC,71725.0,1435490131375.5225,39100375568.8064,,0.868928007131299,coingecko,2026-04-09T23:38:05Z
2026-04-09T23:00:00Z,ETH,2187.39,263992193713.96906,17216513494.696487,,-0.0696929182064041,coingecko,2026-04-09T23:38:05Z
2026-04-09T23:00:00Z,BNB,602.67,82188478424.37332,999920191.9898478,,0.2351829315556124,coingecko,2026-04-09T23:38:05Z
2026-04-10T02:00:00Z,BTC,72167.0,1444692584435.3296,40087906459.03458,,1.6109987280414289,coingecko,2026-04-10T02:33:14Z
2026-04-10T02:00:00Z,ETH,2194.93,265020578908.40573,16572516174.212122,,0.5844267703148334,coingecko,2026-04-10T02:33:14Z
2026-04-10T02:00:00Z,BNB,603.32,82240200303.50368,974346236.8542151,,0.0982549986877193,coingecko,2026-04-10T02:33:14Z
2026-04-10T05:00:00Z,BTC,72205.0,1444660555160.6765,40092363735.2442,,1.7266913932921235,coingecko,2026-04-10T05:25:37Z
2026-04-10T05:00:00Z,ETH,2200.19,265543625031.032,17347295544.910553,,0.8805854438241562,coingecko,2026-04-10T05:25:37Z
2026-04-10T05:00:00Z,BNB,602.06,82037803454.29315,1000227565.9431208,,0.2973363419855537,coingecko,2026-04-10T05:25:37Z
2026-04-10T07:00:00Z,BTC,71726.0,1435714081196.896,39642296142.52489,,1.0461162968883493,coingecko,2026-04-10T07:28:04Z
2026-04-10T07:00:00Z,ETH,2187.14,264006450719.11383,17638878162.535122,,0.2662610703025741,coingecko,2026-04-10T07:28:04Z
2026-04-10T07:00:00Z,BNB,600.43,81871847857.86217,989163246.9053783,,-0.0055584548719266,coingecko,2026-04-10T07:28:04Z
2026-04-10T09:00:00Z,BTC,71683.0,1434561884260.5923,38537066039.9687,,0.7009150782342315,coingecko,2026-04-10T09:09:58Z
2026-04-10T09:00:00Z,ETH,2187.86,264143195012.4807,17315065907.699787,,0.3380924730430451,coingecko,2026-04-10T09:09:58Z
2026-04-10T09:00:00Z,BNB,601.05,81957109168.89767,995261580.1484388,,0.1374315296887015,coingecko,2026-04-10T09:09:58Z
2026-04-10T10:00:00Z,BTC,71895.0,1438458825923.3394,39524014895.86379,,0.8324568261611718,coingecko,2026-04-10T10:55:28Z
2026-04-10T10:00:00Z,ETH,2196.73,264955056455.16275,17795636725.786827,,0.2066768715908685,coingecko,2026-04-10T10:55:28Z
2026-04-10T10:00:00Z,BNB,600.86,81924776220.90686,1009387750.4632028,,-0.2969789735857202,coingecko,2026-04-10T10:55:28Z
2026-04-10T11:00:00Z,BTC,72235.0,1444189782240.1792,39164185014.29375,,1.4574848766082735,coingecko,2026-04-10T11:49:51Z
2026-04-10T11:00:00Z,ETH,2222.63,267941825480.26184,17893608442.277397,,1.8633384025728776,coingecko,2026-04-10T11:49:51Z
2026-04-10T11:00:00Z,BNB,603.14,82190063069.6627,1026750813.4666784,,0.1570181968446425,coingecko,2026-04-10T11:49:51Z
2026-04-10T13:00:00Z,BTC,72247.0,1445866243771.0942,39454928220.52585,,1.597136537500507,coingecko,2026-04-10T13:10:37Z
2026-04-10T13:00:00Z,ETH,2219.14,267769614959.7584,17956612446.07428,,1.8908175436191297,coingecko,2026-04-10T13:10:37Z
2026-04-10T13:00:00Z,BNB,602.68,82156000216.56729,1036670064.7519048,,0.011472360136799,coingecko,2026-04-10T13:10:37Z
2026-04-10T14:00:00Z,BTC,72898.0,1458776907459.5344,42161456668.76247,,2.6637480768815367,coingecko,2026-04-10T14:48:59Z
2026-04-10T14:00:00Z,ETH,2241.06,270425352073.4568,19150133558.51605,,2.9921019683977903,coingecko,2026-04-10T14:48:59Z
2026-04-10T14:00:00Z,BNB,606.53,82702619946.01501,1062485810.078763,,0.9807863410273522,coingecko,2026-04-10T14:48:59Z
2026-04-10T15:00:00Z,BTC,72599.0,1452510523912.4705,41928411144.58578,,0.5918992122195024,coingecko,2026-04-10T15:54:16Z
2026-04-10T15:00:00Z,ETH,2229.47,268859421446.96487,18386501704.582928,,0.573219798783992,coingecko,2026-04-10T15:54:16Z
2026-04-10T15:00:00Z,BNB,604.28,82341263009.84468,1063573755.6173892,,-0.3813619751353999,coingecko,2026-04-10T15:54:16Z
2026-04-10T16:00:00Z,BTC,72853.0,1456895969794.6492,40378132396.80319,,1.4792678836390665,coingecko,2026-04-10T16:52:13Z
2026-04-10T16:00:00Z,ETH,2241.57,270421930127.7104,18126772602.98773,,1.8076288167208867,coingecko,2026-04-10T16:52:13Z
2026-04-10T16:00:00Z,BNB,605.44,82545971005.15785,1039977032.3122604,,0.2288763260448059,coingecko,2026-04-10T16:52:13Z
2026-04-10T17:00:00Z,BTC,72974.0,1459802720058.9736,39270804040.84468,,0.7900329491584522,coingecko,2026-04-10T17:48:58Z
2026-04-10T17:00:00Z,ETH,2243.5,270689580119.6168,17759537131.285023,,1.007480922988088,coingecko,2026-04-10T17:48:58Z
2026-04-10T17:00:00Z,BNB,606.4,82645195615.93488,1025590206.4393752,,-0.3111808159613548,coingecko,2026-04-10T17:48:58Z
2026-04-10T18:00:00Z,BTC,73024.0,1461190136505.555,38693550872.28883,,1.616110655614901,coingecko,2026-04-10T18:53:53Z
2026-04-10T18:00:00Z,ETH,2247.3,271175925838.7757,18417515914.910458,,1.857844958807216,coingecko,2026-04-10T18:53:53Z
2026-04-10T18:00:00Z,BNB,609.0,82998404167.9971,1021384740.2816854,,0.4659344909153668,coingecko,2026-04-10T18:53:53Z
2026-04-10T19:00:00Z,BTC,72949.0,1460329327879.9153,39338269173.15413,,1.199628938939585,coingecko,2026-04-10T19:43:54Z
2026-04-10T19:00:00Z,ETH,2244.96,271042206250.29297,18215085878.702847,,1.2639692524229638,coingecko,2026-04-10T19:43:54Z
2026-04-10T19:00:00Z,BNB,608.73,82992277026.5839,1013205182.6776346,,0.0500910377218451,coingecko,2026-04-10T19:43:54Z
2026-04-10T20:00:00Z,BTC,73239.0,1465955616180.623,35769272864.57683,,1.1725493537935294,coingecko,2026-04-10T20:37:31Z
2026-04-10T20:00:00Z,ETH,2250.46,271822936762.33072,18214416490.43733,,1.4545132771671774,coingecko,2026-04-10T20:37:31Z
2026-04-10T20:00:00Z,BNB,609.62,83141962869.8961,1014964527.0652758,,0.070793577397492,coingecko,2026-04-10T20:37:31Z
2026-04-10T21:00:00Z,BTC,73075.0,1462022600462.363,39372742284.88602,,1.1772649774988435,coingecko,2026-04-10T21:38:02Z
2026-04-10T21:00:00Z,ETH,2248.13,271163603153.585,18115441555.957527,,1.7654514836429116,coingecko,2026-04-10T21:38:02Z
2026-04-10T21:00:00Z,BNB,608.37,82946274872.74586,1008914908.991714,,0.1337670822316451,coingecko,2026-04-10T21:38:02Z
2026-04-10T22:00:00Z,BTC,72979.0,1460731283960.3225,38530716386.18419,,0.8145990468464067,coingecko,2026-04-10T22:38:00Z
2026-04-10T22:00:00Z,ETH,2247.09,271213615522.42563,17529962303.318516,,1.4827829203211942,coingecko,2026-04-10T22:38:00Z
2026-04-10T22:00:00Z,BNB,607.14,82797910463.07358,959783943.4611156,,-0.1148328800070508,coingecko,2026-04-10T22:38:00Z
2026-04-10T23:00:00Z,BTC,72911.0,1458716469106.693,38284075290.74789,,1.6068177073703394,coingecko,2026-04-10T23:35:59Z
2026-04-10T23:00:00Z,ETH,2243.02,270679342093.7767,16405177891.33298,,2.5137340435089848,coingecko,2026-04-10T23:35:59Z
2026-04-10T23:00:00Z,BNB,606.33,82658228973.72618,942341041.9845912,,0.5864673033084701,coingecko,2026-04-10T23:35:59Z
2026-04-11T02:00:00Z,BTC,72974.0,1460226585620.155,36841354036.7733,,1.0421480015611777,coingecko,2026-04-11T02:12:12Z
2026-04-11T02:00:00Z,ETH,2245.45,270808579979.3733,16171687716.59628,,2.266629753766237,coingecko,2026-04-11T02:12:12Z
2026-04-11T02:00:00Z,BNB,605.09,82475584570.44377,906019293.4882888,,0.3362953768103555,coingecko,2026-04-11T02:12:12Z
2026-04-11T04:00:00Z,BTC,72838.0,1457827324884.8457,36379972448.04573,,1.052667039205504,coingecko,2026-04-11T04:56:00Z
2026-04-11T04:00:00Z,ETH,2241.92,270580686329.8129,15192846928.5412,,2.1476067772680656,coingecko,2026-04-11T04:56:00Z
2026-04-11T04:00:00Z,BNB,606.39,82684832156.18898,892553706.458142,,0.8200997515547053,coingecko,2026-04-11T04:56:00Z
2026-04-11T06:00:00Z,BTC,72743.0,1456026823492.5227,36205913070.6318,,0.8566847840736759,coingecko,2026-04-11T06:01:26Z
2026-04-11T06:00:00Z,ETH,2233.41,269594225154.1037,14951104022.208937,,1.684311634120914,coingecko,2026-04-11T06:01:26Z
2026-04-11T06:00:00Z,BNB,606.01,82642584768.87251,913560983.737108,,0.7556675651284434,coingecko,2026-04-11T06:01:26Z
2026-04-11T07:00:00Z,BTC,72732.0,1456062661512.5625,35528843262.955666,,1.505247763940944,coingecko,2026-04-11T07:49:53Z
2026-04-11T07:00:00Z,ETH,2232.5,269466855897.9062,14640794761.512754,,2.231080151536509,coingecko,2026-04-11T07:49:53Z
2026-04-11T07:00:00Z,BNB,606.63,82694807282.18033,896781280.0347366,,1.022153812584372,coingecko,2026-04-11T07:49:53Z
2026-04-11T08:00:00Z,BTC,72741.0,1455859189899.5627,34290329651.18305,,1.4053684007671652,coingecko,2026-04-11T08:42:45Z
2026-04-11T08:00:00Z,ETH,2233.33,269529399326.6192,13815658033.251995,,2.057332092329264,coingecko,2026-04-11T08:42:45Z
2026-04-11T08:00:00Z,BNB,605.82,82606878351.51764,898964659.5600946,,0.866650813606431,coingecko,2026-04-11T08:42:45Z
2026-04-11T09:00:00Z,BTC,72856.0,1457796588414.192,34251704668.730995,,1.4723734791734997,coingecko,2026-04-11T09:40:24Z
2026-04-11T09:00:00Z,ETH,2244.67,270836038003.5752,14339849117.866545,,2.347862690921235,coingecko,2026-04-11T09:40:24Z
2026-04-11T09:00:00Z,BNB,606.98,82762913133.6784,888364933.8725641,,0.972562922866578,coingecko,2026-04-11T09:40:24Z
2026-04-11T10:00:00Z,BTC,72892.0,1458878447627.808,34127587601.17804,,1.5779252981336411,coingecko,2026-04-11T10:34:20Z
2026-04-11T10:00:00Z,ETH,2242.28,270625717101.49545,13104096553.407078,,2.274645301607459,coingecko,2026-04-11T10:34:20Z
2026-04-11T10:00:00Z,BNB,606.19,82675354750.81502,882544081.0451425,,0.9757642067263032,coingecko,2026-04-11T10:34:20Z
2026-04-11T11:00:00Z,BTC,72863.0,1458729074175.559,33707825276.503586,,0.961330044515381,coingecko,2026-04-11T11:30:33Z
2026-04-11T11:00:00Z,ETH,2240.27,270509925997.1548,13706970440.114506,,1.125658496168164,coingecko,2026-04-11T11:30:33Z
2026-04-11T11:00:00Z,BNB,605.0,82514005897.00096,875258505.0093832,,0.4344099623035167,coingecko,2026-04-11T11:30:33Z
2026-04-11T12:00:00Z,BTC,72956.0,1460082593357.3206,31773128942.32628,,0.9600440466299331,coingecko,2026-04-11T12:58:28Z
2026-04-11T12:00:00Z,ETH,2245.76,271101767344.26752,12457486244.59501,,1.18816690878082,coingecko,2026-04-11T12:58:28Z
2026-04-11T12:00:00Z,BNB,606.87,82746457477.4346,857417613.1092647,,0.642710962160048,coingecko,2026-04-11T12:58:28Z
2026-04-11T13:00:00Z,BTC,72705.0,1454947355065.7087,31186836018.837124,,0.4866644970372508,coingecko,2026-04-11T13:58:48Z
2026-04-11T13:00:00Z,ETH,2241.77,270503055783.5268,12119870532.856567,,0.7834784213244554,coingecko,2026-04-11T13:58:48Z
2026-04-11T13:00:00Z,BNB,605.19,82502439160.70049,850532014.991253,,0.4586921335750116,coingecko,2026-04-11T13:58:48Z
2026-04-11T14:00:00Z,BTC,72639.0,1454816006246.4814,28982774034.05409,,-0.329397973671465,coingecko,2026-04-11T14:42:18Z
2026-04-11T14:00:00Z,ETH,2239.44,270529059737.63385,10697870693.89032,,-0.1109993867811018,coingecko,2026-04-11T14:42:18Z
2026-04-11T14:00:00Z,BNB,604.77,82537007212.24277,812810390.8992475,,-0.2722387864617189,coingecko,2026-04-11T14:42:18Z
2026-04-11T15:00:00Z,BTC,72798.0,1456971131454.7437,26940212845.846672,,0.040786899065541,coingecko,2026-04-11T15:35:02Z
2026-04-11T15:00:00Z,ETH,2248.68,271487306188.4409,10936509163.36783,,0.4748156203130016,coingecko,2026-04-11T15:35:02Z
2026-04-11T15:00:00Z,BNB,606.06,82622381699.81592,790782735.604825,,-0.0184609086721779,coingecko,2026-04-11T15:35:02Z
2026-04-11T16:00:00Z,BTC,72904.0,1459305463625.7483,24983778391.833023,,0.2179494537971087,coingecko,2026-04-11T16:38:16Z
2026-04-11T16:00:00Z,ETH,2248.6,271361811143.83835,9307709159.157743,,0.4174734775306317,coingecko,2026-04-11T16:38:16Z
2026-04-11T16:00:00Z,BNB,606.87,82747448295.95694,755792836.4096248,,0.2051336994295726,coingecko,2026-04-11T16:38:16Z
2026-04-11T17:00:00Z,BTC,73111.0,1463147852507.31,25217807181.853256,,0.24918490930319,coingecko,2026-04-11T17:32:05Z
2026-04-11T17:00:00Z,ETH,2259.71,272699445504.6224,9370639273.014778,,0.7460997125048227,coingecko,2026-04-11T17:32:05Z
2026-04-11T17:00:00Z,BNB,607.52,82835209539.61691,754921406.5938716,,0.2078854245218695,coingecko,2026-04-11T17:32:05Z
2026-04-11T18:00:00Z,BTC,73512.0,1471644398049.8474,25823492520.26417,,0.7383480625655434,coingecko,2026-04-11T18:44:18Z
2026-04-11T18:00:00Z,ETH,2295.89,277211788648.03595,10639224603.057762,,2.236486375776731,coingecko,2026-04-11T18:44:18Z
2026-04-11T18:00:00Z,BNB,610.72,83284748429.53496,780442021.6670779,,0.4033371567577077,coingecko,2026-04-11T18:44:18Z
2026-04-11T19:00:00Z,BTC,73717.0,1475437301275.8066,25922736740.435863,,1.015444093199949,coingecko,2026-04-11T19:35:40Z
2026-04-11T19:00:00Z,ETH,2322.1,280248478684.2064,11890249086.113358,,3.388374067604634,coingecko,2026-04-11T19:35:40Z
2026-04-11T19:00:00Z,BNB,613.73,83674968976.67134,812558685.9688686,,0.8016444591113614,coingecko,2026-04-11T19:35:40Z
2026-04-11T20:00:00Z,BTC,73312.0,1469872294260.154,24992484342.116367,,0.0957565440791302,coingecko,2026-04-11T20:34:41Z
2026-04-11T20:00:00Z,ETH,2294.26,278021259313.8565,12123389460.98576,,1.850650707817096,coingecko,2026-04-11T20:34:41Z
2026-04-11T20:00:00Z,BNB,610.33,83343920495.41464,820326427.6267784,,0.0929172005700693,coingecko,2026-04-11T20:34:41Z
2026-04-11T21:00:00Z,BTC,73348.0,1468040948978.8652,24629917747.958588,,0.3806473009490249,coingecko,2026-04-11T21:33:40Z
2026-04-11T21:00:00Z,ETH,2297.89,277367765456.8859,12171216163.055317,,2.261043811470949,coingecko,2026-04-11T21:33:40Z
2026-04-11T21:00:00Z,BNB,610.54,83239750585.20375,818333800.8219608,,0.3710386916672312,coingecko,2026-04-11T21:33:40Z
2026-04-11T22:00:00Z,BTC,73370.0,1470358363623.1262,24405921229.293697,,0.4653348941417716,coingecko,2026-04-11T22:33:14Z
2026-04-11T22:00:00Z,ETH,2303.31,278326429947.7064,12459042325.817844,,2.4574994242997934,coingecko,2026-04-11T22:33:14Z
2026-04-11T22:00:00Z,BNB,611.3,83397534113.58075,812226791.1695302,,0.666636886068268,coingecko,2026-04-11T22:33:14Z
2026-04-11T23:00:00Z,BTC,73124.0,1464043933001.7612,24015747598.29229,,0.2712453047459084,coingecko,2026-04-11T23:35:12Z
2026-04-11T23:00:00Z,ETH,2288.23,276108707196.5537,12682287059.191654,,2.008642113061135,coingecko,2026-04-11T23:35:12Z
2026-04-11T23:00:00Z,BNB,607.87,82893514817.2553,794218357.5194033,,0.262511400291481,coingecko,2026-04-11T23:35:12Z
2026-04-12T02:00:00Z,BTC,71895.0,1438908183080.553,26881469340.01207,,-1.603064214877059,coingecko,2026-04-12T02:34:52Z
2026-04-12T02:00:00Z,ETH,2228.19,268911380166.1745,14670100631.863749,,-0.9486330576922472,coingecko,2026-04-12T02:34:52Z
2026-04-12T02:00:00Z,BNB,597.26,81438067312.5559,966536214.2184004,,-1.5201433418364707,coingecko,2026-04-12T02:34:52Z
2026-04-12T05:00:00Z,BTC,71628.0,1432096308552.75,27626159617.894066,,-1.6015571061332323,coingecko,2026-04-12T05:24:23Z
2026-04-12T05:00:00Z,ETH,2215.1,266995039672.19662,15356910166.907425,,-0.8929559913491986,coingecko,2026-04-12T05:24:23Z
2026-04-12T05:00:00Z,BNB,595.05,81085536594.54839,984771824.6220076,,-1.749179353834153,coingecko,2026-04-12T05:24:23Z
2026-04-12T07:00:00Z,BTC,71682.0,1434207672603.0088,27558836755.61384,,-1.4898781921245772,coingecko,2026-04-12T07:14:45Z
2026-04-12T07:00:00Z,ETH,2216.71,267419438875.8601,14447299450.650448,,-0.8022991233919639,coingecko,2026-04-12T07:14:45Z
2026-04-12T07:00:00Z,BNB,594.26,81030724395.46097,998338609.729708,,-1.9760851999409808,coingecko,2026-04-12T07:14:45Z
2026-04-12T08:00:00Z,BTC,71680.0,1436175135472.7622,28368140115.28036,,-1.4768339729125546,coingecko,2026-04-12T08:49:11Z
2026-04-12T08:00:00Z,ETH,2216.38,267745344338.7212,15377604079.966352,,-0.7841226079601759,coingecko,2026-04-12T08:49:11Z
2026-04-12T08:00:00Z,BNB,594.03,81050892723.29594,982711265.9165664,,-1.977008052826538,coingecko,2026-04-12T08:49:11Z
2026-04-12T09:00:00Z,BTC,71588.0,1433216425083.2854,28204604977.10743,,-1.759483154475097,coingecko,2026-04-12T09:45:31Z
2026-04-12T09:00:00Z,ETH,2214.15,267266969204.52487,15231081597.963676,,-1.3278458000546272,coingecko,2026-04-12T09:45:31Z
2026-04-12T09:00:00Z,BNB,594.22,81059781891.41873,971755716.7864867,,-2.125706287954696,coingecko,2026-04-12T09:45:31Z
2026-04-12T10:00:00Z,BTC,71582.0,1432802378062.398,27578404931.32353,,-1.7372342394233058,coingecko,2026-04-12T10:39:05Z
2026-04-12T10:00:00Z,ETH,2214.15,267224327408.4776,14187728822.17953,,-1.197665692000667,coingecko,2026-04-12T10:39:05Z
2026-04-12T10:00:00Z,BNB,594.99,81126750345.94891,962735146.0034173,,-1.8337521238641348,coingecko,2026-04-12T10:39:05Z
2026-04-12T11:00:00Z,BTC,71470.0,1431666883347.7192,29022293162.17711,,-1.90814197965372,coingecko,2026-04-12T11:35:01Z
2026-04-12T11:00:00Z,ETH,2204.62,266259603603.6117,14877132763.615952,,-1.5869266098470465,coingecko,2026-04-12T11:35:01Z
2026-04-12T11:00:00Z,BNB,594.83,81142137093.80959,984271197.902748,,-1.652954844630525,coingecko,2026-04-12T11:35:01Z
2026-04-12T13:00:00Z,BTC,71042.0,1424060660710.7275,29259123349.15688,,-2.4824822765396286,coingecko,2026-04-12T13:02:00Z
2026-04-12T13:00:00Z,ETH,2194.61,265154251694.3852,16218949419.107311,,-2.1984094493347874,coingecko,2026-04-12T13:02:00Z
2026-04-12T13:00:00Z,BNB,592.71,80942063448.82549,862952410.3516924,,-2.2439572835383905,coingecko,2026-04-12T13:02:00Z
2026-04-12T14:00:00Z,BTC,71007.0,1421742828045.6753,30130186460.461723,,-2.3035375377306995,coingecko,2026-04-12T14:39:50Z
2026-04-12T14:00:00Z,ETH,2189.56,264314813654.78845,16671760479.36654,,-2.309930337587355,coingecko,2026-04-12T14:39:50Z
2026-04-12T14:00:00Z,BNB,591.79,80699348700.32367,1008757252.063738,,-2.222145572602121,coingecko,2026-04-12T14:39:50Z
2026-04-12T15:00:00Z,BTC,70808.0,1416871432314.5632,28977124554.02318,,-2.721694788957365,coingecko,2026-04-12T15:36:30Z
2026-04-12T15:00:00Z,ETH,2182.48,263413755634.512,16138464847.558031,,-2.952454796590002,coingecko,2026-04-12T15:36:30Z
2026-04-12T15:00:00Z,BNB,590.76,80568542750.15694,1024199840.6905968,,-2.538413242333041,coingecko,2026-04-12T15:36:30Z
2026-04-12T16:00:00Z,BTC,70917.0,1419562523265.7278,30003929097.68376,,-2.7694962572562893,coingecko,2026-04-12T16:39:47Z
2026-04-12T16:00:00Z,ETH,2185.78,263832310034.4145,16142705488.139666,,-2.8589719584920688,coingecko,2026-04-12T16:39:47Z
2026-04-12T16:00:00Z,BNB,591.77,80683644974.3146,1030738734.9908084,,-2.482896666443561,coingecko,2026-04-12T16:39:47Z
2026-04-12T17:00:00Z,BTC,71023.0,1421504810786.2854,29779779776.24942,,-2.9150548252690185,coingecko,2026-04-12T17:35:34Z
2026-04-12T17:00:00Z,ETH,2196.6,265117224884.68045,16015748701.125051,,-2.98548448276172,coingecko,2026-04-12T17:35:34Z
2026-04-12T17:00:00Z,BNB,592.24,80756425858.90396,1022934567.4430752,,-2.5996715108481143,coingecko,2026-04-12T17:35:34Z
2026-04-12T19:00:00Z,BTC,71133.0,1424479356445.1536,28927440050.700268,,-3.442363996818952,coingecko,2026-04-12T19:39:40Z
2026-04-12T19:00:00Z,ETH,2202.55,266096641334.505,14291841488.956968,,-5.048916810903158,coingecko,2026-04-12T19:39:40Z
2026-04-12T19:00:00Z,BNB,593.06,80878098411.89693,968139589.8880014,,-3.3882291654010466,coingecko,2026-04-12T19:39:40Z
2026-04-12T20:00:00Z,BTC,71151.0,1423242186825.4905,28452584480.61887,,-2.9722669808752857,coingecko,2026-04-12T20:37:03Z
2026-04-12T20:00:00Z,ETH,2200.69,265453776012.4625,14661541540.295065,,-4.057054417103228,coingecko,2026-04-12T20:37:03Z
2026-04-12T20:00:00Z,BNB,593.94,80798545836.65614,959853684.5443666,,-2.684814451449294,coingecko,2026-04-12T20:37:03Z
2026-04-12T21:00:00Z,BTC,71271.0,1426486593677.1128,28810501324.08661,,-2.943051112882726,coingecko,2026-04-12T21:35:48Z
2026-04-12T21:00:00Z,ETH,2207.19,266409864434.7584,13798989941.075382,,-4.017300098604844,coingecko,2026-04-12T21:35:48Z
2026-04-12T21:00:00Z,BNB,595.2,81165454491.85564,978466112.6615368,,-2.4946988264461885,coingecko,2026-04-12T21:35:48Z
2026-04-12T22:00:00Z,BTC,70705.0,1413279244365.975,30020920537.03665,,-3.503342990114399,coingecko,2026-04-12T22:35:17Z
2026-04-12T22:00:00Z,ETH,2189.8,263931211976.1089,14323950776.150087,,-4.426556094194096,coingecko,2026-04-12T22:35:17Z
2026-04-12T22:00:00Z,BNB,592.29,80732993140.21434,992448026.7486628,,-2.9788672694310225,coingecko,2026-04-12T22:35:17Z
2026-04-12T23:00:00Z,BTC,70604.0,1413339350024.4302,30290135688.223675,,-3.5092365298638364,coingecko,2026-04-12T23:35:33Z
2026-04-12T23:00:00Z,ETH,2187.93,264069668865.9513,13798107863.435831,,-4.427365623677479,coingecko,2026-04-12T23:35:33Z
2026-04-12T23:00:00Z,BNB,591.33,80618445328.68079,974627576.9162544,,-2.754601988770361,coingecko,2026-04-12T23:35:33Z
2026-04-13T02:00:00Z,BTC,71127.0,1425079512640.9695,28281940678.68037,,-1.0934511468045638,coingecko,2026-04-13T02:39:56Z
2026-04-13T02:00:00Z,ETH,2197.63,265438425261.8441,13287631122.556269,,-1.359067890017466,coingecko,2026-04-13T02:39:56Z
2026-04-13T02:00:00Z,BNB,596.96,81404758737.79317,849363178.9211799,,-0.102254449402376,coingecko,2026-04-13T02:39:56Z
2026-04-13T05:00:00Z,BTC,70760.0,1415700134428.463,27347690715.57986,,-1.2681040933472352,coingecko,2026-04-13T05:42:48Z
2026-04-13T05:00:00Z,ETH,2185.84,263680966007.64072,11716798124.713364,,-1.3622264764285152,coingecko,2026-04-13T05:42:48Z
2026-04-13T05:00:00Z,BNB,596.04,81217425348.38982,816581177.337463,,0.1084253248563608,coingecko,2026-04-13T05:42:48Z
2026-04-13T08:00:00Z,BTC,70817.0,1416740309396.0452,28461894045.772675,,-1.295302378640075,coingecko,2026-04-13T08:03:58Z
2026-04-13T08:00:00Z,ETH,2187.43,263848559179.426,12272941486.627085,,-1.4795294970937969,coingecko,2026-04-13T08:03:58Z
2026-04-13T08:00:00Z,BNB,597.0,81376722262.55316,841754939.997168,,0.3715864451044141,coingecko,2026-04-13T08:03:58Z
2026-04-13T10:00:00Z,BTC,70777.0,1416792072205.5513,28275585998.223087,,-1.0475796368836634,coingecko,2026-04-13T10:45:46Z
2026-04-13T10:00:00Z,ETH,2183.43,263516530465.3481,13193153330.95983,,-1.3078860934602798,coingecko,2026-04-13T10:45:46Z
2026-04-13T10:00:00Z,BNB,597.89,81535979483.85828,841925536.4479045,,0.5969831296918477,coingecko,2026-04-13T10:45:46Z
2026-04-13T12:00:00Z,BTC,70875.0,1419457330207.338,28782047256.893143,,-0.764136571870993,coingecko,2026-04-13T12:03:08Z
2026-04-13T12:00:00Z,ETH,2185.0,263973586859.09543,12879954458.43617,,-0.8412207845905644,coingecko,2026-04-13T12:03:08Z
2026-04-13T12:00:00Z,BNB,596.74,81464466929.93,839514362.2358334,,0.3018524477863671,coingecko,2026-04-13T12:03:08Z
2026-04-13T14:00:00Z,BTC,72080.0,1442904211028.4124,32173605712.181698,,1.7738068122024455,coingecko,2026-04-13T14:49:36Z
2026-04-13T14:00:00Z,ETH,2224.9,268655644300.21265,14444926934.174135,,1.902866742487704,coingecko,2026-04-13T14:49:36Z
2026-04-13T14:00:00Z,BNB,602.02,82124643188.86452,753296867.8911246,,1.9846934089810424,coingecko,2026-04-13T14:49:36Z
2026-04-13T16:00:00Z,BTC,72001.0,1438709481472.966,33860997659.51596,,1.5000307571671705,coingecko,2026-04-13T16:13:33Z
2026-04-13T16:00:00Z,ETH,2215.5,266840638815.70343,14516673239.640062,,1.258112826322929,coingecko,2026-04-13T16:13:33Z
2026-04-13T16:00:00Z,BNB,605.32,82406504263.00029,967822577.8075396,,2.169624680533263,coingecko,2026-04-13T16:13:33Z
2026-04-13T18:00:00Z,BTC,72152.0,1444199513643.1592,39013955944.134125,,1.4696710077833572,coingecko,2026-04-13T18:01:16Z
2026-04-13T18:00:00Z,ETH,2225.71,268560041631.3139,14856821408.123512,,0.9960857685201278,coingecko,2026-04-13T18:01:16Z
2026-04-13T18:00:00Z,BNB,605.13,82519889513.01439,892223590.4691482,,2.055334604898299,coingecko,2026-04-13T18:01:16Z
2026-04-13T19:00:00Z,BTC,72806.0,1454197622654.3037,42468811232.2004,,2.274744869372078,coingecko,2026-04-13T19:26:49Z
2026-04-13T19:00:00Z,ETH,2242.27,270295132036.8921,15836075403.701143,,1.6907766525025625,coingecko,2026-04-13T19:26:49Z
2026-04-13T19:00:00Z,BNB,606.15,82592714054.33046,1080344877.846931,,2.2322797511695867,coingecko,2026-04-13T19:26:49Z
2026-04-13T20:00:00Z,BTC,73144.0,1464031073030.964,47145527722.71408,,2.521153306995998,coingecko,2026-04-13T20:56:31Z
2026-04-13T20:00:00Z,ETH,2252.13,271803541285.8189,18262404500.91413,,1.7544691536088686,coingecko,2026-04-13T20:56:31Z
2026-04-13T20:00:00Z,BNB,607.63,82854208992.08798,1115772245.902758,,1.9861990367990363,coingecko,2026-04-13T20:56:31Z
2026-04-13T21:00:00Z,BTC,73263.0,1466527520562.6072,47069026696.84964,,2.808299502730826,coingecko,2026-04-13T21:51:38Z
2026-04-13T21:00:00Z,ETH,2262.24,273023356842.196,18499007804.93859,,2.433631292553576,coingecko,2026-04-13T21:51:38Z
2026-04-13T21:00:00Z,BNB,608.77,83008125401.92435,1121458279.3702352,,2.3403427115188986,coingecko,2026-04-13T21:51:38Z
2026-04-13T22:00:00Z,BTC,74221.0,1485712313166.1194,49617057654.240776,,4.775668300823503,coingecko,2026-04-13T22:43:39Z
2026-04-13T22:00:00Z,ETH,2342.71,282765342078.77167,20396255958.78105,,6.631869704633717,coingecko,2026-04-13T22:43:39Z
2026-04-13T22:00:00Z,BNB,614.24,83714257032.34229,1175346170.956108,,3.553668626567399,coingecko,2026-04-13T22:43:39Z
2026-04-13T23:00:00Z,BTC,74643.0,1497052707200.0845,53023612914.48174,,5.670055203928412,coingecko,2026-04-13T23:43:06Z
2026-04-13T23:00:00Z,ETH,2373.87,286985842188.7722,22652683345.55593,,8.448746878476342,coingecko,2026-04-13T23:43:06Z
2026-04-13T23:00:00Z,BNB,616.46,84132722327.67926,1263731504.9428203,,4.265932614685464,coingecko,2026-04-13T23:43:06Z
2026-04-14T02:00:00Z,BTC,74394.0,1489626542605.8,55768850024.48962,,4.474637251734459,coingecko,2026-04-14T02:33:23Z
2026-04-14T02:00:00Z,ETH,2369.77,286170631344.25415,25317179497.431004,,7.676160228858237,coingecko,2026-04-14T02:33:23Z
2026-04-14T02:00:00Z,BNB,613.79,83711433027.5434,1323703582.3489864,,2.6750923196786456,coingecko,2026-04-14T02:33:23Z
2026-04-14T05:00:00Z,BTC,74392.0,1489125357425.6985,56597686268.86336,,5.022484601257668,coingecko,2026-04-14T05:24:09Z
2026-04-14T05:00:00Z,ETH,2366.98,285697739916.2257,26245627741.342594,,8.187317193198346,coingecko,2026-04-14T05:24:09Z
2026-04-14T05:00:00Z,BNB,613.57,83686002124.87509,1252162463.550466,,3.0017961041589856,coingecko,2026-04-14T05:24:09Z
2026-04-14T07:00:00Z,BTC,74524.0,1491982107127.8225,57206702693.165886,,5.253162085027572,coingecko,2026-04-14T07:46:21Z
2026-04-14T07:00:00Z,ETH,2372.42,286366420844.4418,26463712615.63008,,8.406122111257218,coingecko,2026-04-14T07:46:21Z
2026-04-14T07:00:00Z,BNB,613.95,83700113854.52174,1376299032.5885143,,2.798483045975125,coingecko,2026-04-14T07:46:21Z
2026-04-14T09:00:00Z,BTC,74835.0,1497132258046.1743,58598903469.01824,,5.849885087533629,coingecko,2026-04-14T09:18:30Z
2026-04-14T09:00:00Z,ETH,2394.0,288736267165.4224,28111871757.23336,,9.364955690067616,coingecko,2026-04-14T09:18:30Z
2026-04-14T09:00:00Z,BNB,618.31,84271811662.98083,1428119033.4986396,,3.5182220551525325,coingecko,2026-04-14T09:18:30Z
2026-04-14T11:00:00Z,BTC,74401.0,1489006082433.5503,56076947769.14975,,5.078105956508868,coingecko,2026-04-14T11:03:47Z
2026-04-14T11:00:00Z,ETH,2375.25,286728170288.3574,27999966016.809044,,8.730452344895705,coingecko,2026-04-14T11:03:47Z
2026-04-14T11:00:00Z,BNB,617.68,84276507173.95343,1470365825.2542365,,3.287230049165037,coingecko,2026-04-14T11:03:47Z
2026-04-14T13:00:00Z,BTC,74725.0,1495383898015.7395,56287165304.67439,,4.951920028915867,coingecko,2026-04-14T13:26:28Z
2026-04-14T13:00:00Z,ETH,2383.3,287607655390.85547,27980137151.09784,,8.46517530270816,coingecko,2026-04-14T13:26:28Z
2026-04-14T13:00:00Z,BNB,617.0,84126680941.3839,1106661317.241802,,3.2455267825439886,coingecko,2026-04-14T13:26:28Z
2026-04-14T15:00:00Z,BTC,74737.0,1500157289843.1038,64868594885.86991,,3.8355531151940654,coingecko,2026-04-14T15:14:08Z
2026-04-14T15:00:00Z,ETH,2342.64,283632949707.6413,30787273874.954624,,5.47705796082882,coingecko,2026-04-14T15:14:08Z
2026-04-14T15:00:00Z,BNB,620.45,84549318954.81825,1547320436.405375,,2.917707975245377,coingecko,2026-04-14T15:14:08Z
2026-04-14T17:00:00Z,BTC,74752.0,1494739185881.1997,65297864846.20437,,3.545575952207442,coingecko,2026-04-14T17:08:15Z
2026-04-14T17:00:00Z,ETH,2335.85,281536576540.7794,30309745827.28641,,5.010823284373541,coingecko,2026-04-14T17:08:15Z
2026-04-14T17:00:00Z,BNB,619.29,84455542637.40782,1575637442.253293,,2.24579688997756,coingecko,2026-04-14T17:08:15Z
2026-04-14T19:00:00Z,BTC,74330.0,1488193681608.487,65820785298.55302,,2.4868002366853146,coingecko,2026-04-14T19:16:26Z
2026-04-14T19:00:00Z,ETH,2320.03,280061023478.9897,31707472397.0704,,3.787116441996849,coingecko,2026-04-14T19:16:26Z
2026-04-14T19:00:00Z,BNB,615.04,83893514647.81439,1647227390.4163046,,1.631111284516502,coingecko,2026-04-14T19:16:26Z
2026-04-14T20:00:00Z,BTC,74214.0,1486100727270.12,63516093439.457085,,1.4559765312819295,coingecko,2026-04-14T20:54:54Z
2026-04-14T20:00:00Z,ETH,2315.54,279585574554.8259,29806588412.52817,,2.807450475144849,coingecko,2026-04-14T20:54:54Z
2026-04-14T20:00:00Z,BNB,614.37,83784136383.83383,1599711432.8570635,,1.081758100000222,coingecko,2026-04-14T20:54:54Z
2026-04-14T21:00:00Z,BTC,74090.0,1481800576628.399,62356889216.592766,,1.1411976475137042,coingecko,2026-04-14T21:53:07Z
2026-04-14T21:00:00Z,ETH,2321.52,279882996189.42914,30615081638.607307,,2.589678726952694,coingecko,2026-04-14T21:53:07Z
2026-04-14T21:00:00Z,BNB,615.38,83888393067.36053,1598174882.4418788,,1.0806991479583783,coingecko,2026-04-14T21:53:07Z
2026-04-14T22:00:00Z,BTC,74018.0,1481633848437.011,59966670388.426,,-0.3643706557284004,coingecko,2026-04-14T22:45:22Z
2026-04-14T22:00:00Z,ETH,2313.62,279271445795.76685,28263410779.66422,,-1.352566585460902,coingecko,2026-04-14T22:45:22Z
2026-04-14T22:00:00Z,BNB,614.66,83840944061.2917,1528486930.1133711,,0.0386863012612351,coingecko,2026-04-14T22:45:22Z
2026-04-14T23:00:00Z,BTC,74180.0,1484125053811.0178,57269586465.48434,,-0.5621925997843055,coingecko,2026-04-14T23:42:25Z
2026-04-14T23:00:00Z,ETH,2324.83,280403397126.40094,25372973816.461952,,-2.086580689096697,coingecko,2026-04-14T23:42:25Z
2026-04-14T23:00:00Z,BNB,614.1,83729758740.16077,1477546332.7286196,,-0.3458926011206264,coingecko,2026-04-14T23:42:25Z
2026-04-15T02:00:00Z,BTC,74323.0,1488759515347.0564,55412409942.07689,,-0.0288773423253862,coingecko,2026-04-15T02:31:57Z
2026-04-15T02:00:00Z,ETH,2324.51,280555918959.47614,23724656098.376163,,-1.852003133998677,coingecko,2026-04-15T02:31:57Z
2026-04-15T02:00:00Z,BNB,617.22,84161829323.52739,1444594179.2367406,,0.5628733883117867,coingecko,2026-04-15T02:31:57Z
2026-04-15T05:00:00Z,BTC,74141.0,1485952428620.241,55369796729.25905,,-0.3214761996546772,coingecko,2026-04-15T05:24:31Z
2026-04-15T05:00:00Z,ETH,2325.43,281253593089.61395,23102073816.617817,,-1.7318062103885916,coingecko,2026-04-15T05:24:31Z
2026-04-15T05:00:00Z,BNB,614.7,83930846652.07898,1408090379.8007066,,0.1689792425637725,coingecko,2026-04-15T05:24:31Z
2026-04-15T07:00:00Z,BTC,73607.0,1473789719681.2117,52703067312.29475,,-1.2132317247376465,coingecko,2026-04-15T07:46:17Z
2026-04-15T07:00:00Z,ETH,2313.35,279205829460.304,22030933200.980373,,-2.524915557933064,coingecko,2026-04-15T07:46:17Z
2026-04-15T07:00:00Z,BNB,611.66,83481761063.66672,1365806238.9627745,,-0.3771921438885016,coingecko,2026-04-15T07:46:17Z
2026-04-15T09:00:00Z,BTC,74066.0,1482228541948.013,52635152203.95122,,-1.0178936376492131,coingecko,2026-04-15T09:19:54Z
2026-04-15T09:00:00Z,ETH,2325.7,280640948919.3124,20436917679.63435,,-2.830053624083331,coingecko,2026-04-15T09:19:54Z
2026-04-15T09:00:00Z,BNB,614.52,83817905341.62378,1384887321.4080057,,-0.6464188300296034,coingecko,2026-04-15T09:19:54Z
2026-04-15T11:00:00Z,BTC,74033.0,1481835849239.8306,49890837540.46402,,-0.5211252727421358,coingecko,2026-04-15T11:00:07Z
2026-04-15T11:00:00Z,ETH,2322.72,280331261353.32025,20999133333.52477,,-2.263248513972539,coingecko,2026-04-15T11:00:07Z
2026-04-15T11:00:00Z,BNB,617.82,83273897951.70204,1382100392.2871664,,-0.0425179049894098,coingecko,2026-04-15T11:00:07Z
2026-04-15T12:00:00Z,BTC,74202.0,1485303944764.5293,49752873840.13035,,-0.2762336648395923,coingecko,2026-04-15T12:02:54Z
2026-04-15T12:00:00Z,ETH,2335.76,281905559869.3543,20435377717.096542,,-1.6433807409613528,coingecko,2026-04-15T12:02:54Z
2026-04-15T12:00:00Z,BNB,619.98,83565093715.5989,1405669324.3177686,,0.5774633312395026,coingecko,2026-04-15T12:02:54Z
2026-04-15T14:00:00Z,BTC,74001.0,1481649635018.1318,42700234471.69627,,-1.9698314569488995,coingecko,2026-04-15T14:45:13Z
2026-04-15T14:00:00Z,ETH,2330.57,281281977939.70184,17880049989.702423,,-1.6349186267275126,coingecko,2026-04-15T14:45:13Z
2026-04-15T14:00:00Z,BNB,617.72,83262966245.65833,1291108247.011966,,-0.2946521542487952,coingecko,2026-04-15T14:45:13Z
2026-04-15T16:00:00Z,BTC,73946.0,1479319358163.646,43075873458.17393,,-2.174609690489959,coingecko,2026-04-15T16:05:36Z
2026-04-15T16:00:00Z,ETH,2338.04,281772448054.2605,15597932925.200716,,-1.3016426649416646,coingecko,2026-04-15T16:05:36Z
2026-04-15T16:00:00Z,BNB,619.54,83502451757.27371,1191882718.8853216,,-0.8371687563655953,coingecko,2026-04-15T16:05:36Z
2026-04-15T18:00:00Z,BTC,74227.0,1483341577426.6914,41317357495.26509,,-0.7519222283518714,coingecko,2026-04-15T18:05:17Z
2026-04-15T18:00:00Z,ETH,2354.1,283441603303.61176,16719589202.486572,,0.454622162060707,coingecko,2026-04-15T18:05:17Z
2026-04-15T18:00:00Z,BNB,622.07,83751756843.3978,1112056548.0941398,,0.602712752979046,coingecko,2026-04-15T18:05:17Z
2026-04-15T20:00:00Z,BTC,74905.0,1502094879214.991,40527701997.93602,,0.6876860163932819,coingecko,2026-04-15T20:03:46Z
2026-04-15T20:00:00Z,ETH,2371.51,286774664884.0494,15812368588.962849,,2.200297240479398,coingecko,2026-04-15T20:03:46Z
2026-04-15T20:00:00Z,BNB,624.68,84368644995.89159,1104481878.1490304,,1.652439941504362,coingecko,2026-04-15T20:03:46Z
2026-04-15T21:00:00Z,BTC,74800.0,1497093241031.801,40245418657.46955,,0.8160508091849592,coingecko,2026-04-15T21:53:07Z
2026-04-15T21:00:00Z,ETH,2362.0,285068482433.2248,15941508057.42995,,1.646201782239791,coingecko,2026-04-15T21:53:07Z
2026-04-15T21:00:00Z,BNB,623.94,84066966165.21658,1111528005.2632473,,1.3142924197537935,coingecko,2026-04-15T21:53:07Z
2026-04-15T22:00:00Z,BTC,75228.0,1505981937632.3506,40362909645.55989,,1.6274256680689196,coingecko,2026-04-15T22:42:03Z
2026-04-15T22:00:00Z,ETH,2374.57,286500871774.3479,15161772506.838243,,2.6201470652476027,coingecko,2026-04-15T22:42:03Z
2026-04-15T22:00:00Z,BNB,625.4,84208649655.73608,1119834930.653055,,1.737133080007654,coingecko,2026-04-15T22:42:03Z
2026-04-15T23:00:00Z,BTC,74658.0,1494845075176.1787,40076582500.02315,,0.6283222881867412,coingecko,2026-04-15T23:42:27Z
2026-04-15T23:00:00Z,ETH,2351.85,283935642384.67474,15890037891.558285,,1.1249691356411151,coingecko,2026-04-15T23:42:27Z
2026-04-15T23:00:00Z,BNB,621.77,83860799944.93608,903527333.4005142,,1.2233973848581488,coingecko,2026-04-15T23:42:27Z
2026-04-16T02:00:00Z,BTC,75033.0,1501451448691.4822,39727016829.55339,,1.0817748592738552,coingecko,2026-04-16T02:38:32Z
2026-04-16T02:00:00Z,ETH,2361.72,285097720154.3946,17016970880.557446,,1.780692145394019,coingecko,2026-04-16T02:38:32Z
2026-04-16T02:00:00Z,BNB,624.58,84191578556.97307,1095521532.715958,,1.349548296774366,coingecko,2026-04-16T02:38:32Z
2026-04-16T05:00:00Z,BTC,75093.0,1503263479929.905,40704025070.83559,,1.483671748096644,coingecko,2026-04-16T05:31:42Z
2026-04-16T05:00:00Z,ETH,2358.26,284617659633.8917,16058423750.867266,,1.6423885629756176,coingecko,2026-04-16T05:31:42Z
2026-04-16T05:00:00Z,BNB,624.88,84211102619.29604,913449748.8992624,,1.6461996922324151,coingecko,2026-04-16T05:31:42Z
2026-04-16T07:00:00Z,BTC,74833.0,1498412159599.5178,39579597264.75889,,1.635970562761712,coingecko,2026-04-16T07:46:54Z
2026-04-16T07:00:00Z,ETH,2349.75,283685039817.8239,17306181410.271038,,1.523513166738221,coingecko,2026-04-16T07:46:54Z
2026-04-16T07:00:00Z,BNB,623.13,83998892222.35837,1110584349.703603,,1.9235652042760307,coingecko,2026-04-16T07:46:54Z
2026-04-16T09:00:00Z,BTC,74823.0,1496964490171.6477,35288022677.37549,,1.0211044832308214,coingecko,2026-04-16T09:20:01Z
2026-04-16T09:00:00Z,ETH,2346.42,283137180586.8109,16616343942.054049,,0.8905830293762864,coingecko,2026-04-16T09:20:01Z
2026-04-16T09:00:00Z,BNB,623.29,84029418092.64851,1086613673.8698184,,1.426820293595508,coingecko,2026-04-16T09:20:01Z
2026-04-16T11:00:00Z,BTC,74318.0,1488207933919.4812,39114319983.84943,,0.3899955961501812,coingecko,2026-04-16T11:03:27Z
2026-04-16T11:00:00Z,ETH,2333.1,281573136448.52844,16770185445.418674,,0.4472357602573553,coingecko,2026-04-16T11:03:27Z
2026-04-16T11:00:00Z,BNB,619.81,83564089405.08925,1081773033.109092,,0.3221363588017168,coingecko,2026-04-16T11:03:27Z
2026-04-16T13:00:00Z,BTC,74560.0,1492590828030.3606,40383637083.32659,,0.8092196904183242,coingecko,2026-04-16T13:44:12Z
2026-04-16T13:00:00Z,ETH,2335.27,281858421669.98065,16942838831.121758,,0.5351140826213019,coingecko,2026-04-16T13:44:12Z
2026-04-16T13:00:00Z,BNB,622.07,83893623081.49767,1060579893.135479,,0.7519669085247174,coingecko,2026-04-16T13:44:12Z
2026-04-16T15:00:00Z,BTC,74372.0,1487823452144.9663,41839263536.6291,,0.4345021620569982,coingecko,2026-04-16T15:26:21Z
2026-04-16T15:00:00Z,ETH,2327.15,280658896006.1177,19147083105.039173,,-0.4812483449368978,coingecko,2026-04-16T15:26:21Z
2026-04-16T15:00:00Z,BNB,622.91,83933358613.70659,1126058614.752948,,0.7113877678526425,coingecko,2026-04-16T15:26:21Z
2026-04-16T17:00:00Z,BTC,74097.0,1484099884673.1458,44369448817.61284,,0.083354316742627,coingecko,2026-04-16T17:14:54Z
2026-04-16T17:00:00Z,ETH,2317.45,279667785205.2583,20688411549.50775,,-1.1765408375374649,coingecko,2026-04-16T17:14:54Z
2026-04-16T17:00:00Z,BNB,625.15,84271394573.38487,1187816120.8963604,,0.7073936008634074,coingecko,2026-04-16T17:14:54Z
2026-04-16T19:00:00Z,BTC,74799.0,1497790774130.051,44894342905.40387,,0.1379845257871936,coingecko,2026-04-16T19:14:25Z
2026-04-16T19:00:00Z,ETH,2337.06,282104673794.7643,21030476605.679848,,-1.2928382846039723,coingecko,2026-04-16T19:14:25Z
2026-04-16T19:00:00Z,BNB,635.56,85718240465.3261,1305592879.5422742,,1.9794060895829204,coingecko,2026-04-16T19:14:25Z
2026-04-16T20:00:00Z,BTC,75131.0,1502678987161.442,45667431009.477104,,0.4716975818917263,coingecko,2026-04-16T20:49:21Z
2026-04-16T20:00:00Z,ETH,2347.58,283058963148.29486,21185261245.26828,,-0.5136110766927848,coingecko,2026-04-16T20:49:21Z
2026-04-16T20:00:00Z,BNB,634.69,85450889348.74231,1313190447.6510613,,1.8643071819584127,coingecko,2026-04-16T20:49:21Z
2026-04-16T21:00:00Z,BTC,74982.0,1500918955608.753,45789949862.27668,,0.2620329970185907,coingecko,2026-04-16T21:43:35Z
2026-04-16T21:00:00Z,ETH,2340.84,282522812607.505,20118971170.617905,,-0.7956896415830835,coingecko,2026-04-16T21:43:35Z
2026-04-16T21:00:00Z,BNB,633.59,85399608134.66913,1314422544.3153343,,1.625043934033496,coingecko,2026-04-16T21:43:35Z
2026-04-16T22:00:00Z,BTC,74918.0,1499874954669.064,44709006495.72586,,-0.2612622064183107,coingecko,2026-04-16T22:40:31Z
2026-04-16T22:00:00Z,ETH,2342.95,282758654541.06445,19898965618.383217,,-1.1877199566629528,coingecko,2026-04-16T22:40:31Z
2026-04-16T22:00:00Z,BNB,632.54,85275962430.82495,1308714907.192446,,1.1708380331634178,coingecko,2026-04-16T22:40:31Z
2026-04-16T23:00:00Z,BTC,75159.0,1503714235057.6963,38072608678.34729,,0.6441921666494296,coingecko,2026-04-16T23:41:04Z
2026-04-16T23:00:00Z,ETH,2353.78,283995361342.8583,20493257625.6959,,0.0089768146255716,coingecko,2026-04-16T23:41:04Z
2026-04-16T23:00:00Z,BNB,636.48,85743473282.72118,1306651377.8017128,,2.330085402772867,coingecko,2026-04-16T23:41:04Z
2026-04-17T02:00:00Z,BTC,74636.0,1493224576173.558,43306259516.47818,,-0.5010272973676088,coingecko,2026-04-17T02:34:56Z
2026-04-17T02:00:00Z,ETH,2328.42,280975205909.0226,20549701720.59412,,-1.460205387282168,coingecko,2026-04-17T02:34:56Z
2026-04-17T02:00:00Z,BNB,629.17,84771149223.7895,1323166035.7676249,,0.6966960034546824,coingecko,2026-04-17T02:34:56Z
2026-04-17T05:00:00Z,BTC,74707.0,1495842234391.2102,42130455153.79225,,-0.5127486956948372,coingecko,2026-04-17T05:28:47Z
2026-04-17T05:00:00Z,ETH,2323.47,280487914726.13434,19116953432.1352,,-1.4750394556578603,coingecko,2026-04-17T05:28:47Z
2026-04-17T05:00:00Z,BNB,628.28,84698246056.2954,1310432196.5385523,,0.5951568975755251,coingecko,2026-04-17T05:28:47Z
2026-04-17T07:00:00Z,BTC,75021.0,1500676476295.2898,40538397476.57439,,0.3338884901987077,coingecko,2026-04-17T07:47:24Z
2026-04-17T07:00:00Z,ETH,2334.86,281759025221.9571,19089401629.5196,,-0.5590037505148178,coingecko,2026-04-17T07:47:24Z
2026-04-17T07:00:00Z,BNB,627.94,84642127275.91466,1306851000.3288789,,0.7928875430815376,coingecko,2026-04-17T07:47:24Z
2026-04-17T09:00:00Z,BTC,75857.0,1518294633779.308,42818750574.197365,,1.3815486513906496,coingecko,2026-04-17T09:18:12Z
2026-04-17T09:00:00Z,ETH,2355.88,284185422796.07385,19420369464.62357,,0.4034706866088327,coingecko,2026-04-17T09:18:12Z
2026-04-17T09:00:00Z,BNB,631.7,85135701696.5247,1358206362.3409138,,1.35059359150644,coingecko,2026-04-17T09:18:12Z
2026-04-17T10:00:00Z,BTC,75303.0,1507281195069.3274,45279211752.75257,,1.3054838439092764,coingecko,2026-04-17T10:56:52Z
2026-04-17T10:00:00Z,ETH,2344.15,282907477107.5,20959496283.884296,,0.4887951330608857,coingecko,2026-04-17T10:56:52Z
2026-04-17T10:00:00Z,BNB,630.4,84970622733.36143,1366332568.930785,,1.697254869861609,coingecko,2026-04-17T10:56:52Z
2026-04-17T11:00:00Z,BTC,75552.0,1510871497946.724,45067153145.22674,,1.369326892205572,coingecko,2026-04-17T11:53:48Z
2026-04-17T11:00:00Z,ETH,2355.83,283977304437.93787,21302382754.00016,,0.8833168084496922,coingecko,2026-04-17T11:53:48Z
2026-04-17T11:00:00Z,BNB,632.75,85276946668.91075,1395287095.720539,,1.9013983770470944,coingecko,2026-04-17T11:53:48Z
2026-04-17T13:00:00Z,BTC,76834.0,1537177140143.0457,48189040286.59483,,2.5927096844388755,coingecko,2026-04-17T13:20:20Z
2026-04-17T13:00:00Z,ETH,2411.22,290389768087.92084,22437203032.344406,,2.8158415444529434,coingecko,2026-04-17T13:20:20Z
2026-04-17T13:00:00Z,BNB,640.1,86222116817.69044,1454940288.0685692,,2.648972986284476,coingecko,2026-04-17T13:20:20Z
2026-04-17T14:00:00Z,BTC,77846.0,1560937766949.7212,56235989374.31927,,5.285469211029792,coingecko,2026-04-17T14:56:27Z
2026-04-17T14:00:00Z,ETH,2445.72,295986498835.33246,25113915725.07972,,5.929706548520174,coingecko,2026-04-17T14:56:27Z
2026-04-17T14:00:00Z,BNB,644.4,86896795531.4298,1569554754.2244933,,4.002776323641327,coingecko,2026-04-17T14:56:27Z
2026-04-17T16:00:00Z,BTC,77779.0,1557501982419.609,57578771993.56355,,4.008917359204154,coingecko,2026-04-17T16:02:07Z
2026-04-17T16:00:00Z,ETH,2443.27,295066404109.5311,24620503236.313385,,4.339430679340427,coingecko,2026-04-17T16:02:07Z
2026-04-17T16:00:00Z,BNB,643.4,86768988291.42015,1548187646.245265,,2.9238059828688665,coingecko,2026-04-17T16:02:07Z
2026-04-17T17:00:00Z,BTC,77605.0,1553641437226.7407,58387268190.21138,,4.366903394424424,coingecko,2026-04-17T17:50:17Z
2026-04-17T17:00:00Z,ETH,2442.85,294469588998.7852,21149893362.496174,,5.005736346283801,coingecko,2026-04-17T17:50:17Z
2026-04-17T17:00:00Z,BNB,643.27,86732178535.30812,1530384934.177294,,2.500443913763001,coingecko,2026-04-17T17:50:17Z
2026-04-17T19:00:00Z,BTC,77188.0,1544811901347.186,59026780881.49753,,2.916613585791219,coingecko,2026-04-17T19:01:13Z
2026-04-17T19:00:00Z,ETH,2421.44,292138712158.81024,24201070240.660294,,3.313266460400377,coingecko,2026-04-17T19:01:13Z
2026-04-17T19:00:00Z,BNB,640.13,86276514184.87997,1460306399.2809825,,0.5776626755933199,coingecko,2026-04-17T19:01:13Z
2026-04-17T20:00:00Z,BTC,77452.0,1549384827465.6338,59419754998.90529,,2.796026234407283,coingecko,2026-04-17T20:01:40Z
2026-04-17T20:00:00Z,ETH,2430.81,293340986014.1321,23935341910.356106,,3.1308717267044783,coingecko,2026-04-17T20:01:40Z
2026-04-17T20:00:00Z,BNB,642.1,86516597089.47299,1418689680.1165273,,0.8984096075481882,coingecko,2026-04-17T20:01:40Z
2026-04-17T21:00:00Z,BTC,77328.0,1547812404534.8413,60470952059.35222,,3.142864306315811,coingecko,2026-04-17T21:42:01Z
2026-04-17T21:00:00Z,ETH,2421.77,292759942577.2468,22951688375.69953,,3.476269079319647,coingecko,2026-04-17T21:42:01Z
2026-04-17T21:00:00Z,BNB,641.49,86490439411.37228,1372846382.8571322,,1.243542139958176,coingecko,2026-04-17T21:42:01Z
2026-04-17T22:00:00Z,BTC,77424.0,1550428280322.4785,62322152117.50382,,3.340988074440409,coingecko,2026-04-17T22:39:33Z
2026-04-17T22:00:00Z,ETH,2440.41,294734369424.7518,25373951247.44894,,4.17112396558373,coingecko,2026-04-17T22:39:33Z
2026-04-17T22:00:00Z,BNB,643.89,86806920459.5451,1382118231.9086046,,1.7862589967977558,coingecko,2026-04-17T22:39:33Z
2026-04-17T23:00:00Z,BTC,77063.0,1542495269670.0469,64059528633.65852,,2.548747045534227,coingecko,2026-04-17T23:39:40Z
2026-04-17T23:00:00Z,ETH,2421.46,292248149107.78687,25120017896.17456,,2.877075671006231,coingecko,2026-04-17T23:39:40Z
2026-04-17T23:00:00Z,BNB,642.64,86658010606.54437,1401625359.9862866,,0.9765365380237404,coingecko,2026-04-17T23:39:40Z
2026-04-18T02:00:00Z,BTC,77358.0,1549274923846.4463,67068642081.51517,,3.649433624769198,coingecko,2026-04-18T02:25:47Z
2026-04-18T02:00:00Z,ETH,2423.12,292573022741.9854,25138074496.895927,,4.022205883797311,coingecko,2026-04-18T02:25:47Z
2026-04-18T02:00:00Z,BNB,645.94,87032474453.01004,1436109050.395682,,2.6953074082499624,coingecko,2026-04-18T02:25:47Z
2026-04-18T05:00:00Z,BTC,77205.0,1545443536957.0195,67259181269.56877,,3.409025390409103,coingecko,2026-04-18T05:07:42Z
2026-04-18T05:00:00Z,ETH,2410.87,290971531393.1266,24998880526.730087,,3.7638480447652896,coingecko,2026-04-18T05:07:42Z
2026-04-18T05:00:00Z,BNB,646.67,87159572419.18932,1237348541.440045,,2.9215027940548937,coingecko,2026-04-18T05:07:42Z
2026-04-18T07:00:00Z,BTC,77108.0,1543494244344.294,72290014916.65678,,2.7131995051772875,coingecko,2026-04-18T07:08:27Z
2026-04-18T07:00:00Z,ETH,2410.52,290942739409.0445,25777335259.327908,,2.9973963345983194,coingecko,2026-04-18T07:08:27Z
2026-04-18T07:00:00Z,BNB,644.32,86850669111.87924,1496664951.8871057,,2.347227243114669,coingecko,2026-04-18T07:08:27Z
2026-04-18T08:00:00Z,BTC,76681.0,1535025019650.8943,77234243174.14569,,1.4446920539240906,coingecko,2026-04-18T08:52:19Z
2026-04-18T08:00:00Z,ETH,2377.73,287004958048.3293,25194678039.463005,,1.1154128018299398,coingecko,2026-04-18T08:52:19Z
2026-04-18T08:00:00Z,BNB,636.09,85748966759.83916,1507685570.2189736,,0.9537256666224848,coingecko,2026-04-18T08:52:19Z
2026-04-18T09:00:00Z,BTC,76686.0,1534111987528.0688,78218646068.74843,,1.2280247207995052,coingecko,2026-04-18T09:49:48Z
2026-04-18T09:00:00Z,ETH,2377.23,286875367156.5905,24532328745.100315,,0.9055454995676564,coingecko,2026-04-18T09:49:48Z
2026-04-18T09:00:00Z,BNB,635.98,85726134908.7599,1462402827.2250168,,0.748583113872516,coingecko,2026-04-18T09:49:48Z
2026-04-18T10:00:00Z,BTC,76281.0,1526842718648.62,80560172219.69478,,1.4360140281230125,coingecko,2026-04-18T10:40:47Z
2026-04-18T10:00:00Z,ETH,2361.74,285019990446.58777,24307780900.48705,,0.8890790693767574,coingecko,2026-04-18T10:40:47Z
2026-04-18T10:00:00Z,BNB,634.38,85480155079.41817,1452741662.8911116,,0.7574007878756281,coingecko,2026-04-18T10:40:47Z
2026-04-18T11:00:00Z,BTC,76121.0,1523441295453.8452,84812040231.64236,,0.8080346975869832,coingecko,2026-04-18T11:35:05Z
2026-04-18T11:00:00Z,ETH,2357.66,284561725870.8639,25400192810.26771,,0.2306088921967928,coingecko,2026-04-18T11:35:05Z
2026-04-18T11:00:00Z,BNB,634.44,85488657347.2323,1451151937.3138766,,0.1463135253601563,coingecko,2026-04-18T11:35:05Z
2026-04-18T13:00:00Z,BTC,76180.0,1525810307132.608,80330248158.0131,,-0.0433919024711534,coingecko,2026-04-18T13:03:15Z
2026-04-18T13:00:00Z,ETH,2357.13,284633938712.8295,22836276802.569942,,-0.5923327101595359,coingecko,2026-04-18T13:03:15Z
2026-04-18T13:00:00Z,BNB,634.09,85453850040.8262,1399912397.9064546,,-0.2796651558557625,coingecko,2026-04-18T13:03:15Z
2026-04-18T14:00:00Z,BTC,76248.0,1526026286875.0366,75743567847.43875,,-2.141572714031007,coingecko,2026-04-18T14:40:23Z
2026-04-18T14:00:00Z,ETH,2359.92,284797938633.97107,18584701332.19472,,-3.581531857554048,coingecko,2026-04-18T14:40:23Z
2026-04-18T14:00:00Z,BNB,633.86,85452601461.98154,1219062134.9683394,,-1.7368877193879702,coingecko,2026-04-18T14:40:23Z
2026-04-18T15:00:00Z,BTC,76216.0,1526072351328.545,74470143968.77225,,-2.0195398805358424,coingecko,2026-04-18T15:38:06Z
2026-04-18T15:00:00Z,ETH,2365.33,285474953243.854,17456317095.396996,,-3.376848392981909,coingecko,2026-04-18T15:38:06Z
2026-04-18T15:00:00Z,BNB,634.13,85472606926.46744,1200891363.1438382,,-1.369049315013194,coingecko,2026-04-18T15:38:06Z
2026-04-18T17:00:00Z,BTC,75903.0,1519323206771.267,69636969714.2387,,-1.9548713071324784,coingecko,2026-04-18T17:37:14Z
2026-04-18T17:00:00Z,ETH,2364.53,285321308237.1107,15258674271.602695,,-2.918428446757409,coingecko,2026-04-18T17:37:14Z
2026-04-18T17:00:00Z,BNB,634.01,85448827445.94766,1098876858.713801,,-1.3792024537496186,coingecko,2026-04-18T17:37:14Z
2026-04-18T18:00:00Z,BTC,75662.0,1514918496272.8706,71819404084.11873,,-1.980676652143957,coingecko,2026-04-18T18:52:27Z
2026-04-18T18:00:00Z,ETH,2350.66,283572200235.8423,14995135023.437084,,-2.931614331488205,coingecko,2026-04-18T18:52:27Z
2026-04-18T18:00:00Z,BNB,630.4,84979342592.29764,1106800232.937507,,-1.4161617834347522,coingecko,2026-04-18T18:52:27Z
2026-04-18T19:00:00Z,BTC,75613.0,1513594152606.9978,72407862233.55646,,-2.280107521979524,coingecko,2026-04-18T19:41:44Z
2026-04-18T19:00:00Z,ETH,2348.95,283497024328.46045,16361676793.272873,,-3.409224867608316,coingecko,2026-04-18T19:41:44Z
2026-04-18T19:00:00Z,BNB,628.7,84749297159.71292,1102470607.640107,,-2.0778172001695374,coingecko,2026-04-18T19:41:44Z
2026-04-18T20:00:00Z,BTC,75750.0,1516411729494.4463,63599267636.018936,,-1.9190943583104167,coingecko,2026-04-18T20:37:55Z
2026-04-18T20:00:00Z,ETH,2348.53,283453037842.0448,15867223652.663124,,-3.002824812221325,coingecko,2026-04-18T20:37:55Z
2026-04-18T20:00:00Z,BNB,630.7,85011207405.77756,1120853939.8296523,,-1.430133876559864,coingecko,2026-04-18T20:37:55Z
2026-04-18T21:00:00Z,BTC,75725.0,1515839829435.3518,64918344394.23498,,-2.115214574945849,coingecko,2026-04-18T21:36:11Z
2026-04-18T21:00:00Z,ETH,2351.32,283782744561.9183,14937642680.496832,,-3.0567196081510994,coingecko,2026-04-18T21:36:11Z
2026-04-18T21:00:00Z,BNB,631.4,85105479832.32443,1107154751.9099116,,-1.6657377775499311,coingecko,2026-04-18T21:36:11Z
2026-04-18T22:00:00Z,BTC,75792.0,1515932492508.087,65634721147.19094,,-2.107107839303575,coingecko,2026-04-18T22:35:37Z
2026-04-18T22:00:00Z,ETH,2355.5,284133582982.0174,14112976399.584972,,-3.338679396667041,coingecko,2026-04-18T22:35:37Z
2026-04-18T22:00:00Z,BNB,630.89,84991967203.0386,1105430404.9618073,,-1.915149658563016,coingecko,2026-04-18T22:35:37Z
2026-04-18T23:00:00Z,BTC,75768.0,1517472960215.9868,66166426255.41762,,-1.6802929602296852,coingecko,2026-04-18T23:35:36Z
2026-04-18T23:00:00Z,ETH,2353.76,284160056428.38934,13498645529.431154,,-2.7952875497904226,coingecko,2026-04-18T23:35:36Z
2026-04-18T23:00:00Z,BNB,630.65,85039187933.6674,1068033942.7571816,,-1.8695720590195768,coingecko,2026-04-18T23:35:36Z
2026-04-19T02:00:00Z,BTC,75511.0,1511152226197.9907,52497458251.81935,,-2.411023247576173,coingecko,2026-04-19T02:39:59Z
2026-04-19T02:00:00Z,ETH,2338.52,282122182667.0757,13100496471.573507,,-3.4762874578420746,coingecko,2026-04-19T02:39:59Z
2026-04-19T02:00:00Z,BNB,623.97,84102437025.86911,1006591051.051418,,-3.3224502804594733,coingecko,2026-04-19T02:39:59Z
2026-04-19T05:00:00Z,BTC,75573.0,1512801938932.277,46174823185.06804,,-2.083219920413589,coingecko,2026-04-19T05:29:44Z
2026-04-19T05:00:00Z,ETH,2333.78,281662213972.8973,13248531549.924875,,-3.161291652891851,coingecko,2026-04-19T05:29:44Z
2026-04-19T05:00:00Z,BNB,622.78,83942956460.37573,950742621.0926476,,-3.823228084720773,coingecko,2026-04-19T05:29:44Z
2026-04-19T07:00:00Z,BTC,75178.0,1505609128153.1897,50325574507.58744,,-2.484394296436084,coingecko,2026-04-19T07:20:17Z
2026-04-19T07:00:00Z,ETH,2319.29,280093620051.8395,14722966324.019594,,-3.713502448070463,coingecko,2026-04-19T07:20:17Z
2026-04-19T07:00:00Z,BNB,621.21,83787763325.28249,950440560.2523154,,-3.563664340458454,coingecko,2026-04-19T07:20:17Z
2026-04-19T08:00:00Z,BTC,75274.0,1506685564620.7664,45506494156.31948,,-1.9296786211510923,coingecko,2026-04-19T08:55:15Z
2026-04-19T08:00:00Z,ETH,2320.37,279971112117.1284,13906178820.585808,,-2.5515480550033223,coingecko,2026-04-19T08:55:15Z
2026-04-19T08:00:00Z,BNB,621.54,83748995268.17528,913128855.6433624,,-2.445236045698448,coingecko,2026-04-19T08:55:15Z
2026-04-19T09:00:00Z,BTC,75066.0,1502754656274.7546,46237712360.504456,,-2.1124937373616848,coingecko,2026-04-19T09:48:12Z
2026-04-19T09:00:00Z,ETH,2311.37,279013535214.0633,13083852282.258596,,-2.770934582238256,coingecko,2026-04-19T09:48:12Z
2026-04-19T09:00:00Z,BNB,619.64,83522916309.79472,896913357.186015,,-2.568388282498997,coingecko,2026-04-19T09:48:12Z
2026-04-19T10:00:00Z,BTC,75097.0,1503277351337.0825,47095383496.34269,,-1.539648546201734,coingecko,2026-04-19T10:39:48Z
2026-04-19T10:00:00Z,ETH,2313.82,279250540315.86804,13252885877.59767,,-2.022983242588088,coingecko,2026-04-19T10:39:48Z
2026-04-19T10:00:00Z,BNB,620.09,83588484035.26295,888586928.6148839,,-2.225262901244048,coingecko,2026-04-19T10:39:48Z
2026-04-19T11:00:00Z,BTC,75458.0,1510766706770.227,48607051373.57681,,-0.6993782469136444,coingecko,2026-04-19T11:35:39Z
2026-04-19T11:00:00Z,ETH,2328.92,281089378368.6008,13200265746.296951,,-1.0148613107129116,coingecko,2026-04-19T11:35:39Z
2026-04-19T11:00:00Z,BNB,622.25,83870684677.0454,882479879.7010503,,-1.8117558632118185,coingecko,2026-04-19T11:35:39Z
2026-04-19T13:00:00Z,BTC,75611.0,1513181298307.517,47904583603.70065,,-0.7550438538041371,coingecko,2026-04-19T13:02:24Z
2026-04-19T13:00:00Z,ETH,2333.42,281517530791.98206,13980549153.606865,,-1.0311540257810623,coingecko,2026-04-19T13:02:24Z
2026-04-19T13:00:00Z,BNB,623.51,84039024641.47461,851849698.4096581,,-1.7072276478699306,coingecko,2026-04-19T13:02:24Z
2026-04-19T14:00:00Z,BTC,75896.0,1519262410433.9866,54344226069.392136,,-0.4569599967788949,coingecko,2026-04-19T14:40:20Z
2026-04-19T14:00:00Z,ETH,2336.52,281981371881.35986,13108957120.469044,,-1.019625651404964,coingecko,2026-04-19T14:40:20Z
2026-04-19T14:00:00Z,BNB,626.51,84422329610.45967,890818832.9443009,,-1.177509835673815,coingecko,2026-04-19T14:40:20Z
2026-04-19T15:00:00Z,BTC,75635.0,1517113523777.8096,57715190436.71049,,-0.7398601792937232,coingecko,2026-04-19T15:38:09Z
2026-04-19T15:00:00Z,ETH,2324.58,281155862476.50854,13883604979.355797,,-1.6880087268269175,coingecko,2026-04-19T15:38:09Z
2026-04-19T15:00:00Z,BNB,624.5,84268203623.84901,912216092.47109,,-1.5209863222872324,coingecko,2026-04-19T15:38:09Z
2026-04-19T16:00:00Z,BTC,75652.0,1514190385116.2024,55765389582.471504,,-0.4780995916525424,coingecko,2026-04-19T16:40:34Z
2026-04-19T16:00:00Z,ETH,2324.09,280444954022.89966,13526855786.360077,,-1.7289362943167974,coingecko,2026-04-19T16:40:34Z
2026-04-19T16:00:00Z,BNB,625.73,84337513649.47739,914509392.2564988,,-1.2997301724190198,coingecko,2026-04-19T16:40:34Z
2026-04-19T17:00:00Z,BTC,75282.0,1507070452125.847,59102455749.819046,,-0.8142255384175284,coingecko,2026-04-19T17:36:30Z
2026-04-19T17:00:00Z,ETH,2309.11,278771496124.7996,14052203253.444084,,-2.317021491232589,coingecko,2026-04-19T17:36:30Z
2026-04-19T17:00:00Z,BNB,623.41,84039329386.80847,931496189.9338248,,-1.6600942409209032,coingecko,2026-04-19T17:36:30Z
2026-04-19T18:00:00Z,BTC,74769.0,1495498911722.389,63678782840.68959,,-1.1871406395493826,coingecko,2026-04-19T18:52:32Z
2026-04-19T18:00:00Z,ETH,2295.56,276758682447.6142,14483390784.512465,,-2.3199067972863734,coingecko,2026-04-19T18:52:32Z
2026-04-19T18:00:00Z,BNB,621.89,83767617798.25645,940554436.5740272,,-1.3414624933960162,coingecko,2026-04-19T18:52:32Z
2026-04-19T19:00:00Z,BTC,74980.0,1501040539592.498,64531102718.20983,,-0.8413999629794472,coingecko,2026-04-19T19:42:08Z
2026-04-19T19:00:00Z,ETH,2297.89,277348548102.3405,13760307954.907787,,-2.145391561778116,coingecko,2026-04-19T19:42:08Z
2026-04-19T19:00:00Z,BNB,622.98,83968001279.7695,900472927.4941595,,-0.941576081371072,coingecko,2026-04-19T19:42:08Z
2026-04-19T20:00:00Z,BTC,74849.0,1498815885917.74,56814819444.54064,,-1.1651187816381292,coingecko,2026-04-19T20:38:35Z
2026-04-19T20:00:00Z,ETH,2295.7,277188450576.0879,13953631906.984451,,-2.27700447772885,coingecko,2026-04-19T20:38:35Z
2026-04-19T20:00:00Z,BNB,622.23,83894389838.81995,912802481.8478906,,-1.3525983269469026,coingecko,2026-04-19T20:38:35Z
2026-04-19T21:00:00Z,BTC,74771.0,1496646079902.3855,58770871381.6901,,-1.2311708706938471,coingecko,2026-04-19T21:36:55Z
2026-04-19T21:00:00Z,ETH,2287.48,276074807374.7869,14326993016.20837,,-2.671108345683352,coingecko,2026-04-19T21:36:55Z
2026-04-19T21:00:00Z,BNB,623.0,83935623817.76761,912255394.6687672,,-1.3294049870571514,coingecko,2026-04-19T21:36:55Z
2026-04-19T22:00:00Z,BTC,74084.0,1483365994549.1274,60799526485.73968,,-2.279825950878934,coingecko,2026-04-19T22:36:37Z
2026-04-19T22:00:00Z,ETH,2268.56,273942549891.4741,15422618488.284027,,-3.730732890974104,coingecko,2026-04-19T22:36:37Z
2026-04-19T22:00:00Z,BNB,616.98,83173527686.80334,972416837.0284832,,-2.214792739885084,coingecko,2026-04-19T22:36:37Z
2026-04-19T23:00:00Z,BTC,73875.0,1478558958666.3933,61984697059.79988,,-2.464660729082346,coingecko,2026-04-19T23:37:15Z
2026-04-19T23:00:00Z,ETH,2266.09,273461372131.6484,16821271289.847994,,-3.68781388011662,coingecko,2026-04-19T23:37:15Z
2026-04-19T23:00:00Z,BNB,617.39,83184388522.22542,988538328.7553293,,-2.063331381930044,coingecko,2026-04-19T23:37:15Z
2026-04-20T02:00:00Z,BTC,74505.0,1491870957372.454,56301455756.30607,,-1.5724305785183157,coingecko,2026-04-20T02:40:41Z
2026-04-20T02:00:00Z,ETH,2278.65,275069973209.71484,16735618133.09534,,-2.8632671015467803,coingecko,2026-04-20T02:40:41Z
2026-04-20T02:00:00Z,BNB,621.47,83765256874.20323,973962957.414806,,-0.6753052936685713,coingecko,2026-04-20T02:40:41Z
2026-04-20T05:00:00Z,BTC,74193.0,1485642280500.7178,45408698757.122894,,-1.8912187743111109,coingecko,2026-04-20T05:42:15Z
2026-04-20T05:00:00Z,ETH,2267.5,273726528343.0252,16456893966.442495,,-2.9197370677119125,coingecko,2026-04-20T05:42:15Z
2026-04-20T05:00:00Z,BNB,618.12,83311423175.85068,956635811.6110976,,-0.7808037987954166,coingecko,2026-04-20T05:42:15Z
2026-04-20T08:00:00Z,BTC,74718.0,1495583685515.183,40174361456.4302,,-0.6983759944778731,coingecko,2026-04-20T08:07:42Z
2026-04-20T08:00:00Z,ETH,2293.92,276848053150.8416,16568802274.867834,,-0.9111470675323816,coingecko,2026-04-20T08:07:42Z
2026-04-20T08:00:00Z,BNB,624.73,84205610168.16557,976139188.9805524,,0.8139939467900514,coingecko,2026-04-20T08:07:42Z
2026-04-20T10:00:00Z,BTC,75199.0,1505251603050.8516,37220309117.78188,,0.1406546976256127,coingecko,2026-04-20T10:49:13Z
2026-04-20T10:00:00Z,ETH,2309.46,278711700591.6961,17849298638.79054,,-0.2933437439370827,coingecko,2026-04-20T10:49:13Z
2026-04-20T10:00:00Z,BNB,627.21,84524842337.15068,1010927297.890548,,1.1349406200501173,coingecko,2026-04-20T10:49:13Z
2026-04-20T12:00:00Z,BTC,75123.0,1504987859248.1292,37366306764.20921,,-0.6494733991362723,coingecko,2026-04-20T12:04:47Z
2026-04-20T12:00:00Z,ETH,2306.47,278612225202.0929,17028642348.922373,,-1.0380134758343142,coingecko,2026-04-20T12:04:47Z
2026-04-20T12:00:00Z,BNB,625.64,84342252440.26622,1005618565.9928544,,0.4861793758087314,coingecko,2026-04-20T12:04:47Z
2026-04-20T14:00:00Z,BTC,75400.0,1507731798489.9111,38789355314.90854,,-0.8673321373986415,coingecko,2026-04-20T14:51:21Z
2026-04-20T14:00:00Z,ETH,2305.99,277988483424.06744,19324385090.19524,,-1.4889798238841172,coingecko,2026-04-20T14:51:21Z
2026-04-20T14:00:00Z,BNB,625.9,84311976779.52531,1046361718.2120222,,-0.3522425655862249,coingecko,2026-04-20T14:51:21Z
2026-04-20T16:00:00Z,BTC,75516.0,1512540612066.9304,42401003933.11432,,-0.2491379518798032,coingecko,2026-04-20T16:10:05Z
2026-04-20T16:00:00Z,ETH,2309.75,278853859516.5906,20034539912.173164,,-0.7423056673924283,coingecko,2026-04-20T16:10:05Z
2026-04-20T16:00:00Z,BNB,628.61,84744108787.66043,1070206689.955899,,0.4179855864041489,coingecko,2026-04-20T16:10:05Z
2026-04-20T17:00:00Z,BTC,75888.0,1519149153084.3735,43721367763.13637,,1.4530780763250724,coingecko,2026-04-20T17:58:26Z
2026-04-20T17:00:00Z,ETH,2318.53,279809578625.69525,21216463286.94744,,0.8803602185254502,coingecko,2026-04-20T17:58:26Z
2026-04-20T17:00:00Z,BNB,629.66,84872852699.66103,1055272835.0894758,,1.4304974140032616,coingecko,2026-04-20T17:58:26Z
2026-04-20T19:00:00Z,BTC,76448.0,1530276518241.1023,44853111419.89946,,2.016420853529574,coingecko,2026-04-20T19:14:53Z
2026-04-20T19:00:00Z,ETH,2335.5,281791061689.5643,21621755194.56175,,1.5489372810375233,coingecko,2026-04-20T19:14:53Z
2026-04-20T19:00:00Z,BNB,631.6,85087914746.75314,1069204563.3012376,,1.375128845256829,coingecko,2026-04-20T19:14:53Z
2026-04-20T20:00:00Z,BTC,76261.0,1526638526301.4636,49034286518.17745,,2.2646636781733065,coingecko,2026-04-20T20:46:40Z
2026-04-20T20:00:00Z,ETH,2327.99,281084747441.46185,22848419330.947903,,2.08501175147218,coingecko,2026-04-20T20:46:40Z
2026-04-20T20:00:00Z,BNB,630.4,84965799566.32446,1071193447.0886456,,1.5220031697994754,coingecko,2026-04-20T20:46:40Z
2026-04-20T21:00:00Z,BTC,75929.0,1519956484818.5093,49919678623.189125,,1.540622566795702,coingecko,2026-04-20T21:48:02Z
2026-04-20T21:00:00Z,ETH,2319.28,279924278044.6619,22459727134.299328,,1.3710281330395282,coingecko,2026-04-20T21:48:02Z
2026-04-20T21:00:00Z,BNB,630.22,84942429279.04259,1091696135.4009924,,1.213902570518885,coingecko,2026-04-20T21:48:02Z
2026-04-20T22:00:00Z,BTC,75981.0,1521924184586.2544,48092048828.67073,,2.475338811271523,coingecko,2026-04-20T22:43:53Z
2026-04-20T22:00:00Z,ETH,2321.03,280367989374.04724,23240999920.47144,,2.132121111264327,coingecko,2026-04-20T22:43:53Z
2026-04-20T22:00:00Z,BNB,629.64,84890365055.85092,1015493582.5986989,,1.9361985105395123,coingecko,2026-04-20T22:43:53Z
2026-04-20T23:00:00Z,BTC,75820.0,1517421070663.8967,48139431696.31371,,2.595869695257828,coingecko,2026-04-20T23:43:03Z
2026-04-20T23:00:00Z,ETH,2314.56,279284442425.6568,23198275425.584503,,2.0644014997003666,coingecko,2026-04-20T23:43:03Z
2026-04-20T23:00:00Z,BNB,629.01,84768852815.66495,1006694406.7497876,,1.87864763233935,coingecko,2026-04-20T23:43:03Z
2026-04-21T02:00:00Z,BTC,75784.0,1517365469469.0056,45685871002.63316,,1.7027942658631352,coingecko,2026-04-21T02:35:33Z
2026-04-21T02:00:00Z,ETH,2312.0,279081034968.58203,21047474169.29219,,1.4610999716115505,coingecko,2026-04-21T02:35:33Z
2026-04-21T02:00:00Z,BNB,629.75,84876210800.0831,1006281860.7480264,,1.3346858409063145,coingecko,2026-04-21T02:35:33Z
2026-04-21T05:00:00Z,BTC,75984.0,1520945950602.0488,45598184522.813545,,2.4308468101971656,coingecko,2026-04-21T05:27:57Z
2026-04-21T05:00:00Z,ETH,2318.86,279813575951.9443,21968001127.888973,,2.279408991105043,coingecko,2026-04-21T05:27:57Z
2026-04-21T05:00:00Z,BNB,631.97,85184676946.78381,1000557507.677225,,2.2646310801020704,coingecko,2026-04-21T05:27:57Z
2026-04-21T07:00:00Z,BTC,76215.0,1525018875862.8855,43628255802.56682,,1.9146015632923057,coingecko,2026-04-21T07:51:01Z
2026-04-21T07:00:00Z,ETH,2322.0,280166393935.5147,20088037730.01828,,1.379188193033112,coingecko,2026-04-21T07:51:01Z
2026-04-21T07:00:00Z,BNB,633.66,85407929797.60522,966211779.8545188,,1.5537084098396474,coingecko,2026-04-21T07:51:01Z
2026-04-21T09:00:00Z,BTC,76419.0,1531280930177.9844,44327634207.39513,,1.8505823717980665,coingecko,2026-04-21T09:27:00Z
2026-04-21T09:00:00Z,ETH,2324.76,280788679248.421,19632733836.437805,,0.8691785526827432,coingecko,2026-04-21T09:27:00Z
2026-04-21T09:00:00Z,BNB,636.67,85831304081.92719,991979494.4063758,,1.7299328966798182,coingecko,2026-04-21T09:27:00Z
2026-04-21T11:00:00Z,BTC,76701.0,1535779062025.7878,41821271411.03782,,2.030748887965912,coingecko,2026-04-21T11:07:17Z
2026-04-21T11:00:00Z,ETH,2330.33,281307080914.8183,16495037771.871746,,0.9713668225298084,coingecko,2026-04-21T11:07:17Z
2026-04-21T11:00:00Z,BNB,636.97,85974766781.55635,1059538686.005039,,1.6984132865259354,coingecko,2026-04-21T11:07:17Z
2026-04-21T13:00:00Z,BTC,76101.0,1522566019597.6548,43842051234.33392,,1.266135496066278,coingecko,2026-04-21T13:27:27Z
2026-04-21T13:00:00Z,ETH,2309.49,278504333200.24805,17596954103.101913,,-0.2266923955223203,coingecko,2026-04-21T13:27:27Z
2026-04-21T13:00:00Z,BNB,632.31,85207121172.26918,1112454355.832857,,1.1501561210330236,coingecko,2026-04-21T13:27:27Z
2026-04-21T15:00:00Z,BTC,75782.0,1514065271419.5208,43421597182.65549,,1.076101960406895,coingecko,2026-04-21T15:13:37Z
2026-04-21T15:00:00Z,ETH,2304.73,277311633546.9985,16223726522.041937,,0.6858401351373709,coingecko,2026-04-21T15:13:37Z
2026-04-21T15:00:00Z,BNB,631.65,85037166398.60931,1091522325.400599,,1.4495875510673502,coingecko,2026-04-21T15:13:37Z
2026-04-21T17:00:00Z,BTC,75797.0,1519486618873.708,43639401089.24538,,0.6059480210635232,coingecko,2026-04-21T17:02:28Z
2026-04-21T17:00:00Z,ETH,2307.91,278938097811.68365,16758480643.6447,,0.3328753082354213,coingecko,2026-04-21T17:02:28Z
2026-04-21T17:00:00Z,BNB,632.14,85191521737.48868,1080131740.0743103,,0.7643718499649991,coingecko,2026-04-21T17:02:28Z
2026-04-21T19:00:00Z,BTC,75738.0,1516534230273.6047,42811356268.46156,,-0.9264009278226922,coingecko,2026-04-21T19:12:30Z
2026-04-21T19:00:00Z,ETH,2318.84,279945823154.72424,15715709083.779518,,-0.7127535802219318,coingecko,2026-04-21T19:12:30Z
2026-04-21T19:00:00Z,BNB,631.02,85075359893.01357,1061786482.2881068,,-0.0903408750119877,coingecko,2026-04-21T19:12:30Z
2026-04-21T20:00:00Z,BTC,75711.0,1515824001053.652,43243505866.93187,,-0.7707618440868443,coingecko,2026-04-21T20:53:52Z
2026-04-21T20:00:00Z,ETH,2317.67,279674333432.2046,17761028193.05606,,-0.8011273350033351,coingecko,2026-04-21T20:53:52Z
2026-04-21T20:00:00Z,BNB,629.82,84882647733.60228,1115146633.043141,,-0.1862533791122992,coingecko,2026-04-21T20:53:52Z
2026-04-21T21:00:00Z,BTC,75495.0,1511338735673.9707,42579728784.06132,,-0.5518564801618595,coingecko,2026-04-21T21:45:54Z
2026-04-21T21:00:00Z,ETH,2311.45,279004674300.2234,16486234426.878723,,-0.3525759253242011,coingecko,2026-04-21T21:45:54Z
2026-04-21T21:00:00Z,BNB,629.14,84799722280.02051,1095451511.5289872,,-0.1711497155763799,coingecko,2026-04-21T21:45:54Z
2026-04-21T22:00:00Z,BTC,75426.0,1509248473493.5007,41074378921.57731,,-0.7974493856902919,coingecko,2026-04-21T22:38:47Z
2026-04-21T22:00:00Z,ETH,2307.07,278235229005.94403,16315664769.623377,,-0.7019859955317774,coingecko,2026-04-21T22:38:47Z
2026-04-21T22:00:00Z,BNB,628.33,84669170142.8243,1092951439.5836692,,-0.2654469807307714,coingecko,2026-04-21T22:38:47Z
2026-04-21T23:00:00Z,BTC,75852.0,1517771382497.3933,40740335305.063736,,0.0707224993502178,coingecko,2026-04-21T23:35:49Z
2026-04-21T23:00:00Z,ETH,2319.62,279669354674.24896,16373061280.271528,,0.2392906572494572,coingecko,2026-04-21T23:35:49Z
2026-04-21T23:00:00Z,BNB,630.36,84918462866.70787,1096480590.603138,,0.2312024577174906,coingecko,2026-04-21T23:35:49Z
2026-04-22T02:00:00Z,BTC,77133.0,1545756352467.8967,41547105255.3654,,1.773085794889721,coingecko,2026-04-22T02:33:52Z
2026-04-22T02:00:00Z,ETH,2351.51,284134644742.2416,17670922123.752228,,1.7004730063459748,coingecko,2026-04-22T02:33:52Z
2026-04-22T02:00:00Z,BNB,637.2,85888949220.69678,1114673190.5689754,,1.1891543758487046,coingecko,2026-04-22T02:33:52Z
2026-04-22T05:00:00Z,BTC,78240.0,1562283192630.546,46172066205.15333,,3.052807954888469,coingecko,2026-04-22T05:26:29Z
2026-04-22T05:00:00Z,ETH,2390.93,288359297809.622,20209457828.42907,,3.1596449822515256,coingecko,2026-04-22T05:26:29Z
2026-04-22T05:00:00Z,BNB,643.25,86608467411.11351,1222509111.2322097,,1.778502974012051,coingecko,2026-04-22T05:26:29Z
2026-04-22T07:00:00Z,BTC,78064.0,1562586873777.5989,46151365993.6301,,2.4679544106353384,coingecko,2026-04-22T07:47:47Z
2026-04-22T07:00:00Z,ETH,2393.61,288785333790.6787,17886208702.87476,,3.104631735837467,coingecko,2026-04-22T07:47:47Z
2026-04-22T07:00:00Z,BNB,642.42,86605869795.48987,1278848119.192954,,1.3845221330604645,coingecko,2026-04-22T07:47:47Z
2026-04-22T09:00:00Z,BTC,77998.0,1561329012434.0989,45264171774.76066,,1.970430552302491,coingecko,2026-04-22T09:21:14Z
2026-04-22T09:00:00Z,ETH,2390.31,288459331010.088,20250916653.414825,,2.7502507674773384,coingecko,2026-04-22T09:21:14Z
2026-04-22T09:00:00Z,BNB,643.19,86684517098.95094,1255478435.2618177,,1.0098829910540663,coingecko,2026-04-22T09:21:14Z
2026-04-22T11:00:00Z,BTC,78250.0,1566253614260.8933,46253801234.0071,,2.0115677491597608,coingecko,2026-04-22T11:06:07Z
2026-04-22T11:00:00Z,ETH,2391.65,288736670052.5656,19859444198.00134,,2.616861917672032,coingecko,2026-04-22T11:06:07Z
2026-04-22T11:00:00Z,BNB,642.07,86573183667.73799,1161796437.171725,,0.7938130698141742,coingecko,2026-04-22T11:06:07Z
2026-04-22T13:00:00Z,BTC,78446.0,1570628878615.6394,46658645205.17226,,3.1391090196582554,coingecko,2026-04-22T13:27:45Z
2026-04-22T13:00:00Z,ETH,2409.96,291042102491.1568,21415660172.7049,,4.407831050281541,coingecko,2026-04-22T13:27:45Z
2026-04-22T13:00:00Z,BNB,644.8,86919824174.87457,1115897571.586156,,1.9852783900854087,coingecko,2026-04-22T13:27:45Z
2026-04-22T15:00:00Z,BTC,78984.0,1580483128283.6943,49739092163.571945,,4.238798309846878,coingecko,2026-04-22T15:14:24Z
2026-04-22T15:00:00Z,ETH,2399.66,289482170926.9292,22662623923.875374,,4.112405159128902,coingecko,2026-04-22T15:14:24Z
2026-04-22T15:00:00Z,BNB,649.68,87605868693.01682,1253368154.4364293,,2.83156480720152,coingecko,2026-04-22T15:14:24Z
2026-04-22T17:00:00Z,BTC,78790.0,1576567635392.6963,51950503203.272,,3.970189535163519,coingecko,2026-04-22T17:01:32Z
2026-04-22T17:00:00Z,ETH,2388.63,288081049577.96857,23149044020.37807,,3.478917295009865,coingecko,2026-04-22T17:01:32Z
2026-04-22T17:00:00Z,BNB,644.76,86903172831.88657,1076011232.4391143,,2.0114087179605464,coingecko,2026-04-22T17:01:32Z
2026-04-22T19:00:00Z,BTC,78807.0,1577567818026.4004,50602130511.0416,,4.041132632482214,coingecko,2026-04-22T19:13:52Z
2026-04-22T19:00:00Z,ETH,2393.58,288768133495.3138,21716015277.18271,,3.1650343684162454,coingecko,2026-04-22T19:13:52Z
2026-04-22T19:00:00Z,BNB,645.01,86926475710.93196,973313231.9621074,,2.195760641969146,coingecko,2026-04-22T19:13:52Z
2026-04-22T20:00:00Z,BTC,78461.0,1571133657854.348,50200217950.03928,,3.561154246071289,coingecko,2026-04-22T20:55:40Z
2026-04-22T20:00:00Z,ETH,2392.32,288799531972.4993,21992047241.246822,,3.151141998618993,coingecko,2026-04-22T20:55:40Z
2026-04-22T20:00:00Z,BNB,641.69,86484179888.56535,1274996388.5317707,,1.804915239019099,coingecko,2026-04-22T20:55:40Z
2026-04-22T21:00:00Z,BTC,78783.0,1577488602817.9937,50720545185.6222,,4.286496283279181,coingecko,2026-04-22T21:52:29Z
2026-04-22T21:00:00Z,ETH,2404.22,290161833968.4961,21771823446.526405,,3.973949923843908,coingecko,2026-04-22T21:52:29Z
2026-04-22T21:00:00Z,BNB,642.31,86568553178.34836,1284752022.769338,,2.0703226581172527,coingecko,2026-04-22T21:52:29Z
2026-04-22T22:00:00Z,BTC,78548.0,1572559957850.8965,49756007009.46986,,3.978652931948583,coingecko,2026-04-22T22:48:26Z
2026-04-22T22:00:00Z,ETH,2397.27,289369837806.85254,20917731475.457584,,3.746812359912118,coingecko,2026-04-22T22:48:26Z
2026-04-22T22:00:00Z,BNB,640.29,86302140721.14343,1285678406.6870744,,1.8397274490534428,coingecko,2026-04-22T22:48:26Z
2026-04-22T23:00:00Z,BTC,78271.0,1566853886007.8064,50186729040.36263,,2.50963261757806,coingecko,2026-04-22T23:46:30Z
2026-04-22T23:00:00Z,ETH,2378.28,286962639512.6165,21990043785.936592,,2.172824015603718,coingecko,2026-04-22T23:46:30Z
2026-04-22T23:00:00Z,BNB,637.81,85961998761.06154,1295220349.1801715,,0.8645972813416607,coingecko,2026-04-22T23:46:30Z
2026-04-23T02:00:00Z,BTC,78074.0,1562120090635.8394,50433081000.67599,,1.226107784757665,coingecko,2026-04-23T02:37:28Z
2026-04-23T02:00:00Z,ETH,2356.12,284237102143.60315,22746253185.02532,,0.1080957806035134,coingecko,2026-04-23T02:37:28Z
2026-04-23T02:00:00Z,BNB,636.02,85749979674.96255,1316043445.86609,,-0.2887733275539599,coingecko,2026-04-23T02:37:28Z
2026-04-23T05:00:00Z,BTC,77919.0,1560757994644.008,45971830739.39703,,-0.4250380802880974,coingecko,2026-04-23T05:31:07Z
2026-04-23T05:00:00Z,ETH,2347.17,283542291657.71387,19904203560.129143,,-1.7112785631110805,coingecko,2026-04-23T05:31:07Z
2026-04-23T05:00:00Z,BNB,636.58,85830487893.71025,1243172609.512946,,-0.9805590540252682,coingecko,2026-04-23T05:31:07Z
2026-04-23T07:00:00Z,BTC,78063.0,1563979344261.3848,44816689611.89871,,0.0731868147514249,coingecko,2026-04-23T07:53:20Z
2026-04-23T07:00:00Z,ETH,2348.66,283932173569.0529,19893996455.48391,,-1.7185988585699166,coingecko,2026-04-23T07:53:20Z
2026-04-23T07:00:00Z,BNB,636.33,85818948185.66295,1184209903.107874,,-0.9595261300636114,coingecko,2026-04-23T07:53:20Z
2026-04-23T09:00:00Z,BTC,77606.0,1552807572911.1255,45298825409.783485,,-0.6773545277331445,coingecko,2026-04-23T09:29:05Z
2026-04-23T09:00:00Z,ETH,2321.69,280811753142.3782,19452780246.491524,,-2.998427475133368,coingecko,2026-04-23T09:29:05Z
2026-04-23T09:00:00Z,BNB,634.04,85542548110.85364,1192634518.91196,,-1.440494210853878,coingecko,2026-04-23T09:29:05Z
2026-04-23T11:00:00Z,BTC,77471.0,1550709648086.1675,46018376400.53471,,-0.9526050695298636,coingecko,2026-04-23T11:09:15Z
2026-04-23T11:00:00Z,ETH,2317.8,279747309615.537,20723295213.493683,,-3.025666026578792,coingecko,2026-04-23T11:09:15Z
2026-04-23T11:00:00Z,BNB,631.75,85180617070.89288,1199294937.6524825,,-1.5640148375006813,coingecko,2026-04-23T11:09:15Z
2026-04-23T13:00:00Z,BTC,77633.0,1554466651702.067,45678936491.3856,,-1.067261721639518,coingecko,2026-04-23T13:29:35Z
2026-04-23T13:00:00Z,ETH,2323.76,280646145906.4605,19569604049.09313,,-3.585267057480092,coingecko,2026-04-23T13:29:35Z
2026-04-23T13:00:00Z,BNB,635.09,85632957132.57545,1207301811.754066,,-1.5124133218451636,coingecko,2026-04-23T13:29:35Z
2026-04-23T15:00:00Z,BTC,78342.0,1569056632617.8162,42958944159.8538,,-1.2934593079234915,coingecko,2026-04-23T15:53:30Z
2026-04-23T15:00:00Z,ETH,2332.9,281704249270.0461,18033523624.85034,,-3.18037236815046,coingecko,2026-04-23T15:53:30Z
2026-04-23T15:00:00Z,BNB,639.94,86269554016.1502,1071340589.915569,,-1.5641944490702937,coingecko,2026-04-23T15:53:30Z
2026-04-23T17:00:00Z,BTC,77642.0,1555368624270.1106,41936174991.49912,,-1.4429828298520864,coingecko,2026-04-23T17:21:15Z
2026-04-23T17:00:00Z,ETH,2310.85,279165212270.3523,17354293275.018543,,-3.321525323345941,coingecko,2026-04-23T17:21:15Z
2026-04-23T17:00:00Z,BNB,636.82,85868388812.02696,1046502581.6213622,,-1.1467793104616426,coingecko,2026-04-23T17:21:15Z
2026-04-23T19:00:00Z,BTC,77722.0,1555558021357.4128,44728622573.94091,,-1.3080867536444063,coingecko,2026-04-23T19:08:18Z
2026-04-23T19:00:00Z,ETH,2307.38,278359701605.8957,20120086080.223846,,-3.5589250905685663,coingecko,2026-04-23T19:08:18Z
2026-04-23T19:00:00Z,BNB,634.75,85525255158.60226,1101539311.1094737,,-1.5747663236301337,coingecko,2026-04-23T19:08:18Z
2026-04-23T20:00:00Z,BTC,77935.0,1560312734657.2012,43954549432.44482,,-0.6725161506086907,coingecko,2026-04-23T20:53:42Z
2026-04-23T20:00:00Z,ETH,2325.42,280662994640.3347,19912161112.51506,,-2.794199280448993,coingecko,2026-04-23T20:53:42Z
2026-04-23T20:00:00Z,BNB,638.05,86000685635.04904,1084784532.8473115,,-0.5674709845577453,coingecko,2026-04-23T20:53:42Z
2026-04-23T21:00:00Z,BTC,78058.0,1562493371345.734,43361379531.64517,,-0.9590818482477876,coingecko,2026-04-23T21:45:55Z
2026-04-23T21:00:00Z,ETH,2328.5,281046273275.41315,18831482530.885536,,-3.170081035550152,coingecko,2026-04-23T21:45:55Z
2026-04-23T21:00:00Z,BNB,638.87,86111632018.85127,1066495622.1031168,,-0.5212754930059774,coingecko,2026-04-23T21:45:55Z
2026-04-23T22:00:00Z,BTC,78277.0,1566764448337.8735,42677205320.51329,,-0.3574083066814891,coingecko,2026-04-23T22:44:19Z
2026-04-23T22:00:00Z,ETH,2335.08,281748041108.1157,19939720821.500324,,-2.595215238144198,coingecko,2026-04-23T22:44:19Z
2026-04-23T22:00:00Z,BNB,639.48,86193341374.97705,1058903447.17676,,-0.1141447123033932,coingecko,2026-04-23T22:44:19Z
2026-04-23T23:00:00Z,BTC,78267.0,1566898945593.1748,41969495102.22636,,-0.0564316530931733,coingecko,2026-04-23T23:45:42Z
2026-04-23T23:00:00Z,ETH,2331.43,281378216885.9629,18654775809.07793,,-2.0431250656423483,coingecko,2026-04-23T23:45:42Z
2026-04-23T23:00:00Z,BNB,638.7,86088918177.94629,1042594129.8905516,,0.104103650592202,coingecko,2026-04-23T23:45:42Z
2026-04-24T02:00:00Z,BTC,78327.0,1568146519520.5068,38833903889.28136,,0.5507565539107492,coingecko,2026-04-24T02:38:03Z
2026-04-24T02:00:00Z,ETH,2328.9,281063472787.01245,17706348653.927868,,-0.8067933615232621,coingecko,2026-04-24T02:38:03Z
2026-04-24T02:00:00Z,BNB,638.38,86045037124.3435,996966662.2358094,,0.5175960485733426,coingecko,2026-04-24T02:38:03Z
2026-04-24T05:00:00Z,BTC,77719.0,1555709573333.9136,38268934619.34901,,-0.1392074725051001,coingecko,2026-04-24T05:35:53Z
2026-04-24T05:00:00Z,ETH,2308.16,278511897758.55334,17557525008.381092,,-1.5240202342578797,coingecko,2026-04-24T05:35:53Z
2026-04-24T05:00:00Z,BNB,633.11,85305918806.38458,961043620.1860672,,-0.4802023420110516,coingecko,2026-04-24T05:35:53Z
2026-04-24T08:00:00Z,BTC,77648.0,1554467737162.104,38151842134.15357,,-0.4846765594729389,coingecko,2026-04-24T08:04:36Z
2026-04-24T08:00:00Z,ETH,2311.48,278976539256.41547,15720987493.860924,,-1.3230160860961988,coingecko,2026-04-24T08:04:36Z
2026-04-24T08:00:00Z,BNB,635.62,85634159505.28233,990908789.7477076,,-0.022768648096106,coingecko,2026-04-24T08:04:36Z
2026-04-24T10:00:00Z,BTC,77586.0,1553016617275.3364,36121678929.96114,,0.3301095296456491,coingecko,2026-04-24T10:22:07Z
2026-04-24T10:00:00Z,ETH,2310.43,278801112465.332,14871026761.683908,,-0.0696611034466594,coingecko,2026-04-24T10:22:07Z
2026-04-24T10:00:00Z,BNB,634.54,85520343875.16827,958177304.2642136,,0.4862887776734295,coingecko,2026-04-24T10:22:07Z
2026-04-24T11:00:00Z,BTC,78224.0,1565854453192.2158,37218770649.42885,,0.6480089046670973,coingecko,2026-04-24T11:57:54Z
2026-04-24T11:00:00Z,ETH,2328.47,281027961927.82306,15104240453.636738,,-0.0615503743136801,coingecko,2026-04-24T11:57:54Z
2026-04-24T11:00:00Z,BNB,637.74,85960017400.35748,984574078.2397584,,0.5927328141463237,coingecko,2026-04-24T11:57:54Z
2026-04-24T13:00:00Z,BTC,78170.0,1566632751112.272,37679867946.314606,,0.7898306602170718,coingecko,2026-04-24T13:44:18Z
2026-04-24T13:00:00Z,ETH,2321.76,280549990851.7955,14893880759.329245,,0.0216264384175487,coingecko,2026-04-24T13:44:18Z
2026-04-24T13:00:00Z,BNB,638.6,86132173792.09727,979568075.1983948,,0.5353982863856025,coingecko,2026-04-24T13:44:18Z
2026-04-24T15:00:00Z,BTC,77671.0,1558057459586.97,36914744374.83992,,-0.4481665054655571,coingecko,2026-04-24T15:08:57Z
2026-04-24T15:00:00Z,ETH,2305.16,278671642619.1939,15774552012.898924,,-0.8996110362188574,coingecko,2026-04-24T15:08:57Z
2026-04-24T15:00:00Z,BNB,636.95,85857216664.6911,984492817.9464468,,0.096641531819278,coingecko,2026-04-24T15:08:57Z
2026-04-24T16:00:00Z,BTC,77733.0,1555872765604.8306,37045391178.08734,,-0.4794138197599497,coingecko,2026-04-24T16:57:19Z
2026-04-24T16:00:00Z,ETH,2314.41,279283327646.05994,15037979406.007193,,-0.5122642297449589,coingecko,2026-04-24T16:57:19Z
2026-04-24T16:00:00Z,BNB,637.45,85897362022.68468,964569040.5562392,,-0.2417405261803471,coingecko,2026-04-24T16:57:19Z
2026-04-24T17:00:00Z,BTC,77674.0,1554562129114.0215,35294119487.52903,,0.0906807713646578,coingecko,2026-04-24T17:52:05Z
2026-04-24T17:00:00Z,ETH,2316.13,279493041035.03143,13912157912.67167,,0.5677087287978367,coingecko,2026-04-24T17:52:05Z
2026-04-24T17:00:00Z,BNB,637.14,85881126996.50479,916991760.2088324,,0.5999931396277443,coingecko,2026-04-24T17:52:05Z
2026-04-24T18:00:00Z,BTC,77597.0,1553375108669.4067,34107910546.00809,,-0.3829521096990086,coingecko,2026-04-24T18:53:16Z
2026-04-24T18:00:00Z,ETH,2319.92,279974692084.4856,14421399762.641834,,0.3512313022758446,coingecko,2026-04-24T18:53:16Z
2026-04-24T18:00:00Z,BNB,637.62,85945177297.24327,892558192.7725092,,0.3101652277943921,coingecko,2026-04-24T18:53:16Z
