ts_utc,crypto,yhat,yhat_type,model_name
2026-01-03 16:00:00+00:00,BNB,0.0004168627086046,return_1h_ahead,hourly_ridge_coldstart_v1
2026-01-03 17:00:00+00:00,BNB,0.0004089663079875,return_1h_ahead,hourly_ridge_coldstart_v1
2026-01-03 18:00:00+00:00,BNB,0.0004345143560608,return_1h_ahead,hourly_ridge_coldstart_v1
2026-01-03 19:00:00+00:00,BNB,0.0003725092499433,return_1h_ahead,hourly_ridge_coldstart_v1
2026-01-03 20:00:00+00:00,BNB,0.0003756180271618,return_1h_ahead,hourly_ridge_coldstart_v1
2026-01-03 21:00:00+00:00,BNB,0.000663095851237,return_1h_ahead,hourly_ridge_coldstart_v1
2026-01-03 22:00:00+00:00,BNB,0.0006604479025712,return_1h_ahead,hourly_ridge_coldstart_v1
2026-01-03 23:00:00+00:00,BNB,0.0005931147257109,return_1h_ahead,hourly_ridge_coldstart_v1
2026-01-04 01:00:00+00:00,BNB,0.0006271414119656,return_1h_ahead,hourly_ridge_coldstart_v1
2026-01-04 03:00:00+00:00,BNB,0.0006453574333544,return_1h_ahead,hourly_ridge_coldstart_v1
2026-01-04 04:00:00+00:00,BNB,0.0004480931559438,return_1h_ahead,hourly_ridge_coldstart_v1
2026-01-04 05:00:00+00:00,BNB,-0.0001077498830715,return_1h_ahead,hourly_ridge_coldstart_v1
2026-01-04 06:00:00+00:00,BNB,-4.594564695578954e-05,return_1h_ahead,hourly_ridge_coldstart_v1
2026-01-04 07:00:00+00:00,BNB,-0.0002891372989906,return_1h_ahead,hourly_ridge_coldstart_v1
2026-01-04 08:00:00+00:00,BNB,-0.0001945135129819,return_1h_ahead,hourly_ridge_coldstart_v1
2026-01-04 09:00:00+00:00,BNB,-0.0001175914394494,return_1h_ahead,hourly_ridge_coldstart_v1
2026-01-04 10:00:00+00:00,BNB,0.0003994861444223,return_1h_ahead,hourly_ridge_coldstart_v1
2026-01-04 11:00:00+00:00,BNB,0.0003791633802306,return_1h_ahead,hourly_ridge_coldstart_v1
2026-01-04 12:00:00+00:00,BNB,0.0004224296941625,return_1h_ahead,hourly_ridge_coldstart_v1
2026-01-04 13:00:00+00:00,BNB,0.0006294267062911,return_1h_ahead,hourly_ridge_coldstart_v1
2026-01-04 14:00:00+00:00,BNB,0.0005190156243384,return_1h_ahead,hourly_ridge_coldstart_v1
2026-01-04 15:00:00+00:00,BNB,0.0005980761508203,return_1h_ahead,hourly_ridge_coldstart_v1
2026-01-04 16:00:00+00:00,BNB,0.0005575494482751,return_1h_ahead,hourly_ridge_coldstart_v1
2026-01-04 17:00:00+00:00,BNB,0.0004065540960936,return_1h_ahead,hourly_ridge_coldstart_v1
2026-01-04 18:00:00+00:00,BNB,9.57321172789375e-05,return_1h_ahead,hourly_ridge_coldstart_v1
2026-01-04 19:00:00+00:00,BNB,-0.0003912081061515,return_1h_ahead,hourly_ridge_coldstart_v1
2026-01-04 20:00:00+00:00,BNB,-0.0001001255636145,return_1h_ahead,hourly_ridge_coldstart_v1
2026-01-04 21:00:00+00:00,BNB,-0.0002056912125692,return_1h_ahead,hourly_ridge_coldstart_v1
2026-01-04 22:00:00+00:00,BNB,-0.0003698081782083,return_1h_ahead,hourly_ridge_coldstart_v1
2026-01-04 23:00:00+00:00,BNB,7.762365871049289e-05,return_1h_ahead,hourly_ridge_coldstart_v1
2026-01-05 01:00:00+00:00,BNB,-0.0002682085261846,return_1h_ahead,hourly_ridge_coldstart_v1
2026-01-05 03:00:00+00:00,BNB,-0.0008387301010303,return_1h_ahead,hourly_ridge_coldstart_v1
2026-01-05 04:00:00+00:00,BNB,-0.0008709547072404,return_1h_ahead,hourly_ridge_coldstart_v1
2026-01-05 05:00:00+00:00,BNB,-0.0007529155452436,return_1h_ahead,hourly_ridge_coldstart_v1
2026-01-05 06:00:00+00:00,BNB,-0.0006422370238372,return_1h_ahead,hourly_ridge_coldstart_v1
2026-01-05 07:00:00+00:00,BNB,-0.0006174117097429,return_1h_ahead,hourly_ridge_coldstart_v1
2026-01-05 08:00:00+00:00,BNB,4.50043471551913e-05,return_1h_ahead,hourly_ridge_coldstart_v1
2026-01-05 09:00:00+00:00,BNB,0.0001236327839551,return_1h_ahead,hourly_ridge_coldstart_v1
2026-01-05 10:00:00+00:00,BNB,0.0003968953516591,return_1h_ahead,hourly_ridge_coldstart_v1
2026-01-05 11:00:00+00:00,BNB,0.0002740616264865,return_1h_ahead,hourly_ridge_coldstart_v1
2026-01-05 12:00:00+00:00,BNB,0.0003329922970844,return_1h_ahead,hourly_ridge_coldstart_v1
2026-01-05 13:00:00+00:00,BNB,4.860232618171629e-05,return_1h_ahead,hourly_ridge_coldstart_v1
2026-01-05 14:00:00+00:00,BNB,0.0001571150962611,return_1h_ahead,hourly_ridge_coldstart_v1
2026-01-05 15:00:00+00:00,BNB,0.0001626872052748,return_1h_ahead,hourly_ridge_coldstart_v1
2026-01-05 16:00:00+00:00,BNB,0.0004012108881667,return_1h_ahead,hourly_ridge_coldstart_v1
2026-01-05 17:00:00+00:00,BNB,0.000136513431217,return_1h_ahead,hourly_ridge_coldstart_v1
2026-01-05 18:00:00+00:00,BNB,0.0002730880568598,return_1h_ahead,hourly_ridge_coldstart_v1
2026-01-05 19:00:00+00:00,BNB,0.0003801136239807,return_1h_ahead,hourly_ridge_coldstart_v1
2026-01-05 20:00:00+00:00,BNB,0.0002379446671317,return_1h_ahead,hourly_ridge_coldstart_v1
2026-01-05 21:00:00+00:00,BNB,-0.0002969879788486,return_1h_ahead,hourly_ridge_coldstart_v1
2026-01-05 22:00:00+00:00,BNB,-5.715998021425811e-05,return_1h_ahead,hourly_ridge_coldstart_v1
2026-01-05 23:00:00+00:00,BNB,-0.0001373887474084,return_1h_ahead,hourly_ridge_coldstart_v1
2026-01-06 01:00:00+00:00,BNB,-0.0003382199111546,return_1h_ahead,hourly_ridge_coldstart_v1
2026-01-06 03:00:00+00:00,BNB,-0.0002157863464137,return_1h_ahead,hourly_ridge_coldstart_v1
2026-01-06 04:00:00+00:00,BNB,0.0003143806255303,return_1h_ahead,hourly_ridge_coldstart_v1
2026-01-06 05:00:00+00:00,BNB,0.0002469737555318,return_1h_ahead,hourly_ridge_coldstart_v1
2026-01-06 06:00:00+00:00,BNB,0.0004620087464804,return_1h_ahead,hourly_ridge_coldstart_v1
2026-01-06 07:00:00+00:00,BNB,0.0003365394841418,return_1h_ahead,hourly_ridge_coldstart_v1
2026-01-06 08:00:00+00:00,BNB,0.0004842232204479,return_1h_ahead,hourly_ridge_coldstart_v1
2026-01-06 09:00:00+00:00,BNB,0.000112947603317,return_1h_ahead,hourly_ridge_coldstart_v1
2026-01-06 10:00:00+00:00,BNB,-0.0001473004802674,return_1h_ahead,hourly_ridge_coldstart_v1
2026-01-06 11:00:00+00:00,BNB,-0.0001558717286135,return_1h_ahead,hourly_ridge_coldstart_v1
2026-01-06 12:00:00+00:00,BNB,-0.0001635481872791,return_1h_ahead,hourly_ridge_coldstart_v1
2026-01-06 13:00:00+00:00,BNB,1.331951925028109e-05,return_1h_ahead,hourly_ridge_coldstart_v1
2026-01-06 14:00:00+00:00,BNB,6.55347897797384e-05,return_1h_ahead,hourly_ridge_coldstart_v1
2026-01-06 15:00:00+00:00,BNB,0.0002204392916566,return_1h_ahead,hourly_ridge_coldstart_v1
2026-01-06 16:00:00+00:00,BNB,-0.0007003874825139,return_1h_ahead,hourly_ridge_coldstart_v1
2026-01-06 17:00:00+00:00,BNB,-0.0006360095148674,return_1h_ahead,hourly_ridge_coldstart_v1
2026-01-06 18:00:00+00:00,BNB,-0.0008904133316401,return_1h_ahead,hourly_ridge_coldstart_v1
2026-01-06 19:00:00+00:00,BNB,-0.0005688563444793,return_1h_ahead,hourly_ridge_coldstart_v1
2026-01-06 20:00:00+00:00,BNB,-0.000335255841702,return_1h_ahead,hourly_ridge_coldstart_v1
2026-01-06 21:00:00+00:00,BNB,-0.0005948332870658,return_1h_ahead,hourly_ridge_coldstart_v1
2026-01-06 22:00:00+00:00,BNB,-0.0006003482259568,return_1h_ahead,hourly_ridge_coldstart_v1
2026-01-06 23:00:00+00:00,BNB,-0.0003556749878767,return_1h_ahead,hourly_ridge_coldstart_v1
2026-01-07 01:00:00+00:00,BNB,-0.0015579030653549,return_1h_ahead,hourly_ridge_coldstart_v1
2026-01-07 03:00:00+00:00,BNB,-0.0010224484434767,return_1h_ahead,hourly_ridge_coldstart_v1
2026-01-07 04:00:00+00:00,BNB,-0.001145411012931,return_1h_ahead,hourly_ridge_coldstart_v1
2026-01-07 05:00:00+00:00,BNB,-0.0008147324628825,return_1h_ahead,hourly_ridge_coldstart_v1
2026-01-07 06:00:00+00:00,BNB,-0.0008616225954943,return_1h_ahead,hourly_ridge_coldstart_v1
2026-01-07 07:00:00+00:00,BNB,-0.0008192881027792,return_1h_ahead,hourly_ridge_coldstart_v1
2026-01-07 08:00:00+00:00,BNB,0.0004099435316421,return_1h_ahead,hourly_ridge_coldstart_v1
2026-01-07 09:00:00+00:00,BNB,-8.15927690577905e-05,return_1h_ahead,hourly_ridge_coldstart_v1
2026-01-07 10:00:00+00:00,BNB,-0.0003241971901731,return_1h_ahead,hourly_ridge_coldstart_v1
2026-01-07 11:00:00+00:00,BNB,-6.928834641937336e-06,return_1h_ahead,hourly_ridge_coldstart_v1
2026-01-07 12:00:00+00:00,BNB,-0.0003051389042341,return_1h_ahead,hourly_ridge_coldstart_v1
2026-01-07 13:00:00+00:00,BNB,-0.0001388647817471,return_1h_ahead,hourly_ridge_coldstart_v1
2026-01-07 14:00:00+00:00,BNB,-0.0002279351633383,return_1h_ahead,hourly_ridge_coldstart_v1
2026-01-07 15:00:00+00:00,BNB,-7.41054944636066e-05,return_1h_ahead,hourly_ridge_coldstart_v1
2026-01-07 16:00:00+00:00,BNB,-3.105375825762863e-06,return_1h_ahead,hourly_ridge_coldstart_v1
2026-01-07 17:00:00+00:00,BNB,0.0001178324227774,return_1h_ahead,hourly_ridge_coldstart_v1
2026-01-07 18:00:00+00:00,BNB,0.0001755668806553,return_1h_ahead,hourly_ridge_coldstart_v1
2026-01-07 19:00:00+00:00,BNB,-4.442879533715584e-05,return_1h_ahead,hourly_ridge_coldstart_v1
2026-01-07 20:00:00+00:00,BNB,0.0002947579605569,return_1h_ahead,hourly_ridge_coldstart_v1
2026-01-07 21:00:00+00:00,BNB,0.0002435454996269,return_1h_ahead,hourly_ridge_coldstart_v1
2026-01-07 22:00:00+00:00,BNB,0.0001420179163168,return_1h_ahead,hourly_ridge_coldstart_v1
2026-01-07 23:00:00+00:00,BNB,0.0001733255785645,return_1h_ahead,hourly_ridge_coldstart_v1
2026-01-08 01:00:00+00:00,BNB,0.0001689029076974,return_1h_ahead,hourly_ridge_coldstart_v1
2026-01-08 03:00:00+00:00,BNB,-0.0002972250229984,return_1h_ahead,hourly_ridge_coldstart_v1
2026-01-08 04:00:00+00:00,BNB,-0.0001302469907724,return_1h_ahead,hourly_ridge_coldstart_v1
2026-01-08 05:00:00+00:00,BNB,1.5566784413365486e-05,return_1h_ahead,hourly_ridge_coldstart_v1
2026-01-08 06:00:00+00:00,BNB,-0.0012474246361143,return_1h_ahead,hourly_ridge_coldstart_v1
2026-01-08 07:00:00+00:00,BNB,-0.0008161071162416,return_1h_ahead,hourly_ridge_coldstart_v1
2026-01-08 08:00:00+00:00,BNB,-0.0007035563051118,return_1h_ahead,hourly_ridge_coldstart_v1
2026-01-08 09:00:00+00:00,BNB,-0.001097502219966,return_1h_ahead,hourly_ridge_coldstart_v1
2026-01-08 10:00:00+00:00,BNB,-0.00091198957695,return_1h_ahead,hourly_ridge_coldstart_v1
2026-01-08 11:00:00+00:00,BNB,-0.0009715944046701,return_1h_ahead,hourly_ridge_coldstart_v1
2026-01-08 12:00:00+00:00,BNB,-0.0003902101694819,return_1h_ahead,hourly_ridge_coldstart_v1
2026-01-08 13:00:00+00:00,BNB,-0.0002351218618157,return_1h_ahead,hourly_ridge_coldstart_v1
2026-01-08 14:00:00+00:00,BNB,-1.928036080562197e-05,return_1h_ahead,hourly_ridge_coldstart_v1
2026-01-08 15:00:00+00:00,BNB,0.0002139260634593,return_1h_ahead,hourly_ridge_coldstart_v1
2026-01-08 16:00:00+00:00,BNB,2.1597569255179443e-05,return_1h_ahead,hourly_ridge_coldstart_v1
2026-01-08 17:00:00+00:00,BNB,9.321686660556842e-05,return_1h_ahead,hourly_ridge_coldstart_v1
2026-01-08 18:00:00+00:00,BNB,8.147823929183825e-05,return_1h_ahead,hourly_ridge_coldstart_v1
2026-01-08 19:00:00+00:00,BNB,-1.1352527370548174e-05,return_1h_ahead,hourly_ridge_coldstart_v1
2026-01-08 20:00:00+00:00,BNB,6.277194973425555e-05,return_1h_ahead,hourly_ridge_coldstart_v1
2026-01-08 21:00:00+00:00,BNB,0.0004701708082952,return_1h_ahead,hourly_ridge_coldstart_v1
2026-01-08 22:00:00+00:00,BNB,0.0003954860542311,return_1h_ahead,hourly_ridge_coldstart_v1
2026-01-08 23:00:00+00:00,BNB,0.0003259660455348,return_1h_ahead,hourly_ridge_coldstart_v1
2026-01-09 01:00:00+00:00,BNB,-7.722200683347194e-05,return_1h_ahead,hourly_ridge_coldstart_v1
2026-01-09 03:00:00+00:00,BNB,0.0001014909174634,return_1h_ahead,hourly_ridge_coldstart_v1
2026-01-09 04:00:00+00:00,BNB,-4.5994761704381474e-05,return_1h_ahead,hourly_ridge_coldstart_v1
2026-01-09 05:00:00+00:00,BNB,5.327211840318522e-05,return_1h_ahead,hourly_ridge_coldstart_v1
2026-01-09 06:00:00+00:00,BNB,7.70655821716353e-06,return_1h_ahead,hourly_ridge_coldstart_v1
2026-01-09 07:00:00+00:00,BNB,1.64391835977816e-05,return_1h_ahead,hourly_ridge_coldstart_v1
2026-01-09 08:00:00+00:00,BNB,0.0001451253254577,return_1h_ahead,hourly_ridge_coldstart_v1
2026-01-09 09:00:00+00:00,BNB,0.000352711908135,return_1h_ahead,hourly_ridge_coldstart_v1
2026-01-09 10:00:00+00:00,BNB,0.0004290651594817,return_1h_ahead,hourly_ridge_coldstart_v1
2026-01-09 11:00:00+00:00,BNB,0.0005234136173452,return_1h_ahead,hourly_ridge_coldstart_v1
2026-01-09 12:00:00+00:00,BNB,0.0003926689378106,return_1h_ahead,hourly_ridge_coldstart_v1
2026-01-09 13:00:00+00:00,BNB,0.0004004534202248,return_1h_ahead,hourly_ridge_coldstart_v1
2026-01-09 14:00:00+00:00,BNB,0.0001792730110807,return_1h_ahead,hourly_ridge_coldstart_v1
2026-01-09 15:00:00+00:00,BNB,0.0003366611068741,return_1h_ahead,hourly_ridge_coldstart_v1
2026-01-09 16:00:00+00:00,BNB,0.000183723990683,return_1h_ahead,hourly_ridge_coldstart_v1
2026-01-09 17:00:00+00:00,BNB,-0.0001501954912212,return_1h_ahead,hourly_ridge_coldstart_v1
2026-01-09 18:00:00+00:00,BNB,-0.0003198499401793,return_1h_ahead,hourly_ridge_coldstart_v1
2026-01-09 19:00:00+00:00,BNB,-0.0001990188664946,return_1h_ahead,hourly_ridge_coldstart_v1
2026-01-09 20:00:00+00:00,BNB,-2.376437369178385e-05,return_1h_ahead,hourly_ridge_coldstart_v1
2026-01-09 21:00:00+00:00,BNB,-0.000124380218132,return_1h_ahead,hourly_ridge_coldstart_v1
2026-01-09 22:00:00+00:00,BNB,0.0003084120891396,return_1h_ahead,hourly_ridge_coldstart_v1
2026-01-09 23:00:00+00:00,BNB,0.000323720198953,return_1h_ahead,hourly_ridge_coldstart_v1
2026-01-10 01:00:00+00:00,BNB,0.000557883156838,return_1h_ahead,hourly_ridge_coldstart_v1
2026-01-10 03:00:00+00:00,BNB,0.00056452847321,return_1h_ahead,hourly_ridge_coldstart_v1
2026-01-10 04:00:00+00:00,BNB,0.000613150321551,return_1h_ahead,hourly_ridge_coldstart_v1
2026-01-10 05:00:00+00:00,BNB,0.0006516054639756,return_1h_ahead,hourly_ridge_coldstart_v1
2026-01-10 06:00:00+00:00,BNB,0.0004850866065281,return_1h_ahead,hourly_ridge_coldstart_v1
2026-01-10 07:00:00+00:00,BNB,0.0003977299121001,return_1h_ahead,hourly_ridge_coldstart_v1
2026-01-10 08:00:00+00:00,BNB,0.0001270018941881,return_1h_ahead,hourly_ridge_coldstart_v1
2026-01-10 09:00:00+00:00,BNB,5.049130023761751e-05,return_1h_ahead,hourly_ridge_coldstart_v1
2026-01-10 10:00:00+00:00,BNB,0.0002388412953342,return_1h_ahead,hourly_ridge_coldstart_v1
2026-01-10 11:00:00+00:00,BNB,0.0005352612640325,return_1h_ahead,hourly_ridge_coldstart_v1
2026-01-10 12:00:00+00:00,BNB,0.0004489630243723,return_1h_ahead,hourly_ridge_coldstart_v1
2026-01-10 13:00:00+00:00,BNB,0.0004493759673119,return_1h_ahead,hourly_ridge_coldstart_v1
2026-01-10 14:00:00+00:00,BNB,0.000458324736353,return_1h_ahead,hourly_ridge_coldstart_v1
2026-01-10 15:00:00+00:00,BNB,0.0005022557344588,return_1h_ahead,hourly_ridge_coldstart_v1
2026-01-10 16:00:00+00:00,BNB,0.000430279642865,return_1h_ahead,hourly_ridge_coldstart_v1
2026-01-10 17:00:00+00:00,BNB,0.0004728214508987,return_1h_ahead,hourly_ridge_coldstart_v1
2026-01-10 18:00:00+00:00,BNB,0.0006382676267344,return_1h_ahead,hourly_ridge_coldstart_v1
2026-01-10 19:00:00+00:00,BNB,0.000660275183053,return_1h_ahead,hourly_ridge_coldstart_v1
2026-01-10 20:00:00+00:00,BNB,0.0006767078875808,return_1h_ahead,hourly_ridge_coldstart_v1
2026-01-10 21:00:00+00:00,BNB,-0.0002586077571703,return_1h_ahead,hourly_ridge_coldstart_v1
2026-01-10 22:00:00+00:00,BNB,-0.0003990327083088,return_1h_ahead,hourly_ridge_coldstart_v1
2026-01-10 23:00:00+00:00,BNB,-0.00014620911574,return_1h_ahead,hourly_ridge_coldstart_v1
2026-01-11 01:00:00+00:00,BNB,-0.0001848816100204,return_1h_ahead,hourly_ridge_coldstart_v1
2026-01-11 03:00:00+00:00,BNB,-0.0002212130107216,return_1h_ahead,hourly_ridge_coldstart_v1
2026-01-11 04:00:00+00:00,BNB,-0.0002451713936901,return_1h_ahead,hourly_ridge_coldstart_v1
2026-01-11 05:00:00+00:00,BNB,-0.0001310038029203,return_1h_ahead,hourly_ridge_coldstart_v1
2026-01-11 06:00:00+00:00,BNB,0.0003827700241426,return_1h_ahead,hourly_ridge_coldstart_v1
2026-01-11 07:00:00+00:00,BNB,0.0004183703372009,return_1h_ahead,hourly_ridge_coldstart_v1
2026-01-11 08:00:00+00:00,BNB,0.0003155864319116,return_1h_ahead,hourly_ridge_coldstart_v1
2026-01-11 09:00:00+00:00,BNB,0.000485056278775,return_1h_ahead,hourly_ridge_coldstart_v1
2026-01-11 10:00:00+00:00,BNB,0.0002639539739963,return_1h_ahead,hourly_ridge_coldstart_v1
2026-01-11 11:00:00+00:00,BNB,0.0003811132997174,return_1h_ahead,hourly_ridge_coldstart_v1
2026-01-11 12:00:00+00:00,BNB,0.0004403531969429,return_1h_ahead,hourly_ridge_coldstart_v1
2026-01-11 13:00:00+00:00,BNB,0.00051647698256,return_1h_ahead,hourly_ridge_coldstart_v1
2026-01-11 14:00:00+00:00,BNB,0.0005078522043229,return_1h_ahead,hourly_ridge_coldstart_v1
2026-01-11 15:00:00+00:00,BNB,0.0001361404590671,return_1h_ahead,hourly_ridge_coldstart_v1
2026-01-11 16:00:00+00:00,BNB,0.0002721900982047,return_1h_ahead,hourly_ridge_coldstart_v1
2026-01-11 17:00:00+00:00,BNB,0.0002372379497144,return_1h_ahead,hourly_ridge_coldstart_v1
2026-01-11 18:00:00+00:00,BNB,0.0002750552561821,return_1h_ahead,hourly_ridge_coldstart_v1
2026-01-11 19:00:00+00:00,BNB,0.0003544301287583,return_1h_ahead,hourly_ridge_coldstart_v1
2026-01-11 20:00:00+00:00,BNB,0.0002000018175691,return_1h_ahead,hourly_ridge_coldstart_v1
2026-01-11 21:00:00+00:00,BNB,0.0004044063319954,return_1h_ahead,hourly_ridge_coldstart_v1
2026-01-11 22:00:00+00:00,BNB,0.0003819245663909,return_1h_ahead,hourly_ridge_coldstart_v1
2026-01-11 23:00:00+00:00,BNB,0.0003362151098898,return_1h_ahead,hourly_ridge_coldstart_v1
2026-01-12 01:00:00+00:00,BNB,0.0002412042730221,return_1h_ahead,hourly_ridge_coldstart_v1
2026-01-12 03:00:00+00:00,BNB,0.0002349310289466,return_1h_ahead,hourly_ridge_coldstart_v1
2026-01-12 04:00:00+00:00,BNB,0.0004736818918881,return_1h_ahead,hourly_ridge_coldstart_v1
2026-01-12 05:00:00+00:00,BNB,0.0003715956515071,return_1h_ahead,hourly_ridge_coldstart_v1
2026-01-12 06:00:00+00:00,BNB,0.0001756310408606,return_1h_ahead,hourly_ridge_coldstart_v1
2026-01-12 07:00:00+00:00,BNB,0.0001536169386803,return_1h_ahead,hourly_ridge_coldstart_v1
2026-01-12 08:00:00+00:00,BNB,0.0002628615704916,return_1h_ahead,hourly_ridge_coldstart_v1
2026-01-12 09:00:00+00:00,BNB,5.5045826363701086e-05,return_1h_ahead,hourly_ridge_coldstart_v1
2026-01-12 10:00:00+00:00,BNB,0.0003158306700575,return_1h_ahead,hourly_ridge_coldstart_v1
2026-01-12 11:00:00+00:00,BNB,0.000393862035331,return_1h_ahead,hourly_ridge_coldstart_v1
2026-01-12 12:00:00+00:00,BNB,0.0003639855394342,return_1h_ahead,hourly_ridge_coldstart_v1
2026-01-12 13:00:00+00:00,BNB,0.0003468960806864,return_1h_ahead,hourly_ridge_coldstart_v1
2026-01-12 14:00:00+00:00,BNB,2.9776785672442707e-05,return_1h_ahead,hourly_ridge_coldstart_v1
2026-01-12 15:00:00+00:00,BNB,1.9637432706899258e-05,return_1h_ahead,hourly_ridge_coldstart_v1
2026-01-12 16:00:00+00:00,BNB,-0.0001102169356315,return_1h_ahead,hourly_ridge_coldstart_v1
2026-01-12 17:00:00+00:00,BNB,-0.0003165755216311,return_1h_ahead,hourly_ridge_coldstart_v1
2026-01-12 18:00:00+00:00,BNB,-0.0002545886251522,return_1h_ahead,hourly_ridge_coldstart_v1
2026-01-12 19:00:00+00:00,BNB,-0.0002511310761473,return_1h_ahead,hourly_ridge_coldstart_v1
2026-01-12 20:00:00+00:00,BNB,-4.040747678380255e-05,return_1h_ahead,hourly_ridge_coldstart_v1
2026-01-12 21:00:00+00:00,BNB,0.0002634787181002,return_1h_ahead,hourly_ridge_coldstart_v1
2026-01-12 22:00:00+00:00,BNB,0.0005407700197375,return_1h_ahead,hourly_ridge_coldstart_v1
2026-01-12 23:00:00+00:00,BNB,0.000600612313735,return_1h_ahead,hourly_ridge_coldstart_v1
2026-01-13 01:00:00+00:00,BNB,0.0005587206874886,return_1h_ahead,hourly_ridge_coldstart_v1
2026-01-13 03:00:00+00:00,BNB,0.000563894922628,return_1h_ahead,hourly_ridge_coldstart_v1
2026-01-13 04:00:00+00:00,BNB,0.0005197457651247,return_1h_ahead,hourly_ridge_coldstart_v1
2026-01-13 05:00:00+00:00,BNB,0.0005113879672006,return_1h_ahead,hourly_ridge_coldstart_v1
2026-01-13 06:00:00+00:00,BNB,0.000566019378569,return_1h_ahead,hourly_ridge_coldstart_v1
2026-01-13 07:00:00+00:00,BNB,0.0005873452823268,return_1h_ahead,hourly_ridge_coldstart_v1
2026-01-13 08:00:00+00:00,BNB,0.0002224959433478,return_1h_ahead,hourly_ridge_coldstart_v1
2026-01-13 09:00:00+00:00,BNB,0.0003246633436927,return_1h_ahead,hourly_ridge_coldstart_v1
2026-01-13 10:00:00+00:00,BNB,0.0002892012082579,return_1h_ahead,hourly_ridge_coldstart_v1
2026-01-13 11:00:00+00:00,BNB,0.0003692946941012,return_1h_ahead,hourly_ridge_coldstart_v1
2026-01-13 12:00:00+00:00,BNB,0.0003916896303707,return_1h_ahead,hourly_ridge_coldstart_v1
2026-01-13 13:00:00+00:00,BNB,0.000547149946004,return_1h_ahead,hourly_ridge_coldstart_v1
2026-01-13 14:00:00+00:00,BNB,0.0006562761005113,return_1h_ahead,hourly_ridge_coldstart_v1
2026-01-13 15:00:00+00:00,BNB,0.000682198214502,return_1h_ahead,hourly_ridge_coldstart_v1
2026-01-13 16:00:00+00:00,BNB,0.0002139175688545,return_1h_ahead,hourly_ridge_coldstart_v1
2026-01-13 17:00:00+00:00,BNB,-8.038081931277297e-05,return_1h_ahead,hourly_ridge_coldstart_v1
2026-01-13 18:00:00+00:00,BNB,-0.0003013904852194,return_1h_ahead,hourly_ridge_coldstart_v1
2026-01-13 19:00:00+00:00,BNB,-0.0005965622236231,return_1h_ahead,hourly_ridge_coldstart_v1
2026-01-13 20:00:00+00:00,BNB,-0.0005635635779253,return_1h_ahead,hourly_ridge_coldstart_v1
2026-01-13 21:00:00+00:00,BNB,-0.000919935677318,return_1h_ahead,hourly_ridge_coldstart_v1
2026-01-13 22:00:00+00:00,BNB,-0.0005767706665912,return_1h_ahead,hourly_ridge_coldstart_v1
2026-01-13 23:00:00+00:00,BNB,-0.0008532411645474,return_1h_ahead,hourly_ridge_coldstart_v1
2026-01-14 01:00:00+00:00,BNB,4.4193916494118514e-05,return_1h_ahead,hourly_ridge_coldstart_v1
2026-01-14 03:00:00+00:00,BNB,0.0002228340492696,return_1h_ahead,hourly_ridge_coldstart_v1
2026-01-14 04:00:00+00:00,BNB,-0.0003661534221272,return_1h_ahead,hourly_ridge_coldstart_v1
2026-01-14 05:00:00+00:00,BNB,-0.0002205491285114,return_1h_ahead,hourly_ridge_coldstart_v1
2026-01-14 06:00:00+00:00,BNB,-9.260658747490457e-05,return_1h_ahead,hourly_ridge_coldstart_v1
2026-01-14 07:00:00+00:00,BNB,3.236268122334767e-05,return_1h_ahead,hourly_ridge_coldstart_v1
2026-01-14 08:00:00+00:00,BNB,-3.130716363956604e-05,return_1h_ahead,hourly_ridge_coldstart_v1
2026-01-14 09:00:00+00:00,BNB,0.000138456212802,return_1h_ahead,hourly_ridge_coldstart_v1
2026-01-14 10:00:00+00:00,BNB,0.0003031009313439,return_1h_ahead,hourly_ridge_coldstart_v1
2026-01-14 11:00:00+00:00,BNB,-0.0001698823389151,return_1h_ahead,hourly_ridge_coldstart_v1
2026-01-14 12:00:00+00:00,BNB,5.3213362282944536e-05,return_1h_ahead,hourly_ridge_coldstart_v1
2026-01-14 13:00:00+00:00,BNB,-6.961754791579575e-05,return_1h_ahead,hourly_ridge_coldstart_v1
2026-01-14 14:00:00+00:00,BNB,-3.278292895524316e-05,return_1h_ahead,hourly_ridge_coldstart_v1
2026-01-14 15:00:00+00:00,BNB,-0.0001274593855264,return_1h_ahead,hourly_ridge_coldstart_v1
2026-01-14 16:00:00+00:00,BNB,-0.0002468156410089,return_1h_ahead,hourly_ridge_coldstart_v1
2026-01-14 17:00:00+00:00,BNB,0.0002470625401738,return_1h_ahead,hourly_ridge_coldstart_v1
2026-01-14 18:00:00+00:00,BNB,0.0001010598709169,return_1h_ahead,hourly_ridge_coldstart_v1
2026-01-14 19:00:00+00:00,BNB,0.0002083965182106,return_1h_ahead,hourly_ridge_coldstart_v1
2026-01-14 20:00:00+00:00,BNB,0.0003099631082463,return_1h_ahead,hourly_ridge_coldstart_v1
2026-01-14 21:00:00+00:00,BNB,0.0005163451724166,return_1h_ahead,hourly_ridge_coldstart_v1
2026-01-14 22:00:00+00:00,BNB,0.0005257651601926,return_1h_ahead,hourly_ridge_coldstart_v1
2026-01-14 23:00:00+00:00,BNB,0.0004543961381213,return_1h_ahead,hourly_ridge_coldstart_v1
2026-01-15 01:00:00+00:00,BNB,-0.0009815552521763,return_1h_ahead,hourly_ridge_coldstart_v1
2026-01-15 03:00:00+00:00,BNB,-0.0009732772594939,return_1h_ahead,hourly_ridge_coldstart_v1
2026-01-15 04:00:00+00:00,BNB,-0.0007113857847484,return_1h_ahead,hourly_ridge_coldstart_v1
2026-01-15 05:00:00+00:00,BNB,-0.0009008578687155,return_1h_ahead,hourly_ridge_coldstart_v1
2026-01-15 06:00:00+00:00,BNB,-0.0008623932736605,return_1h_ahead,hourly_ridge_coldstart_v1
2026-01-15 07:00:00+00:00,BNB,-0.0008056917241716,return_1h_ahead,hourly_ridge_coldstart_v1
2026-01-15 08:00:00+00:00,BNB,-0.0002729627852462,return_1h_ahead,hourly_ridge_coldstart_v1
2026-01-15 09:00:00+00:00,BNB,0.0003808881949094,return_1h_ahead,hourly_ridge_coldstart_v1
2026-01-15 10:00:00+00:00,BNB,0.0005392750090757,return_1h_ahead,hourly_ridge_coldstart_v1
2026-01-15 11:00:00+00:00,BNB,0.0004488721146138,return_1h_ahead,hourly_ridge_coldstart_v1
2026-01-15 12:00:00+00:00,BNB,0.0004123076958609,return_1h_ahead,hourly_ridge_coldstart_v1
2026-01-15 13:00:00+00:00,BNB,0.0004885652966491,return_1h_ahead,hourly_ridge_coldstart_v1
2026-01-15 14:00:00+00:00,BNB,0.0004349818216193,return_1h_ahead,hourly_ridge_coldstart_v1
2026-01-15 15:00:00+00:00,BNB,-0.0001762143205104,return_1h_ahead,hourly_ridge_coldstart_v1
2026-01-15 16:00:00+00:00,BNB,4.035858590072878e-05,return_1h_ahead,hourly_ridge_coldstart_v1
2026-01-15 17:00:00+00:00,BNB,6.113319368082371e-05,return_1h_ahead,hourly_ridge_coldstart_v1
2026-01-15 18:00:00+00:00,BNB,-0.0003997581861113,return_1h_ahead,hourly_ridge_coldstart_v1
2026-01-15 19:00:00+00:00,BNB,-0.0004544047286324,return_1h_ahead,hourly_ridge_coldstart_v1
2026-01-15 20:00:00+00:00,BNB,-0.000167044646426,return_1h_ahead,hourly_ridge_coldstart_v1
2026-01-15 21:00:00+00:00,BNB,-3.9917703697072446e-05,return_1h_ahead,hourly_ridge_coldstart_v1
2026-01-15 22:00:00+00:00,BNB,-0.0001246368339634,return_1h_ahead,hourly_ridge_coldstart_v1
2026-01-15 23:00:00+00:00,BNB,-0.0001841248779966,return_1h_ahead,hourly_ridge_coldstart_v1
2026-01-16 01:00:00+00:00,BNB,-8.25526989065507e-05,return_1h_ahead,hourly_ridge_coldstart_v1
2026-01-16 03:00:00+00:00,BNB,0.0002561850654312,return_1h_ahead,hourly_ridge_coldstart_v1
2026-01-16 04:00:00+00:00,BNB,0.0002224823696182,return_1h_ahead,hourly_ridge_coldstart_v1
2026-01-16 05:00:00+00:00,BNB,0.0003387044483476,return_1h_ahead,hourly_ridge_coldstart_v1
2026-01-16 06:00:00+00:00,BNB,0.0004471126560754,return_1h_ahead,hourly_ridge_coldstart_v1
2026-01-16 07:00:00+00:00,BNB,0.0003462310279072,return_1h_ahead,hourly_ridge_coldstart_v1
2026-01-16 08:00:00+00:00,BNB,0.0003801752124843,return_1h_ahead,hourly_ridge_coldstart_v1
2026-01-16 09:00:00+00:00,BNB,0.0002624829038138,return_1h_ahead,hourly_ridge_coldstart_v1
2026-01-16 10:00:00+00:00,BNB,0.0002374080807114,return_1h_ahead,hourly_ridge_coldstart_v1
2026-01-16 11:00:00+00:00,BNB,0.0001983878659825,return_1h_ahead,hourly_ridge_coldstart_v1
2026-01-16 12:00:00+00:00,BNB,0.0004090206176721,return_1h_ahead,hourly_ridge_coldstart_v1
2026-01-16 13:00:00+00:00,BNB,0.0001121464657696,return_1h_ahead,hourly_ridge_coldstart_v1
2026-01-16 14:00:00+00:00,BNB,0.0003067569231099,return_1h_ahead,hourly_ridge_coldstart_v1
2026-01-16 15:00:00+00:00,BNB,6.261877810482172e-05,return_1h_ahead,hourly_ridge_coldstart_v1
2026-01-16 16:00:00+00:00,BNB,0.0001983646361044,return_1h_ahead,hourly_ridge_coldstart_v1
2026-01-16 17:00:00+00:00,BNB,0.0001839263523001,return_1h_ahead,hourly_ridge_coldstart_v1
2026-01-16 18:00:00+00:00,BNB,0.0003227855343187,return_1h_ahead,hourly_ridge_coldstart_v1
2026-01-16 19:00:00+00:00,BNB,0.0001578715715763,return_1h_ahead,hourly_ridge_coldstart_v1
2026-01-16 20:00:00+00:00,BNB,0.0002500746781841,return_1h_ahead,hourly_ridge_coldstart_v1
2026-01-16 21:00:00+00:00,BNB,0.0004040725337202,return_1h_ahead,hourly_ridge_coldstart_v1
2026-01-16 22:00:00+00:00,BNB,0.0003870634914747,return_1h_ahead,hourly_ridge_coldstart_v1
2026-01-16 23:00:00+00:00,BNB,0.0004440274347573,return_1h_ahead,hourly_ridge_coldstart_v1
2026-01-17 01:00:00+00:00,BNB,0.0003517867639182,return_1h_ahead,hourly_ridge_coldstart_v1
2026-01-17 03:00:00+00:00,BNB,0.0005307159127279,return_1h_ahead,hourly_ridge_coldstart_v1
2026-01-17 04:00:00+00:00,BNB,0.0005717372587289,return_1h_ahead,hourly_ridge_coldstart_v1
2026-01-17 05:00:00+00:00,BNB,0.0005692773788301,return_1h_ahead,hourly_ridge_coldstart_v1
2026-01-17 06:00:00+00:00,BNB,0.0005251563862231,return_1h_ahead,hourly_ridge_coldstart_v1
2026-01-17 07:00:00+00:00,BNB,0.0007585136714915,return_1h_ahead,hourly_ridge_coldstart_v1
2026-01-17 08:00:00+00:00,BNB,0.0007211841234639,return_1h_ahead,hourly_ridge_coldstart_v1
2026-01-17 09:00:00+00:00,BNB,0.0006585467046587,return_1h_ahead,hourly_ridge_coldstart_v1
2026-01-17 10:00:00+00:00,BNB,0.0004578602333196,return_1h_ahead,hourly_ridge_coldstart_v1
2026-01-17 11:00:00+00:00,BNB,0.0001851510448163,return_1h_ahead,hourly_ridge_coldstart_v1
2026-01-17 12:00:00+00:00,BNB,0.0003050858153761,return_1h_ahead,hourly_ridge_coldstart_v1
2026-01-17 13:00:00+00:00,BNB,0.0001627218765705,return_1h_ahead,hourly_ridge_coldstart_v1
2026-01-17 14:00:00+00:00,BNB,0.0002584609555743,return_1h_ahead,hourly_ridge_coldstart_v1
2026-01-17 15:00:00+00:00,BNB,0.0002718002671612,return_1h_ahead,hourly_ridge_coldstart_v1
2026-01-17 16:00:00+00:00,BNB,0.0003065464422373,return_1h_ahead,hourly_ridge_coldstart_v1
2026-01-17 17:00:00+00:00,BNB,0.0001820719510037,return_1h_ahead,hourly_ridge_coldstart_v1
2026-01-17 18:00:00+00:00,BNB,3.957661385439498e-05,return_1h_ahead,hourly_ridge_coldstart_v1
2026-01-17 19:00:00+00:00,BNB,0.0002190250118456,return_1h_ahead,hourly_ridge_coldstart_v1
2026-01-17 20:00:00+00:00,BNB,0.0001009955803566,return_1h_ahead,hourly_ridge_coldstart_v1
2026-01-17 21:00:00+00:00,BNB,9.84679984158819e-05,return_1h_ahead,hourly_ridge_coldstart_v1
2026-01-17 22:00:00+00:00,BNB,0.0005523033571461,return_1h_ahead,hourly_ridge_coldstart_v1
2026-01-17 23:00:00+00:00,BNB,0.0001574915079549,return_1h_ahead,hourly_ridge_coldstart_v1
2026-01-18 01:00:00+00:00,BNB,0.000288328868719,return_1h_ahead,hourly_ridge_coldstart_v1
2026-01-18 03:00:00+00:00,BNB,0.000324604879187,return_1h_ahead,hourly_ridge_coldstart_v1
2026-01-18 04:00:00+00:00,BNB,0.0001941939409892,return_1h_ahead,hourly_ridge_coldstart_v1
2026-01-18 05:00:00+00:00,BNB,0.0002276658541955,return_1h_ahead,hourly_ridge_coldstart_v1
2026-01-18 06:00:00+00:00,BNB,0.0001443197821062,return_1h_ahead,hourly_ridge_coldstart_v1
2026-01-18 07:00:00+00:00,BNB,0.0003940173063991,return_1h_ahead,hourly_ridge_coldstart_v1
2026-01-18 08:00:00+00:00,BNB,0.0004041049969417,return_1h_ahead,hourly_ridge_coldstart_v1
2026-01-18 09:00:00+00:00,BNB,0.0006218338531312,return_1h_ahead,hourly_ridge_coldstart_v1
2026-01-18 10:00:00+00:00,BNB,0.0004330868229707,return_1h_ahead,hourly_ridge_coldstart_v1
2026-01-18 11:00:00+00:00,BNB,0.000523786314478,return_1h_ahead,hourly_ridge_coldstart_v1
2026-01-18 12:00:00+00:00,BNB,0.0004817715441495,return_1h_ahead,hourly_ridge_coldstart_v1
2026-01-18 13:00:00+00:00,BNB,0.0002530130584135,return_1h_ahead,hourly_ridge_coldstart_v1
2026-01-18 14:00:00+00:00,BNB,0.0003684087519466,return_1h_ahead,hourly_ridge_coldstart_v1
2026-01-18 15:00:00+00:00,BNB,0.0001637200740122,return_1h_ahead,hourly_ridge_coldstart_v1
2026-01-18 16:00:00+00:00,BNB,0.0003237164054552,return_1h_ahead,hourly_ridge_coldstart_v1
2026-01-18 17:00:00+00:00,BNB,0.000178613171118,return_1h_ahead,hourly_ridge_coldstart_v1
2026-01-18 18:00:00+00:00,BNB,0.0002934946829517,return_1h_ahead,hourly_ridge_coldstart_v1
2026-01-18 19:00:00+00:00,BNB,0.0003568201326897,return_1h_ahead,hourly_ridge_coldstart_v1
2026-01-18 20:00:00+00:00,BNB,0.000371951095308,return_1h_ahead,hourly_ridge_coldstart_v1
2026-01-18 21:00:00+00:00,BNB,0.0005133050305462,return_1h_ahead,hourly_ridge_coldstart_v1
2026-01-18 22:00:00+00:00,BNB,0.0006059953106416,return_1h_ahead,hourly_ridge_coldstart_v1
2026-01-18 23:00:00+00:00,BNB,0.0003157023662385,return_1h_ahead,hourly_ridge_coldstart_v1
2026-01-19 01:00:00+00:00,BNB,-0.0032934913689456,return_1h_ahead,hourly_ridge_coldstart_v1
2026-01-19 03:00:00+00:00,BNB,-0.0022838937486867,return_1h_ahead,hourly_ridge_coldstart_v1
2026-01-19 04:00:00+00:00,BNB,-0.0025019277933859,return_1h_ahead,hourly_ridge_coldstart_v1
2026-01-19 05:00:00+00:00,BNB,-0.0025854172392702,return_1h_ahead,hourly_ridge_coldstart_v1
2026-01-19 06:00:00+00:00,BNB,-0.0026329766923822,return_1h_ahead,hourly_ridge_coldstart_v1
2026-01-19 07:00:00+00:00,BNB,-0.0026034413784681,return_1h_ahead,hourly_ridge_coldstart_v1
2026-01-19 08:00:00+00:00,BNB,0.0001091229961174,return_1h_ahead,hourly_ridge_coldstart_v1
2026-01-19 09:00:00+00:00,BNB,0.0003938400830634,return_1h_ahead,hourly_ridge_coldstart_v1
2026-01-19 10:00:00+00:00,BNB,0.0004957380778653,return_1h_ahead,hourly_ridge_coldstart_v1
2026-01-19 11:00:00+00:00,BNB,0.0002855712568839,return_1h_ahead,hourly_ridge_coldstart_v1
2026-01-19 12:00:00+00:00,BNB,0.0004133272303691,return_1h_ahead,hourly_ridge_coldstart_v1
2026-01-19 13:00:00+00:00,BNB,0.000435891356443,return_1h_ahead,hourly_ridge_coldstart_v1
2026-01-19 14:00:00+00:00,BNB,0.0001953102332889,return_1h_ahead,hourly_ridge_coldstart_v1
2026-01-19 15:00:00+00:00,BNB,0.0003120996758168,return_1h_ahead,hourly_ridge_coldstart_v1
2026-01-19 16:00:00+00:00,BNB,0.0004779962288851,return_1h_ahead,hourly_ridge_coldstart_v1
2026-01-19 17:00:00+00:00,BNB,0.0004988504664268,return_1h_ahead,hourly_ridge_coldstart_v1
2026-01-19 18:00:00+00:00,BNB,0.0003640128127565,return_1h_ahead,hourly_ridge_coldstart_v1
2026-01-19 19:00:00+00:00,BNB,0.0004100495503658,return_1h_ahead,hourly_ridge_coldstart_v1
2026-01-19 20:00:00+00:00,BNB,0.0002771928560392,return_1h_ahead,hourly_ridge_coldstart_v1
2026-01-19 21:00:00+00:00,BNB,0.0002573469072829,return_1h_ahead,hourly_ridge_coldstart_v1
2026-01-19 22:00:00+00:00,BNB,0.0003460813182628,return_1h_ahead,hourly_ridge_coldstart_v1
2026-01-19 23:00:00+00:00,BNB,5.4329999713022313e-05,return_1h_ahead,hourly_ridge_coldstart_v1
2026-01-20 01:00:00+00:00,BNB,-8.405885217839987e-05,return_1h_ahead,hourly_ridge_coldstart_v1
2026-01-20 03:00:00+00:00,BNB,-0.0005676802293706,return_1h_ahead,hourly_ridge_coldstart_v1
2026-01-20 04:00:00+00:00,BNB,-0.000437845969086,return_1h_ahead,hourly_ridge_coldstart_v1
2026-01-20 05:00:00+00:00,BNB,-0.0006523931278532,return_1h_ahead,hourly_ridge_coldstart_v1
2026-01-20 06:00:00+00:00,BNB,-0.0008840395148431,return_1h_ahead,hourly_ridge_coldstart_v1
2026-01-20 07:00:00+00:00,BNB,-0.0006120080144069,return_1h_ahead,hourly_ridge_coldstart_v1
2026-01-20 08:00:00+00:00,BNB,9.776750019647906e-05,return_1h_ahead,hourly_ridge_coldstart_v1
2026-01-20 09:00:00+00:00,BNB,0.000120495269638,return_1h_ahead,hourly_ridge_coldstart_v1
2026-01-20 10:00:00+00:00,BNB,0.0001332864019657,return_1h_ahead,hourly_ridge_coldstart_v1
2026-01-20 11:00:00+00:00,BNB,0.0001148619183019,return_1h_ahead,hourly_ridge_coldstart_v1
2026-01-20 12:00:00+00:00,BNB,0.0005445695335703,return_1h_ahead,hourly_ridge_coldstart_v1
2026-01-20 13:00:00+00:00,BNB,0.0001689021674714,return_1h_ahead,hourly_ridge_coldstart_v1
2026-01-20 14:00:00+00:00,BNB,0.0002810375987032,return_1h_ahead,hourly_ridge_coldstart_v1
2026-01-20 15:00:00+00:00,BNB,0.0001285132327202,return_1h_ahead,hourly_ridge_coldstart_v1
2026-01-20 16:00:00+00:00,BNB,0.0003282345215929,return_1h_ahead,hourly_ridge_coldstart_v1
2026-01-20 17:00:00+00:00,BNB,-9.535410704487928e-05,return_1h_ahead,hourly_ridge_coldstart_v1
2026-01-20 18:00:00+00:00,BNB,0.0001512552463642,return_1h_ahead,hourly_ridge_coldstart_v1
2026-01-20 20:00:00+00:00,BNB,0.0001504510830955,return_1h_ahead,hourly_ridge_coldstart_v1
2026-01-20 21:00:00+00:00,BNB,6.237078508506441e-05,return_1h_ahead,hourly_ridge_coldstart_v1
2026-01-20 22:00:00+00:00,BNB,6.814233151783246e-05,return_1h_ahead,hourly_ridge_coldstart_v1
2026-01-20 23:00:00+00:00,BNB,-0.0007718952331426,return_1h_ahead,hourly_ridge_coldstart_v1
2026-01-21 01:00:00+00:00,BNB,-0.0006587141647234,return_1h_ahead,hourly_ridge_coldstart_v1
2026-01-21 03:00:00+00:00,BNB,-0.0004501113812578,return_1h_ahead,hourly_ridge_coldstart_v1
2026-01-21 04:00:00+00:00,BNB,-0.0004333796740643,return_1h_ahead,hourly_ridge_coldstart_v1
2026-01-21 05:00:00+00:00,BNB,-0.0005101673908643,return_1h_ahead,hourly_ridge_coldstart_v1
2026-01-21 06:00:00+00:00,BNB,-0.0003987333861847,return_1h_ahead,hourly_ridge_coldstart_v1
2026-01-21 07:00:00+00:00,BNB,-3.056720986630701e-05,return_1h_ahead,hourly_ridge_coldstart_v1
2026-01-21 08:00:00+00:00,BNB,-0.0001537273375516,return_1h_ahead,hourly_ridge_coldstart_v1
2026-01-21 09:00:00+00:00,BNB,9.85341147562288e-05,return_1h_ahead,hourly_ridge_coldstart_v1
2026-01-21 10:00:00+00:00,BNB,0.0001076662035836,return_1h_ahead,hourly_ridge_coldstart_v1
2026-01-21 11:00:00+00:00,BNB,5.3292736515970856e-05,return_1h_ahead,hourly_ridge_coldstart_v1
2026-01-21 12:00:00+00:00,BNB,-0.0001747951026047,return_1h_ahead,hourly_ridge_coldstart_v1
2026-01-21 13:00:00+00:00,BNB,-5.347627304551909e-05,return_1h_ahead,hourly_ridge_coldstart_v1
2026-01-21 14:00:00+00:00,BNB,-8.287258785080628e-05,return_1h_ahead,hourly_ridge_coldstart_v1
2026-01-21 15:00:00+00:00,BNB,-0.000293370557006,return_1h_ahead,hourly_ridge_coldstart_v1
2026-01-21 16:00:00+00:00,BNB,-0.0022846662360254,return_1h_ahead,hourly_ridge_coldstart_v1
2026-01-21 17:00:00+00:00,BNB,-0.0017511613242508,return_1h_ahead,hourly_ridge_coldstart_v1
2026-01-21 18:00:00+00:00,BNB,-0.0016161156771073,return_1h_ahead,hourly_ridge_coldstart_v1
2026-01-21 19:00:00+00:00,BNB,-0.0015161928026031,return_1h_ahead,hourly_ridge_coldstart_v1
2026-01-21 20:00:00+00:00,BNB,-0.0013268123077234,return_1h_ahead,hourly_ridge_coldstart_v1
2026-01-21 21:00:00+00:00,BNB,-0.001488337900984,return_1h_ahead,hourly_ridge_coldstart_v1
2026-01-21 22:00:00+00:00,BNB,-0.0003108000059224,return_1h_ahead,hourly_ridge_coldstart_v1
2026-01-21 23:00:00+00:00,BNB,-0.0004880711342024,return_1h_ahead,hourly_ridge_coldstart_v1
2026-01-22 01:00:00+00:00,BNB,-0.0002292779467553,return_1h_ahead,hourly_ridge_coldstart_v1
2026-01-22 03:00:00+00:00,BNB,-0.0003827318989403,return_1h_ahead,hourly_ridge_coldstart_v1
2026-01-22 04:00:00+00:00,BNB,0.0002459695795451,return_1h_ahead,hourly_ridge_coldstart_v1
2026-01-22 05:00:00+00:00,BNB,0.0002661569757656,return_1h_ahead,hourly_ridge_coldstart_v1
2026-01-22 06:00:00+00:00,BNB,0.0002260411369426,return_1h_ahead,hourly_ridge_coldstart_v1
2026-01-22 07:00:00+00:00,BNB,0.0002383251273694,return_1h_ahead,hourly_ridge_coldstart_v1
2026-01-22 08:00:00+00:00,BNB,0.0005217697607125,return_1h_ahead,hourly_ridge_coldstart_v1
2026-01-22 09:00:00+00:00,BNB,0.000438569308081,return_1h_ahead,hourly_ridge_coldstart_v1
2026-01-22 10:00:00+00:00,BNB,0.0003395171262222,return_1h_ahead,hourly_ridge_coldstart_v1
2026-01-22 11:00:00+00:00,BNB,4.4628254339095554e-05,return_1h_ahead,hourly_ridge_coldstart_v1
2026-01-22 12:00:00+00:00,BNB,0.0001097782726997,return_1h_ahead,hourly_ridge_coldstart_v1
2026-01-22 13:00:00+00:00,BNB,-0.0001856250771515,return_1h_ahead,hourly_ridge_coldstart_v1
2026-01-22 14:00:00+00:00,BNB,-0.000152606704432,return_1h_ahead,hourly_ridge_coldstart_v1
2026-01-22 15:00:00+00:00,BNB,-0.0002800551263307,return_1h_ahead,hourly_ridge_coldstart_v1
2026-01-22 16:00:00+00:00,BNB,4.7818944582972206e-05,return_1h_ahead,hourly_ridge_coldstart_v1
2026-01-22 17:00:00+00:00,BNB,-0.0001227793914631,return_1h_ahead,hourly_ridge_coldstart_v1
2026-01-22 18:00:00+00:00,BNB,-0.0001759752089907,return_1h_ahead,hourly_ridge_coldstart_v1
2026-01-22 19:00:00+00:00,BNB,-0.0003726291160116,return_1h_ahead,hourly_ridge_coldstart_v1
2026-01-22 20:00:00+00:00,BNB,-0.0001695880035572,return_1h_ahead,hourly_ridge_coldstart_v1
2026-01-22 21:00:00+00:00,BNB,0.0002072952139307,return_1h_ahead,hourly_ridge_coldstart_v1
2026-01-22 22:00:00+00:00,BNB,0.0001951217483656,return_1h_ahead,hourly_ridge_coldstart_v1
2026-01-22 23:00:00+00:00,BNB,-2.0121884778395032e-05,return_1h_ahead,hourly_ridge_coldstart_v1
2026-01-23 01:00:00+00:00,BNB,0.0001826363270638,return_1h_ahead,hourly_ridge_coldstart_v1
2026-01-23 03:00:00+00:00,BNB,0.0001726902963435,return_1h_ahead,hourly_ridge_coldstart_v1
2026-01-23 04:00:00+00:00,BNB,0.0002580308888523,return_1h_ahead,hourly_ridge_coldstart_v1
2026-01-23 05:00:00+00:00,BNB,5.982048166653032e-05,return_1h_ahead,hourly_ridge_coldstart_v1
2026-01-23 06:00:00+00:00,BNB,0.0001627867186255,return_1h_ahead,hourly_ridge_coldstart_v1
2026-01-23 07:00:00+00:00,BNB,0.0003072186828314,return_1h_ahead,hourly_ridge_coldstart_v1
2026-01-23 08:00:00+00:00,BNB,0.000358891723426,return_1h_ahead,hourly_ridge_coldstart_v1
2026-01-23 09:00:00+00:00,BNB,0.0003782228462937,return_1h_ahead,hourly_ridge_coldstart_v1
2026-01-23 10:00:00+00:00,BNB,0.0004633529297933,return_1h_ahead,hourly_ridge_coldstart_v1
2026-01-23 11:00:00+00:00,BNB,0.0005665082213194,return_1h_ahead,hourly_ridge_coldstart_v1
2026-01-23 12:00:00+00:00,BNB,0.0004117596809483,return_1h_ahead,hourly_ridge_coldstart_v1
2026-01-23 13:00:00+00:00,BNB,0.0005653477583142,return_1h_ahead,hourly_ridge_coldstart_v1
2026-01-23 14:00:00+00:00,BNB,0.0004831395124352,return_1h_ahead,hourly_ridge_coldstart_v1
2026-01-23 15:00:00+00:00,BNB,0.0002517566346214,return_1h_ahead,hourly_ridge_coldstart_v1
2026-01-23 16:00:00+00:00,BNB,0.0002675653939513,return_1h_ahead,hourly_ridge_coldstart_v1
2026-01-23 17:00:00+00:00,BNB,0.0001282758816929,return_1h_ahead,hourly_ridge_coldstart_v1
2026-01-23 18:00:00+00:00,BNB,0.0001902256070979,return_1h_ahead,hourly_ridge_coldstart_v1
2026-01-23 19:00:00+00:00,BNB,-0.0004998216487543,return_1h_ahead,hourly_ridge_coldstart_v1
2026-01-23 20:00:00+00:00,BNB,-0.000557007792735,return_1h_ahead,hourly_ridge_coldstart_v1
2026-01-23 21:00:00+00:00,BNB,-0.0004779256298846,return_1h_ahead,hourly_ridge_coldstart_v1
2026-01-23 22:00:00+00:00,BNB,-0.000278005637792,return_1h_ahead,hourly_ridge_coldstart_v1
2026-01-23 23:00:00+00:00,BNB,-1.0015939880952084e-05,return_1h_ahead,hourly_ridge_coldstart_v1
2026-01-24 01:00:00+00:00,BNB,0.0002840417636679,return_1h_ahead,hourly_ridge_coldstart_v1
2026-01-24 03:00:00+00:00,BNB,0.0003623183287079,return_1h_ahead,hourly_ridge_coldstart_v1
2026-01-24 04:00:00+00:00,BNB,0.000369688148201,return_1h_ahead,hourly_ridge_coldstart_v1
2026-01-24 05:00:00+00:00,BNB,0.0004564724293406,return_1h_ahead,hourly_ridge_coldstart_v1
2026-01-24 06:00:00+00:00,BNB,0.0004041572841301,return_1h_ahead,hourly_ridge_coldstart_v1
2026-01-24 07:00:00+00:00,BNB,0.0004003892284614,return_1h_ahead,hourly_ridge_coldstart_v1
2026-01-24 08:00:00+00:00,BNB,0.0004371489895377,return_1h_ahead,hourly_ridge_coldstart_v1
2026-01-24 09:00:00+00:00,BNB,0.0007377892403068,return_1h_ahead,hourly_ridge_coldstart_v1
2026-01-24 11:00:00+00:00,BNB,0.0007184080734034,return_1h_ahead,hourly_ridge_coldstart_v1
2026-01-24 12:00:00+00:00,BNB,0.0006280815055559,return_1h_ahead,hourly_ridge_coldstart_v1
2026-01-24 13:00:00+00:00,BNB,0.0006711642533688,return_1h_ahead,hourly_ridge_coldstart_v1
2026-01-24 14:00:00+00:00,BNB,0.0006913302632843,return_1h_ahead,hourly_ridge_coldstart_v1
2026-01-24 15:00:00+00:00,BNB,0.0006878972640979,return_1h_ahead,hourly_ridge_coldstart_v1
2026-01-24 16:00:00+00:00,BNB,0.0001724427535511,return_1h_ahead,hourly_ridge_coldstart_v1
2026-01-24 17:00:00+00:00,BNB,0.0003688387792786,return_1h_ahead,hourly_ridge_coldstart_v1
2026-01-24 18:00:00+00:00,BNB,0.0003368587213288,return_1h_ahead,hourly_ridge_coldstart_v1
2026-01-24 19:00:00+00:00,BNB,0.0002922554251494,return_1h_ahead,hourly_ridge_coldstart_v1
2026-01-24 20:00:00+00:00,BNB,0.0003249162685076,return_1h_ahead,hourly_ridge_coldstart_v1
2026-01-24 21:00:00+00:00,BNB,0.0002739469582132,return_1h_ahead,hourly_ridge_coldstart_v1
2026-01-24 22:00:00+00:00,BNB,0.0006564967713915,return_1h_ahead,hourly_ridge_coldstart_v1
2026-01-24 23:00:00+00:00,BNB,0.0005085481388935,return_1h_ahead,hourly_ridge_coldstart_v1
2026-01-25 01:00:00+00:00,BNB,0.0003093594493488,return_1h_ahead,hourly_ridge_coldstart_v1
2026-01-25 03:00:00+00:00,BNB,0.0001301836751594,return_1h_ahead,hourly_ridge_coldstart_v1
2026-01-25 04:00:00+00:00,BNB,0.0002098132562907,return_1h_ahead,hourly_ridge_coldstart_v1
2026-01-25 05:00:00+00:00,BNB,4.028578258934496e-05,return_1h_ahead,hourly_ridge_coldstart_v1
2026-01-25 06:00:00+00:00,BNB,0.0001302238942951,return_1h_ahead,hourly_ridge_coldstart_v1
2026-01-25 07:00:00+00:00,BNB,0.0001287482213045,return_1h_ahead,hourly_ridge_coldstart_v1
2026-01-25 08:00:00+00:00,BNB,0.0002207364388855,return_1h_ahead,hourly_ridge_coldstart_v1
2026-01-25 09:00:00+00:00,BNB,0.0002853035455562,return_1h_ahead,hourly_ridge_coldstart_v1
2026-01-25 10:00:00+00:00,BNB,0.0005346306517831,return_1h_ahead,hourly_ridge_coldstart_v1
2026-01-25 11:00:00+00:00,BNB,0.0004987644103716,return_1h_ahead,hourly_ridge_coldstart_v1
2026-01-25 12:00:00+00:00,BNB,0.0003930254388052,return_1h_ahead,hourly_ridge_coldstart_v1
2026-01-25 13:00:00+00:00,BNB,0.0004416326900782,return_1h_ahead,hourly_ridge_coldstart_v1
2026-01-25 14:00:00+00:00,BNB,0.0005158167925055,return_1h_ahead,hourly_ridge_coldstart_v1
2026-01-25 15:00:00+00:00,BNB,0.0004695831319434,return_1h_ahead,hourly_ridge_coldstart_v1
2026-01-25 16:00:00+00:00,BNB,-0.0002282335225339,return_1h_ahead,hourly_ridge_coldstart_v1
2026-01-25 17:00:00+00:00,BNB,-2.5522776553749788e-05,return_1h_ahead,hourly_ridge_coldstart_v1
2026-01-25 18:00:00+00:00,BNB,2.745174206522693e-05,return_1h_ahead,hourly_ridge_coldstart_v1
2026-01-25 19:00:00+00:00,BNB,2.900745957456585e-05,return_1h_ahead,hourly_ridge_coldstart_v1
2026-01-25 20:00:00+00:00,BNB,-6.625056866979112e-05,return_1h_ahead,hourly_ridge_coldstart_v1
2026-01-25 21:00:00+00:00,BNB,-0.0001852398308368,return_1h_ahead,hourly_ridge_coldstart_v1
2026-01-25 22:00:00+00:00,BNB,-0.0002572022646467,return_1h_ahead,hourly_ridge_coldstart_v1
2026-01-25 23:00:00+00:00,BNB,-0.0001466398538328,return_1h_ahead,hourly_ridge_coldstart_v1
2026-01-26 01:00:00+00:00,BNB,-0.000418466662317,return_1h_ahead,hourly_ridge_coldstart_v1
2026-01-26 03:00:00+00:00,BNB,-0.0012881797011274,return_1h_ahead,hourly_ridge_coldstart_v1
2026-01-26 04:00:00+00:00,BNB,-0.0006834350006372,return_1h_ahead,hourly_ridge_coldstart_v1
2026-01-26 05:00:00+00:00,BNB,-0.0008267266901777,return_1h_ahead,hourly_ridge_coldstart_v1
2026-01-26 06:00:00+00:00,BNB,-0.0007449162460014,return_1h_ahead,hourly_ridge_coldstart_v1
2026-01-26 07:00:00+00:00,BNB,-0.0007430020538435,return_1h_ahead,hourly_ridge_coldstart_v1
2026-01-26 08:00:00+00:00,BNB,-0.0001478435627119,return_1h_ahead,hourly_ridge_coldstart_v1
2026-01-26 09:00:00+00:00,BNB,-0.0002449848042191,return_1h_ahead,hourly_ridge_coldstart_v1
2026-01-26 10:00:00+00:00,BNB,0.0001866676744462,return_1h_ahead,hourly_ridge_coldstart_v1
2026-01-26 11:00:00+00:00,BNB,0.0001483730356579,return_1h_ahead,hourly_ridge_coldstart_v1
2026-01-26 12:00:00+00:00,BNB,0.0001100820463736,return_1h_ahead,hourly_ridge_coldstart_v1
2026-01-26 13:00:00+00:00,BNB,0.0001622573150801,return_1h_ahead,hourly_ridge_coldstart_v1
2026-01-26 14:00:00+00:00,BNB,0.0001101208074725,return_1h_ahead,hourly_ridge_coldstart_v1
2026-01-26 15:00:00+00:00,BNB,0.0004459998077064,return_1h_ahead,hourly_ridge_coldstart_v1
2026-01-26 16:00:00+00:00,BNB,0.0001053941510607,return_1h_ahead,hourly_ridge_coldstart_v1
2026-01-26 17:00:00+00:00,BNB,7.442923150202115e-05,return_1h_ahead,hourly_ridge_coldstart_v1
2026-01-26 18:00:00+00:00,BNB,2.4509192011540326e-05,return_1h_ahead,hourly_ridge_coldstart_v1
2026-01-26 19:00:00+00:00,BNB,-0.0003897781116351,return_1h_ahead,hourly_ridge_coldstart_v1
2026-01-26 20:00:00+00:00,BNB,-0.00036777833581,return_1h_ahead,hourly_ridge_coldstart_v1
2026-01-26 21:00:00+00:00,BNB,-0.0001788528124778,return_1h_ahead,hourly_ridge_coldstart_v1
2026-01-26 22:00:00+00:00,BNB,-7.72805774799226e-05,return_1h_ahead,hourly_ridge_coldstart_v1
2026-01-26 23:00:00+00:00,BNB,-5.902868849513767e-05,return_1h_ahead,hourly_ridge_coldstart_v1
2026-01-27 01:00:00+00:00,BNB,0.0003604145956046,return_1h_ahead,hourly_ridge_coldstart_v1
2026-01-27 03:00:00+00:00,BNB,0.000411501898747,return_1h_ahead,hourly_ridge_coldstart_v1
2026-01-27 04:00:00+00:00,BNB,0.0004352444383081,return_1h_ahead,hourly_ridge_coldstart_v1
2026-01-27 05:00:00+00:00,BNB,0.0001836745919607,return_1h_ahead,hourly_ridge_coldstart_v1
2026-01-27 06:00:00+00:00,BNB,0.0001999622576252,return_1h_ahead,hourly_ridge_coldstart_v1
2026-01-27 07:00:00+00:00,BNB,0.0002818777827031,return_1h_ahead,hourly_ridge_coldstart_v1
2026-01-27 08:00:00+00:00,BNB,0.000243994036046,return_1h_ahead,hourly_ridge_coldstart_v1
2026-01-27 09:00:00+00:00,BNB,0.0004967834780293,return_1h_ahead,hourly_ridge_coldstart_v1
2026-01-27 10:00:00+00:00,BNB,0.0003009348828856,return_1h_ahead,hourly_ridge_coldstart_v1
2026-01-27 11:00:00+00:00,BNB,0.0003890861337129,return_1h_ahead,hourly_ridge_coldstart_v1
2026-01-27 12:00:00+00:00,BNB,0.0003852359334153,return_1h_ahead,hourly_ridge_coldstart_v1
2026-01-27 13:00:00+00:00,BNB,0.0003476205604551,return_1h_ahead,hourly_ridge_coldstart_v1
2026-01-27 14:00:00+00:00,BNB,0.0002965852826571,return_1h_ahead,hourly_ridge_coldstart_v1
2026-01-27 15:00:00+00:00,BNB,0.0001345733312146,return_1h_ahead,hourly_ridge_coldstart_v1
2026-01-27 16:00:00+00:00,BNB,7.304611486592206e-05,return_1h_ahead,hourly_ridge_coldstart_v1
2026-01-27 17:00:00+00:00,BNB,-0.0004166181760652,return_1h_ahead,hourly_ridge_coldstart_v1
2026-01-27 18:00:00+00:00,BNB,-0.0003660695561063,return_1h_ahead,hourly_ridge_coldstart_v1
2026-01-27 19:00:00+00:00,BNB,-0.000270806111286,return_1h_ahead,hourly_ridge_coldstart_v1
2026-01-27 20:00:00+00:00,BNB,-0.0002387048151541,return_1h_ahead,hourly_ridge_coldstart_v1
2026-01-27 21:00:00+00:00,BNB,-0.0002922605888336,return_1h_ahead,hourly_ridge_coldstart_v1
2026-01-27 22:00:00+00:00,BNB,0.0001810960347837,return_1h_ahead,hourly_ridge_coldstart_v1
2026-01-27 23:00:00+00:00,BNB,0.000411753914677,return_1h_ahead,hourly_ridge_coldstart_v1
2026-01-28 01:00:00+00:00,BNB,2.6439448347291648e-05,return_1h_ahead,hourly_ridge_coldstart_v1
2026-01-28 03:00:00+00:00,BNB,0.000135634473111,return_1h_ahead,hourly_ridge_coldstart_v1
2026-01-28 04:00:00+00:00,BNB,0.0004181902671464,return_1h_ahead,hourly_ridge_coldstart_v1
2026-01-28 05:00:00+00:00,BNB,0.0003222898832418,return_1h_ahead,hourly_ridge_coldstart_v1
2026-01-28 06:00:00+00:00,BNB,0.0003566410746024,return_1h_ahead,hourly_ridge_coldstart_v1
2026-01-28 07:00:00+00:00,BNB,0.0003274506541634,return_1h_ahead,hourly_ridge_coldstart_v1
2026-01-28 08:00:00+00:00,BNB,0.0004527947568458,return_1h_ahead,hourly_ridge_coldstart_v1
2026-01-28 09:00:00+00:00,BNB,0.0005507927081171,return_1h_ahead,hourly_ridge_coldstart_v1
2026-01-28 10:00:00+00:00,BNB,0.0005876316913157,return_1h_ahead,hourly_ridge_coldstart_v1
2026-01-28 11:00:00+00:00,BNB,0.000333627244652,return_1h_ahead,hourly_ridge_coldstart_v1
2026-01-28 12:00:00+00:00,BNB,0.0004918432180438,return_1h_ahead,hourly_ridge_coldstart_v1
2026-01-28 13:00:00+00:00,BNB,0.0005568968815527,return_1h_ahead,hourly_ridge_coldstart_v1
2026-01-28 14:00:00+00:00,BNB,0.0001023709002563,return_1h_ahead,hourly_ridge_coldstart_v1
2026-01-28 15:00:00+00:00,BNB,0.0001120369438315,return_1h_ahead,hourly_ridge_coldstart_v1
2026-01-28 16:00:00+00:00,BNB,0.0002124280552939,return_1h_ahead,hourly_ridge_coldstart_v1
2026-01-28 17:00:00+00:00,BNB,0.0002350031114859,return_1h_ahead,hourly_ridge_coldstart_v1
2026-01-28 18:00:00+00:00,BNB,0.0002582054807016,return_1h_ahead,hourly_ridge_coldstart_v1
2026-01-28 19:00:00+00:00,BNB,0.0002816237107512,return_1h_ahead,hourly_ridge_coldstart_v1
2026-01-28 20:00:00+00:00,BNB,0.0003506997871208,return_1h_ahead,hourly_ridge_coldstart_v1
2026-01-28 21:00:00+00:00,BNB,-9.403813467991433e-05,return_1h_ahead,hourly_ridge_coldstart_v1
2026-01-28 22:00:00+00:00,BNB,0.0001209714950045,return_1h_ahead,hourly_ridge_coldstart_v1
2026-01-28 23:00:00+00:00,BNB,9.414989253891362e-05,return_1h_ahead,hourly_ridge_coldstart_v1
2026-01-29 02:00:00+00:00,BNB,-0.000154945106256,return_1h_ahead,hourly_ridge_coldstart_v1
2026-01-29 04:00:00+00:00,BNB,-0.0002279418806262,return_1h_ahead,hourly_ridge_coldstart_v1
2026-01-29 05:00:00+00:00,BNB,0.0001033029857868,return_1h_ahead,hourly_ridge_coldstart_v1
2026-01-29 06:00:00+00:00,BNB,0.0001257646906314,return_1h_ahead,hourly_ridge_coldstart_v1
2026-01-29 07:00:00+00:00,BNB,2.716239330198496e-05,return_1h_ahead,hourly_ridge_coldstart_v1
2026-01-29 08:00:00+00:00,BNB,-0.0002799433806274,return_1h_ahead,hourly_ridge_coldstart_v1
2026-01-29 09:00:00+00:00,BNB,-5.302030237661157e-05,return_1h_ahead,hourly_ridge_coldstart_v1
2026-01-29 10:00:00+00:00,BNB,-0.0006032348525054,return_1h_ahead,hourly_ridge_coldstart_v1
2026-01-29 11:00:00+00:00,BNB,-0.0004765222563455,return_1h_ahead,hourly_ridge_coldstart_v1
2026-01-29 12:00:00+00:00,BNB,-0.000470301998268,return_1h_ahead,hourly_ridge_coldstart_v1
2026-01-29 14:00:00+00:00,BNB,0.0001054643502729,return_1h_ahead,hourly_ridge_coldstart_v1
2026-01-29 15:00:00+00:00,BNB,-0.0025882602127296,return_1h_ahead,hourly_ridge_coldstart_v1
2026-01-29 16:00:00+00:00,BNB,-0.0017214486538516,return_1h_ahead,hourly_ridge_coldstart_v1
2026-01-29 17:00:00+00:00,BNB,-0.0017701136920862,return_1h_ahead,hourly_ridge_coldstart_v1
2026-01-29 18:00:00+00:00,BNB,-0.002118806004304,return_1h_ahead,hourly_ridge_coldstart_v1
2026-01-29 19:00:00+00:00,BNB,-0.0023378172370107,return_1h_ahead,hourly_ridge_coldstart_v1
2026-01-29 20:00:00+00:00,BNB,-0.0020517236916624,return_1h_ahead,hourly_ridge_coldstart_v1
2026-01-29 21:00:00+00:00,BNB,-0.0007694883666727,return_1h_ahead,hourly_ridge_coldstart_v1
2026-01-29 22:00:00+00:00,BNB,-0.0007248911315872,return_1h_ahead,hourly_ridge_coldstart_v1
2026-01-29 23:00:00+00:00,BNB,-0.0005502890004713,return_1h_ahead,hourly_ridge_coldstart_v1
2026-01-30 02:00:00+00:00,BNB,-0.0024887853978783,return_1h_ahead,hourly_ridge_coldstart_v1
2026-01-30 04:00:00+00:00,BNB,-0.0015773591805878,return_1h_ahead,hourly_ridge_coldstart_v1
2026-01-30 05:00:00+00:00,BNB,-0.0016804262836032,return_1h_ahead,hourly_ridge_coldstart_v1
2026-01-30 06:00:00+00:00,BNB,-0.0021027493586892,return_1h_ahead,hourly_ridge_coldstart_v1
2026-01-30 07:00:00+00:00,BNB,-0.0016860911498619,return_1h_ahead,hourly_ridge_coldstart_v1
2026-01-30 08:00:00+00:00,BNB,-0.0019268517452967,return_1h_ahead,hourly_ridge_coldstart_v1
2026-01-30 09:00:00+00:00,BNB,-0.0009183112953636,return_1h_ahead,hourly_ridge_coldstart_v1
2026-01-30 10:00:00+00:00,BNB,-0.00076146676938,return_1h_ahead,hourly_ridge_coldstart_v1
2026-01-30 11:00:00+00:00,BNB,-0.0006778845819497,return_1h_ahead,hourly_ridge_coldstart_v1
2026-01-30 12:00:00+00:00,BNB,-0.0001450592265153,return_1h_ahead,hourly_ridge_coldstart_v1
2026-01-30 13:00:00+00:00,BNB,3.6345212967901525e-05,return_1h_ahead,hourly_ridge_coldstart_v1
2026-01-30 14:00:00+00:00,BNB,-0.0001338114604189,return_1h_ahead,hourly_ridge_coldstart_v1
2026-01-30 15:00:00+00:00,BNB,-0.0007967717957252,return_1h_ahead,hourly_ridge_coldstart_v1
2026-01-30 16:00:00+00:00,BNB,-0.0003635804830931,return_1h_ahead,hourly_ridge_coldstart_v1
2026-01-30 17:00:00+00:00,BNB,-0.0007308176230784,return_1h_ahead,hourly_ridge_coldstart_v1
2026-01-30 18:00:00+00:00,BNB,-0.002051264677751,return_1h_ahead,hourly_ridge_coldstart_v1
2026-01-30 19:00:00+00:00,BNB,-0.0015811706136061,return_1h_ahead,hourly_ridge_coldstart_v1
2026-01-30 20:00:00+00:00,BNB,-0.0023577060376323,return_1h_ahead,hourly_ridge_coldstart_v1
2026-01-30 21:00:00+00:00,BNB,-0.0019334622694965,return_1h_ahead,hourly_ridge_coldstart_v1
2026-01-30 22:00:00+00:00,BNB,-0.0021307454685483,return_1h_ahead,hourly_ridge_coldstart_v1
2026-01-30 23:00:00+00:00,BNB,-0.0021266905201736,return_1h_ahead,hourly_ridge_coldstart_v1
2026-01-31 01:00:00+00:00,BNB,-0.0015962807475498,return_1h_ahead,hourly_ridge_coldstart_v1
2026-01-31 04:00:00+00:00,BNB,-0.0003804163417091,return_1h_ahead,hourly_ridge_coldstart_v1
2026-01-31 05:00:00+00:00,BNB,-0.0003022392389668,return_1h_ahead,hourly_ridge_coldstart_v1
2026-01-31 06:00:00+00:00,BNB,0.0003726772059495,return_1h_ahead,hourly_ridge_coldstart_v1
2026-01-31 07:00:00+00:00,BNB,0.0004687655150845,return_1h_ahead,hourly_ridge_coldstart_v1
2026-01-31 08:00:00+00:00,BNB,-0.0003483140713844,return_1h_ahead,hourly_ridge_coldstart_v1
2026-01-31 09:00:00+00:00,BNB,-0.000336001466692,return_1h_ahead,hourly_ridge_coldstart_v1
2026-01-31 10:00:00+00:00,BNB,-0.0001705937695898,return_1h_ahead,hourly_ridge_coldstart_v1
2026-01-31 11:00:00+00:00,BNB,-0.000278696978184,return_1h_ahead,hourly_ridge_coldstart_v1
2026-01-31 12:00:00+00:00,BNB,-0.0002934732586565,return_1h_ahead,hourly_ridge_coldstart_v1
2026-01-31 13:00:00+00:00,BNB,-0.0004817629139515,return_1h_ahead,hourly_ridge_coldstart_v1
2026-01-31 14:00:00+00:00,BNB,-0.0008005772996846,return_1h_ahead,hourly_ridge_coldstart_v1
2026-01-31 15:00:00+00:00,BNB,-0.0010230209821698,return_1h_ahead,hourly_ridge_coldstart_v1
2026-01-31 16:00:00+00:00,BNB,-0.0006841568301748,return_1h_ahead,hourly_ridge_coldstart_v1
2026-01-31 17:00:00+00:00,BNB,-0.0014908228050462,return_1h_ahead,hourly_ridge_coldstart_v1
2026-01-31 18:00:00+00:00,BNB,-0.0006902006713879,return_1h_ahead,hourly_ridge_coldstart_v1
2026-01-31 19:00:00+00:00,BNB,-0.0008143108970682,return_1h_ahead,hourly_ridge_coldstart_v1
2026-01-31 20:00:00+00:00,BNB,-0.0010026337851096,return_1h_ahead,hourly_ridge_coldstart_v1
2026-01-31 21:00:00+00:00,BNB,-0.000944087869002,return_1h_ahead,hourly_ridge_coldstart_v1
2026-01-31 22:00:00+00:00,BNB,-0.0012118283405604,return_1h_ahead,hourly_ridge_coldstart_v1
2026-01-31 23:00:00+00:00,BNB,-0.000501469968406,return_1h_ahead,hourly_ridge_coldstart_v1
2026-02-01 02:00:00+00:00,BNB,-0.0005466966424511,return_1h_ahead,hourly_ridge_coldstart_v1
2026-02-01 05:00:00+00:00,BNB,-0.0010160123606427,return_1h_ahead,hourly_ridge_coldstart_v1
2026-02-01 06:00:00+00:00,BNB,-0.0008236292086271,return_1h_ahead,hourly_ridge_coldstart_v1
2026-02-01 07:00:00+00:00,BNB,-0.0007306407085961,return_1h_ahead,hourly_ridge_coldstart_v1
2026-02-01 08:00:00+00:00,BNB,-0.0005469228495989,return_1h_ahead,hourly_ridge_coldstart_v1
2026-02-01 09:00:00+00:00,BNB,-0.0002316509341119,return_1h_ahead,hourly_ridge_coldstart_v1
2026-02-01 10:00:00+00:00,BNB,0.0001638530527003,return_1h_ahead,hourly_ridge_coldstart_v1
2026-02-01 11:00:00+00:00,BNB,-0.0009071510678102,return_1h_ahead,hourly_ridge_coldstart_v1
2026-02-01 12:00:00+00:00,BNB,-0.0004862173227681,return_1h_ahead,hourly_ridge_coldstart_v1
2026-02-01 13:00:00+00:00,BNB,-0.0004984149724843,return_1h_ahead,hourly_ridge_coldstart_v1
2026-02-01 14:00:00+00:00,BNB,-0.0013488412234313,return_1h_ahead,hourly_ridge_coldstart_v1
2026-02-01 15:00:00+00:00,BNB,-0.0012931200427704,return_1h_ahead,hourly_ridge_coldstart_v1
2026-02-01 16:00:00+00:00,BNB,-0.0009078115871625,return_1h_ahead,hourly_ridge_coldstart_v1
2026-02-01 17:00:00+00:00,BNB,-0.0010036871225845,return_1h_ahead,hourly_ridge_coldstart_v1
2026-02-01 18:00:00+00:00,BNB,-0.0013213753791936,return_1h_ahead,hourly_ridge_coldstart_v1
2026-02-01 19:00:00+00:00,BNB,-0.0019817170610764,return_1h_ahead,hourly_ridge_coldstart_v1
2026-02-01 20:00:00+00:00,BNB,-0.0017710970927031,return_1h_ahead,hourly_ridge_coldstart_v1
2026-02-01 21:00:00+00:00,BNB,-0.0014540865431789,return_1h_ahead,hourly_ridge_coldstart_v1
2026-02-01 22:00:00+00:00,BNB,-0.0011569905874539,return_1h_ahead,hourly_ridge_coldstart_v1
2026-02-01 23:00:00+00:00,BNB,-0.0015742423020921,return_1h_ahead,hourly_ridge_coldstart_v1
2026-02-02 02:00:00+00:00,BNB,-0.0006452429676325,return_1h_ahead,hourly_ridge_coldstart_v1
2026-02-02 04:00:00+00:00,BNB,-0.0020316362144228,return_1h_ahead,hourly_ridge_coldstart_v1
2026-02-02 06:00:00+00:00,BNB,-0.0031371819899374,return_1h_ahead,hourly_ridge_coldstart_v1
2026-02-02 07:00:00+00:00,BNB,-0.002848158116149,return_1h_ahead,hourly_ridge_coldstart_v1
2026-02-02 08:00:00+00:00,BNB,-0.0035198168590051,return_1h_ahead,hourly_ridge_coldstart_v1
2026-02-02 09:00:00+00:00,BNB,-0.0033917804219828,return_1h_ahead,hourly_ridge_coldstart_v1
2026-02-02 10:00:00+00:00,BNB,-0.0038184263121154,return_1h_ahead,hourly_ridge_coldstart_v1
2026-02-02 11:00:00+00:00,BNB,-0.0031380022106694,return_1h_ahead,hourly_ridge_coldstart_v1
2026-02-02 12:00:00+00:00,BNB,-0.001777284200417,return_1h_ahead,hourly_ridge_coldstart_v1
2026-02-02 14:00:00+00:00,BNB,-0.0005141477038554,return_1h_ahead,hourly_ridge_coldstart_v1
2026-02-02 15:00:00+00:00,BNB,-0.000411957759934,return_1h_ahead,hourly_ridge_coldstart_v1
2026-02-02 16:00:00+00:00,BNB,-0.0004564379991017,return_1h_ahead,hourly_ridge_coldstart_v1
2026-02-02 17:00:00+00:00,BNB,-0.0005228005770543,return_1h_ahead,hourly_ridge_coldstart_v1
2026-02-02 18:00:00+00:00,BNB,-0.0005287711525506,return_1h_ahead,hourly_ridge_coldstart_v1
2026-02-02 23:00:00+00:00,BNB,-0.0006459157565497,return_1h_ahead,hourly_ridge_coldstart_v1
2026-02-03 02:00:00+00:00,BNB,-0.0007056225203803,return_1h_ahead,hourly_ridge_coldstart_v1
2026-02-03 04:00:00+00:00,BNB,-4.3622816618160405e-05,return_1h_ahead,hourly_ridge_coldstart_v1
2026-02-03 05:00:00+00:00,BNB,-0.0003454655842633,return_1h_ahead,hourly_ridge_coldstart_v1
2026-02-03 06:00:00+00:00,BNB,-0.0001506053266686,return_1h_ahead,hourly_ridge_coldstart_v1
2026-02-03 07:00:00+00:00,BNB,-0.0001497637105123,return_1h_ahead,hourly_ridge_coldstart_v1
2026-02-03 08:00:00+00:00,BNB,-0.0003825469712059,return_1h_ahead,hourly_ridge_coldstart_v1
2026-02-03 09:00:00+00:00,BNB,-0.0010469562709365,return_1h_ahead,hourly_ridge_coldstart_v1
2026-02-03 10:00:00+00:00,BNB,-0.0006205078819185,return_1h_ahead,hourly_ridge_coldstart_v1
2026-02-03 11:00:00+00:00,BNB,-0.000453681299046,return_1h_ahead,hourly_ridge_coldstart_v1
2026-02-03 13:00:00+00:00,BNB,-0.0004750365244625,return_1h_ahead,hourly_ridge_coldstart_v1
2026-02-03 14:00:00+00:00,BNB,-0.0005510218291248,return_1h_ahead,hourly_ridge_coldstart_v1
2026-02-03 15:00:00+00:00,BNB,-0.0006024946013524,return_1h_ahead,hourly_ridge_coldstart_v1
2026-02-03 16:00:00+00:00,BNB,-0.0013500009937999,return_1h_ahead,hourly_ridge_coldstart_v1
2026-02-03 17:00:00+00:00,BNB,-0.001648929946707,return_1h_ahead,hourly_ridge_coldstart_v1
2026-02-03 18:00:00+00:00,BNB,-0.0022793593265232,return_1h_ahead,hourly_ridge_coldstart_v1
2026-02-03 19:00:00+00:00,BNB,-0.0021504788794962,return_1h_ahead,hourly_ridge_coldstart_v1
2026-02-03 20:00:00+00:00,BNB,-0.002855618098038,return_1h_ahead,hourly_ridge_coldstart_v1
2026-02-03 21:00:00+00:00,BNB,-0.0033415570437842,return_1h_ahead,hourly_ridge_coldstart_v1
2026-02-03 22:00:00+00:00,BNB,-0.003505915398677,return_1h_ahead,hourly_ridge_coldstart_v1
2026-02-03 23:00:00+00:00,BNB,-0.0030082570113782,return_1h_ahead,hourly_ridge_coldstart_v1
2026-02-04 02:00:00+00:00,BNB,-0.0021271193780784,return_1h_ahead,hourly_ridge_coldstart_v1
2026-02-04 04:00:00+00:00,BNB,-0.0010348435376311,return_1h_ahead,hourly_ridge_coldstart_v1
2026-02-04 05:00:00+00:00,BNB,-0.0003233066454071,return_1h_ahead,hourly_ridge_coldstart_v1
2026-02-04 06:00:00+00:00,BNB,-0.000340192266004,return_1h_ahead,hourly_ridge_coldstart_v1
2026-02-04 07:00:00+00:00,BNB,-0.0001067028573334,return_1h_ahead,hourly_ridge_coldstart_v1
2026-02-04 08:00:00+00:00,BNB,-0.0005487833681776,return_1h_ahead,hourly_ridge_coldstart_v1
2026-02-04 09:00:00+00:00,BNB,-0.0006381826331238,return_1h_ahead,hourly_ridge_coldstart_v1
2026-02-04 10:00:00+00:00,BNB,-0.0004387892800445,return_1h_ahead,hourly_ridge_coldstart_v1
2026-02-04 11:00:00+00:00,BNB,-0.0009515596789722,return_1h_ahead,hourly_ridge_coldstart_v1
2026-02-04 12:00:00+00:00,BNB,-0.000287651384307,return_1h_ahead,hourly_ridge_coldstart_v1
2026-02-04 14:00:00+00:00,BNB,-0.0010624206709696,return_1h_ahead,hourly_ridge_coldstart_v1
2026-02-04 15:00:00+00:00,BNB,-0.0011161890673012,return_1h_ahead,hourly_ridge_coldstart_v1
2026-02-04 16:00:00+00:00,BNB,-0.0010512893402327,return_1h_ahead,hourly_ridge_coldstart_v1
2026-02-04 17:00:00+00:00,BNB,-0.000946680213029,return_1h_ahead,hourly_ridge_coldstart_v1
2026-02-04 18:00:00+00:00,BNB,-0.0008249476562096,return_1h_ahead,hourly_ridge_coldstart_v1
2026-02-04 19:00:00+00:00,BNB,-7.094645197008528e-05,return_1h_ahead,hourly_ridge_coldstart_v1
2026-02-04 20:00:00+00:00,BNB,-0.0002362346642296,return_1h_ahead,hourly_ridge_coldstart_v1
2026-02-04 21:00:00+00:00,BNB,-0.0003918239225155,return_1h_ahead,hourly_ridge_coldstart_v1
2026-02-04 22:00:00+00:00,BNB,-0.0004338398018451,return_1h_ahead,hourly_ridge_coldstart_v1
2026-02-04 23:00:00+00:00,BNB,-0.0001095870676363,return_1h_ahead,hourly_ridge_coldstart_v1
2026-02-05 02:00:00+00:00,BNB,-8.440717152823367e-05,return_1h_ahead,hourly_ridge_coldstart_v1
2026-02-05 04:00:00+00:00,BNB,-0.0001475740949908,return_1h_ahead,hourly_ridge_coldstart_v1
2026-02-05 05:00:00+00:00,BNB,-6.1520056163546e-05,return_1h_ahead,hourly_ridge_coldstart_v1
2026-02-05 07:00:00+00:00,BNB,5.503621762511059e-05,return_1h_ahead,hourly_ridge_coldstart_v1
2026-02-05 08:00:00+00:00,BNB,0.0002373820094776,return_1h_ahead,hourly_ridge_coldstart_v1
2026-02-05 09:00:00+00:00,BNB,0.00013304254272,return_1h_ahead,hourly_ridge_coldstart_v1
2026-02-05 10:00:00+00:00,BNB,4.227908097183381e-05,return_1h_ahead,hourly_ridge_coldstart_v1
2026-02-05 11:00:00+00:00,BNB,-0.0028349894287473,return_1h_ahead,hourly_ridge_coldstart_v1
2026-02-05 13:00:00+00:00,BNB,-0.0020589638318696,return_1h_ahead,hourly_ridge_coldstart_v1
2026-02-05 14:00:00+00:00,BNB,-0.0019745624059013,return_1h_ahead,hourly_ridge_coldstart_v1
2026-02-05 15:00:00+00:00,BNB,-0.0059333690609203,return_1h_ahead,hourly_ridge_coldstart_v1
2026-02-05 16:00:00+00:00,BNB,-0.0044711802223044,return_1h_ahead,hourly_ridge_coldstart_v1
2026-02-05 17:00:00+00:00,BNB,-0.0049917393689749,return_1h_ahead,hourly_ridge_coldstart_v1
2026-02-05 18:00:00+00:00,BNB,-0.0061275911085773,return_1h_ahead,hourly_ridge_coldstart_v1
2026-02-05 19:00:00+00:00,BNB,-0.0051012573043673,return_1h_ahead,hourly_ridge_coldstart_v1
2026-02-05 20:00:00+00:00,BNB,-0.0066821731120098,return_1h_ahead,hourly_ridge_coldstart_v1
2026-02-05 21:00:00+00:00,BNB,-0.0053634550055632,return_1h_ahead,hourly_ridge_coldstart_v1
2026-02-05 22:00:00+00:00,BNB,-0.00384513131835,return_1h_ahead,hourly_ridge_coldstart_v1
2026-02-05 23:00:00+00:00,BNB,-0.0041874223472401,return_1h_ahead,hourly_ridge_coldstart_v1
2026-02-06 02:00:00+00:00,BNB,-0.0044111995850238,return_1h_ahead,hourly_ridge_coldstart_v1
2026-02-06 04:00:00+00:00,BNB,-0.0057361779464249,return_1h_ahead,hourly_ridge_coldstart_v1
2026-02-06 05:00:00+00:00,BNB,-0.0041031497008727,return_1h_ahead,hourly_ridge_coldstart_v1
2026-02-06 06:00:00+00:00,BNB,-0.0054199647250006,return_1h_ahead,hourly_ridge_coldstart_v1
2026-02-06 07:00:00+00:00,BNB,-0.0048055814102844,return_1h_ahead,hourly_ridge_coldstart_v1
2026-02-06 08:00:00+00:00,BNB,-0.0048507523607121,return_1h_ahead,hourly_ridge_coldstart_v1
2026-02-06 09:00:00+00:00,BNB,-0.00371844580703,return_1h_ahead,hourly_ridge_coldstart_v1
2026-02-06 10:00:00+00:00,BNB,-0.0032645188311956,return_1h_ahead,hourly_ridge_coldstart_v1
2026-02-06 11:00:00+00:00,BNB,-0.0018534563183188,return_1h_ahead,hourly_ridge_coldstart_v1
2026-02-06 12:00:00+00:00,BNB,-0.0009971639925382,return_1h_ahead,hourly_ridge_coldstart_v1
2026-02-06 14:00:00+00:00,BNB,-0.0007399470592799,return_1h_ahead,hourly_ridge_coldstart_v1
2026-02-06 15:00:00+00:00,BNB,6.917878832479084e-05,return_1h_ahead,hourly_ridge_coldstart_v1
2026-02-06 16:00:00+00:00,BNB,-4.892241075909169e-05,return_1h_ahead,hourly_ridge_coldstart_v1
2026-02-06 17:00:00+00:00,BNB,-0.0002061715215874,return_1h_ahead,hourly_ridge_coldstart_v1
2026-02-06 18:00:00+00:00,BNB,-0.0022324918319676,return_1h_ahead,hourly_ridge_coldstart_v1
2026-02-06 19:00:00+00:00,BNB,-0.0017528864950933,return_1h_ahead,hourly_ridge_coldstart_v1
2026-02-06 20:00:00+00:00,BNB,-0.0015342741181705,return_1h_ahead,hourly_ridge_coldstart_v1
2026-02-06 21:00:00+00:00,BNB,-0.0013334934837966,return_1h_ahead,hourly_ridge_coldstart_v1
2026-02-06 22:00:00+00:00,BNB,-0.0011539354058707,return_1h_ahead,hourly_ridge_coldstart_v1
2026-02-06 23:00:00+00:00,BNB,-0.0011133419252676,return_1h_ahead,hourly_ridge_coldstart_v1
2026-02-07 01:00:00+00:00,BNB,-0.0002200313093801,return_1h_ahead,hourly_ridge_coldstart_v1
2026-02-07 04:00:00+00:00,BNB,-8.390381749859733e-05,return_1h_ahead,hourly_ridge_coldstart_v1
2026-02-07 05:00:00+00:00,BNB,-0.0006913302924768,return_1h_ahead,hourly_ridge_coldstart_v1
2026-02-07 06:00:00+00:00,BNB,-0.0001828367890273,return_1h_ahead,hourly_ridge_coldstart_v1
2026-02-07 07:00:00+00:00,BNB,-0.0021494215307585,return_1h_ahead,hourly_ridge_coldstart_v1
2026-02-07 08:00:00+00:00,BNB,-0.0014954690923306,return_1h_ahead,hourly_ridge_coldstart_v1
2026-02-07 09:00:00+00:00,BNB,-0.0016191421057801,return_1h_ahead,hourly_ridge_coldstart_v1
2026-02-07 10:00:00+00:00,BNB,-0.0015124586380121,return_1h_ahead,hourly_ridge_coldstart_v1
2026-02-07 11:00:00+00:00,BNB,-0.0013990392120249,return_1h_ahead,hourly_ridge_coldstart_v1
2026-02-07 12:00:00+00:00,BNB,-0.0014847437777326,return_1h_ahead,hourly_ridge_coldstart_v1
2026-02-07 13:00:00+00:00,BNB,-0.0006252100101105,return_1h_ahead,hourly_ridge_coldstart_v1
2026-02-07 14:00:00+00:00,BNB,-0.0003597788507402,return_1h_ahead,hourly_ridge_coldstart_v1
2026-02-07 15:00:00+00:00,BNB,-0.0003903103809801,return_1h_ahead,hourly_ridge_coldstart_v1
2026-02-07 16:00:00+00:00,BNB,-0.0002430791854828,return_1h_ahead,hourly_ridge_coldstart_v1
2026-02-07 17:00:00+00:00,BNB,-0.0003453131835863,return_1h_ahead,hourly_ridge_coldstart_v1
2026-02-07 18:00:00+00:00,BNB,-0.0003440126265553,return_1h_ahead,hourly_ridge_coldstart_v1
2026-02-07 19:00:00+00:00,BNB,-0.0006578973628856,return_1h_ahead,hourly_ridge_coldstart_v1
2026-02-07 20:00:00+00:00,BNB,-0.0006550678598089,return_1h_ahead,hourly_ridge_coldstart_v1
2026-02-07 21:00:00+00:00,BNB,-0.0006487164584605,return_1h_ahead,hourly_ridge_coldstart_v1
2026-02-07 22:00:00+00:00,BNB,-0.0008013302796572,return_1h_ahead,hourly_ridge_coldstart_v1
2026-02-07 23:00:00+00:00,BNB,-0.0011151617661821,return_1h_ahead,hourly_ridge_coldstart_v1
2026-02-08 02:00:00+00:00,BNB,9.929635907431052e-05,return_1h_ahead,hourly_ridge_coldstart_v1
2026-02-08 05:00:00+00:00,BNB,-0.000766373253849,return_1h_ahead,hourly_ridge_coldstart_v1
2026-02-08 06:00:00+00:00,BNB,-0.0004732806140921,return_1h_ahead,hourly_ridge_coldstart_v1
2026-02-08 07:00:00+00:00,BNB,-0.0004369243035932,return_1h_ahead,hourly_ridge_coldstart_v1
2026-02-08 08:00:00+00:00,BNB,-0.0005382204224173,return_1h_ahead,hourly_ridge_coldstart_v1
2026-02-08 09:00:00+00:00,BNB,-0.000625800828981,return_1h_ahead,hourly_ridge_coldstart_v1
2026-02-08 10:00:00+00:00,BNB,-0.001541674803874,return_1h_ahead,hourly_ridge_coldstart_v1
2026-02-08 11:00:00+00:00,BNB,-0.0008426274098727,return_1h_ahead,hourly_ridge_coldstart_v1
2026-02-08 12:00:00+00:00,BNB,-0.0009242374336728,return_1h_ahead,hourly_ridge_coldstart_v1
2026-02-08 13:00:00+00:00,BNB,-0.0011662579944276,return_1h_ahead,hourly_ridge_coldstart_v1
2026-02-08 14:00:00+00:00,BNB,-0.000828375920385,return_1h_ahead,hourly_ridge_coldstart_v1
2026-02-08 15:00:00+00:00,BNB,-0.0009045053762334,return_1h_ahead,hourly_ridge_coldstart_v1
2026-02-08 16:00:00+00:00,BNB,0.0002017961341507,return_1h_ahead,hourly_ridge_coldstart_v1
2026-02-08 17:00:00+00:00,BNB,-0.0008763856372236,return_1h_ahead,hourly_ridge_coldstart_v1
2026-02-08 18:00:00+00:00,BNB,-0.0008298822629932,return_1h_ahead,hourly_ridge_coldstart_v1
2026-02-08 19:00:00+00:00,BNB,-0.0013615567613937,return_1h_ahead,hourly_ridge_coldstart_v1
2026-02-08 20:00:00+00:00,BNB,-0.0013763486945314,return_1h_ahead,hourly_ridge_coldstart_v1
2026-02-08 21:00:00+00:00,BNB,-0.0013443662843343,return_1h_ahead,hourly_ridge_coldstart_v1
2026-02-08 22:00:00+00:00,BNB,-0.0014238534854124,return_1h_ahead,hourly_ridge_coldstart_v1
2026-02-08 23:00:00+00:00,BNB,-0.0012271194159832,return_1h_ahead,hourly_ridge_coldstart_v1
2026-02-09 02:00:00+00:00,BNB,0.0002944449302302,return_1h_ahead,hourly_ridge_coldstart_v1
2026-02-09 05:00:00+00:00,BNB,4.164386004535666e-05,return_1h_ahead,hourly_ridge_coldstart_v1
2026-02-09 06:00:00+00:00,BNB,-0.0004450813361529,return_1h_ahead,hourly_ridge_coldstart_v1
2026-02-09 07:00:00+00:00,BNB,-0.0006928012942591,return_1h_ahead,hourly_ridge_coldstart_v1
2026-02-09 08:00:00+00:00,BNB,-0.0009302500202252,return_1h_ahead,hourly_ridge_coldstart_v1
2026-02-09 10:00:00+00:00,BNB,-0.0006705084589556,return_1h_ahead,hourly_ridge_coldstart_v1
2026-02-09 11:00:00+00:00,BNB,-0.0007687989894204,return_1h_ahead,hourly_ridge_coldstart_v1
2026-02-09 13:00:00+00:00,BNB,-0.0004421160139373,return_1h_ahead,hourly_ridge_coldstart_v1
2026-02-09 14:00:00+00:00,BNB,-0.0007095872329918,return_1h_ahead,hourly_ridge_coldstart_v1
2026-02-09 15:00:00+00:00,BNB,-0.0005960049329542,return_1h_ahead,hourly_ridge_coldstart_v1
2026-02-09 20:00:00+00:00,BNB,-0.0003588685281512,return_1h_ahead,hourly_ridge_coldstart_v1
2026-02-09 21:00:00+00:00,BNB,-0.00143250868861,return_1h_ahead,hourly_ridge_coldstart_v1
2026-02-09 22:00:00+00:00,BNB,-0.0007606159908877,return_1h_ahead,hourly_ridge_coldstart_v1
2026-02-09 23:00:00+00:00,BNB,-0.0010806553565677,return_1h_ahead,hourly_ridge_coldstart_v1
2026-02-10 02:00:00+00:00,BNB,-0.0009113627162659,return_1h_ahead,hourly_ridge_coldstart_v1
2026-02-10 05:00:00+00:00,BNB,-0.0012347758894148,return_1h_ahead,hourly_ridge_coldstart_v1
2026-02-10 07:00:00+00:00,BNB,-0.0010256379337344,return_1h_ahead,hourly_ridge_coldstart_v1
2026-02-10 08:00:00+00:00,BNB,-0.0004763124166887,return_1h_ahead,hourly_ridge_coldstart_v1
2026-02-10 10:00:00+00:00,BNB,-0.000538905793474,return_1h_ahead,hourly_ridge_coldstart_v1
2026-02-10 11:00:00+00:00,BNB,-0.0005215740952206,return_1h_ahead,hourly_ridge_coldstart_v1
2026-02-10 13:00:00+00:00,BNB,-0.0002596848060299,return_1h_ahead,hourly_ridge_coldstart_v1
2026-02-10 14:00:00+00:00,BNB,-0.0006088442008524,return_1h_ahead,hourly_ridge_coldstart_v1
2026-02-10 16:00:00+00:00,BNB,-0.0003021709075104,return_1h_ahead,hourly_ridge_coldstart_v1
2026-02-10 18:00:00+00:00,BNB,-0.0004253742717519,return_1h_ahead,hourly_ridge_coldstart_v1
2026-02-10 19:00:00+00:00,BNB,-0.0011161700948783,return_1h_ahead,hourly_ridge_coldstart_v1
2026-02-10 20:00:00+00:00,BNB,-0.0008050484747749,return_1h_ahead,hourly_ridge_coldstart_v1
2026-02-10 21:00:00+00:00,BNB,-0.0010191856948513,return_1h_ahead,hourly_ridge_coldstart_v1
2026-02-10 22:00:00+00:00,BNB,-0.0005356947909939,return_1h_ahead,hourly_ridge_coldstart_v1
2026-02-10 23:00:00+00:00,BNB,-0.0006440374921876,return_1h_ahead,hourly_ridge_coldstart_v1
2026-02-11 02:00:00+00:00,BNB,-0.000450640621323,return_1h_ahead,hourly_ridge_coldstart_v1
2026-02-11 05:00:00+00:00,BNB,-0.0018475194092138,return_1h_ahead,hourly_ridge_coldstart_v1
2026-02-11 07:00:00+00:00,BNB,-0.0024484674116879,return_1h_ahead,hourly_ridge_coldstart_v1
2026-02-11 08:00:00+00:00,BNB,-0.0019912229307171,return_1h_ahead,hourly_ridge_coldstart_v1
2026-02-11 09:00:00+00:00,BNB,-0.001662913617637,return_1h_ahead,hourly_ridge_coldstart_v1
2026-02-11 10:00:00+00:00,BNB,-0.0015050401441302,return_1h_ahead,hourly_ridge_coldstart_v1
2026-02-11 11:00:00+00:00,BNB,-0.0011269801025509,return_1h_ahead,hourly_ridge_coldstart_v1
2026-02-11 13:00:00+00:00,BNB,-0.0009667968198222,return_1h_ahead,hourly_ridge_coldstart_v1
2026-02-11 14:00:00+00:00,BNB,-0.0006730478216982,return_1h_ahead,hourly_ridge_coldstart_v1
2026-02-11 16:00:00+00:00,BNB,-0.0018205819178191,return_1h_ahead,hourly_ridge_coldstart_v1
2026-02-11 17:00:00+00:00,BNB,-0.0014599447624752,return_1h_ahead,hourly_ridge_coldstart_v1
2026-02-11 19:00:00+00:00,BNB,-0.0015343234961759,return_1h_ahead,hourly_ridge_coldstart_v1
2026-02-11 20:00:00+00:00,BNB,-0.002024756162291,return_1h_ahead,hourly_ridge_coldstart_v1
2026-02-11 21:00:00+00:00,BNB,-0.001606779416522,return_1h_ahead,hourly_ridge_coldstart_v1
2026-02-11 22:00:00+00:00,BNB,-0.0019524102786944,return_1h_ahead,hourly_ridge_coldstart_v1
2026-02-11 23:00:00+00:00,BNB,-0.0016656715458202,return_1h_ahead,hourly_ridge_coldstart_v1
2026-02-12 02:00:00+00:00,BNB,-0.0007091994248207,return_1h_ahead,hourly_ridge_coldstart_v1
2026-02-12 04:00:00+00:00,BNB,-0.0008362734808476,return_1h_ahead,hourly_ridge_coldstart_v1
2026-02-12 06:00:00+00:00,BNB,-0.0007696266835431,return_1h_ahead,hourly_ridge_coldstart_v1
2026-02-12 07:00:00+00:00,BNB,-0.0006766707937871,return_1h_ahead,hourly_ridge_coldstart_v1
2026-02-12 08:00:00+00:00,BNB,-0.000882901869926,return_1h_ahead,hourly_ridge_coldstart_v1
2026-02-12 09:00:00+00:00,BNB,-0.0003692623078768,return_1h_ahead,hourly_ridge_coldstart_v1
2026-02-12 10:00:00+00:00,BNB,6.3456564834995e-06,return_1h_ahead,hourly_ridge_coldstart_v1
2026-02-12 11:00:00+00:00,BNB,-1.0651965643988196e-05,return_1h_ahead,hourly_ridge_coldstart_v1
2026-02-12 13:00:00+00:00,BNB,-0.0007122744298757,return_1h_ahead,hourly_ridge_coldstart_v1
2026-02-12 14:00:00+00:00,BNB,-0.000644642219934,return_1h_ahead,hourly_ridge_coldstart_v1
2026-02-12 15:00:00+00:00,BNB,-0.0004536527671203,return_1h_ahead,hourly_ridge_coldstart_v1
2026-02-12 16:00:00+00:00,BNB,-0.0009630456984461,return_1h_ahead,hourly_ridge_coldstart_v1
2026-02-12 18:00:00+00:00,BNB,-0.0004932273428655,return_1h_ahead,hourly_ridge_coldstart_v1
2026-02-12 19:00:00+00:00,BNB,-0.0003198896159681,return_1h_ahead,hourly_ridge_coldstart_v1
2026-02-12 20:00:00+00:00,BNB,-0.0003983301976806,return_1h_ahead,hourly_ridge_coldstart_v1
2026-02-12 21:00:00+00:00,BNB,-0.0004534723730871,return_1h_ahead,hourly_ridge_coldstart_v1
2026-02-12 22:00:00+00:00,BNB,-0.0003904728101823,return_1h_ahead,hourly_ridge_coldstart_v1
2026-02-12 23:00:00+00:00,BNB,0.0001034923144403,return_1h_ahead,hourly_ridge_coldstart_v1
2026-02-13 02:00:00+00:00,BNB,-0.0001265237664099,return_1h_ahead,hourly_ridge_coldstart_v1
2026-02-13 04:00:00+00:00,BNB,-0.0016902408172929,return_1h_ahead,hourly_ridge_coldstart_v1
2026-02-13 05:00:00+00:00,BNB,-0.0018554091141335,return_1h_ahead,hourly_ridge_coldstart_v1
2026-02-13 07:00:00+00:00,BNB,-0.0015492106309025,return_1h_ahead,hourly_ridge_coldstart_v1
2026-02-13 08:00:00+00:00,BNB,-0.001389307396245,return_1h_ahead,hourly_ridge_coldstart_v1
2026-02-13 09:00:00+00:00,BNB,-0.0011333183462092,return_1h_ahead,hourly_ridge_coldstart_v1
2026-02-13 10:00:00+00:00,BNB,-0.0010521087124034,return_1h_ahead,hourly_ridge_coldstart_v1
2026-02-13 11:00:00+00:00,BNB,-0.0006124389380408,return_1h_ahead,hourly_ridge_coldstart_v1
2026-02-13 12:00:00+00:00,BNB,8.008794283058857e-05,return_1h_ahead,hourly_ridge_coldstart_v1
2026-02-13 14:00:00+00:00,BNB,-0.0001218072740302,return_1h_ahead,hourly_ridge_coldstart_v1
2026-02-13 15:00:00+00:00,BNB,-0.0009502669384571,return_1h_ahead,hourly_ridge_coldstart_v1
2026-02-13 16:00:00+00:00,BNB,-0.0014478773582299,return_1h_ahead,hourly_ridge_coldstart_v1
2026-02-13 17:00:00+00:00,BNB,-0.0016989448650385,return_1h_ahead,hourly_ridge_coldstart_v1
2026-02-13 18:00:00+00:00,BNB,-0.0015675271846274,return_1h_ahead,hourly_ridge_coldstart_v1
2026-02-13 19:00:00+00:00,BNB,-0.0015640958445015,return_1h_ahead,hourly_ridge_coldstart_v1
2026-02-13 20:00:00+00:00,BNB,-0.0015860745812243,return_1h_ahead,hourly_ridge_coldstart_v1
2026-02-13 21:00:00+00:00,BNB,3.464248311445175e-05,return_1h_ahead,hourly_ridge_coldstart_v1
2026-02-13 22:00:00+00:00,BNB,-0.0002567361621435,return_1h_ahead,hourly_ridge_coldstart_v1
2026-02-13 23:00:00+00:00,BNB,-0.0001055620704067,return_1h_ahead,hourly_ridge_coldstart_v1
2026-02-14 02:00:00+00:00,BNB,-9.344962812565971e-05,return_1h_ahead,hourly_ridge_coldstart_v1
2026-02-14 04:00:00+00:00,BNB,-0.0012343919818787,return_1h_ahead,hourly_ridge_coldstart_v1
2026-02-14 05:00:00+00:00,BNB,-0.0008511850951587,return_1h_ahead,hourly_ridge_coldstart_v1
2026-02-14 06:00:00+00:00,BNB,-0.000585964471597,return_1h_ahead,hourly_ridge_coldstart_v1
2026-02-14 07:00:00+00:00,BNB,-0.0004989423204384,return_1h_ahead,hourly_ridge_coldstart_v1
2026-02-14 08:00:00+00:00,BNB,-0.0005629075854049,return_1h_ahead,hourly_ridge_coldstart_v1
2026-02-14 09:00:00+00:00,BNB,-0.0004966622943271,return_1h_ahead,hourly_ridge_coldstart_v1
2026-02-14 10:00:00+00:00,BNB,0.0002824041569863,return_1h_ahead,hourly_ridge_coldstart_v1
2026-02-14 11:00:00+00:00,BNB,0.00039573219832,return_1h_ahead,hourly_ridge_coldstart_v1
2026-02-14 12:00:00+00:00,BNB,-0.0003208658249772,return_1h_ahead,hourly_ridge_coldstart_v1
2026-02-14 13:00:00+00:00,BNB,-0.000158486755106,return_1h_ahead,hourly_ridge_coldstart_v1
2026-02-14 14:00:00+00:00,BNB,-4.70644151816481e-05,return_1h_ahead,hourly_ridge_coldstart_v1
2026-02-14 15:00:00+00:00,BNB,-3.1947337128752755e-05,return_1h_ahead,hourly_ridge_coldstart_v1
2026-02-14 16:00:00+00:00,BNB,-0.000960192177504,return_1h_ahead,hourly_ridge_coldstart_v1
2026-02-14 17:00:00+00:00,BNB,-0.0004133063360329,return_1h_ahead,hourly_ridge_coldstart_v1
2026-02-14 18:00:00+00:00,BNB,-0.0006433963754716,return_1h_ahead,hourly_ridge_coldstart_v1
2026-02-14 19:00:00+00:00,BNB,-0.0006084590296099,return_1h_ahead,hourly_ridge_coldstart_v1
2026-02-14 20:00:00+00:00,BNB,-0.0005271332004099,return_1h_ahead,hourly_ridge_coldstart_v1
2026-02-14 21:00:00+00:00,BNB,-0.0001797348114185,return_1h_ahead,hourly_ridge_coldstart_v1
2026-02-14 22:00:00+00:00,BNB,5.983505918384581e-05,return_1h_ahead,hourly_ridge_coldstart_v1
2026-02-14 23:00:00+00:00,BNB,0.0004326823527895,return_1h_ahead,hourly_ridge_coldstart_v1
2026-02-15 02:00:00+00:00,BNB,0.0004204394970258,return_1h_ahead,hourly_ridge_coldstart_v1
2026-02-15 04:00:00+00:00,BNB,0.0001917088706548,return_1h_ahead,hourly_ridge_coldstart_v1
2026-02-15 05:00:00+00:00,BNB,-7.93684859952593e-05,return_1h_ahead,hourly_ridge_coldstart_v1
2026-02-15 06:00:00+00:00,BNB,-0.0001530096200939,return_1h_ahead,hourly_ridge_coldstart_v1
2026-02-15 07:00:00+00:00,BNB,2.931170851217088e-06,return_1h_ahead,hourly_ridge_coldstart_v1
2026-02-15 08:00:00+00:00,BNB,-0.0016779542693457,return_1h_ahead,hourly_ridge_coldstart_v1
2026-02-15 09:00:00+00:00,BNB,-0.0011574583215413,return_1h_ahead,hourly_ridge_coldstart_v1
2026-02-15 10:00:00+00:00,BNB,-0.0011501575572397,return_1h_ahead,hourly_ridge_coldstart_v1
2026-02-15 11:00:00+00:00,BNB,-0.0009520928057193,return_1h_ahead,hourly_ridge_coldstart_v1
2026-02-15 12:00:00+00:00,BNB,-0.0013029937357099,return_1h_ahead,hourly_ridge_coldstart_v1
2026-02-15 13:00:00+00:00,BNB,-0.001167329572107,return_1h_ahead,hourly_ridge_coldstart_v1
2026-02-15 14:00:00+00:00,BNB,-0.0004695994666469,return_1h_ahead,hourly_ridge_coldstart_v1
2026-02-15 15:00:00+00:00,BNB,-0.0004918689850945,return_1h_ahead,hourly_ridge_coldstart_v1
2026-02-15 16:00:00+00:00,BNB,-0.0006642955023123,return_1h_ahead,hourly_ridge_coldstart_v1
2026-02-15 17:00:00+00:00,BNB,-0.000529800203139,return_1h_ahead,hourly_ridge_coldstart_v1
2026-02-15 18:00:00+00:00,BNB,-0.0011060549424488,return_1h_ahead,hourly_ridge_coldstart_v1
2026-02-15 19:00:00+00:00,BNB,-0.0004147847379397,return_1h_ahead,hourly_ridge_coldstart_v1
2026-02-15 20:00:00+00:00,BNB,-0.00042382811605,return_1h_ahead,hourly_ridge_coldstart_v1
2026-02-15 21:00:00+00:00,BNB,-0.000359696512932,return_1h_ahead,hourly_ridge_coldstart_v1
2026-02-15 22:00:00+00:00,BNB,-0.000541987965511,return_1h_ahead,hourly_ridge_coldstart_v1
2026-02-15 23:00:00+00:00,BNB,-0.0006471495881827,return_1h_ahead,hourly_ridge_coldstart_v1
2026-02-16 02:00:00+00:00,BNB,0.0002101710944106,return_1h_ahead,hourly_ridge_coldstart_v1
2026-02-16 04:00:00+00:00,BNB,0.0001161832053456,return_1h_ahead,hourly_ridge_coldstart_v1
2026-02-16 06:00:00+00:00,BNB,-0.0007298885807016,return_1h_ahead,hourly_ridge_coldstart_v1
2026-02-16 07:00:00+00:00,BNB,-0.0002864130222166,return_1h_ahead,hourly_ridge_coldstart_v1
2026-02-16 08:00:00+00:00,BNB,-0.0002859012489996,return_1h_ahead,hourly_ridge_coldstart_v1
2026-02-16 09:00:00+00:00,BNB,-0.0002348226473866,return_1h_ahead,hourly_ridge_coldstart_v1
2026-02-16 10:00:00+00:00,BNB,-0.0003460132476566,return_1h_ahead,hourly_ridge_coldstart_v1
2026-02-16 11:00:00+00:00,BNB,-0.0004913305011374,return_1h_ahead,hourly_ridge_coldstart_v1
2026-02-16 13:00:00+00:00,BNB,-0.0004443918851091,return_1h_ahead,hourly_ridge_coldstart_v1
2026-02-16 14:00:00+00:00,BNB,-0.0031493976767965,return_1h_ahead,hourly_ridge_coldstart_v1
2026-02-16 15:00:00+00:00,BNB,-0.0031778740602641,return_1h_ahead,hourly_ridge_coldstart_v1
2026-02-16 16:00:00+00:00,BNB,-0.002522144402358,return_1h_ahead,hourly_ridge_coldstart_v1
2026-02-16 17:00:00+00:00,BNB,-0.0026101229115483,return_1h_ahead,hourly_ridge_coldstart_v1
2026-02-16 18:00:00+00:00,BNB,-0.0028703986111239,return_1h_ahead,hourly_ridge_coldstart_v1
2026-02-16 19:00:00+00:00,BNB,-0.0021000141348806,return_1h_ahead,hourly_ridge_coldstart_v1
2026-02-16 20:00:00+00:00,BNB,-0.0009536095471857,return_1h_ahead,hourly_ridge_coldstart_v1
2026-02-16 21:00:00+00:00,BNB,0.0001517472189823,return_1h_ahead,hourly_ridge_coldstart_v1
2026-02-16 22:00:00+00:00,BNB,0.0001611776252028,return_1h_ahead,hourly_ridge_coldstart_v1
2026-02-16 23:00:00+00:00,BNB,0.000189410982194,return_1h_ahead,hourly_ridge_coldstart_v1
2026-02-17 02:00:00+00:00,BNB,-0.0005499970820696,return_1h_ahead,hourly_ridge_coldstart_v1
2026-02-17 04:00:00+00:00,BNB,-0.000171510859262,return_1h_ahead,hourly_ridge_coldstart_v1
2026-02-17 05:00:00+00:00,BNB,-0.0007836844123053,return_1h_ahead,hourly_ridge_coldstart_v1
2026-02-17 07:00:00+00:00,BNB,-0.0004225383851029,return_1h_ahead,hourly_ridge_coldstart_v1
2026-02-17 08:00:00+00:00,BNB,-0.0007993972465899,return_1h_ahead,hourly_ridge_coldstart_v1
2026-02-17 09:00:00+00:00,BNB,-0.0005651856075505,return_1h_ahead,hourly_ridge_coldstart_v1
2026-02-17 10:00:00+00:00,BNB,-0.0006028790320034,return_1h_ahead,hourly_ridge_coldstart_v1
2026-02-17 11:00:00+00:00,BNB,-8.883054340102088e-05,return_1h_ahead,hourly_ridge_coldstart_v1
2026-02-17 13:00:00+00:00,BNB,-9.718107042261128e-05,return_1h_ahead,hourly_ridge_coldstart_v1
2026-02-17 14:00:00+00:00,BNB,-0.0007410322753412,return_1h_ahead,hourly_ridge_coldstart_v1
2026-02-17 15:00:00+00:00,BNB,-0.0003099402584723,return_1h_ahead,hourly_ridge_coldstart_v1
2026-02-17 16:00:00+00:00,BNB,-0.000498700088393,return_1h_ahead,hourly_ridge_coldstart_v1
2026-02-17 17:00:00+00:00,BNB,-0.0013996526970184,return_1h_ahead,hourly_ridge_coldstart_v1
2026-02-17 19:00:00+00:00,BNB,-0.0011336200450013,return_1h_ahead,hourly_ridge_coldstart_v1
2026-02-17 20:00:00+00:00,BNB,-0.0020129846640917,return_1h_ahead,hourly_ridge_coldstart_v1
2026-02-17 21:00:00+00:00,BNB,-0.001551285842529,return_1h_ahead,hourly_ridge_coldstart_v1
2026-02-17 22:00:00+00:00,BNB,-0.0014067393686805,return_1h_ahead,hourly_ridge_coldstart_v1
2026-02-17 23:00:00+00:00,BNB,-0.0013756734812446,return_1h_ahead,hourly_ridge_coldstart_v1
2026-02-18 02:00:00+00:00,BNB,-0.0010707697636181,return_1h_ahead,hourly_ridge_coldstart_v1
2026-02-18 04:00:00+00:00,BNB,-5.511870427800007e-05,return_1h_ahead,hourly_ridge_coldstart_v1
2026-02-18 06:00:00+00:00,BNB,0.0002317395426782,return_1h_ahead,hourly_ridge_coldstart_v1
2026-02-18 07:00:00+00:00,BNB,0.0001544622737615,return_1h_ahead,hourly_ridge_coldstart_v1
2026-02-18 08:00:00+00:00,BNB,1.1690365755017276e-05,return_1h_ahead,hourly_ridge_coldstart_v1
2026-02-18 09:00:00+00:00,BNB,-0.0001121647874225,return_1h_ahead,hourly_ridge_coldstart_v1
2026-02-18 10:00:00+00:00,BNB,-0.0003695343667597,return_1h_ahead,hourly_ridge_coldstart_v1
2026-02-18 11:00:00+00:00,BNB,-0.0007176434453071,return_1h_ahead,hourly_ridge_coldstart_v1
2026-02-18 13:00:00+00:00,BNB,-0.0005030873001924,return_1h_ahead,hourly_ridge_coldstart_v1
2026-02-18 14:00:00+00:00,BNB,-0.000657140796389,return_1h_ahead,hourly_ridge_coldstart_v1
2026-02-18 15:00:00+00:00,BNB,-0.0006594386610017,return_1h_ahead,hourly_ridge_coldstart_v1
2026-02-18 17:00:00+00:00,BNB,-0.001218689055373,return_1h_ahead,hourly_ridge_coldstart_v1
2026-02-18 18:00:00+00:00,BNB,-0.0015920688835039,return_1h_ahead,hourly_ridge_coldstart_v1
2026-02-18 19:00:00+00:00,BNB,-0.0017413148952943,return_1h_ahead,hourly_ridge_coldstart_v1
2026-02-18 20:00:00+00:00,BNB,-0.0013935369446784,return_1h_ahead,hourly_ridge_coldstart_v1
2026-02-18 21:00:00+00:00,BNB,-0.0013140789846302,return_1h_ahead,hourly_ridge_coldstart_v1
2026-02-18 22:00:00+00:00,BNB,-0.0004639011401692,return_1h_ahead,hourly_ridge_coldstart_v1
2026-02-18 23:00:00+00:00,BNB,-0.0004609970489188,return_1h_ahead,hourly_ridge_coldstart_v1
2026-02-19 02:00:00+00:00,BNB,-0.00025359202938,return_1h_ahead,hourly_ridge_coldstart_v1
2026-02-19 04:00:00+00:00,BNB,0.0003737815452455,return_1h_ahead,hourly_ridge_coldstart_v1
2026-02-19 05:00:00+00:00,BNB,0.0001454087546747,return_1h_ahead,hourly_ridge_coldstart_v1
2026-02-19 07:00:00+00:00,BNB,0.0001956187745391,return_1h_ahead,hourly_ridge_coldstart_v1
2026-02-19 08:00:00+00:00,BNB,-0.0008966541076804,return_1h_ahead,hourly_ridge_coldstart_v1
2026-02-19 09:00:00+00:00,BNB,-0.0004853537659446,return_1h_ahead,hourly_ridge_coldstart_v1
2026-02-19 10:00:00+00:00,BNB,-0.0006559639963421,return_1h_ahead,hourly_ridge_coldstart_v1
2026-02-19 11:00:00+00:00,BNB,-0.0007548040748097,return_1h_ahead,hourly_ridge_coldstart_v1
2026-02-19 13:00:00+00:00,BNB,-0.0005668899395911,return_1h_ahead,hourly_ridge_coldstart_v1
2026-02-19 14:00:00+00:00,BNB,-0.0005975351537478,return_1h_ahead,hourly_ridge_coldstart_v1
2026-02-19 15:00:00+00:00,BNB,-0.0001116775589566,return_1h_ahead,hourly_ridge_coldstart_v1
2026-02-19 16:00:00+00:00,BNB,7.429771125965482e-05,return_1h_ahead,hourly_ridge_coldstart_v1
2026-02-19 17:00:00+00:00,BNB,0.0001041874597535,return_1h_ahead,hourly_ridge_coldstart_v1
2026-02-19 18:00:00+00:00,BNB,-0.0001446914790915,return_1h_ahead,hourly_ridge_coldstart_v1
2026-02-19 19:00:00+00:00,BNB,-0.000700924647958,return_1h_ahead,hourly_ridge_coldstart_v1
2026-02-19 20:00:00+00:00,BNB,-0.0002863536360453,return_1h_ahead,hourly_ridge_coldstart_v1
2026-02-19 21:00:00+00:00,BNB,-0.0002714828810776,return_1h_ahead,hourly_ridge_coldstart_v1
2026-02-19 22:00:00+00:00,BNB,-0.0005671777704594,return_1h_ahead,hourly_ridge_coldstart_v1
2026-02-19 23:00:00+00:00,BNB,-0.0003993157529955,return_1h_ahead,hourly_ridge_coldstart_v1
2026-02-20 02:00:00+00:00,BNB,-2.4378317064618785e-05,return_1h_ahead,hourly_ridge_coldstart_v1
2026-02-20 04:00:00+00:00,BNB,0.0002670555690142,return_1h_ahead,hourly_ridge_coldstart_v1
2026-02-20 05:00:00+00:00,BNB,0.0002525727093837,return_1h_ahead,hourly_ridge_coldstart_v1
2026-02-20 06:00:00+00:00,BNB,1.530139530112832e-05,return_1h_ahead,hourly_ridge_coldstart_v1
2026-02-20 07:00:00+00:00,BNB,0.0002540368082455,return_1h_ahead,hourly_ridge_coldstart_v1
2026-02-20 08:00:00+00:00,BNB,0.0001842110944166,return_1h_ahead,hourly_ridge_coldstart_v1
2026-02-20 09:00:00+00:00,BNB,0.0002695417621059,return_1h_ahead,hourly_ridge_coldstart_v1
2026-02-20 10:00:00+00:00,BNB,0.0002848818129501,return_1h_ahead,hourly_ridge_coldstart_v1
2026-02-20 11:00:00+00:00,BNB,-0.000124244017068,return_1h_ahead,hourly_ridge_coldstart_v1
2026-02-20 12:00:00+00:00,BNB,-2.424747562320388e-05,return_1h_ahead,hourly_ridge_coldstart_v1
2026-02-20 14:00:00+00:00,BNB,-0.0004222147773024,return_1h_ahead,hourly_ridge_coldstart_v1
2026-02-20 15:00:00+00:00,BNB,-0.0005653312548599,return_1h_ahead,hourly_ridge_coldstart_v1
2026-02-20 16:00:00+00:00,BNB,-0.0008890200064427,return_1h_ahead,hourly_ridge_coldstart_v1
2026-02-20 17:00:00+00:00,BNB,-0.0011625300335453,return_1h_ahead,hourly_ridge_coldstart_v1
2026-02-20 18:00:00+00:00,BNB,-0.00088082773058,return_1h_ahead,hourly_ridge_coldstart_v1
2026-02-20 19:00:00+00:00,BNB,-0.001216862730678,return_1h_ahead,hourly_ridge_coldstart_v1
2026-02-20 20:00:00+00:00,BNB,-0.0008591565302453,return_1h_ahead,hourly_ridge_coldstart_v1
2026-02-20 21:00:00+00:00,BNB,-0.0005134268128159,return_1h_ahead,hourly_ridge_coldstart_v1
2026-02-20 22:00:00+00:00,BNB,-0.0007675392480277,return_1h_ahead,hourly_ridge_coldstart_v1
2026-02-20 23:00:00+00:00,BNB,-0.0006853885169507,return_1h_ahead,hourly_ridge_coldstart_v1
2026-02-21 01:00:00+00:00,BNB,0.0003907648719227,return_1h_ahead,hourly_ridge_coldstart_v1
2026-02-21 04:00:00+00:00,BNB,2.2533589762642134e-05,return_1h_ahead,hourly_ridge_coldstart_v1
2026-02-21 05:00:00+00:00,BNB,0.0001763750919742,return_1h_ahead,hourly_ridge_coldstart_v1
2026-02-21 06:00:00+00:00,BNB,2.273771878368692e-05,return_1h_ahead,hourly_ridge_coldstart_v1
2026-02-21 07:00:00+00:00,BNB,0.0001940028569881,return_1h_ahead,hourly_ridge_coldstart_v1
2026-02-21 08:00:00+00:00,BNB,6.934900584758651e-05,return_1h_ahead,hourly_ridge_coldstart_v1
2026-02-21 09:00:00+00:00,BNB,0.0001560745121767,return_1h_ahead,hourly_ridge_coldstart_v1
2026-02-21 10:00:00+00:00,BNB,0.0001190708723617,return_1h_ahead,hourly_ridge_coldstart_v1
2026-02-21 11:00:00+00:00,BNB,0.0002560083894614,return_1h_ahead,hourly_ridge_coldstart_v1
2026-02-21 12:00:00+00:00,BNB,0.0001267033590499,return_1h_ahead,hourly_ridge_coldstart_v1
2026-02-21 13:00:00+00:00,BNB,0.0002660659435192,return_1h_ahead,hourly_ridge_coldstart_v1
2026-02-21 14:00:00+00:00,BNB,0.0003087145221608,return_1h_ahead,hourly_ridge_coldstart_v1
2026-02-21 15:00:00+00:00,BNB,-4.2801284001254885e-05,return_1h_ahead,hourly_ridge_coldstart_v1
2026-02-21 16:00:00+00:00,BNB,-0.0007770305384428,return_1h_ahead,hourly_ridge_coldstart_v1
2026-02-21 17:00:00+00:00,BNB,-0.0003677619193953,return_1h_ahead,hourly_ridge_coldstart_v1
2026-02-21 18:00:00+00:00,BNB,-0.0003746928645315,return_1h_ahead,hourly_ridge_coldstart_v1
2026-02-21 19:00:00+00:00,BNB,-0.0005233053485984,return_1h_ahead,hourly_ridge_coldstart_v1
2026-02-21 20:00:00+00:00,BNB,-0.0003364508509092,return_1h_ahead,hourly_ridge_coldstart_v1
2026-02-21 21:00:00+00:00,BNB,-0.0003588813928525,return_1h_ahead,hourly_ridge_coldstart_v1
2026-02-21 22:00:00+00:00,BNB,0.0003591027908327,return_1h_ahead,hourly_ridge_coldstart_v1
2026-02-21 23:00:00+00:00,BNB,0.0002163357429713,return_1h_ahead,hourly_ridge_coldstart_v1
2026-02-22 02:00:00+00:00,BNB,0.0005313737454434,return_1h_ahead,hourly_ridge_coldstart_v1
2026-02-22 04:00:00+00:00,BNB,-0.0002368906041938,return_1h_ahead,hourly_ridge_coldstart_v1
2026-02-22 05:00:00+00:00,BNB,-6.945691327643323e-05,return_1h_ahead,hourly_ridge_coldstart_v1
2026-02-22 06:00:00+00:00,BNB,-5.592776903685324e-05,return_1h_ahead,hourly_ridge_coldstart_v1
2026-02-22 07:00:00+00:00,BNB,-0.0001397375259683,return_1h_ahead,hourly_ridge_coldstart_v1
2026-02-22 08:00:00+00:00,BNB,-0.0002676051112065,return_1h_ahead,hourly_ridge_coldstart_v1
2026-02-22 09:00:00+00:00,BNB,-0.0001868415750183,return_1h_ahead,hourly_ridge_coldstart_v1
2026-02-22 10:00:00+00:00,BNB,0.0002795870936751,return_1h_ahead,hourly_ridge_coldstart_v1
2026-02-22 11:00:00+00:00,BNB,0.0003076796776068,return_1h_ahead,hourly_ridge_coldstart_v1
2026-02-22 12:00:00+00:00,BNB,4.044228331805827e-05,return_1h_ahead,hourly_ridge_coldstart_v1
2026-02-22 13:00:00+00:00,BNB,7.155022736539531e-05,return_1h_ahead,hourly_ridge_coldstart_v1
2026-02-22 14:00:00+00:00,BNB,0.0001930348270585,return_1h_ahead,hourly_ridge_coldstart_v1
2026-02-22 15:00:00+00:00,BNB,-0.0002657996514807,return_1h_ahead,hourly_ridge_coldstart_v1
2026-02-22 16:00:00+00:00,BNB,8.23116844443432e-05,return_1h_ahead,hourly_ridge_coldstart_v1
2026-02-22 17:00:00+00:00,BNB,0.0001574459202681,return_1h_ahead,hourly_ridge_coldstart_v1
2026-02-22 18:00:00+00:00,BNB,0.0001869456989166,return_1h_ahead,hourly_ridge_coldstart_v1
2026-02-22 19:00:00+00:00,BNB,0.0001727515442164,return_1h_ahead,hourly_ridge_coldstart_v1
2026-02-22 20:00:00+00:00,BNB,0.0001955639399204,return_1h_ahead,hourly_ridge_coldstart_v1
2026-02-22 21:00:00+00:00,BNB,0.0005086248143061,return_1h_ahead,hourly_ridge_coldstart_v1
2026-02-22 22:00:00+00:00,BNB,0.0004257244335171,return_1h_ahead,hourly_ridge_coldstart_v1
2026-02-22 23:00:00+00:00,BNB,0.0002745142634233,return_1h_ahead,hourly_ridge_coldstart_v1
2026-02-23 02:00:00+00:00,BNB,-0.005153639380731,return_1h_ahead,hourly_ridge_coldstart_v1
2026-02-23 04:00:00+00:00,BNB,-0.0037477620349511,return_1h_ahead,hourly_ridge_coldstart_v1
2026-02-23 06:00:00+00:00,BNB,-0.0036986631048807,return_1h_ahead,hourly_ridge_coldstart_v1
2026-02-23 07:00:00+00:00,BNB,-0.0040154249417325,return_1h_ahead,hourly_ridge_coldstart_v1
2026-02-23 08:00:00+00:00,BNB,-0.0042252296396758,return_1h_ahead,hourly_ridge_coldstart_v1
2026-02-23 09:00:00+00:00,BNB,-0.0040947391011744,return_1h_ahead,hourly_ridge_coldstart_v1
2026-02-23 10:00:00+00:00,BNB,-0.001377404072389,return_1h_ahead,hourly_ridge_coldstart_v1
2026-02-23 11:00:00+00:00,BNB,-0.0013669886390486,return_1h_ahead,hourly_ridge_coldstart_v1
2026-02-23 13:00:00+00:00,BNB,-0.0009418861400433,return_1h_ahead,hourly_ridge_coldstart_v1
2026-02-23 14:00:00+00:00,BNB,-0.0013912641592154,return_1h_ahead,hourly_ridge_coldstart_v1
2026-02-23 15:00:00+00:00,BNB,-0.0013445695569064,return_1h_ahead,hourly_ridge_coldstart_v1
2026-02-23 16:00:00+00:00,BNB,-0.0004269205245361,return_1h_ahead,hourly_ridge_coldstart_v1
2026-02-23 18:00:00+00:00,BNB,-0.0008751708501008,return_1h_ahead,hourly_ridge_coldstart_v1
2026-02-23 19:00:00+00:00,BNB,-0.0007356510691431,return_1h_ahead,hourly_ridge_coldstart_v1
2026-02-23 20:00:00+00:00,BNB,-0.0001088186385367,return_1h_ahead,hourly_ridge_coldstart_v1
2026-02-23 21:00:00+00:00,BNB,-0.0003809497057623,return_1h_ahead,hourly_ridge_coldstart_v1
2026-02-23 22:00:00+00:00,BNB,-0.0005651296818948,return_1h_ahead,hourly_ridge_coldstart_v1
2026-02-23 23:00:00+00:00,BNB,-0.0005925874620237,return_1h_ahead,hourly_ridge_coldstart_v1
2026-02-24 02:00:00+00:00,BNB,-1.6901147294019205e-05,return_1h_ahead,hourly_ridge_coldstart_v1
2026-02-24 04:00:00+00:00,BNB,-0.0007179095210242,return_1h_ahead,hourly_ridge_coldstart_v1
2026-02-24 05:00:00+00:00,BNB,-0.0004849926526265,return_1h_ahead,hourly_ridge_coldstart_v1
2026-02-24 07:00:00+00:00,BNB,-0.0002786357900188,return_1h_ahead,hourly_ridge_coldstart_v1
2026-02-24 08:00:00+00:00,BNB,-0.000183555504578,return_1h_ahead,hourly_ridge_coldstart_v1
2026-02-24 09:00:00+00:00,BNB,-0.0005438688361666,return_1h_ahead,hourly_ridge_coldstart_v1
2026-02-24 10:00:00+00:00,BNB,-0.0003932445870708,return_1h_ahead,hourly_ridge_coldstart_v1
2026-02-24 11:00:00+00:00,BNB,-7.074136707453221e-05,return_1h_ahead,hourly_ridge_coldstart_v1
2026-02-24 13:00:00+00:00,BNB,-0.0001160461730506,return_1h_ahead,hourly_ridge_coldstart_v1
2026-02-24 14:00:00+00:00,BNB,-5.756675946253675e-05,return_1h_ahead,hourly_ridge_coldstart_v1
2026-02-24 15:00:00+00:00,BNB,0.0002046446804925,return_1h_ahead,hourly_ridge_coldstart_v1
2026-02-24 17:00:00+00:00,BNB,9.1789251072567e-05,return_1h_ahead,hourly_ridge_coldstart_v1
2026-02-24 19:00:00+00:00,BNB,-0.0001188711775446,return_1h_ahead,hourly_ridge_coldstart_v1
2026-02-24 20:00:00+00:00,BNB,5.005135032828121e-05,return_1h_ahead,hourly_ridge_coldstart_v1
2026-02-24 21:00:00+00:00,BNB,-0.0007779248176221,return_1h_ahead,hourly_ridge_coldstart_v1
2026-02-24 22:00:00+00:00,BNB,-0.0004085804751181,return_1h_ahead,hourly_ridge_coldstart_v1
2026-02-24 23:00:00+00:00,BNB,-0.0003794143273616,return_1h_ahead,hourly_ridge_coldstart_v1
2026-02-25 02:00:00+00:00,BNB,-0.0010646416275868,return_1h_ahead,hourly_ridge_coldstart_v1
2026-02-25 04:00:00+00:00,BNB,-0.0020495777217839,return_1h_ahead,hourly_ridge_coldstart_v1
2026-02-25 06:00:00+00:00,BNB,-0.0021554637554893,return_1h_ahead,hourly_ridge_coldstart_v1
2026-02-25 07:00:00+00:00,BNB,-0.0015541799529288,return_1h_ahead,hourly_ridge_coldstart_v1
2026-02-25 08:00:00+00:00,BNB,-0.0015029942006775,return_1h_ahead,hourly_ridge_coldstart_v1
2026-02-25 09:00:00+00:00,BNB,-0.0015726179989839,return_1h_ahead,hourly_ridge_coldstart_v1
2026-02-25 10:00:00+00:00,BNB,-0.0003469572397091,return_1h_ahead,hourly_ridge_coldstart_v1
2026-02-25 11:00:00+00:00,BNB,-0.0001139856753133,return_1h_ahead,hourly_ridge_coldstart_v1
2026-02-25 13:00:00+00:00,BNB,0.0001763780772828,return_1h_ahead,hourly_ridge_coldstart_v1
2026-02-25 14:00:00+00:00,BNB,-9.715747066216128e-05,return_1h_ahead,hourly_ridge_coldstart_v1
2026-02-25 16:00:00+00:00,BNB,-3.27161547367215e-05,return_1h_ahead,hourly_ridge_coldstart_v1
2026-02-25 17:00:00+00:00,BNB,-1.2389240033130328e-05,return_1h_ahead,hourly_ridge_coldstart_v1
2026-02-25 19:00:00+00:00,BNB,-0.0002953934251041,return_1h_ahead,hourly_ridge_coldstart_v1
2026-02-25 20:00:00+00:00,BNB,-0.0001573831239298,return_1h_ahead,hourly_ridge_coldstart_v1
2026-02-25 21:00:00+00:00,BNB,-9.858739962209954e-05,return_1h_ahead,hourly_ridge_coldstart_v1
2026-02-25 22:00:00+00:00,BNB,1.1515518224824246e-05,return_1h_ahead,hourly_ridge_coldstart_v1
2026-02-25 23:00:00+00:00,BNB,-0.0004275484059057,return_1h_ahead,hourly_ridge_coldstart_v1
2026-02-26 02:00:00+00:00,BNB,-0.0002376763891282,return_1h_ahead,hourly_ridge_coldstart_v1
2026-02-26 04:00:00+00:00,BNB,-7.225984088446143e-05,return_1h_ahead,hourly_ridge_coldstart_v1
2026-02-26 05:00:00+00:00,BNB,-0.000450282603623,return_1h_ahead,hourly_ridge_coldstart_v1
2026-02-26 07:00:00+00:00,BNB,-0.0003637962897968,return_1h_ahead,hourly_ridge_coldstart_v1
2026-02-26 08:00:00+00:00,BNB,-0.0001903743525134,return_1h_ahead,hourly_ridge_coldstart_v1
2026-02-26 09:00:00+00:00,BNB,-0.0001115617054385,return_1h_ahead,hourly_ridge_coldstart_v1
2026-02-26 10:00:00+00:00,BNB,-0.0003560147918355,return_1h_ahead,hourly_ridge_coldstart_v1
2026-02-26 11:00:00+00:00,BNB,-4.623173349702168e-05,return_1h_ahead,hourly_ridge_coldstart_v1
2026-02-26 13:00:00+00:00,BNB,8.796291971495087e-05,return_1h_ahead,hourly_ridge_coldstart_v1
2026-02-26 14:00:00+00:00,BNB,-0.0002132407803061,return_1h_ahead,hourly_ridge_coldstart_v1
2026-02-26 15:00:00+00:00,BNB,-0.0001217756884827,return_1h_ahead,hourly_ridge_coldstart_v1
2026-02-26 16:00:00+00:00,BNB,-0.0007754614417835,return_1h_ahead,hourly_ridge_coldstart_v1
2026-02-26 17:00:00+00:00,BNB,-0.0004331602763652,return_1h_ahead,hourly_ridge_coldstart_v1
2026-02-26 19:00:00+00:00,BNB,-0.0005007166082572,return_1h_ahead,hourly_ridge_coldstart_v1
2026-02-26 20:00:00+00:00,BNB,-0.0005587779385186,return_1h_ahead,hourly_ridge_coldstart_v1
2026-02-26 21:00:00+00:00,BNB,-0.0006657046342695,return_1h_ahead,hourly_ridge_coldstart_v1
2026-02-26 22:00:00+00:00,BNB,-0.000621059329908,return_1h_ahead,hourly_ridge_coldstart_v1
2026-02-26 23:00:00+00:00,BNB,0.0004552031296659,return_1h_ahead,hourly_ridge_coldstart_v1
2026-02-27 02:00:00+00:00,BNB,0.000275117113782,return_1h_ahead,hourly_ridge_coldstart_v1
2026-02-27 04:00:00+00:00,BNB,0.0002609252530449,return_1h_ahead,hourly_ridge_coldstart_v1
2026-02-27 05:00:00+00:00,BNB,-3.04135480909805e-05,return_1h_ahead,hourly_ridge_coldstart_v1
2026-02-27 06:00:00+00:00,BNB,-0.0004828076322815,return_1h_ahead,hourly_ridge_coldstart_v1
2026-02-27 07:00:00+00:00,BNB,-0.000706874648696,return_1h_ahead,hourly_ridge_coldstart_v1
2026-02-27 08:00:00+00:00,BNB,-0.0004592759794979,return_1h_ahead,hourly_ridge_coldstart_v1
2026-02-27 09:00:00+00:00,BNB,-0.0004792405093727,return_1h_ahead,hourly_ridge_coldstart_v1
2026-02-27 10:00:00+00:00,BNB,-0.0007612570407781,return_1h_ahead,hourly_ridge_coldstart_v1
2026-02-27 11:00:00+00:00,BNB,-0.000427096815057,return_1h_ahead,hourly_ridge_coldstart_v1
2026-02-27 12:00:00+00:00,BNB,-0.000504959363976,return_1h_ahead,hourly_ridge_coldstart_v1
2026-02-27 14:00:00+00:00,BNB,-0.0003617229533444,return_1h_ahead,hourly_ridge_coldstart_v1
2026-02-27 15:00:00+00:00,BNB,-0.0003295844012314,return_1h_ahead,hourly_ridge_coldstart_v1
2026-02-27 16:00:00+00:00,BNB,-0.0002108539639226,return_1h_ahead,hourly_ridge_coldstart_v1
2026-02-27 17:00:00+00:00,BNB,-0.00020904943946,return_1h_ahead,hourly_ridge_coldstart_v1
2026-02-27 18:00:00+00:00,BNB,-0.000199547924333,return_1h_ahead,hourly_ridge_coldstart_v1
2026-02-27 19:00:00+00:00,BNB,-0.0004344020285618,return_1h_ahead,hourly_ridge_coldstart_v1
2026-02-27 20:00:00+00:00,BNB,-0.0002979352096636,return_1h_ahead,hourly_ridge_coldstart_v1
2026-02-27 21:00:00+00:00,BNB,-0.000282235998293,return_1h_ahead,hourly_ridge_coldstart_v1
2026-02-27 22:00:00+00:00,BNB,-0.0004821355891103,return_1h_ahead,hourly_ridge_coldstart_v1
2026-02-27 23:00:00+00:00,BNB,1.1772390527815064e-05,return_1h_ahead,hourly_ridge_coldstart_v1
2026-02-28 01:00:00+00:00,BNB,-9.995420829911584e-05,return_1h_ahead,hourly_ridge_coldstart_v1
2026-02-28 03:00:00+00:00,BNB,0.0001514343875358,return_1h_ahead,hourly_ridge_coldstart_v1
2026-02-28 04:00:00+00:00,BNB,-0.0002043560967356,return_1h_ahead,hourly_ridge_coldstart_v1
2026-02-28 05:00:00+00:00,BNB,-0.0001517976248462,return_1h_ahead,hourly_ridge_coldstart_v1
2026-02-28 06:00:00+00:00,BNB,-0.0026486945071478,return_1h_ahead,hourly_ridge_coldstart_v1
2026-02-28 07:00:00+00:00,BNB,-0.0017397412232785,return_1h_ahead,hourly_ridge_coldstart_v1
2026-02-28 08:00:00+00:00,BNB,-0.0016283603698216,return_1h_ahead,hourly_ridge_coldstart_v1
2026-02-28 09:00:00+00:00,BNB,-0.0015854277178278,return_1h_ahead,hourly_ridge_coldstart_v1
2026-02-28 10:00:00+00:00,BNB,-0.0016705607897348,return_1h_ahead,hourly_ridge_coldstart_v1
2026-02-28 11:00:00+00:00,BNB,-0.0016608721314252,return_1h_ahead,hourly_ridge_coldstart_v1
2026-02-28 12:00:00+00:00,BNB,-0.0001322934662827,return_1h_ahead,hourly_ridge_coldstart_v1
2026-02-28 13:00:00+00:00,BNB,-0.0001070679525443,return_1h_ahead,hourly_ridge_coldstart_v1
2026-02-28 14:00:00+00:00,BNB,-0.0001196705818225,return_1h_ahead,hourly_ridge_coldstart_v1
2026-02-28 15:00:00+00:00,BNB,-0.0008084988627298,return_1h_ahead,hourly_ridge_coldstart_v1
2026-02-28 16:00:00+00:00,BNB,-0.0003627806420123,return_1h_ahead,hourly_ridge_coldstart_v1
2026-02-28 17:00:00+00:00,BNB,-0.0006475989486936,return_1h_ahead,hourly_ridge_coldstart_v1
2026-02-28 18:00:00+00:00,BNB,-0.0004438241716131,return_1h_ahead,hourly_ridge_coldstart_v1
2026-02-28 19:00:00+00:00,BNB,-0.0003920043884617,return_1h_ahead,hourly_ridge_coldstart_v1
2026-02-28 20:00:00+00:00,BNB,-0.0003948100206001,return_1h_ahead,hourly_ridge_coldstart_v1
2026-02-28 21:00:00+00:00,BNB,-0.001073189319857,return_1h_ahead,hourly_ridge_coldstart_v1
2026-02-28 22:00:00+00:00,BNB,-0.0007379409446452,return_1h_ahead,hourly_ridge_coldstart_v1
2026-02-28 23:00:00+00:00,BNB,-0.0009028232395446,return_1h_ahead,hourly_ridge_coldstart_v1
2026-03-01 02:00:00+00:00,BNB,-0.0008991958726144,return_1h_ahead,hourly_ridge_coldstart_v1
2026-03-01 04:00:00+00:00,BNB,-0.0015993418238495,return_1h_ahead,hourly_ridge_coldstart_v1
2026-03-01 05:00:00+00:00,BNB,-0.0014950169231831,return_1h_ahead,hourly_ridge_coldstart_v1
2026-03-01 06:00:00+00:00,BNB,-0.0018321693025424,return_1h_ahead,hourly_ridge_coldstart_v1
2026-03-01 07:00:00+00:00,BNB,-0.0015565693327171,return_1h_ahead,hourly_ridge_coldstart_v1
2026-03-01 08:00:00+00:00,BNB,-0.00146633421868,return_1h_ahead,hourly_ridge_coldstart_v1
2026-03-01 09:00:00+00:00,BNB,-0.0001922106301895,return_1h_ahead,hourly_ridge_coldstart_v1
2026-03-01 10:00:00+00:00,BNB,-5.925329611239881e-05,return_1h_ahead,hourly_ridge_coldstart_v1
2026-03-01 11:00:00+00:00,BNB,-8.367340778139002e-05,return_1h_ahead,hourly_ridge_coldstart_v1
2026-03-01 12:00:00+00:00,BNB,-7.481470206105987e-05,return_1h_ahead,hourly_ridge_coldstart_v1
2026-03-01 13:00:00+00:00,BNB,3.832481837488816e-05,return_1h_ahead,hourly_ridge_coldstart_v1
2026-03-01 14:00:00+00:00,BNB,-0.0001751920029558,return_1h_ahead,hourly_ridge_coldstart_v1
2026-03-01 15:00:00+00:00,BNB,-0.0003135890958065,return_1h_ahead,hourly_ridge_coldstart_v1
2026-03-01 16:00:00+00:00,BNB,-0.0002738296594213,return_1h_ahead,hourly_ridge_coldstart_v1
2026-03-01 17:00:00+00:00,BNB,-0.0017347317336276,return_1h_ahead,hourly_ridge_coldstart_v1
2026-03-01 18:00:00+00:00,BNB,-0.0011189896714011,return_1h_ahead,hourly_ridge_coldstart_v1
2026-03-01 19:00:00+00:00,BNB,-0.0013417570417088,return_1h_ahead,hourly_ridge_coldstart_v1
2026-03-01 20:00:00+00:00,BNB,-0.0012813621506606,return_1h_ahead,hourly_ridge_coldstart_v1
2026-03-01 21:00:00+00:00,BNB,-0.0009577722953999,return_1h_ahead,hourly_ridge_coldstart_v1
2026-03-01 22:00:00+00:00,BNB,-0.0009761243072524,return_1h_ahead,hourly_ridge_coldstart_v1
2026-03-01 23:00:00+00:00,BNB,-0.0001791767870249,return_1h_ahead,hourly_ridge_coldstart_v1
2026-03-02 02:00:00+00:00,BNB,-0.0001044746720273,return_1h_ahead,hourly_ridge_coldstart_v1
2026-03-02 04:00:00+00:00,BNB,-0.000161214869356,return_1h_ahead,hourly_ridge_coldstart_v1
2026-03-02 05:00:00+00:00,BNB,0.0007524210720419,return_1h_ahead,hourly_ridge_coldstart_v1
2026-03-02 06:00:00+00:00,BNB,-0.0010516760431923,return_1h_ahead,hourly_ridge_coldstart_v1
2026-03-02 07:00:00+00:00,BNB,-0.0006551342406118,return_1h_ahead,hourly_ridge_coldstart_v1
2026-03-02 08:00:00+00:00,BNB,-0.0006009721124512,return_1h_ahead,hourly_ridge_coldstart_v1
2026-03-02 09:00:00+00:00,BNB,-0.0004908972287719,return_1h_ahead,hourly_ridge_coldstart_v1
2026-03-02 10:00:00+00:00,BNB,-0.0006658847987314,return_1h_ahead,hourly_ridge_coldstart_v1
2026-03-02 11:00:00+00:00,BNB,-0.0006210972543734,return_1h_ahead,hourly_ridge_coldstart_v1
2026-03-02 12:00:00+00:00,BNB,0.0003034664699964,return_1h_ahead,hourly_ridge_coldstart_v1
2026-03-02 14:00:00+00:00,BNB,-9.57155030533226e-05,return_1h_ahead,hourly_ridge_coldstart_v1
2026-03-02 15:00:00+00:00,BNB,-0.0021260283536713,return_1h_ahead,hourly_ridge_coldstart_v1
2026-03-02 16:00:00+00:00,BNB,-0.0033245667899335,return_1h_ahead,hourly_ridge_coldstart_v1
2026-03-02 17:00:00+00:00,BNB,-0.0043693042709463,return_1h_ahead,hourly_ridge_coldstart_v1
2026-03-02 18:00:00+00:00,BNB,-0.0040578863607536,return_1h_ahead,hourly_ridge_coldstart_v1
2026-03-02 19:00:00+00:00,BNB,-0.004318411161663,return_1h_ahead,hourly_ridge_coldstart_v1
2026-03-02 20:00:00+00:00,BNB,-0.0043428722748741,return_1h_ahead,hourly_ridge_coldstart_v1
2026-03-02 21:00:00+00:00,BNB,-0.0006725398332445,return_1h_ahead,hourly_ridge_coldstart_v1
2026-03-02 22:00:00+00:00,BNB,-0.000429303579116,return_1h_ahead,hourly_ridge_coldstart_v1
2026-03-02 23:00:00+00:00,BNB,-0.0001012018296045,return_1h_ahead,hourly_ridge_coldstart_v1
2026-03-03 02:00:00+00:00,BNB,-0.0003214851784728,return_1h_ahead,hourly_ridge_coldstart_v1
2026-03-03 04:00:00+00:00,BNB,-7.775883762606403e-05,return_1h_ahead,hourly_ridge_coldstart_v1
2026-03-03 05:00:00+00:00,BNB,-0.0006369087952618,return_1h_ahead,hourly_ridge_coldstart_v1
2026-03-03 06:00:00+00:00,BNB,-0.000319830913799,return_1h_ahead,hourly_ridge_coldstart_v1
2026-03-03 07:00:00+00:00,BNB,-0.0002301029025117,return_1h_ahead,hourly_ridge_coldstart_v1
2026-03-03 08:00:00+00:00,BNB,-0.0009385137716315,return_1h_ahead,hourly_ridge_coldstart_v1
2026-03-03 09:00:00+00:00,BNB,-0.0008992597669479,return_1h_ahead,hourly_ridge_coldstart_v1
2026-03-03 10:00:00+00:00,BNB,-0.0006891148045696,return_1h_ahead,hourly_ridge_coldstart_v1
2026-03-03 11:00:00+00:00,BNB,-0.0004985467837692,return_1h_ahead,hourly_ridge_coldstart_v1
2026-03-03 12:00:00+00:00,BNB,-0.000533062717906,return_1h_ahead,hourly_ridge_coldstart_v1
2026-03-03 14:00:00+00:00,BNB,-0.0005927848992082,return_1h_ahead,hourly_ridge_coldstart_v1
2026-03-03 15:00:00+00:00,BNB,-0.000191168272468,return_1h_ahead,hourly_ridge_coldstart_v1
2026-03-03 16:00:00+00:00,BNB,3.329503441870332e-05,return_1h_ahead,hourly_ridge_coldstart_v1
2026-03-03 17:00:00+00:00,BNB,-0.0001835405945743,return_1h_ahead,hourly_ridge_coldstart_v1
2026-03-03 18:00:00+00:00,BNB,-2.368148249478225e-05,return_1h_ahead,hourly_ridge_coldstart_v1
2026-03-03 19:00:00+00:00,BNB,-0.0004603153757167,return_1h_ahead,hourly_ridge_coldstart_v1
2026-03-03 20:00:00+00:00,BNB,-0.0003594143222641,return_1h_ahead,hourly_ridge_coldstart_v1
2026-03-03 21:00:00+00:00,BNB,-0.0004282388203115,return_1h_ahead,hourly_ridge_coldstart_v1
2026-03-03 22:00:00+00:00,BNB,-0.000111149576995,return_1h_ahead,hourly_ridge_coldstart_v1
2026-03-03 23:00:00+00:00,BNB,-0.0002641598651425,return_1h_ahead,hourly_ridge_coldstart_v1
2026-03-04 02:00:00+00:00,BNB,-7.279300925282966e-05,return_1h_ahead,hourly_ridge_coldstart_v1
2026-03-04 04:00:00+00:00,BNB,-0.0007174666005019,return_1h_ahead,hourly_ridge_coldstart_v1
2026-03-04 05:00:00+00:00,BNB,-0.000411661064222,return_1h_ahead,hourly_ridge_coldstart_v1
2026-03-04 06:00:00+00:00,BNB,-0.0003736478822273,return_1h_ahead,hourly_ridge_coldstart_v1
2026-03-04 07:00:00+00:00,BNB,-0.0003600812664956,return_1h_ahead,hourly_ridge_coldstart_v1
2026-03-04 08:00:00+00:00,BNB,-0.0003606361098073,return_1h_ahead,hourly_ridge_coldstart_v1
2026-03-04 09:00:00+00:00,BNB,-0.0007318626658199,return_1h_ahead,hourly_ridge_coldstart_v1
2026-03-04 10:00:00+00:00,BNB,-0.0009262509152848,return_1h_ahead,hourly_ridge_coldstart_v1
2026-03-04 11:00:00+00:00,BNB,-0.0010800666565006,return_1h_ahead,hourly_ridge_coldstart_v1
2026-03-04 12:00:00+00:00,BNB,-0.0011470061635072,return_1h_ahead,hourly_ridge_coldstart_v1
2026-03-04 13:00:00+00:00,BNB,-0.0009213252303455,return_1h_ahead,hourly_ridge_coldstart_v1
2026-03-04 14:00:00+00:00,BNB,-0.0013332216899504,return_1h_ahead,hourly_ridge_coldstart_v1
2026-03-04 15:00:00+00:00,BNB,-0.0001739227850449,return_1h_ahead,hourly_ridge_coldstart_v1
2026-03-04 16:00:00+00:00,BNB,-0.0003109080857795,return_1h_ahead,hourly_ridge_coldstart_v1
2026-03-04 17:00:00+00:00,BNB,-0.0006540103264882,return_1h_ahead,hourly_ridge_coldstart_v1
2026-03-04 18:00:00+00:00,BNB,-0.0003618426664656,return_1h_ahead,hourly_ridge_coldstart_v1
2026-03-04 19:00:00+00:00,BNB,-0.0003358343485896,return_1h_ahead,hourly_ridge_coldstart_v1
2026-03-04 20:00:00+00:00,BNB,-0.0004154724531822,return_1h_ahead,hourly_ridge_coldstart_v1
2026-03-04 21:00:00+00:00,BNB,-0.0002142997585875,return_1h_ahead,hourly_ridge_coldstart_v1
2026-03-04 22:00:00+00:00,BNB,4.797882664659572e-05,return_1h_ahead,hourly_ridge_coldstart_v1
2026-03-04 23:00:00+00:00,BNB,-9.320302892149756e-05,return_1h_ahead,hourly_ridge_coldstart_v1
2026-03-05 02:00:00+00:00,BNB,-0.0001879531658709,return_1h_ahead,hourly_ridge_coldstart_v1
2026-03-05 04:00:00+00:00,BNB,0.0001728023124362,return_1h_ahead,hourly_ridge_coldstart_v1
2026-03-05 05:00:00+00:00,BNB,-3.672587835628385e-05,return_1h_ahead,hourly_ridge_coldstart_v1
2026-03-05 06:00:00+00:00,BNB,6.391450128174133e-05,return_1h_ahead,hourly_ridge_coldstart_v1
2026-03-05 07:00:00+00:00,BNB,-0.0002648974121279,return_1h_ahead,hourly_ridge_coldstart_v1
2026-03-05 08:00:00+00:00,BNB,-8.29099101445347e-05,return_1h_ahead,hourly_ridge_coldstart_v1
2026-03-05 09:00:00+00:00,BNB,-2.054830776600052e-06,return_1h_ahead,hourly_ridge_coldstart_v1
2026-03-05 10:00:00+00:00,BNB,-0.0004151126055899,return_1h_ahead,hourly_ridge_coldstart_v1
2026-03-05 11:00:00+00:00,BNB,-0.0009021033110281,return_1h_ahead,hourly_ridge_coldstart_v1
2026-03-05 13:00:00+00:00,BNB,-0.0009748699130536,return_1h_ahead,hourly_ridge_coldstart_v1
2026-03-05 14:00:00+00:00,BNB,-0.0009794843672551,return_1h_ahead,hourly_ridge_coldstart_v1
2026-03-05 15:00:00+00:00,BNB,-0.0013878768234324,return_1h_ahead,hourly_ridge_coldstart_v1
2026-03-05 18:00:00+00:00,BNB,-0.0013082403598231,return_1h_ahead,hourly_ridge_coldstart_v1
2026-03-05 19:00:00+00:00,BNB,-0.0002264908595244,return_1h_ahead,hourly_ridge_coldstart_v1
2026-03-05 20:00:00+00:00,BNB,-0.0004818469274813,return_1h_ahead,hourly_ridge_coldstart_v1
2026-03-05 21:00:00+00:00,BNB,-0.0005071650406369,return_1h_ahead,hourly_ridge_coldstart_v1
2026-03-05 22:00:00+00:00,BNB,-0.000688384150291,return_1h_ahead,hourly_ridge_coldstart_v1
2026-03-05 23:00:00+00:00,BNB,-0.000296230716329,return_1h_ahead,hourly_ridge_coldstart_v1
2026-03-06 02:00:00+00:00,BNB,-2.7303630728161112e-05,return_1h_ahead,hourly_ridge_coldstart_v1
2026-03-06 04:00:00+00:00,BNB,-0.0007959346922062,return_1h_ahead,hourly_ridge_coldstart_v1
2026-03-06 05:00:00+00:00,BNB,-0.0004725899485071,return_1h_ahead,hourly_ridge_coldstart_v1
2026-03-06 06:00:00+00:00,BNB,-0.0004514678972894,return_1h_ahead,hourly_ridge_coldstart_v1
2026-03-06 07:00:00+00:00,BNB,-0.0004544101261895,return_1h_ahead,hourly_ridge_coldstart_v1
2026-03-06 08:00:00+00:00,BNB,-0.0006353675051823,return_1h_ahead,hourly_ridge_coldstart_v1
2026-03-06 09:00:00+00:00,BNB,-0.0007373347058306,return_1h_ahead,hourly_ridge_coldstart_v1
2026-03-06 10:00:00+00:00,BNB,-9.158681259057756e-05,return_1h_ahead,hourly_ridge_coldstart_v1
2026-03-06 11:00:00+00:00,BNB,-0.000200609240216,return_1h_ahead,hourly_ridge_coldstart_v1
2026-03-06 12:00:00+00:00,BNB,-8.180150289762751e-05,return_1h_ahead,hourly_ridge_coldstart_v1
2026-03-06 13:00:00+00:00,BNB,8.631849223667801e-05,return_1h_ahead,hourly_ridge_coldstart_v1
2026-03-06 14:00:00+00:00,BNB,-0.0010674101917655,return_1h_ahead,hourly_ridge_coldstart_v1
2026-03-06 15:00:00+00:00,BNB,-0.0005882935373387,return_1h_ahead,hourly_ridge_coldstart_v1
2026-03-06 16:00:00+00:00,BNB,-0.0006261657393967,return_1h_ahead,hourly_ridge_coldstart_v1
2026-03-06 17:00:00+00:00,BNB,-0.0007382663864517,return_1h_ahead,hourly_ridge_coldstart_v1
2026-03-06 18:00:00+00:00,BNB,-0.0006555554658917,return_1h_ahead,hourly_ridge_coldstart_v1
2026-03-06 19:00:00+00:00,BNB,-0.0007971366397346,return_1h_ahead,hourly_ridge_coldstart_v1
2026-03-06 20:00:00+00:00,BNB,-0.0001728760823237,return_1h_ahead,hourly_ridge_coldstart_v1
2026-03-06 21:00:00+00:00,BNB,4.692979966758543e-05,return_1h_ahead,hourly_ridge_coldstart_v1
2026-03-06 22:00:00+00:00,BNB,5.616134555092925e-05,return_1h_ahead,hourly_ridge_coldstart_v1
2026-03-06 23:00:00+00:00,BNB,-4.523831016582712e-05,return_1h_ahead,hourly_ridge_coldstart_v1
2026-03-07 01:00:00+00:00,BNB,0.0002821570502494,return_1h_ahead,hourly_ridge_coldstart_v1
2026-03-07 04:00:00+00:00,BNB,9.865672993858394e-05,return_1h_ahead,hourly_ridge_coldstart_v1
2026-03-07 05:00:00+00:00,BNB,0.0003835248247396,return_1h_ahead,hourly_ridge_coldstart_v1
2026-03-07 06:00:00+00:00,BNB,0.0003509074676877,return_1h_ahead,hourly_ridge_coldstart_v1
2026-03-07 07:00:00+00:00,BNB,0.0004618111120348,return_1h_ahead,hourly_ridge_coldstart_v1
2026-03-07 08:00:00+00:00,BNB,0.0004663464722085,return_1h_ahead,hourly_ridge_coldstart_v1
2026-03-07 09:00:00+00:00,BNB,0.0003907751064081,return_1h_ahead,hourly_ridge_coldstart_v1
2026-03-07 10:00:00+00:00,BNB,0.0005222961549175,return_1h_ahead,hourly_ridge_coldstart_v1
2026-03-07 11:00:00+00:00,BNB,0.0004990566445964,return_1h_ahead,hourly_ridge_coldstart_v1
2026-03-07 12:00:00+00:00,BNB,0.000330018016442,return_1h_ahead,hourly_ridge_coldstart_v1
2026-03-07 13:00:00+00:00,BNB,0.0004294145671107,return_1h_ahead,hourly_ridge_coldstart_v1
2026-03-07 15:00:00+00:00,BNB,0.0005903307165625,return_1h_ahead,hourly_ridge_coldstart_v1
2026-03-07 16:00:00+00:00,BNB,0.0001036145772047,return_1h_ahead,hourly_ridge_coldstart_v1
2026-03-07 17:00:00+00:00,BNB,0.0002663232671212,return_1h_ahead,hourly_ridge_coldstart_v1
2026-03-07 18:00:00+00:00,BNB,8.661139846869798e-05,return_1h_ahead,hourly_ridge_coldstart_v1
2026-03-07 19:00:00+00:00,BNB,0.0001325211290502,return_1h_ahead,hourly_ridge_coldstart_v1
2026-03-07 20:00:00+00:00,BNB,0.0002164249647562,return_1h_ahead,hourly_ridge_coldstart_v1
2026-03-07 21:00:00+00:00,BNB,0.0002165562940039,return_1h_ahead,hourly_ridge_coldstart_v1
2026-03-07 22:00:00+00:00,BNB,0.0003125734154942,return_1h_ahead,hourly_ridge_coldstart_v1
2026-03-07 23:00:00+00:00,BNB,0.0004654707205288,return_1h_ahead,hourly_ridge_coldstart_v1
2026-03-08 02:00:00+00:00,BNB,0.0004587391197291,return_1h_ahead,hourly_ridge_coldstart_v1
2026-03-08 04:00:00+00:00,BNB,0.0001342911826145,return_1h_ahead,hourly_ridge_coldstart_v1
2026-03-08 05:00:00+00:00,BNB,0.0002534159345222,return_1h_ahead,hourly_ridge_coldstart_v1
2026-03-08 06:00:00+00:00,BNB,0.0001934470966437,return_1h_ahead,hourly_ridge_coldstart_v1
2026-03-08 07:00:00+00:00,BNB,0.0002055532670975,return_1h_ahead,hourly_ridge_coldstart_v1
2026-03-08 08:00:00+00:00,BNB,-5.529885445151899e-05,return_1h_ahead,hourly_ridge_coldstart_v1
2026-03-08 09:00:00+00:00,BNB,8.401428738819908e-05,return_1h_ahead,hourly_ridge_coldstart_v1
2026-03-08 10:00:00+00:00,BNB,0.0003362117025665,return_1h_ahead,hourly_ridge_coldstart_v1
2026-03-08 11:00:00+00:00,BNB,-0.0001998743844787,return_1h_ahead,hourly_ridge_coldstart_v1
2026-03-08 12:00:00+00:00,BNB,-0.0001457211612024,return_1h_ahead,hourly_ridge_coldstart_v1
2026-03-08 13:00:00+00:00,BNB,-0.0005153884187164,return_1h_ahead,hourly_ridge_coldstart_v1
2026-03-08 14:00:00+00:00,BNB,-0.0002495872651078,return_1h_ahead,hourly_ridge_coldstart_v1
2026-03-08 15:00:00+00:00,BNB,-0.0003404831085499,return_1h_ahead,hourly_ridge_coldstart_v1
2026-03-08 16:00:00+00:00,BNB,-0.0001519045800304,return_1h_ahead,hourly_ridge_coldstart_v1
2026-03-08 17:00:00+00:00,BNB,-0.0001133958021132,return_1h_ahead,hourly_ridge_coldstart_v1
2026-03-08 18:00:00+00:00,BNB,-7.487318483748352e-05,return_1h_ahead,hourly_ridge_coldstart_v1
2026-03-08 19:00:00+00:00,BNB,0.0002440705476333,return_1h_ahead,hourly_ridge_coldstart_v1
2026-03-08 20:00:00+00:00,BNB,0.0002435608830439,return_1h_ahead,hourly_ridge_coldstart_v1
2026-03-08 21:00:00+00:00,BNB,0.000179292031291,return_1h_ahead,hourly_ridge_coldstart_v1
2026-03-08 22:00:00+00:00,BNB,-0.000761303580416,return_1h_ahead,hourly_ridge_coldstart_v1
2026-03-08 23:00:00+00:00,BNB,-0.0004879147611592,return_1h_ahead,hourly_ridge_coldstart_v1
2026-03-09 02:00:00+00:00,BNB,-0.0007639967606824,return_1h_ahead,hourly_ridge_coldstart_v1
2026-03-09 04:00:00+00:00,BNB,-0.0008981773395949,return_1h_ahead,hourly_ridge_coldstart_v1
2026-03-09 05:00:00+00:00,BNB,-0.0012356163938931,return_1h_ahead,hourly_ridge_coldstart_v1
2026-03-09 07:00:00+00:00,BNB,-0.0022678302561306,return_1h_ahead,hourly_ridge_coldstart_v1
2026-03-09 08:00:00+00:00,BNB,-0.0012654804765958,return_1h_ahead,hourly_ridge_coldstart_v1
2026-03-09 09:00:00+00:00,BNB,-0.0012564061165888,return_1h_ahead,hourly_ridge_coldstart_v1
2026-03-09 10:00:00+00:00,BNB,-0.0015298798837218,return_1h_ahead,hourly_ridge_coldstart_v1
2026-03-09 11:00:00+00:00,BNB,-0.0009201696275114,return_1h_ahead,hourly_ridge_coldstart_v1
2026-03-09 13:00:00+00:00,BNB,-0.0006925549170005,return_1h_ahead,hourly_ridge_coldstart_v1
2026-03-09 14:00:00+00:00,BNB,-5.990950703038054e-05,return_1h_ahead,hourly_ridge_coldstart_v1
2026-03-09 15:00:00+00:00,BNB,-0.0001904088028891,return_1h_ahead,hourly_ridge_coldstart_v1
2026-03-09 17:00:00+00:00,BNB,-0.000378742732101,return_1h_ahead,hourly_ridge_coldstart_v1
2026-03-09 18:00:00+00:00,BNB,-0.0009324399615406,return_1h_ahead,hourly_ridge_coldstart_v1
2026-03-09 19:00:00+00:00,BNB,-0.0004665626516291,return_1h_ahead,hourly_ridge_coldstart_v1
2026-03-09 20:00:00+00:00,BNB,-0.0006991845699946,return_1h_ahead,hourly_ridge_coldstart_v1
2026-03-09 21:00:00+00:00,BNB,-0.0002705388169229,return_1h_ahead,hourly_ridge_coldstart_v1
2026-03-09 22:00:00+00:00,BNB,-0.0002733325924265,return_1h_ahead,hourly_ridge_coldstart_v1
2026-03-09 23:00:00+00:00,BNB,-0.0005915963632647,return_1h_ahead,hourly_ridge_coldstart_v1
2026-03-10 04:00:00+00:00,BNB,-0.0001411527407173,return_1h_ahead,hourly_ridge_coldstart_v1
2026-03-10 05:00:00+00:00,BNB,-0.0001569568971392,return_1h_ahead,hourly_ridge_coldstart_v1
2026-03-10 06:00:00+00:00,BNB,-0.0002954966808963,return_1h_ahead,hourly_ridge_coldstart_v1
2026-03-10 07:00:00+00:00,BNB,-0.0002271028757297,return_1h_ahead,hourly_ridge_coldstart_v1
2026-03-10 08:00:00+00:00,BNB,-0.0001516762514516,return_1h_ahead,hourly_ridge_coldstart_v1
2026-03-10 09:00:00+00:00,BNB,-2.948263704847192e-05,return_1h_ahead,hourly_ridge_coldstart_v1
2026-03-10 10:00:00+00:00,BNB,-3.934132124305503e-05,return_1h_ahead,hourly_ridge_coldstart_v1
2026-03-10 11:00:00+00:00,BNB,0.0002445390796613,return_1h_ahead,hourly_ridge_coldstart_v1
2026-03-10 13:00:00+00:00,BNB,0.000266889282429,return_1h_ahead,hourly_ridge_coldstart_v1
2026-03-10 14:00:00+00:00,BNB,-0.0002006152596458,return_1h_ahead,hourly_ridge_coldstart_v1
2026-03-10 16:00:00+00:00,BNB,-9.306364632626403e-05,return_1h_ahead,hourly_ridge_coldstart_v1
2026-03-10 17:00:00+00:00,BNB,-0.0003753326430787,return_1h_ahead,hourly_ridge_coldstart_v1
2026-03-10 18:00:00+00:00,BNB,-0.0012517571176811,return_1h_ahead,hourly_ridge_coldstart_v1
2026-03-10 19:00:00+00:00,BNB,-0.0009322573277547,return_1h_ahead,hourly_ridge_coldstart_v1
2026-03-10 20:00:00+00:00,BNB,-0.0008287362354724,return_1h_ahead,hourly_ridge_coldstart_v1
2026-03-10 21:00:00+00:00,BNB,-0.0009328930594715,return_1h_ahead,hourly_ridge_coldstart_v1
2026-03-10 22:00:00+00:00,BNB,-0.0004945389806968,return_1h_ahead,hourly_ridge_coldstart_v1
2026-03-10 23:00:00+00:00,BNB,-0.0004311965578999,return_1h_ahead,hourly_ridge_coldstart_v1
2026-03-11 01:00:00+00:00,BNB,0.0002839797846854,return_1h_ahead,hourly_ridge_coldstart_v1
2026-03-11 04:00:00+00:00,BNB,-0.0002677156833703,return_1h_ahead,hourly_ridge_coldstart_v1
2026-03-11 05:00:00+00:00,BNB,6.325903664383624e-05,return_1h_ahead,hourly_ridge_coldstart_v1
2026-03-11 06:00:00+00:00,BNB,5.255428270831998e-05,return_1h_ahead,hourly_ridge_coldstart_v1
2026-03-11 07:00:00+00:00,BNB,-0.0003091446786444,return_1h_ahead,hourly_ridge_coldstart_v1
2026-03-11 08:00:00+00:00,BNB,-0.0001499579891705,return_1h_ahead,hourly_ridge_coldstart_v1
2026-03-11 09:00:00+00:00,BNB,-0.0001257947219549,return_1h_ahead,hourly_ridge_coldstart_v1
2026-03-11 10:00:00+00:00,BNB,0.0001464237117459,return_1h_ahead,hourly_ridge_coldstart_v1
2026-03-11 11:00:00+00:00,BNB,-0.0004610198384031,return_1h_ahead,hourly_ridge_coldstart_v1
2026-03-11 13:00:00+00:00,BNB,-8.503992178636119e-05,return_1h_ahead,hourly_ridge_coldstart_v1
2026-03-11 14:00:00+00:00,BNB,-0.0001970359501252,return_1h_ahead,hourly_ridge_coldstart_v1
2026-03-11 15:00:00+00:00,BNB,-0.0007106318371053,return_1h_ahead,hourly_ridge_coldstart_v1
2026-03-11 16:00:00+00:00,BNB,-0.000480158690671,return_1h_ahead,hourly_ridge_coldstart_v1
2026-03-11 17:00:00+00:00,BNB,-0.0006226212666796,return_1h_ahead,hourly_ridge_coldstart_v1
2026-03-11 18:00:00+00:00,BNB,-0.0001909747353448,return_1h_ahead,hourly_ridge_coldstart_v1
2026-03-11 19:00:00+00:00,BNB,-0.0002518355554231,return_1h_ahead,hourly_ridge_coldstart_v1
2026-03-11 20:00:00+00:00,BNB,-0.0002098768091027,return_1h_ahead,hourly_ridge_coldstart_v1
2026-03-11 21:00:00+00:00,BNB,0.0001174724988274,return_1h_ahead,hourly_ridge_coldstart_v1
2026-03-11 22:00:00+00:00,BNB,0.0004594739333483,return_1h_ahead,hourly_ridge_coldstart_v1
2026-03-11 23:00:00+00:00,BNB,0.0003686039008395,return_1h_ahead,hourly_ridge_coldstart_v1
2026-03-12 02:00:00+00:00,BNB,-0.0001246469666637,return_1h_ahead,hourly_ridge_coldstart_v1
2026-03-12 04:00:00+00:00,BNB,-0.0001573716460688,return_1h_ahead,hourly_ridge_coldstart_v1
2026-03-12 05:00:00+00:00,BNB,-1.4455819785751188e-05,return_1h_ahead,hourly_ridge_coldstart_v1
2026-03-12 06:00:00+00:00,BNB,-1.3338603594114684e-05,return_1h_ahead,hourly_ridge_coldstart_v1
2026-03-12 07:00:00+00:00,BNB,-5.1687278906274346e-05,return_1h_ahead,hourly_ridge_coldstart_v1
2026-03-12 08:00:00+00:00,BNB,-0.0001415843696323,return_1h_ahead,hourly_ridge_coldstart_v1
2026-03-12 09:00:00+00:00,BNB,0.0001544088743153,return_1h_ahead,hourly_ridge_coldstart_v1
2026-03-12 10:00:00+00:00,BNB,0.0006119943953227,return_1h_ahead,hourly_ridge_coldstart_v1
2026-03-12 11:00:00+00:00,BNB,0.0004657686007955,return_1h_ahead,hourly_ridge_coldstart_v1
2026-03-12 13:00:00+00:00,BNB,0.0005445796765103,return_1h_ahead,hourly_ridge_coldstart_v1
2026-03-12 14:00:00+00:00,BNB,-1.2327352205250717e-05,return_1h_ahead,hourly_ridge_coldstart_v1
2026-03-12 15:00:00+00:00,BNB,-0.0004238258121669,return_1h_ahead,hourly_ridge_coldstart_v1
2026-03-12 17:00:00+00:00,BNB,-0.000162965833794,return_1h_ahead,hourly_ridge_coldstart_v1
2026-03-12 18:00:00+00:00,BNB,-0.0003697151405578,return_1h_ahead,hourly_ridge_coldstart_v1
2026-03-12 19:00:00+00:00,BNB,-0.0001742588205255,return_1h_ahead,hourly_ridge_coldstart_v1
2026-03-12 20:00:00+00:00,BNB,-0.0001022576748398,return_1h_ahead,hourly_ridge_coldstart_v1
2026-03-12 21:00:00+00:00,BNB,-2.2766593350878703e-05,return_1h_ahead,hourly_ridge_coldstart_v1
2026-03-12 22:00:00+00:00,BNB,0.0001851461925805,return_1h_ahead,hourly_ridge_coldstart_v1
2026-03-12 23:00:00+00:00,BNB,0.0002343194897232,return_1h_ahead,hourly_ridge_coldstart_v1
2026-03-13 02:00:00+00:00,BNB,7.794743532917763e-05,return_1h_ahead,hourly_ridge_coldstart_v1
2026-03-13 04:00:00+00:00,BNB,-0.0004760993805316,return_1h_ahead,hourly_ridge_coldstart_v1
2026-03-13 05:00:00+00:00,BNB,-0.0002895436156217,return_1h_ahead,hourly_ridge_coldstart_v1
2026-03-13 06:00:00+00:00,BNB,-0.0004385543447144,return_1h_ahead,hourly_ridge_coldstart_v1
2026-03-13 07:00:00+00:00,BNB,-0.0002993253832073,return_1h_ahead,hourly_ridge_coldstart_v1
2026-03-13 08:00:00+00:00,BNB,-0.0002391707046196,return_1h_ahead,hourly_ridge_coldstart_v1
2026-03-13 09:00:00+00:00,BNB,2.005911994416664e-05,return_1h_ahead,hourly_ridge_coldstart_v1
2026-03-13 10:00:00+00:00,BNB,0.0002026818306376,return_1h_ahead,hourly_ridge_coldstart_v1
2026-03-13 11:00:00+00:00,BNB,9.24637500541183e-05,return_1h_ahead,hourly_ridge_coldstart_v1
2026-03-13 12:00:00+00:00,BNB,0.0002293903587527,return_1h_ahead,hourly_ridge_coldstart_v1
2026-03-13 14:00:00+00:00,BNB,0.0001396715979076,return_1h_ahead,hourly_ridge_coldstart_v1
2026-03-13 15:00:00+00:00,BNB,-0.0014283535443876,return_1h_ahead,hourly_ridge_coldstart_v1
2026-03-13 16:00:00+00:00,BNB,-0.0012189884860166,return_1h_ahead,hourly_ridge_coldstart_v1
2026-03-13 17:00:00+00:00,BNB,-0.0011497710745983,return_1h_ahead,hourly_ridge_coldstart_v1
2026-03-13 18:00:00+00:00,BNB,-0.0011364835169521,return_1h_ahead,hourly_ridge_coldstart_v1
2026-03-13 19:00:00+00:00,BNB,-0.0007400233133301,return_1h_ahead,hourly_ridge_coldstart_v1
2026-03-13 20:00:00+00:00,BNB,-0.0003560590772549,return_1h_ahead,hourly_ridge_coldstart_v1
2026-03-13 21:00:00+00:00,BNB,0.0003116595082258,return_1h_ahead,hourly_ridge_coldstart_v1
2026-03-13 22:00:00+00:00,BNB,0.0003699640847951,return_1h_ahead,hourly_ridge_coldstart_v1
2026-03-13 23:00:00+00:00,BNB,0.000457831350285,return_1h_ahead,hourly_ridge_coldstart_v1
2026-03-14 02:00:00+00:00,BNB,0.0005036325484778,return_1h_ahead,hourly_ridge_coldstart_v1
2026-03-14 04:00:00+00:00,BNB,0.0005035478280752,return_1h_ahead,hourly_ridge_coldstart_v1
2026-03-14 05:00:00+00:00,BNB,0.0004118490760814,return_1h_ahead,hourly_ridge_coldstart_v1
2026-03-14 06:00:00+00:00,BNB,0.0001197847508936,return_1h_ahead,hourly_ridge_coldstart_v1
2026-03-14 07:00:00+00:00,BNB,0.000294409305204,return_1h_ahead,hourly_ridge_coldstart_v1
2026-03-14 08:00:00+00:00,BNB,0.0002173415694428,return_1h_ahead,hourly_ridge_coldstart_v1
2026-03-14 09:00:00+00:00,BNB,0.0002511857018059,return_1h_ahead,hourly_ridge_coldstart_v1
2026-03-14 10:00:00+00:00,BNB,0.0001678253527827,return_1h_ahead,hourly_ridge_coldstart_v1
2026-03-14 11:00:00+00:00,BNB,0.000241800175745,return_1h_ahead,hourly_ridge_coldstart_v1
2026-03-14 12:00:00+00:00,BNB,0.0004068607274385,return_1h_ahead,hourly_ridge_coldstart_v1
2026-03-14 13:00:00+00:00,BNB,0.0004216150970473,return_1h_ahead,hourly_ridge_coldstart_v1
2026-03-14 14:00:00+00:00,BNB,0.0003210214275252,return_1h_ahead,hourly_ridge_coldstart_v1
2026-03-14 15:00:00+00:00,BNB,0.0003880006929085,return_1h_ahead,hourly_ridge_coldstart_v1
2026-03-14 16:00:00+00:00,BNB,0.0005552684184079,return_1h_ahead,hourly_ridge_coldstart_v1
2026-03-14 17:00:00+00:00,BNB,0.0005843614202906,return_1h_ahead,hourly_ridge_coldstart_v1
2026-03-14 18:00:00+00:00,BNB,0.0005709132471161,return_1h_ahead,hourly_ridge_coldstart_v1
2026-03-14 19:00:00+00:00,BNB,0.0006496527880211,return_1h_ahead,hourly_ridge_coldstart_v1
2026-03-14 20:00:00+00:00,BNB,0.000686715014858,return_1h_ahead,hourly_ridge_coldstart_v1
2026-03-14 21:00:00+00:00,BNB,0.0006840072163285,return_1h_ahead,hourly_ridge_coldstart_v1
2026-03-14 22:00:00+00:00,BNB,0.0006728548282468,return_1h_ahead,hourly_ridge_coldstart_v1
2026-03-14 23:00:00+00:00,BNB,0.0006338393721169,return_1h_ahead,hourly_ridge_coldstart_v1
2026-03-15 02:00:00+00:00,BNB,0.000733817332049,return_1h_ahead,hourly_ridge_coldstart_v1
2026-03-15 05:00:00+00:00,BNB,0.0007120913776413,return_1h_ahead,hourly_ridge_coldstart_v1
2026-03-15 06:00:00+00:00,BNB,0.0005415821122545,return_1h_ahead,hourly_ridge_coldstart_v1
2026-03-15 07:00:00+00:00,BNB,0.0006561912474725,return_1h_ahead,hourly_ridge_coldstart_v1
2026-03-15 08:00:00+00:00,BNB,0.0006378421372842,return_1h_ahead,hourly_ridge_coldstart_v1
2026-03-15 09:00:00+00:00,BNB,0.0006052340562907,return_1h_ahead,hourly_ridge_coldstart_v1
2026-03-15 10:00:00+00:00,BNB,0.0003128474062263,return_1h_ahead,hourly_ridge_coldstart_v1
2026-03-15 11:00:00+00:00,BNB,0.0002145857784034,return_1h_ahead,hourly_ridge_coldstart_v1
2026-03-15 12:00:00+00:00,BNB,0.0001981767602756,return_1h_ahead,hourly_ridge_coldstart_v1
2026-03-15 13:00:00+00:00,BNB,-5.269113032582528e-05,return_1h_ahead,hourly_ridge_coldstart_v1
2026-03-15 14:00:00+00:00,BNB,0.0002214971221689,return_1h_ahead,hourly_ridge_coldstart_v1
2026-03-15 15:00:00+00:00,BNB,0.0003067087184322,return_1h_ahead,hourly_ridge_coldstart_v1
2026-03-15 16:00:00+00:00,BNB,0.0002224178980714,return_1h_ahead,hourly_ridge_coldstart_v1
2026-03-15 17:00:00+00:00,BNB,0.0002843731972833,return_1h_ahead,hourly_ridge_coldstart_v1
2026-03-15 18:00:00+00:00,BNB,0.0002814342658663,return_1h_ahead,hourly_ridge_coldstart_v1
2026-03-15 19:00:00+00:00,BNB,0.0003610485422906,return_1h_ahead,hourly_ridge_coldstart_v1
2026-03-15 20:00:00+00:00,BNB,0.0004682133353419,return_1h_ahead,hourly_ridge_coldstart_v1
2026-03-15 21:00:00+00:00,BNB,0.0002862238757947,return_1h_ahead,hourly_ridge_coldstart_v1
2026-03-15 22:00:00+00:00,BNB,0.0002106770392115,return_1h_ahead,hourly_ridge_coldstart_v1
2026-03-15 23:00:00+00:00,BNB,9.787431735154762e-05,return_1h_ahead,hourly_ridge_coldstart_v1
2026-03-16 02:00:00+00:00,BNB,-0.0003393474863747,return_1h_ahead,hourly_ridge_coldstart_v1
2026-03-16 05:00:00+00:00,BNB,-0.0003014273969422,return_1h_ahead,hourly_ridge_coldstart_v1
2026-03-16 07:00:00+00:00,BNB,-0.0014832491527026,return_1h_ahead,hourly_ridge_coldstart_v1
2026-03-16 08:00:00+00:00,BNB,-0.0016771859925292,return_1h_ahead,hourly_ridge_coldstart_v1
2026-03-16 10:00:00+00:00,BNB,-0.0014342106688842,return_1h_ahead,hourly_ridge_coldstart_v1
2026-03-16 11:00:00+00:00,BNB,-0.0012842244090968,return_1h_ahead,hourly_ridge_coldstart_v1
2026-03-16 13:00:00+00:00,BNB,-0.0012667290329208,return_1h_ahead,hourly_ridge_coldstart_v1
2026-03-16 15:00:00+00:00,BNB,-0.0003944045617393,return_1h_ahead,hourly_ridge_coldstart_v1
2026-03-16 16:00:00+00:00,BNB,-0.0001098518829077,return_1h_ahead,hourly_ridge_coldstart_v1
2026-03-16 18:00:00+00:00,BNB,-8.55537274014972e-05,return_1h_ahead,hourly_ridge_coldstart_v1
2026-03-16 19:00:00+00:00,BNB,-0.0002817200078391,return_1h_ahead,hourly_ridge_coldstart_v1
2026-03-16 20:00:00+00:00,BNB,-0.0008487975239184,return_1h_ahead,hourly_ridge_coldstart_v1
2026-03-16 21:00:00+00:00,BNB,-0.0005972233921312,return_1h_ahead,hourly_ridge_coldstart_v1
2026-03-16 22:00:00+00:00,BNB,-0.0005587274050726,return_1h_ahead,hourly_ridge_coldstart_v1
2026-03-16 23:00:00+00:00,BNB,-0.0008707545339174,return_1h_ahead,hourly_ridge_coldstart_v1
2026-03-17 02:00:00+00:00,BNB,-0.0004044737773709,return_1h_ahead,hourly_ridge_coldstart_v1
2026-03-17 04:00:00+00:00,BNB,-0.0015783057808277,return_1h_ahead,hourly_ridge_coldstart_v1
2026-03-17 05:00:00+00:00,BNB,-0.001013439994352,return_1h_ahead,hourly_ridge_coldstart_v1
2026-03-17 07:00:00+00:00,BNB,-0.0008318748803808,return_1h_ahead,hourly_ridge_coldstart_v1
2026-03-17 08:00:00+00:00,BNB,-0.0007345989017606,return_1h_ahead,hourly_ridge_coldstart_v1
2026-03-17 09:00:00+00:00,BNB,-0.0009069317706862,return_1h_ahead,hourly_ridge_coldstart_v1
2026-03-17 10:00:00+00:00,BNB,-0.0007088917943507,return_1h_ahead,hourly_ridge_coldstart_v1
2026-03-17 11:00:00+00:00,BNB,9.116706295054676e-05,return_1h_ahead,hourly_ridge_coldstart_v1
2026-03-17 13:00:00+00:00,BNB,7.460306653286276e-05,return_1h_ahead,hourly_ridge_coldstart_v1
2026-03-17 14:00:00+00:00,BNB,2.141756804414425e-05,return_1h_ahead,hourly_ridge_coldstart_v1
2026-03-17 16:00:00+00:00,BNB,-0.0001179991993564,return_1h_ahead,hourly_ridge_coldstart_v1
2026-03-17 17:00:00+00:00,BNB,-9.831049421385056e-05,return_1h_ahead,hourly_ridge_coldstart_v1
2026-03-17 19:00:00+00:00,BNB,4.682240016990667e-05,return_1h_ahead,hourly_ridge_coldstart_v1
2026-03-17 20:00:00+00:00,BNB,-0.0002724351444049,return_1h_ahead,hourly_ridge_coldstart_v1
2026-03-17 21:00:00+00:00,BNB,4.181828119332489e-05,return_1h_ahead,hourly_ridge_coldstart_v1
2026-03-17 22:00:00+00:00,BNB,-0.0002211109612022,return_1h_ahead,hourly_ridge_coldstart_v1
2026-03-17 23:00:00+00:00,BNB,-0.0001521156584856,return_1h_ahead,hourly_ridge_coldstart_v1
2026-03-18 02:00:00+00:00,BNB,0.0001692809094627,return_1h_ahead,hourly_ridge_coldstart_v1
2026-03-18 04:00:00+00:00,BNB,0.0002660430076075,return_1h_ahead,hourly_ridge_coldstart_v1
2026-03-18 06:00:00+00:00,BNB,0.0003016838551167,return_1h_ahead,hourly_ridge_coldstart_v1
2026-03-18 07:00:00+00:00,BNB,0.0004026576772912,return_1h_ahead,hourly_ridge_coldstart_v1
2026-03-18 08:00:00+00:00,BNB,0.0005906458553249,return_1h_ahead,hourly_ridge_coldstart_v1
2026-03-18 09:00:00+00:00,BNB,0.0007211717011453,return_1h_ahead,hourly_ridge_coldstart_v1
2026-03-18 10:00:00+00:00,BNB,0.0001032128081592,return_1h_ahead,hourly_ridge_coldstart_v1
2026-03-18 11:00:00+00:00,BNB,-0.0009426474155706,return_1h_ahead,hourly_ridge_coldstart_v1
2026-03-18 13:00:00+00:00,BNB,-0.000961196216111,return_1h_ahead,hourly_ridge_coldstart_v1
2026-03-18 15:00:00+00:00,BNB,-0.0014928273164811,return_1h_ahead,hourly_ridge_coldstart_v1
2026-03-18 17:00:00+00:00,BNB,-0.0009251918766933,return_1h_ahead,hourly_ridge_coldstart_v1
2026-03-18 18:00:00+00:00,BNB,-0.0010392185060843,return_1h_ahead,hourly_ridge_coldstart_v1
2026-03-18 19:00:00+00:00,BNB,-0.0013898362628615,return_1h_ahead,hourly_ridge_coldstart_v1
2026-03-18 20:00:00+00:00,BNB,-0.0010912825937707,return_1h_ahead,hourly_ridge_coldstart_v1
2026-03-18 21:00:00+00:00,BNB,-0.0010450417966904,return_1h_ahead,hourly_ridge_coldstart_v1
2026-03-18 22:00:00+00:00,BNB,-0.0001407873200667,return_1h_ahead,hourly_ridge_coldstart_v1
2026-03-18 23:00:00+00:00,BNB,-9.242529734996268e-05,return_1h_ahead,hourly_ridge_coldstart_v1
2026-03-19 02:00:00+00:00,BNB,-2.62900659688377e-05,return_1h_ahead,hourly_ridge_coldstart_v1
2026-03-19 04:00:00+00:00,BNB,0.0002341761982799,return_1h_ahead,hourly_ridge_coldstart_v1
2026-03-19 05:00:00+00:00,BNB,0.0003952370874235,return_1h_ahead,hourly_ridge_coldstart_v1
2026-03-19 07:00:00+00:00,BNB,0.0004674937009226,return_1h_ahead,hourly_ridge_coldstart_v1
2026-03-19 08:00:00+00:00,BNB,0.0002376403965953,return_1h_ahead,hourly_ridge_coldstart_v1
2026-03-19 09:00:00+00:00,BNB,0.0003445654795172,return_1h_ahead,hourly_ridge_coldstart_v1
2026-03-19 10:00:00+00:00,BNB,0.0002622787006223,return_1h_ahead,hourly_ridge_coldstart_v1
2026-03-19 11:00:00+00:00,BNB,0.0001409450628548,return_1h_ahead,hourly_ridge_coldstart_v1
2026-03-19 13:00:00+00:00,BNB,-0.0004405005318357,return_1h_ahead,hourly_ridge_coldstart_v1
2026-03-19 14:00:00+00:00,BNB,-0.0002272813069922,return_1h_ahead,hourly_ridge_coldstart_v1
2026-03-19 15:00:00+00:00,BNB,-0.0001445041654711,return_1h_ahead,hourly_ridge_coldstart_v1
2026-03-19 16:00:00+00:00,BNB,-0.0001284590778524,return_1h_ahead,hourly_ridge_coldstart_v1
2026-03-19 17:00:00+00:00,BNB,-0.0001097142666392,return_1h_ahead,hourly_ridge_coldstart_v1
2026-03-19 19:00:00+00:00,BNB,-0.0002580708450177,return_1h_ahead,hourly_ridge_coldstart_v1
2026-03-19 20:00:00+00:00,BNB,0.0001617349109773,return_1h_ahead,hourly_ridge_coldstart_v1
2026-03-19 21:00:00+00:00,BNB,0.0003438940864093,return_1h_ahead,hourly_ridge_coldstart_v1
2026-03-19 22:00:00+00:00,BNB,0.0001842360807702,return_1h_ahead,hourly_ridge_coldstart_v1
2026-03-19 23:00:00+00:00,BNB,0.0001071791844115,return_1h_ahead,hourly_ridge_coldstart_v1
2026-03-20 02:00:00+00:00,BNB,0.0003301640684103,return_1h_ahead,hourly_ridge_coldstart_v1
2026-03-20 04:00:00+00:00,BNB,0.0003924406575428,return_1h_ahead,hourly_ridge_coldstart_v1
2026-03-20 05:00:00+00:00,BNB,0.0004049293685626,return_1h_ahead,hourly_ridge_coldstart_v1
2026-03-20 06:00:00+00:00,BNB,0.000211410163354,return_1h_ahead,hourly_ridge_coldstart_v1
2026-03-20 07:00:00+00:00,BNB,0.0003272066848369,return_1h_ahead,hourly_ridge_coldstart_v1
2026-03-20 08:00:00+00:00,BNB,0.0004626318196283,return_1h_ahead,hourly_ridge_coldstart_v1
2026-03-20 09:00:00+00:00,BNB,-0.0001550055253679,return_1h_ahead,hourly_ridge_coldstart_v1
2026-03-20 10:00:00+00:00,BNB,-8.475367663472494e-05,return_1h_ahead,hourly_ridge_coldstart_v1
2026-03-20 11:00:00+00:00,BNB,7.555318396153151e-05,return_1h_ahead,hourly_ridge_coldstart_v1
2026-03-20 12:00:00+00:00,BNB,-5.885683467484842e-05,return_1h_ahead,hourly_ridge_coldstart_v1
2026-03-20 14:00:00+00:00,BNB,-0.0001677810235652,return_1h_ahead,hourly_ridge_coldstart_v1
2026-03-20 15:00:00+00:00,BNB,0.000124217839836,return_1h_ahead,hourly_ridge_coldstart_v1
2026-03-20 16:00:00+00:00,BNB,0.0001472038759523,return_1h_ahead,hourly_ridge_coldstart_v1
2026-03-20 17:00:00+00:00,BNB,2.7277867089752785e-05,return_1h_ahead,hourly_ridge_coldstart_v1
2026-03-20 18:00:00+00:00,BNB,0.0001614594819841,return_1h_ahead,hourly_ridge_coldstart_v1
2026-03-20 19:00:00+00:00,BNB,0.0001520723564499,return_1h_ahead,hourly_ridge_coldstart_v1
2026-03-20 20:00:00+00:00,BNB,0.0004212158708623,return_1h_ahead,hourly_ridge_coldstart_v1
2026-03-20 21:00:00+00:00,BNB,0.0003319822910404,return_1h_ahead,hourly_ridge_coldstart_v1
2026-03-20 22:00:00+00:00,BNB,0.0001965451260189,return_1h_ahead,hourly_ridge_coldstart_v1
2026-03-20 23:00:00+00:00,BNB,0.0001411949964462,return_1h_ahead,hourly_ridge_coldstart_v1
2026-03-21 01:00:00+00:00,BNB,2.695709405166883e-05,return_1h_ahead,hourly_ridge_coldstart_v1
2026-03-21 04:00:00+00:00,BNB,0.0002146181196296,return_1h_ahead,hourly_ridge_coldstart_v1
2026-03-21 05:00:00+00:00,BNB,7.949535129286826e-05,return_1h_ahead,hourly_ridge_coldstart_v1
2026-03-21 06:00:00+00:00,BNB,0.000331190683669,return_1h_ahead,hourly_ridge_coldstart_v1
2026-03-21 07:00:00+00:00,BNB,0.0003822854401717,return_1h_ahead,hourly_ridge_coldstart_v1
2026-03-21 08:00:00+00:00,BNB,0.0002278639488263,return_1h_ahead,hourly_ridge_coldstart_v1
2026-03-21 09:00:00+00:00,BNB,0.0004370804374559,return_1h_ahead,hourly_ridge_coldstart_v1
2026-03-21 10:00:00+00:00,BNB,0.0004648163252503,return_1h_ahead,hourly_ridge_coldstart_v1
2026-03-21 11:00:00+00:00,BNB,0.0005249817133117,return_1h_ahead,hourly_ridge_coldstart_v1
2026-03-21 12:00:00+00:00,BNB,0.000512690942825,return_1h_ahead,hourly_ridge_coldstart_v1
2026-03-21 13:00:00+00:00,BNB,0.0004694670882261,return_1h_ahead,hourly_ridge_coldstart_v1
2026-03-21 14:00:00+00:00,BNB,0.0005990905935401,return_1h_ahead,hourly_ridge_coldstart_v1
2026-03-21 15:00:00+00:00,BNB,7.174223876940525e-05,return_1h_ahead,hourly_ridge_coldstart_v1
2026-03-21 16:00:00+00:00,BNB,0.0002211892919966,return_1h_ahead,hourly_ridge_coldstart_v1
2026-03-21 17:00:00+00:00,BNB,0.0002359533198285,return_1h_ahead,hourly_ridge_coldstart_v1
2026-03-21 18:00:00+00:00,BNB,0.0002947439852362,return_1h_ahead,hourly_ridge_coldstart_v1
2026-03-21 19:00:00+00:00,BNB,0.0002524737010892,return_1h_ahead,hourly_ridge_coldstart_v1
2026-03-21 20:00:00+00:00,BNB,0.0003978725137565,return_1h_ahead,hourly_ridge_coldstart_v1
2026-03-21 21:00:00+00:00,BNB,0.0007243517153089,return_1h_ahead,hourly_ridge_coldstart_v1
2026-03-21 22:00:00+00:00,BNB,0.0006766437399101,return_1h_ahead,hourly_ridge_coldstart_v1
2026-03-21 23:00:00+00:00,BNB,0.0007270935613261,return_1h_ahead,hourly_ridge_coldstart_v1
2026-03-22 02:00:00+00:00,BNB,-0.0012194099307548,return_1h_ahead,hourly_ridge_coldstart_v1
2026-03-22 04:00:00+00:00,BNB,-0.000744077646939,return_1h_ahead,hourly_ridge_coldstart_v1
2026-03-22 05:00:00+00:00,BNB,-0.0009919013900935,return_1h_ahead,hourly_ridge_coldstart_v1
2026-03-22 06:00:00+00:00,BNB,-0.0008967347738467,return_1h_ahead,hourly_ridge_coldstart_v1
2026-03-22 07:00:00+00:00,BNB,-0.0009246475239482,return_1h_ahead,hourly_ridge_coldstart_v1
2026-03-22 08:00:00+00:00,BNB,-0.0010653123353685,return_1h_ahead,hourly_ridge_coldstart_v1
2026-03-22 09:00:00+00:00,BNB,4.247820325234256e-06,return_1h_ahead,hourly_ridge_coldstart_v1
2026-03-22 10:00:00+00:00,BNB,0.0003357172742751,return_1h_ahead,hourly_ridge_coldstart_v1
2026-03-22 11:00:00+00:00,BNB,0.0003197924344227,return_1h_ahead,hourly_ridge_coldstart_v1
2026-03-22 12:00:00+00:00,BNB,0.0003682435531949,return_1h_ahead,hourly_ridge_coldstart_v1
2026-03-22 13:00:00+00:00,BNB,0.0003633881933241,return_1h_ahead,hourly_ridge_coldstart_v1
2026-03-22 14:00:00+00:00,BNB,0.0006650456686671,return_1h_ahead,hourly_ridge_coldstart_v1
2026-03-22 15:00:00+00:00,BNB,0.0005788907800635,return_1h_ahead,hourly_ridge_coldstart_v1
2026-03-22 16:00:00+00:00,BNB,0.0005047336098587,return_1h_ahead,hourly_ridge_coldstart_v1
2026-03-22 17:00:00+00:00,BNB,0.0005679467923526,return_1h_ahead,hourly_ridge_coldstart_v1
2026-03-22 18:00:00+00:00,BNB,0.0002230296667716,return_1h_ahead,hourly_ridge_coldstart_v1
2026-03-22 19:00:00+00:00,BNB,0.0001274523965991,return_1h_ahead,hourly_ridge_coldstart_v1
2026-03-22 20:00:00+00:00,BNB,0.0002862529905783,return_1h_ahead,hourly_ridge_coldstart_v1
2026-03-22 21:00:00+00:00,BNB,-0.0003893891078795,return_1h_ahead,hourly_ridge_coldstart_v1
2026-03-22 22:00:00+00:00,BNB,-0.0001904878813137,return_1h_ahead,hourly_ridge_coldstart_v1
2026-03-22 23:00:00+00:00,BNB,-0.0002744643502024,return_1h_ahead,hourly_ridge_coldstart_v1
2026-03-23 02:00:00+00:00,BNB,-0.0004497962300718,return_1h_ahead,hourly_ridge_coldstart_v1
2026-03-23 05:00:00+00:00,BNB,-0.0002469579191212,return_1h_ahead,hourly_ridge_coldstart_v1
2026-03-23 07:00:00+00:00,BNB,-0.0012641046973037,return_1h_ahead,hourly_ridge_coldstart_v1
2026-03-23 08:00:00+00:00,BNB,-0.0006633665730154,return_1h_ahead,hourly_ridge_coldstart_v1
2026-03-23 10:00:00+00:00,BNB,-0.0006020323387968,return_1h_ahead,hourly_ridge_coldstart_v1
2026-03-23 11:00:00+00:00,BNB,-0.0015403803028041,return_1h_ahead,hourly_ridge_coldstart_v1
2026-03-23 13:00:00+00:00,BNB,-0.0022917038946126,return_1h_ahead,hourly_ridge_coldstart_v1
2026-03-23 14:00:00+00:00,BNB,-0.0023489760148687,return_1h_ahead,hourly_ridge_coldstart_v1
2026-03-23 16:00:00+00:00,BNB,-0.0027850448639342,return_1h_ahead,hourly_ridge_coldstart_v1
2026-03-23 17:00:00+00:00,BNB,-0.0025223625301723,return_1h_ahead,hourly_ridge_coldstart_v1
2026-03-23 18:00:00+00:00,BNB,-0.0023009589123186,return_1h_ahead,hourly_ridge_coldstart_v1
2026-03-23 19:00:00+00:00,BNB,-0.0005843977361136,return_1h_ahead,hourly_ridge_coldstart_v1
2026-03-23 20:00:00+00:00,BNB,-0.0005294776801047,return_1h_ahead,hourly_ridge_coldstart_v1
2026-03-23 21:00:00+00:00,BNB,-0.0005278163727631,return_1h_ahead,hourly_ridge_coldstart_v1
2026-03-23 22:00:00+00:00,BNB,3.3374014638445264e-05,return_1h_ahead,hourly_ridge_coldstart_v1
2026-03-23 23:00:00+00:00,BNB,0.0001990777679807,return_1h_ahead,hourly_ridge_coldstart_v1
2026-03-24 02:00:00+00:00,BNB,1.0004448761589773e-05,return_1h_ahead,hourly_ridge_coldstart_v1
2026-03-24 04:00:00+00:00,BNB,-0.0002516588653012,return_1h_ahead,hourly_ridge_coldstart_v1
2026-03-24 06:00:00+00:00,BNB,1.8782060479757986e-05,return_1h_ahead,hourly_ridge_coldstart_v1
2026-03-24 07:00:00+00:00,BNB,-0.0002190893203201,return_1h_ahead,hourly_ridge_coldstart_v1
2026-03-24 08:00:00+00:00,BNB,-0.0004368983643894,return_1h_ahead,hourly_ridge_coldstart_v1
2026-03-24 09:00:00+00:00,BNB,-0.0004360967329146,return_1h_ahead,hourly_ridge_coldstart_v1
2026-03-24 10:00:00+00:00,BNB,-0.0004413448778049,return_1h_ahead,hourly_ridge_coldstart_v1
2026-03-24 11:00:00+00:00,BNB,0.0001217842369173,return_1h_ahead,hourly_ridge_coldstart_v1
2026-03-24 13:00:00+00:00,BNB,-0.0002724096885611,return_1h_ahead,hourly_ridge_coldstart_v1
2026-03-24 14:00:00+00:00,BNB,-0.0007139218633518,return_1h_ahead,hourly_ridge_coldstart_v1
2026-03-24 16:00:00+00:00,BNB,-0.0003621400458622,return_1h_ahead,hourly_ridge_coldstart_v1
2026-03-24 17:00:00+00:00,BNB,-0.0004070576103277,return_1h_ahead,hourly_ridge_coldstart_v1
2026-03-24 19:00:00+00:00,BNB,-0.0003252814166271,return_1h_ahead,hourly_ridge_coldstart_v1
2026-03-24 20:00:00+00:00,BNB,-0.0005279406903716,return_1h_ahead,hourly_ridge_coldstart_v1
2026-03-24 21:00:00+00:00,BNB,-0.0007639246316529,return_1h_ahead,hourly_ridge_coldstart_v1
2026-03-24 22:00:00+00:00,BNB,-0.0002486734428536,return_1h_ahead,hourly_ridge_coldstart_v1
2026-03-24 23:00:00+00:00,BNB,-0.0001586209332724,return_1h_ahead,hourly_ridge_coldstart_v1
2026-03-25 02:00:00+00:00,BNB,-1.621808721237114e-05,return_1h_ahead,hourly_ridge_coldstart_v1
2026-03-25 04:00:00+00:00,BNB,0.0001596447092807,return_1h_ahead,hourly_ridge_coldstart_v1
2026-03-25 06:00:00+00:00,BNB,0.0004024208033633,return_1h_ahead,hourly_ridge_coldstart_v1
2026-03-25 07:00:00+00:00,BNB,0.0003001286838597,return_1h_ahead,hourly_ridge_coldstart_v1
2026-03-25 08:00:00+00:00,BNB,0.0004205834358701,return_1h_ahead,hourly_ridge_coldstart_v1
2026-03-25 09:00:00+00:00,BNB,0.0003727760380887,return_1h_ahead,hourly_ridge_coldstart_v1
2026-03-25 10:00:00+00:00,BNB,-4.855536696989912e-05,return_1h_ahead,hourly_ridge_coldstart_v1
2026-03-25 11:00:00+00:00,BNB,0.000199936999461,return_1h_ahead,hourly_ridge_coldstart_v1
2026-03-25 13:00:00+00:00,BNB,-1.234463060120598e-05,return_1h_ahead,hourly_ridge_coldstart_v1
2026-03-25 15:00:00+00:00,BNB,-0.0001275268842595,return_1h_ahead,hourly_ridge_coldstart_v1
2026-03-25 16:00:00+00:00,BNB,6.751631910349249e-05,return_1h_ahead,hourly_ridge_coldstart_v1
2026-03-25 17:00:00+00:00,BNB,8.884298500887134e-05,return_1h_ahead,hourly_ridge_coldstart_v1
2026-03-25 19:00:00+00:00,BNB,0.0002484045246818,return_1h_ahead,hourly_ridge_coldstart_v1
2026-03-25 20:00:00+00:00,BNB,0.0002912013404687,return_1h_ahead,hourly_ridge_coldstart_v1
2026-03-25 21:00:00+00:00,BNB,0.0003069770459966,return_1h_ahead,hourly_ridge_coldstart_v1
2026-03-25 22:00:00+00:00,BNB,0.0002628679950498,return_1h_ahead,hourly_ridge_coldstart_v1
2026-03-25 23:00:00+00:00,BNB,0.0002104007246496,return_1h_ahead,hourly_ridge_coldstart_v1
2026-03-26 02:00:00+00:00,BNB,-4.209109910051969e-05,return_1h_ahead,hourly_ridge_coldstart_v1
2026-03-26 05:00:00+00:00,BNB,-4.800919119252482e-05,return_1h_ahead,hourly_ridge_coldstart_v1
2026-03-26 07:00:00+00:00,BNB,-0.0007964533396052,return_1h_ahead,hourly_ridge_coldstart_v1
2026-03-26 08:00:00+00:00,BNB,-0.0002925215246754,return_1h_ahead,hourly_ridge_coldstart_v1
2026-03-26 10:00:00+00:00,BNB,-0.0002350816118126,return_1h_ahead,hourly_ridge_coldstart_v1
2026-03-26 11:00:00+00:00,BNB,-7.5376516642506e-05,return_1h_ahead,hourly_ridge_coldstart_v1
2026-03-26 13:00:00+00:00,BNB,-0.0002021819463986,return_1h_ahead,hourly_ridge_coldstart_v1
2026-03-26 15:00:00+00:00,BNB,-0.0003086826683617,return_1h_ahead,hourly_ridge_coldstart_v1
2026-03-26 17:00:00+00:00,BNB,0.0001581803662597,return_1h_ahead,hourly_ridge_coldstart_v1
2026-03-26 19:00:00+00:00,BNB,0.0001861395378392,return_1h_ahead,hourly_ridge_coldstart_v1
2026-03-26 20:00:00+00:00,BNB,4.574021584559271e-05,return_1h_ahead,hourly_ridge_coldstart_v1
2026-03-26 21:00:00+00:00,BNB,-0.000224634980494,return_1h_ahead,hourly_ridge_coldstart_v1
2026-03-26 22:00:00+00:00,BNB,-0.0003772372068535,return_1h_ahead,hourly_ridge_coldstart_v1
2026-03-26 23:00:00+00:00,BNB,-0.0003403301653091,return_1h_ahead,hourly_ridge_coldstart_v1
2026-03-27 02:00:00+00:00,BNB,-0.0001436312863204,return_1h_ahead,hourly_ridge_coldstart_v1
2026-03-27 05:00:00+00:00,BNB,-0.0005517025169611,return_1h_ahead,hourly_ridge_coldstart_v1
2026-03-27 07:00:00+00:00,BNB,9.731688774105629e-05,return_1h_ahead,hourly_ridge_coldstart_v1
2026-03-27 08:00:00+00:00,BNB,-0.0007210031181457,return_1h_ahead,hourly_ridge_coldstart_v1
2026-03-27 09:00:00+00:00,BNB,-0.0004125082347034,return_1h_ahead,hourly_ridge_coldstart_v1
2026-03-27 10:00:00+00:00,BNB,-0.0013059248249423,return_1h_ahead,hourly_ridge_coldstart_v1
2026-03-27 11:00:00+00:00,BNB,-0.0006348344103376,return_1h_ahead,hourly_ridge_coldstart_v1
2026-03-27 13:00:00+00:00,BNB,-0.0007046110618677,return_1h_ahead,hourly_ridge_coldstart_v1
2026-03-27 14:00:00+00:00,BNB,-0.0008582851846992,return_1h_ahead,hourly_ridge_coldstart_v1
2026-03-27 15:00:00+00:00,BNB,-0.0006712270324012,return_1h_ahead,hourly_ridge_coldstart_v1
2026-03-27 16:00:00+00:00,BNB,-0.0010044508957026,return_1h_ahead,hourly_ridge_coldstart_v1
2026-03-27 17:00:00+00:00,BNB,-0.0003668402666614,return_1h_ahead,hourly_ridge_coldstart_v1
2026-03-27 18:00:00+00:00,BNB,-0.0002524475166385,return_1h_ahead,hourly_ridge_coldstart_v1
2026-03-27 19:00:00+00:00,BNB,-0.0003033630382797,return_1h_ahead,hourly_ridge_coldstart_v1
2026-03-27 20:00:00+00:00,BNB,-0.0001592836972147,return_1h_ahead,hourly_ridge_coldstart_v1
2026-03-27 21:00:00+00:00,BNB,0.0002109062296311,return_1h_ahead,hourly_ridge_coldstart_v1
2026-03-27 22:00:00+00:00,BNB,9.811562884601585e-05,return_1h_ahead,hourly_ridge_coldstart_v1
2026-03-27 23:00:00+00:00,BNB,0.000344727714851,return_1h_ahead,hourly_ridge_coldstart_v1
2026-03-28 02:00:00+00:00,BNB,0.0003281307291389,return_1h_ahead,hourly_ridge_coldstart_v1
2026-03-28 04:00:00+00:00,BNB,0.0001963875715334,return_1h_ahead,hourly_ridge_coldstart_v1
2026-03-28 05:00:00+00:00,BNB,0.0003361637688598,return_1h_ahead,hourly_ridge_coldstart_v1
2026-03-28 07:00:00+00:00,BNB,0.0004282644908177,return_1h_ahead,hourly_ridge_coldstart_v1
2026-03-28 08:00:00+00:00,BNB,0.0004197323730327,return_1h_ahead,hourly_ridge_coldstart_v1
2026-03-28 09:00:00+00:00,BNB,0.0003099279699303,return_1h_ahead,hourly_ridge_coldstart_v1
2026-03-28 10:00:00+00:00,BNB,0.0003619536246165,return_1h_ahead,hourly_ridge_coldstart_v1
2026-03-28 11:00:00+00:00,BNB,0.0004571544314553,return_1h_ahead,hourly_ridge_coldstart_v1
2026-03-28 12:00:00+00:00,BNB,0.0004646556734646,return_1h_ahead,hourly_ridge_coldstart_v1
2026-03-28 13:00:00+00:00,BNB,0.0003748578777704,return_1h_ahead,hourly_ridge_coldstart_v1
2026-03-28 14:00:00+00:00,BNB,0.0002248087600818,return_1h_ahead,hourly_ridge_coldstart_v1
2026-03-28 15:00:00+00:00,BNB,0.0004054598544212,return_1h_ahead,hourly_ridge_coldstart_v1
2026-03-28 16:00:00+00:00,BNB,0.0003257774843408,return_1h_ahead,hourly_ridge_coldstart_v1
2026-03-28 17:00:00+00:00,BNB,0.0002052389520288,return_1h_ahead,hourly_ridge_coldstart_v1
2026-03-28 18:00:00+00:00,BNB,0.0002812607554467,return_1h_ahead,hourly_ridge_coldstart_v1
2026-03-28 19:00:00+00:00,BNB,0.0005257434987906,return_1h_ahead,hourly_ridge_coldstart_v1
2026-03-28 20:00:00+00:00,BNB,0.0005577293245106,return_1h_ahead,hourly_ridge_coldstart_v1
2026-03-28 21:00:00+00:00,BNB,0.0005088240299139,return_1h_ahead,hourly_ridge_coldstart_v1
2026-03-28 22:00:00+00:00,BNB,0.000500973489894,return_1h_ahead,hourly_ridge_coldstart_v1
2026-03-28 23:00:00+00:00,BNB,-9.498301506685524e-05,return_1h_ahead,hourly_ridge_coldstart_v1
2026-03-29 02:00:00+00:00,BNB,0.0001408248353501,return_1h_ahead,hourly_ridge_coldstart_v1
2026-03-29 05:00:00+00:00,BNB,4.252025890304277e-05,return_1h_ahead,hourly_ridge_coldstart_v1
2026-03-29 07:00:00+00:00,BNB,0.0001443072469314,return_1h_ahead,hourly_ridge_coldstart_v1
2026-03-29 08:00:00+00:00,BNB,9.42232016625152e-05,return_1h_ahead,hourly_ridge_coldstart_v1
2026-03-29 09:00:00+00:00,BNB,-1.1538794937928916e-05,return_1h_ahead,hourly_ridge_coldstart_v1
2026-03-29 10:00:00+00:00,BNB,0.000371562760677,return_1h_ahead,hourly_ridge_coldstart_v1
2026-03-29 11:00:00+00:00,BNB,0.0004874976093639,return_1h_ahead,hourly_ridge_coldstart_v1
2026-03-29 12:00:00+00:00,BNB,0.000364335343868,return_1h_ahead,hourly_ridge_coldstart_v1
2026-03-29 13:00:00+00:00,BNB,0.0002134670492369,return_1h_ahead,hourly_ridge_coldstart_v1
2026-03-29 14:00:00+00:00,BNB,0.0003631017080979,return_1h_ahead,hourly_ridge_coldstart_v1
2026-03-29 15:00:00+00:00,BNB,0.000179446377261,return_1h_ahead,hourly_ridge_coldstart_v1
2026-03-29 16:00:00+00:00,BNB,0.0002326829895189,return_1h_ahead,hourly_ridge_coldstart_v1
2026-03-29 17:00:00+00:00,BNB,9.285902938719371e-05,return_1h_ahead,hourly_ridge_coldstart_v1
2026-03-29 18:00:00+00:00,BNB,0.0001629335681188,return_1h_ahead,hourly_ridge_coldstart_v1
2026-03-29 19:00:00+00:00,BNB,0.0001515489344275,return_1h_ahead,hourly_ridge_coldstart_v1
2026-03-29 20:00:00+00:00,BNB,0.0001801562277345,return_1h_ahead,hourly_ridge_coldstart_v1
2026-03-29 21:00:00+00:00,BNB,2.968284837284415e-05,return_1h_ahead,hourly_ridge_coldstart_v1
2026-03-29 22:00:00+00:00,BNB,0.0001444817044997,return_1h_ahead,hourly_ridge_coldstart_v1
2026-03-29 23:00:00+00:00,BNB,-4.156841811735993e-05,return_1h_ahead,hourly_ridge_coldstart_v1
2026-03-30 02:00:00+00:00,BNB,-0.0002422347821647,return_1h_ahead,hourly_ridge_coldstart_v1
2026-03-30 05:00:00+00:00,BNB,-0.0004981063908559,return_1h_ahead,hourly_ridge_coldstart_v1
2026-03-30 07:00:00+00:00,BNB,-0.0008011847366048,return_1h_ahead,hourly_ridge_coldstart_v1
2026-03-30 09:00:00+00:00,BNB,-0.0005471568571192,return_1h_ahead,hourly_ridge_coldstart_v1
2026-03-30 11:00:00+00:00,BNB,-0.0006738244770638,return_1h_ahead,hourly_ridge_coldstart_v1
2026-03-30 13:00:00+00:00,BNB,-0.0003090913191981,return_1h_ahead,hourly_ridge_coldstart_v1
2026-03-30 15:00:00+00:00,BNB,-0.0002376197259249,return_1h_ahead,hourly_ridge_coldstart_v1
2026-03-30 16:00:00+00:00,BNB,4.733519634236592e-05,return_1h_ahead,hourly_ridge_coldstart_v1
2026-03-30 17:00:00+00:00,BNB,-1.0711337906856738e-06,return_1h_ahead,hourly_ridge_coldstart_v1
2026-03-30 19:00:00+00:00,BNB,5.105363400423639e-05,return_1h_ahead,hourly_ridge_coldstart_v1
2026-03-30 20:00:00+00:00,BNB,0.0001913915953778,return_1h_ahead,hourly_ridge_coldstart_v1
2026-03-30 21:00:00+00:00,BNB,0.000199546238023,return_1h_ahead,hourly_ridge_coldstart_v1
2026-03-30 22:00:00+00:00,BNB,6.25765818583934e-05,return_1h_ahead,hourly_ridge_coldstart_v1
2026-03-30 23:00:00+00:00,BNB,-9.334987026761958e-05,return_1h_ahead,hourly_ridge_coldstart_v1
2026-03-31 02:00:00+00:00,BNB,-0.0004492103694967,return_1h_ahead,hourly_ridge_coldstart_v1
2026-03-31 05:00:00+00:00,BNB,-0.0013359499242671,return_1h_ahead,hourly_ridge_coldstart_v1
2026-03-31 07:00:00+00:00,BNB,-0.0011301368685111,return_1h_ahead,hourly_ridge_coldstart_v1
2026-03-31 09:00:00+00:00,BNB,-0.0012833801963924,return_1h_ahead,hourly_ridge_coldstart_v1
2026-03-31 10:00:00+00:00,BNB,-0.0015259609032804,return_1h_ahead,hourly_ridge_coldstart_v1
2026-03-31 11:00:00+00:00,BNB,-0.0011905071422948,return_1h_ahead,hourly_ridge_coldstart_v1
2026-03-31 13:00:00+00:00,BNB,-0.0005362801018701,return_1h_ahead,hourly_ridge_coldstart_v1
2026-03-31 15:00:00+00:00,BNB,-0.0004678733883973,return_1h_ahead,hourly_ridge_coldstart_v1
2026-03-31 16:00:00+00:00,BNB,-0.0005246182651365,return_1h_ahead,hourly_ridge_coldstart_v1
2026-03-31 17:00:00+00:00,BNB,-0.0005341416134673,return_1h_ahead,hourly_ridge_coldstart_v1
2026-03-31 19:00:00+00:00,BNB,0.0003776260382032,return_1h_ahead,hourly_ridge_coldstart_v1
2026-03-31 20:00:00+00:00,BNB,0.000303994296841,return_1h_ahead,hourly_ridge_coldstart_v1
2026-03-31 21:00:00+00:00,BNB,0.0002685091341363,return_1h_ahead,hourly_ridge_coldstart_v1
2026-03-31 22:00:00+00:00,BNB,-7.049779174825668e-05,return_1h_ahead,hourly_ridge_coldstart_v1
2026-03-31 23:00:00+00:00,BNB,0.0004551968158958,return_1h_ahead,hourly_ridge_coldstart_v1
2026-04-01 02:00:00+00:00,BNB,0.0001388410912294,return_1h_ahead,hourly_ridge_coldstart_v1
2026-04-01 05:00:00+00:00,BNB,0.0003470691811855,return_1h_ahead,hourly_ridge_coldstart_v1
2026-04-01 07:00:00+00:00,BNB,0.0002449060620827,return_1h_ahead,hourly_ridge_coldstart_v1
2026-04-01 09:00:00+00:00,BNB,-0.0003379760496012,return_1h_ahead,hourly_ridge_coldstart_v1
2026-04-01 10:00:00+00:00,BNB,-0.0001663823399207,return_1h_ahead,hourly_ridge_coldstart_v1
2026-04-01 11:00:00+00:00,BNB,-7.08686356104443e-05,return_1h_ahead,hourly_ridge_coldstart_v1
2026-04-01 13:00:00+00:00,BNB,-1.7199114667559e-05,return_1h_ahead,hourly_ridge_coldstart_v1
2026-04-01 15:00:00+00:00,BNB,-0.0002130613650344,return_1h_ahead,hourly_ridge_coldstart_v1
2026-04-01 16:00:00+00:00,BNB,7.504676114642684e-05,return_1h_ahead,hourly_ridge_coldstart_v1
2026-04-01 17:00:00+00:00,BNB,-8.47322645587091e-05,return_1h_ahead,hourly_ridge_coldstart_v1
2026-04-01 19:00:00+00:00,BNB,-1.7765996259395988e-05,return_1h_ahead,hourly_ridge_coldstart_v1
2026-04-01 20:00:00+00:00,BNB,7.04762599052671e-07,return_1h_ahead,hourly_ridge_coldstart_v1
2026-04-01 21:00:00+00:00,BNB,3.835147248740239e-05,return_1h_ahead,hourly_ridge_coldstart_v1
2026-04-01 22:00:00+00:00,BNB,-0.0004938590615262,return_1h_ahead,hourly_ridge_coldstart_v1
2026-04-01 23:00:00+00:00,BNB,-6.293703560117847e-05,return_1h_ahead,hourly_ridge_coldstart_v1
2026-04-02 02:00:00+00:00,BNB,-0.0011144457288508,return_1h_ahead,hourly_ridge_coldstart_v1
2026-04-02 05:00:00+00:00,BNB,-0.002267986875916,return_1h_ahead,hourly_ridge_coldstart_v1
2026-04-02 07:00:00+00:00,BNB,-0.001609392753889,return_1h_ahead,hourly_ridge_coldstart_v1
2026-04-02 08:00:00+00:00,BNB,-0.001445612924428,return_1h_ahead,hourly_ridge_coldstart_v1
2026-04-02 10:00:00+00:00,BNB,-0.0015981757941983,return_1h_ahead,hourly_ridge_coldstart_v1
2026-04-02 11:00:00+00:00,BNB,-0.0015153655802595,return_1h_ahead,hourly_ridge_coldstart_v1
2026-04-02 13:00:00+00:00,BNB,-0.0016387440128915,return_1h_ahead,hourly_ridge_coldstart_v1
2026-04-02 14:00:00+00:00,BNB,-0.0005544232528067,return_1h_ahead,hourly_ridge_coldstart_v1
2026-04-02 16:00:00+00:00,BNB,-0.0006702722565965,return_1h_ahead,hourly_ridge_coldstart_v1
2026-04-02 17:00:00+00:00,BNB,-0.0009214951831043,return_1h_ahead,hourly_ridge_coldstart_v1
2026-04-02 18:00:00+00:00,BNB,-0.0011946803315183,return_1h_ahead,hourly_ridge_coldstart_v1
2026-04-02 19:00:00+00:00,BNB,-0.0011050925863111,return_1h_ahead,hourly_ridge_coldstart_v1
2026-04-02 20:00:00+00:00,BNB,-0.0002081754646245,return_1h_ahead,hourly_ridge_coldstart_v1
2026-04-02 21:00:00+00:00,BNB,-0.0003350711924163,return_1h_ahead,hourly_ridge_coldstart_v1
2026-04-02 22:00:00+00:00,BNB,-0.0002932629390069,return_1h_ahead,hourly_ridge_coldstart_v1
2026-04-02 23:00:00+00:00,BNB,0.0004983975873743,return_1h_ahead,hourly_ridge_coldstart_v1
2026-04-03 02:00:00+00:00,BNB,0.0005533771868861,return_1h_ahead,hourly_ridge_coldstart_v1
2026-04-03 05:00:00+00:00,BNB,0.0005162057368117,return_1h_ahead,hourly_ridge_coldstart_v1
2026-04-03 07:00:00+00:00,BNB,0.0004058969622438,return_1h_ahead,hourly_ridge_coldstart_v1
2026-04-03 08:00:00+00:00,BNB,0.0002181706115027,return_1h_ahead,hourly_ridge_coldstart_v1
2026-04-03 09:00:00+00:00,BNB,0.0003537768248844,return_1h_ahead,hourly_ridge_coldstart_v1
2026-04-03 10:00:00+00:00,BNB,0.0002900754850369,return_1h_ahead,hourly_ridge_coldstart_v1
2026-04-03 11:00:00+00:00,BNB,0.0003802878041384,return_1h_ahead,hourly_ridge_coldstart_v1
2026-04-03 13:00:00+00:00,BNB,6.911882382131261e-05,return_1h_ahead,hourly_ridge_coldstart_v1
2026-04-03 14:00:00+00:00,BNB,0.0001782233496012,return_1h_ahead,hourly_ridge_coldstart_v1
2026-04-03 15:00:00+00:00,BNB,7.180017197706536e-05,return_1h_ahead,hourly_ridge_coldstart_v1
2026-04-03 16:00:00+00:00,BNB,0.0001597639233578,return_1h_ahead,hourly_ridge_coldstart_v1
2026-04-03 17:00:00+00:00,BNB,0.0001162905956988,return_1h_ahead,hourly_ridge_coldstart_v1
2026-04-03 18:00:00+00:00,BNB,0.000221382287253,return_1h_ahead,hourly_ridge_coldstart_v1
2026-04-03 19:00:00+00:00,BNB,0.0004226360927154,return_1h_ahead,hourly_ridge_coldstart_v1
2026-04-03 20:00:00+00:00,BNB,0.0006204460567465,return_1h_ahead,hourly_ridge_coldstart_v1
2026-04-03 21:00:00+00:00,BNB,0.0005289941801718,return_1h_ahead,hourly_ridge_coldstart_v1
2026-04-03 22:00:00+00:00,BNB,0.0006057800622177,return_1h_ahead,hourly_ridge_coldstart_v1
2026-04-03 23:00:00+00:00,BNB,0.0006428541249417,return_1h_ahead,hourly_ridge_coldstart_v1
2026-04-04 02:00:00+00:00,BNB,0.000643907871387,return_1h_ahead,hourly_ridge_coldstart_v1
2026-04-04 04:00:00+00:00,BNB,0.0006472368624339,return_1h_ahead,hourly_ridge_coldstart_v1
2026-04-04 05:00:00+00:00,BNB,0.000678505450807,return_1h_ahead,hourly_ridge_coldstart_v1
2026-04-04 07:00:00+00:00,BNB,0.0006508257952138,return_1h_ahead,hourly_ridge_coldstart_v1
2026-04-04 08:00:00+00:00,BNB,0.0004733849352494,return_1h_ahead,hourly_ridge_coldstart_v1
2026-04-04 09:00:00+00:00,BNB,0.0004358292475747,return_1h_ahead,hourly_ridge_coldstart_v1
2026-04-04 10:00:00+00:00,BNB,0.0004383682440551,return_1h_ahead,hourly_ridge_coldstart_v1
2026-04-04 11:00:00+00:00,BNB,0.0004798230849269,return_1h_ahead,hourly_ridge_coldstart_v1
2026-04-04 12:00:00+00:00,BNB,0.000480105659016,return_1h_ahead,hourly_ridge_coldstart_v1
2026-04-04 13:00:00+00:00,BNB,0.0007019154126336,return_1h_ahead,hourly_ridge_coldstart_v1
2026-04-04 14:00:00+00:00,BNB,0.0007284990054254,return_1h_ahead,hourly_ridge_coldstart_v1
2026-04-04 15:00:00+00:00,BNB,0.0007590338518904,return_1h_ahead,hourly_ridge_coldstart_v1
2026-04-04 16:00:00+00:00,BNB,0.0007182487268447,return_1h_ahead,hourly_ridge_coldstart_v1
2026-04-04 17:00:00+00:00,BNB,0.0006413685967113,return_1h_ahead,hourly_ridge_coldstart_v1
2026-04-04 18:00:00+00:00,BNB,0.000689809994298,return_1h_ahead,hourly_ridge_coldstart_v1
2026-04-04 19:00:00+00:00,BNB,0.000703893357092,return_1h_ahead,hourly_ridge_coldstart_v1
2026-04-04 20:00:00+00:00,BNB,0.0004159735289967,return_1h_ahead,hourly_ridge_coldstart_v1
2026-04-04 21:00:00+00:00,BNB,0.0005313643916373,return_1h_ahead,hourly_ridge_coldstart_v1
2026-04-04 22:00:00+00:00,BNB,0.0005069718956506,return_1h_ahead,hourly_ridge_coldstart_v1
2026-04-04 23:00:00+00:00,BNB,0.0003897517768806,return_1h_ahead,hourly_ridge_coldstart_v1
2026-04-05 02:00:00+00:00,BNB,0.0003580667053604,return_1h_ahead,hourly_ridge_coldstart_v1
2026-04-05 05:00:00+00:00,BNB,0.0004927270138092258,return_1h_ahead,hourly_ridge_coldstart_v1
2026-01-03 16:00:00+00:00,BTC,0.0005947083592517,return_1h_ahead,hourly_ridge_coldstart_v1
2026-01-03 17:00:00+00:00,BTC,0.0006548413108133,return_1h_ahead,hourly_ridge_coldstart_v1
2026-01-03 18:00:00+00:00,BTC,0.0006503622250802,return_1h_ahead,hourly_ridge_coldstart_v1
2026-01-03 19:00:00+00:00,BTC,0.0006601291902733,return_1h_ahead,hourly_ridge_coldstart_v1
2026-01-03 20:00:00+00:00,BTC,0.0006941882899969,return_1h_ahead,hourly_ridge_coldstart_v1
2026-01-03 21:00:00+00:00,BTC,0.000615730750612,return_1h_ahead,hourly_ridge_coldstart_v1
2026-01-03 22:00:00+00:00,BTC,0.0005703589799428,return_1h_ahead,hourly_ridge_coldstart_v1
2026-01-03 23:00:00+00:00,BTC,0.0005032206461271,return_1h_ahead,hourly_ridge_coldstart_v1
2026-01-04 01:00:00+00:00,BTC,0.0005055496401348,return_1h_ahead,hourly_ridge_coldstart_v1
2026-01-04 03:00:00+00:00,BTC,0.0005399478042719,return_1h_ahead,hourly_ridge_coldstart_v1
2026-01-04 04:00:00+00:00,BTC,0.0006184653665355,return_1h_ahead,hourly_ridge_coldstart_v1
2026-01-04 05:00:00+00:00,BTC,0.0004250132466192,return_1h_ahead,hourly_ridge_coldstart_v1
2026-01-04 06:00:00+00:00,BTC,0.0004888917168552,return_1h_ahead,hourly_ridge_coldstart_v1
2026-01-04 07:00:00+00:00,BTC,0.0001663801537584,return_1h_ahead,hourly_ridge_coldstart_v1
2026-01-04 08:00:00+00:00,BTC,0.0003144023837091,return_1h_ahead,hourly_ridge_coldstart_v1
2026-01-04 09:00:00+00:00,BTC,0.0004531377118538,return_1h_ahead,hourly_ridge_coldstart_v1
2026-01-04 10:00:00+00:00,BTC,0.0004915670650011,return_1h_ahead,hourly_ridge_coldstart_v1
2026-01-04 11:00:00+00:00,BTC,0.0003899534265877,return_1h_ahead,hourly_ridge_coldstart_v1
2026-01-04 12:00:00+00:00,BTC,0.0004068576305662,return_1h_ahead,hourly_ridge_coldstart_v1
2026-01-04 13:00:00+00:00,BTC,0.0005285179645834,return_1h_ahead,hourly_ridge_coldstart_v1
2026-01-04 14:00:00+00:00,BTC,0.0005644523477206,return_1h_ahead,hourly_ridge_coldstart_v1
2026-01-04 15:00:00+00:00,BTC,0.0005506969285948,return_1h_ahead,hourly_ridge_coldstart_v1
2026-01-04 16:00:00+00:00,BTC,0.0006069974089009,return_1h_ahead,hourly_ridge_coldstart_v1
2026-01-04 17:00:00+00:00,BTC,0.0006244798205761,return_1h_ahead,hourly_ridge_coldstart_v1
2026-01-04 18:00:00+00:00,BTC,0.00055443922604,return_1h_ahead,hourly_ridge_coldstart_v1
2026-01-04 19:00:00+00:00,BTC,0.0005043627487352,return_1h_ahead,hourly_ridge_coldstart_v1
2026-01-04 20:00:00+00:00,BTC,0.0005557030896702,return_1h_ahead,hourly_ridge_coldstart_v1
2026-01-04 21:00:00+00:00,BTC,0.0004897749759073,return_1h_ahead,hourly_ridge_coldstart_v1
2026-01-04 22:00:00+00:00,BTC,0.000393799515362,return_1h_ahead,hourly_ridge_coldstart_v1
2026-01-04 23:00:00+00:00,BTC,0.0004545965890876,return_1h_ahead,hourly_ridge_coldstart_v1
2026-01-05 01:00:00+00:00,BTC,-0.0004427376986108,return_1h_ahead,hourly_ridge_coldstart_v1
2026-01-05 03:00:00+00:00,BTC,-0.0011035908580229,return_1h_ahead,hourly_ridge_coldstart_v1
2026-01-05 04:00:00+00:00,BTC,-0.0012904734228441,return_1h_ahead,hourly_ridge_coldstart_v1
2026-01-05 05:00:00+00:00,BTC,-0.0011690889149775,return_1h_ahead,hourly_ridge_coldstart_v1
2026-01-05 06:00:00+00:00,BTC,-0.0013454183827398,return_1h_ahead,hourly_ridge_coldstart_v1
2026-01-05 07:00:00+00:00,BTC,-0.0011533486590289,return_1h_ahead,hourly_ridge_coldstart_v1
2026-01-05 08:00:00+00:00,BTC,0.0002905678822254,return_1h_ahead,hourly_ridge_coldstart_v1
2026-01-05 09:00:00+00:00,BTC,0.0002101802484558,return_1h_ahead,hourly_ridge_coldstart_v1
2026-01-05 10:00:00+00:00,BTC,0.0003699187784966,return_1h_ahead,hourly_ridge_coldstart_v1
2026-01-05 11:00:00+00:00,BTC,0.0002811494457768,return_1h_ahead,hourly_ridge_coldstart_v1
2026-01-05 12:00:00+00:00,BTC,0.0003753110332715,return_1h_ahead,hourly_ridge_coldstart_v1
2026-01-05 13:00:00+00:00,BTC,0.0003862768207871,return_1h_ahead,hourly_ridge_coldstart_v1
2026-01-05 14:00:00+00:00,BTC,0.0004781830945278,return_1h_ahead,hourly_ridge_coldstart_v1
2026-01-05 15:00:00+00:00,BTC,0.000368796865139,return_1h_ahead,hourly_ridge_coldstart_v1
2026-01-05 16:00:00+00:00,BTC,0.0002457707287481,return_1h_ahead,hourly_ridge_coldstart_v1
2026-01-05 17:00:00+00:00,BTC,-0.0001840765273034,return_1h_ahead,hourly_ridge_coldstart_v1
2026-01-05 18:00:00+00:00,BTC,6.405271877276731e-05,return_1h_ahead,hourly_ridge_coldstart_v1
2026-01-05 19:00:00+00:00,BTC,9.915764547319128e-05,return_1h_ahead,hourly_ridge_coldstart_v1
2026-01-05 20:00:00+00:00,BTC,3.474095788017826e-05,return_1h_ahead,hourly_ridge_coldstart_v1
2026-01-05 21:00:00+00:00,BTC,-0.00030418932343,return_1h_ahead,hourly_ridge_coldstart_v1
2026-01-05 22:00:00+00:00,BTC,9.729018897908454e-06,return_1h_ahead,hourly_ridge_coldstart_v1
2026-01-05 23:00:00+00:00,BTC,-0.0001164975199263,return_1h_ahead,hourly_ridge_coldstart_v1
2026-01-06 01:00:00+00:00,BTC,9.846913806788988e-05,return_1h_ahead,hourly_ridge_coldstart_v1
2026-01-06 03:00:00+00:00,BTC,0.0002683377782952,return_1h_ahead,hourly_ridge_coldstart_v1
2026-01-06 04:00:00+00:00,BTC,0.0003264936377289,return_1h_ahead,hourly_ridge_coldstart_v1
2026-01-06 05:00:00+00:00,BTC,0.0004175183618003,return_1h_ahead,hourly_ridge_coldstart_v1
2026-01-06 06:00:00+00:00,BTC,0.0005961781542232,return_1h_ahead,hourly_ridge_coldstart_v1
2026-01-06 07:00:00+00:00,BTC,0.000207094820254,return_1h_ahead,hourly_ridge_coldstart_v1
2026-01-06 08:00:00+00:00,BTC,0.0003421754860744,return_1h_ahead,hourly_ridge_coldstart_v1
2026-01-06 09:00:00+00:00,BTC,0.0003427062261121,return_1h_ahead,hourly_ridge_coldstart_v1
2026-01-06 10:00:00+00:00,BTC,0.0002922631475031,return_1h_ahead,hourly_ridge_coldstart_v1
2026-01-06 11:00:00+00:00,BTC,0.0002943726679969,return_1h_ahead,hourly_ridge_coldstart_v1
2026-01-06 12:00:00+00:00,BTC,0.0002656809064751,return_1h_ahead,hourly_ridge_coldstart_v1
2026-01-06 13:00:00+00:00,BTC,0.0005416060085089,return_1h_ahead,hourly_ridge_coldstart_v1
2026-01-06 14:00:00+00:00,BTC,0.0004331658188746,return_1h_ahead,hourly_ridge_coldstart_v1
2026-01-06 15:00:00+00:00,BTC,1.0289012651857829e-05,return_1h_ahead,hourly_ridge_coldstart_v1
2026-01-06 16:00:00+00:00,BTC,-0.0010806470333119,return_1h_ahead,hourly_ridge_coldstart_v1
2026-01-06 17:00:00+00:00,BTC,-0.000825310036763,return_1h_ahead,hourly_ridge_coldstart_v1
2026-01-06 18:00:00+00:00,BTC,-0.0008950550071832,return_1h_ahead,hourly_ridge_coldstart_v1
2026-01-06 19:00:00+00:00,BTC,-0.0007081142875864,return_1h_ahead,hourly_ridge_coldstart_v1
2026-01-06 20:00:00+00:00,BTC,-0.0004484164908303,return_1h_ahead,hourly_ridge_coldstart_v1
2026-01-06 21:00:00+00:00,BTC,-0.0008861996837203,return_1h_ahead,hourly_ridge_coldstart_v1
2026-01-06 22:00:00+00:00,BTC,-0.0012456411293818,return_1h_ahead,hourly_ridge_coldstart_v1
2026-01-06 23:00:00+00:00,BTC,-0.0008165058975432,return_1h_ahead,hourly_ridge_coldstart_v1
2026-01-07 01:00:00+00:00,BTC,-0.0016001329640204,return_1h_ahead,hourly_ridge_coldstart_v1
2026-01-07 03:00:00+00:00,BTC,-0.0011522459077166,return_1h_ahead,hourly_ridge_coldstart_v1
2026-01-07 04:00:00+00:00,BTC,-0.0013345345713327,return_1h_ahead,hourly_ridge_coldstart_v1
2026-01-07 05:00:00+00:00,BTC,-0.0006490299570678,return_1h_ahead,hourly_ridge_coldstart_v1
2026-01-07 06:00:00+00:00,BTC,-0.0005014826862288,return_1h_ahead,hourly_ridge_coldstart_v1
2026-01-07 07:00:00+00:00,BTC,-0.000381243205788,return_1h_ahead,hourly_ridge_coldstart_v1
2026-01-07 08:00:00+00:00,BTC,0.0004461908437604,return_1h_ahead,hourly_ridge_coldstart_v1
2026-01-07 09:00:00+00:00,BTC,-0.0004358013869713,return_1h_ahead,hourly_ridge_coldstart_v1
2026-01-07 10:00:00+00:00,BTC,-0.0002082704843673,return_1h_ahead,hourly_ridge_coldstart_v1
2026-01-07 11:00:00+00:00,BTC,-0.000128399265973,return_1h_ahead,hourly_ridge_coldstart_v1
2026-01-07 12:00:00+00:00,BTC,-0.0002370467446813,return_1h_ahead,hourly_ridge_coldstart_v1
2026-01-07 13:00:00+00:00,BTC,-0.000203954308613,return_1h_ahead,hourly_ridge_coldstart_v1
2026-01-07 14:00:00+00:00,BTC,-0.0004661356796089,return_1h_ahead,hourly_ridge_coldstart_v1
2026-01-07 15:00:00+00:00,BTC,-4.131887409221944e-08,return_1h_ahead,hourly_ridge_coldstart_v1
2026-01-07 16:00:00+00:00,BTC,9.952091347573296e-05,return_1h_ahead,hourly_ridge_coldstart_v1
2026-01-07 17:00:00+00:00,BTC,0.0001354409916065,return_1h_ahead,hourly_ridge_coldstart_v1
2026-01-07 18:00:00+00:00,BTC,9.706777219272176e-05,return_1h_ahead,hourly_ridge_coldstart_v1
2026-01-07 19:00:00+00:00,BTC,-0.000159109189203,return_1h_ahead,hourly_ridge_coldstart_v1
2026-01-07 20:00:00+00:00,BTC,0.0001388944229015,return_1h_ahead,hourly_ridge_coldstart_v1
2026-01-07 21:00:00+00:00,BTC,0.0001237494108856,return_1h_ahead,hourly_ridge_coldstart_v1
2026-01-07 22:00:00+00:00,BTC,-1.1926977263659476e-05,return_1h_ahead,hourly_ridge_coldstart_v1
2026-01-07 23:00:00+00:00,BTC,3.945296606236884e-05,return_1h_ahead,hourly_ridge_coldstart_v1
2026-01-08 01:00:00+00:00,BTC,-6.75066701240609e-05,return_1h_ahead,hourly_ridge_coldstart_v1
2026-01-08 03:00:00+00:00,BTC,-4.698883838002657e-05,return_1h_ahead,hourly_ridge_coldstart_v1
2026-01-08 04:00:00+00:00,BTC,9.280943853954312e-05,return_1h_ahead,hourly_ridge_coldstart_v1
2026-01-08 05:00:00+00:00,BTC,0.0002310899296005,return_1h_ahead,hourly_ridge_coldstart_v1
2026-01-08 06:00:00+00:00,BTC,-0.0005794225522708,return_1h_ahead,hourly_ridge_coldstart_v1
2026-01-08 07:00:00+00:00,BTC,-0.0001486928875859,return_1h_ahead,hourly_ridge_coldstart_v1
2026-01-08 08:00:00+00:00,BTC,-0.0002080135585587,return_1h_ahead,hourly_ridge_coldstart_v1
2026-01-08 09:00:00+00:00,BTC,-0.0006935880541892,return_1h_ahead,hourly_ridge_coldstart_v1
2026-01-08 10:00:00+00:00,BTC,-0.0004680023869678,return_1h_ahead,hourly_ridge_coldstart_v1
2026-01-08 11:00:00+00:00,BTC,-0.000478588120805,return_1h_ahead,hourly_ridge_coldstart_v1
2026-01-08 12:00:00+00:00,BTC,-0.000215051314609,return_1h_ahead,hourly_ridge_coldstart_v1
2026-01-08 13:00:00+00:00,BTC,-0.0001411670042044,return_1h_ahead,hourly_ridge_coldstart_v1
2026-01-08 14:00:00+00:00,BTC,0.0001381926520675,return_1h_ahead,hourly_ridge_coldstart_v1
2026-01-08 15:00:00+00:00,BTC,0.0001762645937512,return_1h_ahead,hourly_ridge_coldstart_v1
2026-01-08 16:00:00+00:00,BTC,-5.268745253982554e-05,return_1h_ahead,hourly_ridge_coldstart_v1
2026-01-08 17:00:00+00:00,BTC,-8.60481219441524e-06,return_1h_ahead,hourly_ridge_coldstart_v1
2026-01-08 18:00:00+00:00,BTC,1.8212061036530466e-05,return_1h_ahead,hourly_ridge_coldstart_v1
2026-01-08 19:00:00+00:00,BTC,-0.0002083350815548,return_1h_ahead,hourly_ridge_coldstart_v1
2026-01-08 20:00:00+00:00,BTC,-0.0003502353323957,return_1h_ahead,hourly_ridge_coldstart_v1
2026-01-08 21:00:00+00:00,BTC,0.000152670183011,return_1h_ahead,hourly_ridge_coldstart_v1
2026-01-08 22:00:00+00:00,BTC,9.297932304282028e-05,return_1h_ahead,hourly_ridge_coldstart_v1
2026-01-08 23:00:00+00:00,BTC,7.946316759188118e-05,return_1h_ahead,hourly_ridge_coldstart_v1
2026-01-09 01:00:00+00:00,BTC,-0.0001115291514337,return_1h_ahead,hourly_ridge_coldstart_v1
2026-01-09 03:00:00+00:00,BTC,7.512069332509067e-05,return_1h_ahead,hourly_ridge_coldstart_v1
2026-01-09 04:00:00+00:00,BTC,-3.14905975553011e-05,return_1h_ahead,hourly_ridge_coldstart_v1
2026-01-09 05:00:00+00:00,BTC,0.0001851208354885,return_1h_ahead,hourly_ridge_coldstart_v1
2026-01-09 06:00:00+00:00,BTC,0.0003019252744633,return_1h_ahead,hourly_ridge_coldstart_v1
2026-01-09 07:00:00+00:00,BTC,0.0002863690237003,return_1h_ahead,hourly_ridge_coldstart_v1
2026-01-09 08:00:00+00:00,BTC,0.0001719812668412,return_1h_ahead,hourly_ridge_coldstart_v1
2026-01-09 09:00:00+00:00,BTC,0.0002648965992954,return_1h_ahead,hourly_ridge_coldstart_v1
2026-01-09 10:00:00+00:00,BTC,0.0003631730384187,return_1h_ahead,hourly_ridge_coldstart_v1
2026-01-09 11:00:00+00:00,BTC,0.0003166278515303,return_1h_ahead,hourly_ridge_coldstart_v1
2026-01-09 12:00:00+00:00,BTC,0.00021860205923,return_1h_ahead,hourly_ridge_coldstart_v1
2026-01-09 13:00:00+00:00,BTC,0.0002317220244671,return_1h_ahead,hourly_ridge_coldstart_v1
2026-01-09 14:00:00+00:00,BTC,3.975854932365648e-05,return_1h_ahead,hourly_ridge_coldstart_v1
2026-01-09 15:00:00+00:00,BTC,0.0003028792711711,return_1h_ahead,hourly_ridge_coldstart_v1
2026-01-09 16:00:00+00:00,BTC,0.0001277273110827,return_1h_ahead,hourly_ridge_coldstart_v1
2026-01-09 17:00:00+00:00,BTC,-0.0003289944108874,return_1h_ahead,hourly_ridge_coldstart_v1
2026-01-09 18:00:00+00:00,BTC,-0.0006985383705208,return_1h_ahead,hourly_ridge_coldstart_v1
2026-01-09 19:00:00+00:00,BTC,-0.0004476884273082,return_1h_ahead,hourly_ridge_coldstart_v1
2026-01-09 20:00:00+00:00,BTC,-0.0003657141262966,return_1h_ahead,hourly_ridge_coldstart_v1
2026-01-09 21:00:00+00:00,BTC,-0.0003645729453096,return_1h_ahead,hourly_ridge_coldstart_v1
2026-01-09 22:00:00+00:00,BTC,0.0002148406236915,return_1h_ahead,hourly_ridge_coldstart_v1
2026-01-09 23:00:00+00:00,BTC,0.0001713961030954,return_1h_ahead,hourly_ridge_coldstart_v1
2026-01-10 01:00:00+00:00,BTC,0.0005196845632338,return_1h_ahead,hourly_ridge_coldstart_v1
2026-01-10 03:00:00+00:00,BTC,0.0005033878766481,return_1h_ahead,hourly_ridge_coldstart_v1
2026-01-10 04:00:00+00:00,BTC,0.00047920581649,return_1h_ahead,hourly_ridge_coldstart_v1
2026-01-10 05:00:00+00:00,BTC,0.0005162496624249,return_1h_ahead,hourly_ridge_coldstart_v1
2026-01-10 06:00:00+00:00,BTC,0.0005166622953136,return_1h_ahead,hourly_ridge_coldstart_v1
2026-01-10 07:00:00+00:00,BTC,0.0007667540407289,return_1h_ahead,hourly_ridge_coldstart_v1
2026-01-10 08:00:00+00:00,BTC,0.0007278129347428,return_1h_ahead,hourly_ridge_coldstart_v1
2026-01-10 09:00:00+00:00,BTC,0.0006930006064874,return_1h_ahead,hourly_ridge_coldstart_v1
2026-01-10 10:00:00+00:00,BTC,0.0007496270627425,return_1h_ahead,hourly_ridge_coldstart_v1
2026-01-10 11:00:00+00:00,BTC,0.0007242863600081,return_1h_ahead,hourly_ridge_coldstart_v1
2026-01-10 12:00:00+00:00,BTC,0.000629232549375,return_1h_ahead,hourly_ridge_coldstart_v1
2026-01-10 13:00:00+00:00,BTC,0.0006719882924627,return_1h_ahead,hourly_ridge_coldstart_v1
2026-01-10 14:00:00+00:00,BTC,0.0005785572937664,return_1h_ahead,hourly_ridge_coldstart_v1
2026-01-10 15:00:00+00:00,BTC,0.0006356807963998,return_1h_ahead,hourly_ridge_coldstart_v1
2026-01-10 16:00:00+00:00,BTC,0.0006863065502129,return_1h_ahead,hourly_ridge_coldstart_v1
2026-01-10 17:00:00+00:00,BTC,0.0006853730895513,return_1h_ahead,hourly_ridge_coldstart_v1
2026-01-10 18:00:00+00:00,BTC,0.0005559701562572,return_1h_ahead,hourly_ridge_coldstart_v1
2026-01-10 19:00:00+00:00,BTC,0.000622382727579,return_1h_ahead,hourly_ridge_coldstart_v1
2026-01-10 20:00:00+00:00,BTC,0.0006691357646399,return_1h_ahead,hourly_ridge_coldstart_v1
2026-01-10 21:00:00+00:00,BTC,0.0005729293024805,return_1h_ahead,hourly_ridge_coldstart_v1
2026-01-10 22:00:00+00:00,BTC,0.000575196655885,return_1h_ahead,hourly_ridge_coldstart_v1
2026-01-10 23:00:00+00:00,BTC,0.0006301276804579,return_1h_ahead,hourly_ridge_coldstart_v1
2026-01-11 01:00:00+00:00,BTC,0.0006638327655743,return_1h_ahead,hourly_ridge_coldstart_v1
2026-01-11 03:00:00+00:00,BTC,0.0006482030184607,return_1h_ahead,hourly_ridge_coldstart_v1
2026-01-11 04:00:00+00:00,BTC,0.0006312895704985,return_1h_ahead,hourly_ridge_coldstart_v1
2026-01-11 05:00:00+00:00,BTC,0.0006709883980271,return_1h_ahead,hourly_ridge_coldstart_v1
2026-01-11 06:00:00+00:00,BTC,0.00066881725306,return_1h_ahead,hourly_ridge_coldstart_v1
2026-01-11 07:00:00+00:00,BTC,0.000709125453476,return_1h_ahead,hourly_ridge_coldstart_v1
2026-01-11 08:00:00+00:00,BTC,0.0007326652239538,return_1h_ahead,hourly_ridge_coldstart_v1
2026-01-11 09:00:00+00:00,BTC,0.0007703492518847,return_1h_ahead,hourly_ridge_coldstart_v1
2026-01-11 10:00:00+00:00,BTC,0.0007087707623495,return_1h_ahead,hourly_ridge_coldstart_v1
2026-01-11 11:00:00+00:00,BTC,0.0007310067614671,return_1h_ahead,hourly_ridge_coldstart_v1
2026-01-11 12:00:00+00:00,BTC,0.0007350785744459,return_1h_ahead,hourly_ridge_coldstart_v1
2026-01-11 13:00:00+00:00,BTC,0.0006963537360128,return_1h_ahead,hourly_ridge_coldstart_v1
2026-01-11 14:00:00+00:00,BTC,0.0006997643170421,return_1h_ahead,hourly_ridge_coldstart_v1
2026-01-11 15:00:00+00:00,BTC,0.0006924368438552,return_1h_ahead,hourly_ridge_coldstart_v1
2026-01-11 16:00:00+00:00,BTC,0.0007407998393891,return_1h_ahead,hourly_ridge_coldstart_v1
2026-01-11 17:00:00+00:00,BTC,0.0007531643932191,return_1h_ahead,hourly_ridge_coldstart_v1
2026-01-11 18:00:00+00:00,BTC,0.0006932048172283,return_1h_ahead,hourly_ridge_coldstart_v1
2026-01-11 19:00:00+00:00,BTC,0.0007400000274625,return_1h_ahead,hourly_ridge_coldstart_v1
2026-01-11 20:00:00+00:00,BTC,0.0002702291710961,return_1h_ahead,hourly_ridge_coldstart_v1
2026-01-11 21:00:00+00:00,BTC,0.0003958464318975,return_1h_ahead,hourly_ridge_coldstart_v1
2026-01-11 22:00:00+00:00,BTC,0.0002724356822111,return_1h_ahead,hourly_ridge_coldstart_v1
2026-01-11 23:00:00+00:00,BTC,0.0002797688611037,return_1h_ahead,hourly_ridge_coldstart_v1
2026-01-12 01:00:00+00:00,BTC,0.0001440056954446,return_1h_ahead,hourly_ridge_coldstart_v1
2026-01-12 03:00:00+00:00,BTC,3.236042297410756e-05,return_1h_ahead,hourly_ridge_coldstart_v1
2026-01-12 04:00:00+00:00,BTC,0.0002930129000593,return_1h_ahead,hourly_ridge_coldstart_v1
2026-01-12 05:00:00+00:00,BTC,9.836622161164516e-05,return_1h_ahead,hourly_ridge_coldstart_v1
2026-01-12 06:00:00+00:00,BTC,-0.0001585083275073,return_1h_ahead,hourly_ridge_coldstart_v1
2026-01-12 07:00:00+00:00,BTC,-0.0001350295419771,return_1h_ahead,hourly_ridge_coldstart_v1
2026-01-12 08:00:00+00:00,BTC,-0.000254892445184,return_1h_ahead,hourly_ridge_coldstart_v1
2026-01-12 09:00:00+00:00,BTC,-4.481452013989303e-05,return_1h_ahead,hourly_ridge_coldstart_v1
2026-01-12 10:00:00+00:00,BTC,0.0003137262864813,return_1h_ahead,hourly_ridge_coldstart_v1
2026-01-12 11:00:00+00:00,BTC,0.0003925790086488,return_1h_ahead,hourly_ridge_coldstart_v1
2026-01-12 12:00:00+00:00,BTC,0.0002768659141213,return_1h_ahead,hourly_ridge_coldstart_v1
2026-01-12 13:00:00+00:00,BTC,0.0001966872821579,return_1h_ahead,hourly_ridge_coldstart_v1
2026-01-12 14:00:00+00:00,BTC,-3.6597339760910624e-05,return_1h_ahead,hourly_ridge_coldstart_v1
2026-01-12 15:00:00+00:00,BTC,-0.0002044762842377,return_1h_ahead,hourly_ridge_coldstart_v1
2026-01-12 16:00:00+00:00,BTC,-0.0003768607404812,return_1h_ahead,hourly_ridge_coldstart_v1
2026-01-12 17:00:00+00:00,BTC,-0.000631139571118,return_1h_ahead,hourly_ridge_coldstart_v1
2026-01-12 18:00:00+00:00,BTC,-0.0007213597415444,return_1h_ahead,hourly_ridge_coldstart_v1
2026-01-12 19:00:00+00:00,BTC,-0.0006670174929067,return_1h_ahead,hourly_ridge_coldstart_v1
2026-01-12 20:00:00+00:00,BTC,-0.0004301601695447,return_1h_ahead,hourly_ridge_coldstart_v1
2026-01-12 21:00:00+00:00,BTC,-0.0001802984962854,return_1h_ahead,hourly_ridge_coldstart_v1
2026-01-12 22:00:00+00:00,BTC,0.0004752362845435,return_1h_ahead,hourly_ridge_coldstart_v1
2026-01-12 23:00:00+00:00,BTC,0.0004801197097599,return_1h_ahead,hourly_ridge_coldstart_v1
2026-01-13 01:00:00+00:00,BTC,0.0005081787227642,return_1h_ahead,hourly_ridge_coldstart_v1
2026-01-13 03:00:00+00:00,BTC,0.000420859577786,return_1h_ahead,hourly_ridge_coldstart_v1
2026-01-13 04:00:00+00:00,BTC,0.0003123335653947,return_1h_ahead,hourly_ridge_coldstart_v1
2026-01-13 05:00:00+00:00,BTC,0.0001707910539118,return_1h_ahead,hourly_ridge_coldstart_v1
2026-01-13 06:00:00+00:00,BTC,-0.000179874070828,return_1h_ahead,hourly_ridge_coldstart_v1
2026-01-13 07:00:00+00:00,BTC,-5.5980281060530063e-05,return_1h_ahead,hourly_ridge_coldstart_v1
2026-01-13 08:00:00+00:00,BTC,-6.344430865221328e-05,return_1h_ahead,hourly_ridge_coldstart_v1
2026-01-13 09:00:00+00:00,BTC,4.070244887391844e-05,return_1h_ahead,hourly_ridge_coldstart_v1
2026-01-13 10:00:00+00:00,BTC,-0.0003422233330016,return_1h_ahead,hourly_ridge_coldstart_v1
2026-01-13 11:00:00+00:00,BTC,0.0001112564932619,return_1h_ahead,hourly_ridge_coldstart_v1
2026-01-13 12:00:00+00:00,BTC,0.0001270029323883,return_1h_ahead,hourly_ridge_coldstart_v1
2026-01-13 13:00:00+00:00,BTC,0.0001495491810692,return_1h_ahead,hourly_ridge_coldstart_v1
2026-01-13 14:00:00+00:00,BTC,0.0001861349472323,return_1h_ahead,hourly_ridge_coldstart_v1
2026-01-13 15:00:00+00:00,BTC,0.0005333018525845,return_1h_ahead,hourly_ridge_coldstart_v1
2026-01-13 16:00:00+00:00,BTC,0.0002069230179238,return_1h_ahead,hourly_ridge_coldstart_v1
2026-01-13 17:00:00+00:00,BTC,-3.48114876367322e-05,return_1h_ahead,hourly_ridge_coldstart_v1
2026-01-13 18:00:00+00:00,BTC,6.029869273990111e-05,return_1h_ahead,hourly_ridge_coldstart_v1
2026-01-13 19:00:00+00:00,BTC,8.411611358269562e-06,return_1h_ahead,hourly_ridge_coldstart_v1
2026-01-13 20:00:00+00:00,BTC,0.0001149587292023,return_1h_ahead,hourly_ridge_coldstart_v1
2026-01-13 21:00:00+00:00,BTC,-0.0002527246321919,return_1h_ahead,hourly_ridge_coldstart_v1
2026-01-13 22:00:00+00:00,BTC,4.752979969409207e-05,return_1h_ahead,hourly_ridge_coldstart_v1
2026-01-13 23:00:00+00:00,BTC,-0.0001941675776251,return_1h_ahead,hourly_ridge_coldstart_v1
2026-01-14 01:00:00+00:00,BTC,-0.0006666159495943,return_1h_ahead,hourly_ridge_coldstart_v1
2026-01-14 03:00:00+00:00,BTC,-0.0003921917007276,return_1h_ahead,hourly_ridge_coldstart_v1
2026-01-14 04:00:00+00:00,BTC,-0.0004871890603825,return_1h_ahead,hourly_ridge_coldstart_v1
2026-01-14 05:00:00+00:00,BTC,-0.0005619443542251,return_1h_ahead,hourly_ridge_coldstart_v1
2026-01-14 06:00:00+00:00,BTC,-5.360071317982108e-06,return_1h_ahead,hourly_ridge_coldstart_v1
2026-01-14 07:00:00+00:00,BTC,0.0001265402255533,return_1h_ahead,hourly_ridge_coldstart_v1
2026-01-14 08:00:00+00:00,BTC,0.0001150336876014,return_1h_ahead,hourly_ridge_coldstart_v1
2026-01-14 09:00:00+00:00,BTC,0.00016722267379,return_1h_ahead,hourly_ridge_coldstart_v1
2026-01-14 10:00:00+00:00,BTC,0.0001650943197778,return_1h_ahead,hourly_ridge_coldstart_v1
2026-01-14 11:00:00+00:00,BTC,0.0002335247453014,return_1h_ahead,hourly_ridge_coldstart_v1
2026-01-14 12:00:00+00:00,BTC,0.0004365429884523,return_1h_ahead,hourly_ridge_coldstart_v1
2026-01-14 13:00:00+00:00,BTC,0.000569775922297,return_1h_ahead,hourly_ridge_coldstart_v1
2026-01-14 14:00:00+00:00,BTC,0.0003028123462202,return_1h_ahead,hourly_ridge_coldstart_v1
2026-01-14 15:00:00+00:00,BTC,-4.3839641316115554e-05,return_1h_ahead,hourly_ridge_coldstart_v1
2026-01-14 16:00:00+00:00,BTC,-0.0001635387358299,return_1h_ahead,hourly_ridge_coldstart_v1
2026-01-14 17:00:00+00:00,BTC,8.90716860492218e-06,return_1h_ahead,hourly_ridge_coldstart_v1
2026-01-14 18:00:00+00:00,BTC,-0.0010835314287577,return_1h_ahead,hourly_ridge_coldstart_v1
2026-01-14 19:00:00+00:00,BTC,-0.000701881609687,return_1h_ahead,hourly_ridge_coldstart_v1
2026-01-14 20:00:00+00:00,BTC,-0.0005845474006742,return_1h_ahead,hourly_ridge_coldstart_v1
2026-01-14 21:00:00+00:00,BTC,-0.0003377955623611,return_1h_ahead,hourly_ridge_coldstart_v1
2026-01-14 22:00:00+00:00,BTC,-0.000327788456741,return_1h_ahead,hourly_ridge_coldstart_v1
2026-01-14 23:00:00+00:00,BTC,-0.0002808076673711,return_1h_ahead,hourly_ridge_coldstart_v1
2026-01-15 01:00:00+00:00,BTC,-0.0004546536507528,return_1h_ahead,hourly_ridge_coldstart_v1
2026-01-15 03:00:00+00:00,BTC,-0.0004821508836431,return_1h_ahead,hourly_ridge_coldstart_v1
2026-01-15 04:00:00+00:00,BTC,-0.0001239734801155,return_1h_ahead,hourly_ridge_coldstart_v1
2026-01-15 05:00:00+00:00,BTC,-0.0002510006339206,return_1h_ahead,hourly_ridge_coldstart_v1
2026-01-15 06:00:00+00:00,BTC,-0.0002802016215274,return_1h_ahead,hourly_ridge_coldstart_v1
2026-01-15 07:00:00+00:00,BTC,-0.0003254575749845,return_1h_ahead,hourly_ridge_coldstart_v1
2026-01-15 08:00:00+00:00,BTC,-4.612852148763372e-05,return_1h_ahead,hourly_ridge_coldstart_v1
2026-01-15 09:00:00+00:00,BTC,0.0004905547560097,return_1h_ahead,hourly_ridge_coldstart_v1
2026-01-15 10:00:00+00:00,BTC,0.0005178722690514,return_1h_ahead,hourly_ridge_coldstart_v1
2026-01-15 11:00:00+00:00,BTC,0.0003375355568851,return_1h_ahead,hourly_ridge_coldstart_v1
2026-01-15 12:00:00+00:00,BTC,0.0003835564528059,return_1h_ahead,hourly_ridge_coldstart_v1
2026-01-15 13:00:00+00:00,BTC,0.0003811696143753,return_1h_ahead,hourly_ridge_coldstart_v1
2026-01-15 14:00:00+00:00,BTC,0.0004460074031148,return_1h_ahead,hourly_ridge_coldstart_v1
2026-01-15 15:00:00+00:00,BTC,-0.0002491973727263,return_1h_ahead,hourly_ridge_coldstart_v1
2026-01-15 16:00:00+00:00,BTC,1.1125595672894758e-05,return_1h_ahead,hourly_ridge_coldstart_v1
2026-01-15 17:00:00+00:00,BTC,-7.709669234743348e-05,return_1h_ahead,hourly_ridge_coldstart_v1
2026-01-15 18:00:00+00:00,BTC,-0.000582491423838,return_1h_ahead,hourly_ridge_coldstart_v1
2026-01-15 19:00:00+00:00,BTC,-0.0004639391148748,return_1h_ahead,hourly_ridge_coldstart_v1
2026-01-15 20:00:00+00:00,BTC,-0.0004418243124437,return_1h_ahead,hourly_ridge_coldstart_v1
2026-01-15 21:00:00+00:00,BTC,-0.0001402301760564,return_1h_ahead,hourly_ridge_coldstart_v1
2026-01-15 22:00:00+00:00,BTC,3.900656854579455e-05,return_1h_ahead,hourly_ridge_coldstart_v1
2026-01-15 23:00:00+00:00,BTC,7.819981502840267e-05,return_1h_ahead,hourly_ridge_coldstart_v1
2026-01-16 01:00:00+00:00,BTC,0.0003118696273417,return_1h_ahead,hourly_ridge_coldstart_v1
2026-01-16 03:00:00+00:00,BTC,0.0002756638839612,return_1h_ahead,hourly_ridge_coldstart_v1
2026-01-16 04:00:00+00:00,BTC,0.0003971770636999,return_1h_ahead,hourly_ridge_coldstart_v1
2026-01-16 05:00:00+00:00,BTC,0.0004571140733794,return_1h_ahead,hourly_ridge_coldstart_v1
2026-01-16 06:00:00+00:00,BTC,0.0004803868684092,return_1h_ahead,hourly_ridge_coldstart_v1
2026-01-16 07:00:00+00:00,BTC,0.0003746052681851,return_1h_ahead,hourly_ridge_coldstart_v1
2026-01-16 08:00:00+00:00,BTC,0.0003905985957519,return_1h_ahead,hourly_ridge_coldstart_v1
2026-01-16 09:00:00+00:00,BTC,0.0003298100405618,return_1h_ahead,hourly_ridge_coldstart_v1
2026-01-16 10:00:00+00:00,BTC,0.0003235331222684,return_1h_ahead,hourly_ridge_coldstart_v1
2026-01-16 11:00:00+00:00,BTC,0.0003036477748199,return_1h_ahead,hourly_ridge_coldstart_v1
2026-01-16 12:00:00+00:00,BTC,0.0005518687879737,return_1h_ahead,hourly_ridge_coldstart_v1
2026-01-16 13:00:00+00:00,BTC,0.0004891009197217,return_1h_ahead,hourly_ridge_coldstart_v1
2026-01-16 14:00:00+00:00,BTC,0.0005243879676081,return_1h_ahead,hourly_ridge_coldstart_v1
2026-01-16 15:00:00+00:00,BTC,0.0002185682507044,return_1h_ahead,hourly_ridge_coldstart_v1
2026-01-16 16:00:00+00:00,BTC,0.0003487807295414,return_1h_ahead,hourly_ridge_coldstart_v1
2026-01-16 17:00:00+00:00,BTC,0.0003338651896025,return_1h_ahead,hourly_ridge_coldstart_v1
2026-01-16 18:00:00+00:00,BTC,0.0003260879166528,return_1h_ahead,hourly_ridge_coldstart_v1
2026-01-16 19:00:00+00:00,BTC,4.884866107753182e-05,return_1h_ahead,hourly_ridge_coldstart_v1
2026-01-16 20:00:00+00:00,BTC,0.0001526568845732,return_1h_ahead,hourly_ridge_coldstart_v1
2026-01-16 21:00:00+00:00,BTC,0.0002849306868034,return_1h_ahead,hourly_ridge_coldstart_v1
2026-01-16 22:00:00+00:00,BTC,0.000140260723468,return_1h_ahead,hourly_ridge_coldstart_v1
2026-01-16 23:00:00+00:00,BTC,0.0002370917288155,return_1h_ahead,hourly_ridge_coldstart_v1
2026-01-17 01:00:00+00:00,BTC,0.0002510174307568,return_1h_ahead,hourly_ridge_coldstart_v1
2026-01-17 03:00:00+00:00,BTC,0.0003497714135536,return_1h_ahead,hourly_ridge_coldstart_v1
2026-01-17 04:00:00+00:00,BTC,0.0003895005075506,return_1h_ahead,hourly_ridge_coldstart_v1
2026-01-17 05:00:00+00:00,BTC,0.0006573551177089,return_1h_ahead,hourly_ridge_coldstart_v1
2026-01-17 06:00:00+00:00,BTC,0.000624469795011,return_1h_ahead,hourly_ridge_coldstart_v1
2026-01-17 07:00:00+00:00,BTC,0.0007305874993394,return_1h_ahead,hourly_ridge_coldstart_v1
2026-01-17 08:00:00+00:00,BTC,0.0007278449651323,return_1h_ahead,hourly_ridge_coldstart_v1
2026-01-17 09:00:00+00:00,BTC,0.0007358259257422,return_1h_ahead,hourly_ridge_coldstart_v1
2026-01-17 10:00:00+00:00,BTC,0.0007319011852987,return_1h_ahead,hourly_ridge_coldstart_v1
2026-01-17 11:00:00+00:00,BTC,0.000626588338075,return_1h_ahead,hourly_ridge_coldstart_v1
2026-01-17 12:00:00+00:00,BTC,0.0006659664670917,return_1h_ahead,hourly_ridge_coldstart_v1
2026-01-17 13:00:00+00:00,BTC,0.0006675874378161,return_1h_ahead,hourly_ridge_coldstart_v1
2026-01-17 14:00:00+00:00,BTC,0.0006676541690164,return_1h_ahead,hourly_ridge_coldstart_v1
2026-01-17 15:00:00+00:00,BTC,0.0006689873891796,return_1h_ahead,hourly_ridge_coldstart_v1
2026-01-17 16:00:00+00:00,BTC,0.0005635829356696,return_1h_ahead,hourly_ridge_coldstart_v1
2026-01-17 17:00:00+00:00,BTC,0.0005880819049421,return_1h_ahead,hourly_ridge_coldstart_v1
2026-01-17 18:00:00+00:00,BTC,0.0006708471296947,return_1h_ahead,hourly_ridge_coldstart_v1
2026-01-17 19:00:00+00:00,BTC,0.0006153358110627,return_1h_ahead,hourly_ridge_coldstart_v1
2026-01-17 20:00:00+00:00,BTC,0.0006334589655687,return_1h_ahead,hourly_ridge_coldstart_v1
2026-01-17 21:00:00+00:00,BTC,0.0006912485392643,return_1h_ahead,hourly_ridge_coldstart_v1
2026-01-17 22:00:00+00:00,BTC,0.0005959125759181,return_1h_ahead,hourly_ridge_coldstart_v1
2026-01-17 23:00:00+00:00,BTC,0.0006395584418016,return_1h_ahead,hourly_ridge_coldstart_v1
2026-01-18 01:00:00+00:00,BTC,0.0005985259355093,return_1h_ahead,hourly_ridge_coldstart_v1
2026-01-18 03:00:00+00:00,BTC,0.0005953026906198,return_1h_ahead,hourly_ridge_coldstart_v1
2026-01-18 04:00:00+00:00,BTC,0.0005060031508044,return_1h_ahead,hourly_ridge_coldstart_v1
2026-01-18 05:00:00+00:00,BTC,0.0005495359537792,return_1h_ahead,hourly_ridge_coldstart_v1
2026-01-18 06:00:00+00:00,BTC,0.0005770824274692,return_1h_ahead,hourly_ridge_coldstart_v1
2026-01-18 07:00:00+00:00,BTC,0.000497730867987,return_1h_ahead,hourly_ridge_coldstart_v1
2026-01-18 08:00:00+00:00,BTC,0.0006085664030899,return_1h_ahead,hourly_ridge_coldstart_v1
2026-01-18 09:00:00+00:00,BTC,0.0006851572334618,return_1h_ahead,hourly_ridge_coldstart_v1
2026-01-18 10:00:00+00:00,BTC,0.0006241244651549,return_1h_ahead,hourly_ridge_coldstart_v1
2026-01-18 11:00:00+00:00,BTC,0.0006500811340018,return_1h_ahead,hourly_ridge_coldstart_v1
2026-01-18 12:00:00+00:00,BTC,0.0006824873048658,return_1h_ahead,hourly_ridge_coldstart_v1
2026-01-18 13:00:00+00:00,BTC,0.0005142724243073,return_1h_ahead,hourly_ridge_coldstart_v1
2026-01-18 14:00:00+00:00,BTC,0.0005133695713225,return_1h_ahead,hourly_ridge_coldstart_v1
2026-01-18 15:00:00+00:00,BTC,0.0002843198855031,return_1h_ahead,hourly_ridge_coldstart_v1
2026-01-18 16:00:00+00:00,BTC,0.0003819753085136,return_1h_ahead,hourly_ridge_coldstart_v1
2026-01-18 17:00:00+00:00,BTC,0.0003521094844181,return_1h_ahead,hourly_ridge_coldstart_v1
2026-01-18 18:00:00+00:00,BTC,0.0003508080349631,return_1h_ahead,hourly_ridge_coldstart_v1
2026-01-18 19:00:00+00:00,BTC,0.0004678412716151,return_1h_ahead,hourly_ridge_coldstart_v1
2026-01-18 20:00:00+00:00,BTC,0.0004679525796517,return_1h_ahead,hourly_ridge_coldstart_v1
2026-01-18 21:00:00+00:00,BTC,0.0006023977246835,return_1h_ahead,hourly_ridge_coldstart_v1
2026-01-18 22:00:00+00:00,BTC,0.0006498732849499,return_1h_ahead,hourly_ridge_coldstart_v1
2026-01-18 23:00:00+00:00,BTC,0.0002415863046322,return_1h_ahead,hourly_ridge_coldstart_v1
2026-01-19 01:00:00+00:00,BTC,-0.0030385378815377,return_1h_ahead,hourly_ridge_coldstart_v1
2026-01-19 03:00:00+00:00,BTC,-0.0020314711406276,return_1h_ahead,hourly_ridge_coldstart_v1
2026-01-19 04:00:00+00:00,BTC,-0.002145173396632,return_1h_ahead,hourly_ridge_coldstart_v1
2026-01-19 05:00:00+00:00,BTC,-0.0021587612584857,return_1h_ahead,hourly_ridge_coldstart_v1
2026-01-19 06:00:00+00:00,BTC,-0.0021628520141189,return_1h_ahead,hourly_ridge_coldstart_v1
2026-01-19 07:00:00+00:00,BTC,-0.0021468480226019,return_1h_ahead,hourly_ridge_coldstart_v1
2026-01-19 08:00:00+00:00,BTC,0.0005031894113627,return_1h_ahead,hourly_ridge_coldstart_v1
2026-01-19 09:00:00+00:00,BTC,0.0004921512763669,return_1h_ahead,hourly_ridge_coldstart_v1
2026-01-19 10:00:00+00:00,BTC,0.0004289091367212,return_1h_ahead,hourly_ridge_coldstart_v1
2026-01-19 11:00:00+00:00,BTC,0.0004408414981896,return_1h_ahead,hourly_ridge_coldstart_v1
2026-01-19 12:00:00+00:00,BTC,0.000547372186097,return_1h_ahead,hourly_ridge_coldstart_v1
2026-01-19 13:00:00+00:00,BTC,0.0005177868268709,return_1h_ahead,hourly_ridge_coldstart_v1
2026-01-19 14:00:00+00:00,BTC,0.000476580479675,return_1h_ahead,hourly_ridge_coldstart_v1
2026-01-19 15:00:00+00:00,BTC,0.0005658236010169,return_1h_ahead,hourly_ridge_coldstart_v1
2026-01-19 16:00:00+00:00,BTC,0.0005263008385896,return_1h_ahead,hourly_ridge_coldstart_v1
2026-01-19 17:00:00+00:00,BTC,0.0005058502666472,return_1h_ahead,hourly_ridge_coldstart_v1
2026-01-19 18:00:00+00:00,BTC,0.0001561233011934,return_1h_ahead,hourly_ridge_coldstart_v1
2026-01-19 19:00:00+00:00,BTC,0.0002994936633873,return_1h_ahead,hourly_ridge_coldstart_v1
2026-01-19 20:00:00+00:00,BTC,0.0003665917869247,return_1h_ahead,hourly_ridge_coldstart_v1
2026-01-19 21:00:00+00:00,BTC,0.0002885435215022,return_1h_ahead,hourly_ridge_coldstart_v1
2026-01-19 22:00:00+00:00,BTC,0.000329055357037,return_1h_ahead,hourly_ridge_coldstart_v1
2026-01-19 23:00:00+00:00,BTC,-9.786671065184792e-05,return_1h_ahead,hourly_ridge_coldstart_v1
2026-01-20 01:00:00+00:00,BTC,0.000110015868854,return_1h_ahead,hourly_ridge_coldstart_v1
2026-01-20 03:00:00+00:00,BTC,-0.0001320520089464,return_1h_ahead,hourly_ridge_coldstart_v1
2026-01-20 04:00:00+00:00,BTC,-1.902871283058908e-05,return_1h_ahead,hourly_ridge_coldstart_v1
2026-01-20 05:00:00+00:00,BTC,-0.0002665867854859,return_1h_ahead,hourly_ridge_coldstart_v1
2026-01-20 06:00:00+00:00,BTC,-0.0004218010524781,return_1h_ahead,hourly_ridge_coldstart_v1
2026-01-20 07:00:00+00:00,BTC,-0.000148873309454,return_1h_ahead,hourly_ridge_coldstart_v1
2026-01-20 08:00:00+00:00,BTC,7.070746674208597e-05,return_1h_ahead,hourly_ridge_coldstart_v1
2026-01-20 09:00:00+00:00,BTC,-1.4622421451569603e-05,return_1h_ahead,hourly_ridge_coldstart_v1
2026-01-20 10:00:00+00:00,BTC,-3.672816661189125e-05,return_1h_ahead,hourly_ridge_coldstart_v1
2026-01-20 11:00:00+00:00,BTC,8.033843410317181e-06,return_1h_ahead,hourly_ridge_coldstart_v1
2026-01-20 12:00:00+00:00,BTC,0.0004234921559957,return_1h_ahead,hourly_ridge_coldstart_v1
2026-01-20 13:00:00+00:00,BTC,0.0003390062207705,return_1h_ahead,hourly_ridge_coldstart_v1
2026-01-20 14:00:00+00:00,BTC,0.0004030170983211,return_1h_ahead,hourly_ridge_coldstart_v1
2026-01-20 15:00:00+00:00,BTC,9.80594187831394e-05,return_1h_ahead,hourly_ridge_coldstart_v1
2026-01-20 16:00:00+00:00,BTC,0.0003559050166879,return_1h_ahead,hourly_ridge_coldstart_v1
2026-01-20 17:00:00+00:00,BTC,0.0004578306739411,return_1h_ahead,hourly_ridge_coldstart_v1
2026-01-20 18:00:00+00:00,BTC,0.0001797580908822,return_1h_ahead,hourly_ridge_coldstart_v1
2026-01-20 20:00:00+00:00,BTC,0.0003094927242486,return_1h_ahead,hourly_ridge_coldstart_v1
2026-01-20 21:00:00+00:00,BTC,0.0002664376021322,return_1h_ahead,hourly_ridge_coldstart_v1
2026-01-20 22:00:00+00:00,BTC,0.0002121467268429,return_1h_ahead,hourly_ridge_coldstart_v1
2026-01-20 23:00:00+00:00,BTC,-0.0013669399018351,return_1h_ahead,hourly_ridge_coldstart_v1
2026-01-21 01:00:00+00:00,BTC,-0.0011021569645569,return_1h_ahead,hourly_ridge_coldstart_v1
2026-01-21 03:00:00+00:00,BTC,-0.0013542154544313,return_1h_ahead,hourly_ridge_coldstart_v1
2026-01-21 04:00:00+00:00,BTC,-0.0014623313731617,return_1h_ahead,hourly_ridge_coldstart_v1
2026-01-21 05:00:00+00:00,BTC,-0.0014489641622014,return_1h_ahead,hourly_ridge_coldstart_v1
2026-01-21 06:00:00+00:00,BTC,-0.0014221272389756,return_1h_ahead,hourly_ridge_coldstart_v1
2026-01-21 07:00:00+00:00,BTC,-0.0002750143930562,return_1h_ahead,hourly_ridge_coldstart_v1
2026-01-21 08:00:00+00:00,BTC,7.231231805982167e-05,return_1h_ahead,hourly_ridge_coldstart_v1
2026-01-21 09:00:00+00:00,BTC,0.0003894297598494,return_1h_ahead,hourly_ridge_coldstart_v1
2026-01-21 10:00:00+00:00,BTC,0.0002659638789034,return_1h_ahead,hourly_ridge_coldstart_v1
2026-01-21 11:00:00+00:00,BTC,0.0003428322090865,return_1h_ahead,hourly_ridge_coldstart_v1
2026-01-21 12:00:00+00:00,BTC,-0.0003016448476815,return_1h_ahead,hourly_ridge_coldstart_v1
2026-01-21 13:00:00+00:00,BTC,-5.388149347330848e-05,return_1h_ahead,hourly_ridge_coldstart_v1
2026-01-21 14:00:00+00:00,BTC,-0.0002613996675928,return_1h_ahead,hourly_ridge_coldstart_v1
2026-01-21 15:00:00+00:00,BTC,-0.0004793932695659,return_1h_ahead,hourly_ridge_coldstart_v1
2026-01-21 16:00:00+00:00,BTC,-0.0023959311046228,return_1h_ahead,hourly_ridge_coldstart_v1
2026-01-21 17:00:00+00:00,BTC,-0.0018337330133792,return_1h_ahead,hourly_ridge_coldstart_v1
2026-01-21 18:00:00+00:00,BTC,-0.0015977650262322,return_1h_ahead,hourly_ridge_coldstart_v1
2026-01-21 19:00:00+00:00,BTC,-0.0015654602974127,return_1h_ahead,hourly_ridge_coldstart_v1
2026-01-21 20:00:00+00:00,BTC,-0.0014727142451436,return_1h_ahead,hourly_ridge_coldstart_v1
2026-01-21 21:00:00+00:00,BTC,-0.0017327580557748,return_1h_ahead,hourly_ridge_coldstart_v1
2026-01-21 22:00:00+00:00,BTC,-0.0004828338914746,return_1h_ahead,hourly_ridge_coldstart_v1
2026-01-21 23:00:00+00:00,BTC,-0.0003863151162802,return_1h_ahead,hourly_ridge_coldstart_v1
2026-01-22 01:00:00+00:00,BTC,-0.0003679062036107,return_1h_ahead,hourly_ridge_coldstart_v1
2026-01-22 03:00:00+00:00,BTC,-0.0005169138082033,return_1h_ahead,hourly_ridge_coldstart_v1
2026-01-22 04:00:00+00:00,BTC,0.0004331532016188,return_1h_ahead,hourly_ridge_coldstart_v1
2026-01-22 05:00:00+00:00,BTC,0.0005894565156963,return_1h_ahead,hourly_ridge_coldstart_v1
2026-01-22 06:00:00+00:00,BTC,0.0006102477123507,return_1h_ahead,hourly_ridge_coldstart_v1
2026-01-22 07:00:00+00:00,BTC,0.0005363997040145,return_1h_ahead,hourly_ridge_coldstart_v1
2026-01-22 08:00:00+00:00,BTC,0.0005277161628399,return_1h_ahead,hourly_ridge_coldstart_v1
2026-01-22 09:00:00+00:00,BTC,0.0005970869199687,return_1h_ahead,hourly_ridge_coldstart_v1
2026-01-22 10:00:00+00:00,BTC,0.0005721004112007,return_1h_ahead,hourly_ridge_coldstart_v1
2026-01-22 11:00:00+00:00,BTC,0.000507372585208,return_1h_ahead,hourly_ridge_coldstart_v1
2026-01-22 12:00:00+00:00,BTC,0.0005592518971732,return_1h_ahead,hourly_ridge_coldstart_v1
2026-01-22 13:00:00+00:00,BTC,0.0001973509795811,return_1h_ahead,hourly_ridge_coldstart_v1
2026-01-22 14:00:00+00:00,BTC,0.000318835112254,return_1h_ahead,hourly_ridge_coldstart_v1
2026-01-22 15:00:00+00:00,BTC,-0.0004777496973569,return_1h_ahead,hourly_ridge_coldstart_v1
2026-01-22 16:00:00+00:00,BTC,-0.0001509713129247,return_1h_ahead,hourly_ridge_coldstart_v1
2026-01-22 17:00:00+00:00,BTC,-0.0002507261875567,return_1h_ahead,hourly_ridge_coldstart_v1
2026-01-22 18:00:00+00:00,BTC,-0.0003859662340508,return_1h_ahead,hourly_ridge_coldstart_v1
2026-01-22 19:00:00+00:00,BTC,-0.0006213222577421,return_1h_ahead,hourly_ridge_coldstart_v1
2026-01-22 20:00:00+00:00,BTC,-0.000487620181727,return_1h_ahead,hourly_ridge_coldstart_v1
2026-01-22 21:00:00+00:00,BTC,0.0001249699746718,return_1h_ahead,hourly_ridge_coldstart_v1
2026-01-22 22:00:00+00:00,BTC,-6.571466769406028e-05,return_1h_ahead,hourly_ridge_coldstart_v1
2026-01-22 23:00:00+00:00,BTC,6.54729913185778e-05,return_1h_ahead,hourly_ridge_coldstart_v1
2026-01-23 01:00:00+00:00,BTC,0.0003125025286027,return_1h_ahead,hourly_ridge_coldstart_v1
2026-01-23 03:00:00+00:00,BTC,0.0002517861625788,return_1h_ahead,hourly_ridge_coldstart_v1
2026-01-23 04:00:00+00:00,BTC,0.0003036258841211,return_1h_ahead,hourly_ridge_coldstart_v1
2026-01-23 05:00:00+00:00,BTC,-0.0001023658551819,return_1h_ahead,hourly_ridge_coldstart_v1
2026-01-23 06:00:00+00:00,BTC,0.0001012603198049,return_1h_ahead,hourly_ridge_coldstart_v1
2026-01-23 07:00:00+00:00,BTC,0.0001334026023744,return_1h_ahead,hourly_ridge_coldstart_v1
2026-01-23 08:00:00+00:00,BTC,0.0001589255184182,return_1h_ahead,hourly_ridge_coldstart_v1
2026-01-23 09:00:00+00:00,BTC,0.0001993136783884,return_1h_ahead,hourly_ridge_coldstart_v1
2026-01-23 10:00:00+00:00,BTC,0.0003338163973334,return_1h_ahead,hourly_ridge_coldstart_v1
2026-01-23 11:00:00+00:00,BTC,0.0004792499823853,return_1h_ahead,hourly_ridge_coldstart_v1
2026-01-23 12:00:00+00:00,BTC,0.0004325304112601,return_1h_ahead,hourly_ridge_coldstart_v1
2026-01-23 13:00:00+00:00,BTC,0.0004513831673295,return_1h_ahead,hourly_ridge_coldstart_v1
2026-01-23 14:00:00+00:00,BTC,0.000506834876612,return_1h_ahead,hourly_ridge_coldstart_v1
2026-01-23 15:00:00+00:00,BTC,-5.526589122369351e-05,return_1h_ahead,hourly_ridge_coldstart_v1
2026-01-23 16:00:00+00:00,BTC,0.0001164255850376,return_1h_ahead,hourly_ridge_coldstart_v1
2026-01-23 17:00:00+00:00,BTC,-9.179937754418178e-05,return_1h_ahead,hourly_ridge_coldstart_v1
2026-01-23 18:00:00+00:00,BTC,-0.0002197967171037,return_1h_ahead,hourly_ridge_coldstart_v1
2026-01-23 19:00:00+00:00,BTC,-0.0012601964775128,return_1h_ahead,hourly_ridge_coldstart_v1
2026-01-23 20:00:00+00:00,BTC,-0.0010286373289794,return_1h_ahead,hourly_ridge_coldstart_v1
2026-01-23 21:00:00+00:00,BTC,-0.0009912071183864,return_1h_ahead,hourly_ridge_coldstart_v1
2026-01-23 22:00:00+00:00,BTC,-0.0008024165657467,return_1h_ahead,hourly_ridge_coldstart_v1
2026-01-23 23:00:00+00:00,BTC,-0.0004102823291273,return_1h_ahead,hourly_ridge_coldstart_v1
2026-01-24 01:00:00+00:00,BTC,-9.897610277000406e-06,return_1h_ahead,hourly_ridge_coldstart_v1
2026-01-24 03:00:00+00:00,BTC,0.0004255032164052,return_1h_ahead,hourly_ridge_coldstart_v1
2026-01-24 04:00:00+00:00,BTC,0.0003127447001466,return_1h_ahead,hourly_ridge_coldstart_v1
2026-01-24 05:00:00+00:00,BTC,0.0005013028049797,return_1h_ahead,hourly_ridge_coldstart_v1
2026-01-24 06:00:00+00:00,BTC,0.0003581486413155,return_1h_ahead,hourly_ridge_coldstart_v1
2026-01-24 07:00:00+00:00,BTC,0.0003972449277249,return_1h_ahead,hourly_ridge_coldstart_v1
2026-01-24 08:00:00+00:00,BTC,0.000428506934396,return_1h_ahead,hourly_ridge_coldstart_v1
2026-01-24 09:00:00+00:00,BTC,0.0006497276590457,return_1h_ahead,hourly_ridge_coldstart_v1
2026-01-24 11:00:00+00:00,BTC,0.0006524297953504,return_1h_ahead,hourly_ridge_coldstart_v1
2026-01-24 12:00:00+00:00,BTC,0.0006509329586209,return_1h_ahead,hourly_ridge_coldstart_v1
2026-01-24 13:00:00+00:00,BTC,0.0007540323813513,return_1h_ahead,hourly_ridge_coldstart_v1
2026-01-24 14:00:00+00:00,BTC,0.0007158300156151,return_1h_ahead,hourly_ridge_coldstart_v1
2026-01-24 15:00:00+00:00,BTC,0.0007501559967209,return_1h_ahead,hourly_ridge_coldstart_v1
2026-01-24 16:00:00+00:00,BTC,0.0005428796592105,return_1h_ahead,hourly_ridge_coldstart_v1
2026-01-24 17:00:00+00:00,BTC,0.0005812550874945,return_1h_ahead,hourly_ridge_coldstart_v1
2026-01-24 18:00:00+00:00,BTC,0.0005421415990532,return_1h_ahead,hourly_ridge_coldstart_v1
2026-01-24 19:00:00+00:00,BTC,0.000482693867451,return_1h_ahead,hourly_ridge_coldstart_v1
2026-01-24 20:00:00+00:00,BTC,0.0005313867188083,return_1h_ahead,hourly_ridge_coldstart_v1
2026-01-24 21:00:00+00:00,BTC,0.0004646659924199,return_1h_ahead,hourly_ridge_coldstart_v1
2026-01-24 22:00:00+00:00,BTC,0.0006283034844839,return_1h_ahead,hourly_ridge_coldstart_v1
2026-01-24 23:00:00+00:00,BTC,0.0005893450362201,return_1h_ahead,hourly_ridge_coldstart_v1
2026-01-25 01:00:00+00:00,BTC,0.0004588744808625,return_1h_ahead,hourly_ridge_coldstart_v1
2026-01-25 03:00:00+00:00,BTC,0.0003515667075782,return_1h_ahead,hourly_ridge_coldstart_v1
2026-01-25 04:00:00+00:00,BTC,0.0004428200265383,return_1h_ahead,hourly_ridge_coldstart_v1
2026-01-25 05:00:00+00:00,BTC,0.0003505958747591,return_1h_ahead,hourly_ridge_coldstart_v1
2026-01-25 06:00:00+00:00,BTC,0.0003568552734183,return_1h_ahead,hourly_ridge_coldstart_v1
2026-01-25 07:00:00+00:00,BTC,0.00040990179724,return_1h_ahead,hourly_ridge_coldstart_v1
2026-01-25 08:00:00+00:00,BTC,0.0004369415569241,return_1h_ahead,hourly_ridge_coldstart_v1
2026-01-25 09:00:00+00:00,BTC,0.0002490338280774,return_1h_ahead,hourly_ridge_coldstart_v1
2026-01-25 10:00:00+00:00,BTC,0.0004589650481843,return_1h_ahead,hourly_ridge_coldstart_v1
2026-01-25 11:00:00+00:00,BTC,0.000393298866197,return_1h_ahead,hourly_ridge_coldstart_v1
2026-01-25 12:00:00+00:00,BTC,0.0004046698608511,return_1h_ahead,hourly_ridge_coldstart_v1
2026-01-25 13:00:00+00:00,BTC,0.0003602865399764,return_1h_ahead,hourly_ridge_coldstart_v1
2026-01-25 14:00:00+00:00,BTC,0.0003909166038858,return_1h_ahead,hourly_ridge_coldstart_v1
2026-01-25 15:00:00+00:00,BTC,0.0004535072156577,return_1h_ahead,hourly_ridge_coldstart_v1
2026-01-25 16:00:00+00:00,BTC,-0.0004200165535024,return_1h_ahead,hourly_ridge_coldstart_v1
2026-01-25 17:00:00+00:00,BTC,-0.0001098793047484,return_1h_ahead,hourly_ridge_coldstart_v1
2026-01-25 18:00:00+00:00,BTC,-0.0002191953952302,return_1h_ahead,hourly_ridge_coldstart_v1
2026-01-25 19:00:00+00:00,BTC,-0.0001531815170784,return_1h_ahead,hourly_ridge_coldstart_v1
2026-01-25 20:00:00+00:00,BTC,-0.0004042794705625,return_1h_ahead,hourly_ridge_coldstart_v1
2026-01-25 21:00:00+00:00,BTC,-0.0003490591059427,return_1h_ahead,hourly_ridge_coldstart_v1
2026-01-25 22:00:00+00:00,BTC,-0.0005471682443343,return_1h_ahead,hourly_ridge_coldstart_v1
2026-01-25 23:00:00+00:00,BTC,-0.0003838935199622,return_1h_ahead,hourly_ridge_coldstart_v1
2026-01-26 01:00:00+00:00,BTC,-0.0007426118202575,return_1h_ahead,hourly_ridge_coldstart_v1
2026-01-26 03:00:00+00:00,BTC,-0.001423286438094,return_1h_ahead,hourly_ridge_coldstart_v1
2026-01-26 04:00:00+00:00,BTC,-0.0007720415799361,return_1h_ahead,hourly_ridge_coldstart_v1
2026-01-26 05:00:00+00:00,BTC,-0.0009350232352153,return_1h_ahead,hourly_ridge_coldstart_v1
2026-01-26 06:00:00+00:00,BTC,-0.0007547084174516,return_1h_ahead,hourly_ridge_coldstart_v1
2026-01-26 07:00:00+00:00,BTC,-0.0007971547958138,return_1h_ahead,hourly_ridge_coldstart_v1
2026-01-26 08:00:00+00:00,BTC,-4.415554593044981e-05,return_1h_ahead,hourly_ridge_coldstart_v1
2026-01-26 09:00:00+00:00,BTC,-0.000279902140144,return_1h_ahead,hourly_ridge_coldstart_v1
2026-01-26 10:00:00+00:00,BTC,0.0001899091212873,return_1h_ahead,hourly_ridge_coldstart_v1
2026-01-26 11:00:00+00:00,BTC,0.000200261481559,return_1h_ahead,hourly_ridge_coldstart_v1
2026-01-26 12:00:00+00:00,BTC,7.22339889416806e-05,return_1h_ahead,hourly_ridge_coldstart_v1
2026-01-26 13:00:00+00:00,BTC,0.0001676697282816,return_1h_ahead,hourly_ridge_coldstart_v1
2026-01-26 14:00:00+00:00,BTC,8.030677681332039e-05,return_1h_ahead,hourly_ridge_coldstart_v1
2026-01-26 15:00:00+00:00,BTC,0.0001742625221918,return_1h_ahead,hourly_ridge_coldstart_v1
2026-01-26 16:00:00+00:00,BTC,-0.0007143152193932,return_1h_ahead,hourly_ridge_coldstart_v1
2026-01-26 17:00:00+00:00,BTC,-0.0005546175154201,return_1h_ahead,hourly_ridge_coldstart_v1
2026-01-26 18:00:00+00:00,BTC,-0.0004749562356653,return_1h_ahead,hourly_ridge_coldstart_v1
2026-01-26 19:00:00+00:00,BTC,-0.0007623536379438,return_1h_ahead,hourly_ridge_coldstart_v1
2026-01-26 20:00:00+00:00,BTC,-0.0008562012194735,return_1h_ahead,hourly_ridge_coldstart_v1
2026-01-26 21:00:00+00:00,BTC,-0.0004977907810371,return_1h_ahead,hourly_ridge_coldstart_v1
2026-01-26 22:00:00+00:00,BTC,-0.0001274736808328,return_1h_ahead,hourly_ridge_coldstart_v1
2026-01-26 23:00:00+00:00,BTC,-7.9946677753987e-05,return_1h_ahead,hourly_ridge_coldstart_v1
2026-01-27 01:00:00+00:00,BTC,0.0002949616301039,return_1h_ahead,hourly_ridge_coldstart_v1
2026-01-27 03:00:00+00:00,BTC,0.0002437043477252,return_1h_ahead,hourly_ridge_coldstart_v1
2026-01-27 04:00:00+00:00,BTC,0.0003020731656363,return_1h_ahead,hourly_ridge_coldstart_v1
2026-01-27 05:00:00+00:00,BTC,0.0001920277529704,return_1h_ahead,hourly_ridge_coldstart_v1
2026-01-27 06:00:00+00:00,BTC,0.0001753006254678,return_1h_ahead,hourly_ridge_coldstart_v1
2026-01-27 07:00:00+00:00,BTC,0.0003169165886716,return_1h_ahead,hourly_ridge_coldstart_v1
2026-01-27 08:00:00+00:00,BTC,0.0002921769477902,return_1h_ahead,hourly_ridge_coldstart_v1
2026-01-27 09:00:00+00:00,BTC,0.0003468505123912,return_1h_ahead,hourly_ridge_coldstart_v1
2026-01-27 10:00:00+00:00,BTC,0.000414442951513,return_1h_ahead,hourly_ridge_coldstart_v1
2026-01-27 11:00:00+00:00,BTC,0.0003389099003121,return_1h_ahead,hourly_ridge_coldstart_v1
2026-01-27 12:00:00+00:00,BTC,0.0003779522833844,return_1h_ahead,hourly_ridge_coldstart_v1
2026-01-27 13:00:00+00:00,BTC,0.0003795105155824,return_1h_ahead,hourly_ridge_coldstart_v1
2026-01-27 14:00:00+00:00,BTC,0.0004052399060095,return_1h_ahead,hourly_ridge_coldstart_v1
2026-01-27 15:00:00+00:00,BTC,-0.0002077168026847,return_1h_ahead,hourly_ridge_coldstart_v1
2026-01-27 16:00:00+00:00,BTC,-0.0001030236398267,return_1h_ahead,hourly_ridge_coldstart_v1
2026-01-27 17:00:00+00:00,BTC,-0.0006583963661827,return_1h_ahead,hourly_ridge_coldstart_v1
2026-01-27 18:00:00+00:00,BTC,-0.0005054557193705,return_1h_ahead,hourly_ridge_coldstart_v1
2026-01-27 19:00:00+00:00,BTC,-0.0004247899795874,return_1h_ahead,hourly_ridge_coldstart_v1
2026-01-27 20:00:00+00:00,BTC,-0.0005603539759506,return_1h_ahead,hourly_ridge_coldstart_v1
2026-01-27 21:00:00+00:00,BTC,-0.00046418320864,return_1h_ahead,hourly_ridge_coldstart_v1
2026-01-27 22:00:00+00:00,BTC,-0.0005862750076872,return_1h_ahead,hourly_ridge_coldstart_v1
2026-01-27 23:00:00+00:00,BTC,-0.0001344493742257,return_1h_ahead,hourly_ridge_coldstart_v1
2026-01-28 01:00:00+00:00,BTC,-0.000203656944652,return_1h_ahead,hourly_ridge_coldstart_v1
2026-01-28 03:00:00+00:00,BTC,-0.0003557259877519,return_1h_ahead,hourly_ridge_coldstart_v1
2026-01-28 04:00:00+00:00,BTC,0.0002665374225395,return_1h_ahead,hourly_ridge_coldstart_v1
2026-01-28 05:00:00+00:00,BTC,0.000259390692097,return_1h_ahead,hourly_ridge_coldstart_v1
2026-01-28 06:00:00+00:00,BTC,0.0003201539558876,return_1h_ahead,hourly_ridge_coldstart_v1
2026-01-28 07:00:00+00:00,BTC,0.0002444018575005,return_1h_ahead,hourly_ridge_coldstart_v1
2026-01-28 08:00:00+00:00,BTC,0.0001648271438997,return_1h_ahead,hourly_ridge_coldstart_v1
2026-01-28 09:00:00+00:00,BTC,0.0003156175516702,return_1h_ahead,hourly_ridge_coldstart_v1
2026-01-28 10:00:00+00:00,BTC,0.0003321007945798,return_1h_ahead,hourly_ridge_coldstart_v1
2026-01-28 11:00:00+00:00,BTC,0.0003387178161056,return_1h_ahead,hourly_ridge_coldstart_v1
2026-01-28 12:00:00+00:00,BTC,0.0003778172497713,return_1h_ahead,hourly_ridge_coldstart_v1
2026-01-28 13:00:00+00:00,BTC,0.0002767039015224,return_1h_ahead,hourly_ridge_coldstart_v1
2026-01-28 14:00:00+00:00,BTC,-0.0001559463046815,return_1h_ahead,hourly_ridge_coldstart_v1
2026-01-28 15:00:00+00:00,BTC,-0.0006378902746037,return_1h_ahead,hourly_ridge_coldstart_v1
2026-01-28 16:00:00+00:00,BTC,-0.0003234093045942,return_1h_ahead,hourly_ridge_coldstart_v1
2026-01-28 17:00:00+00:00,BTC,-0.0005983972779067,return_1h_ahead,hourly_ridge_coldstart_v1
2026-01-28 18:00:00+00:00,BTC,-0.0002480088558282,return_1h_ahead,hourly_ridge_coldstart_v1
2026-01-28 19:00:00+00:00,BTC,-0.0002701639161814,return_1h_ahead,hourly_ridge_coldstart_v1
2026-01-28 20:00:00+00:00,BTC,-0.0001368571734304,return_1h_ahead,hourly_ridge_coldstart_v1
2026-01-28 21:00:00+00:00,BTC,-0.000346040266672,return_1h_ahead,hourly_ridge_coldstart_v1
2026-01-28 22:00:00+00:00,BTC,-1.4438931828313971e-05,return_1h_ahead,hourly_ridge_coldstart_v1
2026-01-28 23:00:00+00:00,BTC,4.13547525737501e-05,return_1h_ahead,hourly_ridge_coldstart_v1
2026-01-29 02:00:00+00:00,BTC,-0.0005385263247235,return_1h_ahead,hourly_ridge_coldstart_v1
2026-01-29 04:00:00+00:00,BTC,-0.0005670630501722,return_1h_ahead,hourly_ridge_coldstart_v1
2026-01-29 05:00:00+00:00,BTC,-0.0003041161547774,return_1h_ahead,hourly_ridge_coldstart_v1
2026-01-29 06:00:00+00:00,BTC,-0.0003495952583777,return_1h_ahead,hourly_ridge_coldstart_v1
2026-01-29 07:00:00+00:00,BTC,-0.0003342943218467,return_1h_ahead,hourly_ridge_coldstart_v1
2026-01-29 08:00:00+00:00,BTC,-0.0002722729929703,return_1h_ahead,hourly_ridge_coldstart_v1
2026-01-29 09:00:00+00:00,BTC,-2.8970538629091e-05,return_1h_ahead,hourly_ridge_coldstart_v1
2026-01-29 10:00:00+00:00,BTC,0.0003521087682329,return_1h_ahead,hourly_ridge_coldstart_v1
2026-01-29 11:00:00+00:00,BTC,0.0006021892796402,return_1h_ahead,hourly_ridge_coldstart_v1
2026-01-29 12:00:00+00:00,BTC,0.0005238464427952,return_1h_ahead,hourly_ridge_coldstart_v1
2026-01-29 14:00:00+00:00,BTC,0.0004419991174599,return_1h_ahead,hourly_ridge_coldstart_v1
2026-01-29 15:00:00+00:00,BTC,-0.0032454920116803,return_1h_ahead,hourly_ridge_coldstart_v1
2026-01-29 16:00:00+00:00,BTC,-0.0024581337658809,return_1h_ahead,hourly_ridge_coldstart_v1
2026-01-29 17:00:00+00:00,BTC,-0.0022524756692294,return_1h_ahead,hourly_ridge_coldstart_v1
2026-01-29 18:00:00+00:00,BTC,-0.0028478773884992,return_1h_ahead,hourly_ridge_coldstart_v1
2026-01-29 19:00:00+00:00,BTC,-0.0023807839211455,return_1h_ahead,hourly_ridge_coldstart_v1
2026-01-29 20:00:00+00:00,BTC,-0.0022769450529168,return_1h_ahead,hourly_ridge_coldstart_v1
2026-01-29 21:00:00+00:00,BTC,-0.000767646412523,return_1h_ahead,hourly_ridge_coldstart_v1
2026-01-29 22:00:00+00:00,BTC,-0.0006950775741703,return_1h_ahead,hourly_ridge_coldstart_v1
2026-01-29 23:00:00+00:00,BTC,-0.0006256320355703,return_1h_ahead,hourly_ridge_coldstart_v1
2026-01-30 02:00:00+00:00,BTC,-0.0026602534244386,return_1h_ahead,hourly_ridge_coldstart_v1
2026-01-30 04:00:00+00:00,BTC,-0.0018125677846394,return_1h_ahead,hourly_ridge_coldstart_v1
2026-01-30 05:00:00+00:00,BTC,-0.001926388144792,return_1h_ahead,hourly_ridge_coldstart_v1
2026-01-30 06:00:00+00:00,BTC,-0.0022774968011798,return_1h_ahead,hourly_ridge_coldstart_v1
2026-01-30 07:00:00+00:00,BTC,-0.0019057831698028,return_1h_ahead,hourly_ridge_coldstart_v1
2026-01-30 08:00:00+00:00,BTC,-0.0019963337969166,return_1h_ahead,hourly_ridge_coldstart_v1
2026-01-30 09:00:00+00:00,BTC,-0.0003817105796241,return_1h_ahead,hourly_ridge_coldstart_v1
2026-01-30 10:00:00+00:00,BTC,-0.0001859805041214,return_1h_ahead,hourly_ridge_coldstart_v1
2026-01-30 11:00:00+00:00,BTC,-0.0001427620043453,return_1h_ahead,hourly_ridge_coldstart_v1
2026-01-30 12:00:00+00:00,BTC,0.0004476396798112,return_1h_ahead,hourly_ridge_coldstart_v1
2026-01-30 13:00:00+00:00,BTC,0.0005487238190255,return_1h_ahead,hourly_ridge_coldstart_v1
2026-01-30 14:00:00+00:00,BTC,0.0004768546438677,return_1h_ahead,hourly_ridge_coldstart_v1
2026-01-30 15:00:00+00:00,BTC,-0.0004121942225449,return_1h_ahead,hourly_ridge_coldstart_v1
2026-01-30 16:00:00+00:00,BTC,-0.0002363818282505,return_1h_ahead,hourly_ridge_coldstart_v1
2026-01-30 17:00:00+00:00,BTC,-0.0006517951687578,return_1h_ahead,hourly_ridge_coldstart_v1
2026-01-30 18:00:00+00:00,BTC,-0.0011559186047723,return_1h_ahead,hourly_ridge_coldstart_v1
2026-01-30 19:00:00+00:00,BTC,-0.0013324643862011,return_1h_ahead,hourly_ridge_coldstart_v1
2026-01-30 20:00:00+00:00,BTC,-0.0022746432493001,return_1h_ahead,hourly_ridge_coldstart_v1
2026-01-30 21:00:00+00:00,BTC,-0.0018048769725738,return_1h_ahead,hourly_ridge_coldstart_v1
2026-01-30 22:00:00+00:00,BTC,-0.0020030596014071,return_1h_ahead,hourly_ridge_coldstart_v1
2026-01-30 23:00:00+00:00,BTC,-0.0018212257130122,return_1h_ahead,hourly_ridge_coldstart_v1
2026-01-31 01:00:00+00:00,BTC,-0.0016478978701726,return_1h_ahead,hourly_ridge_coldstart_v1
2026-01-31 04:00:00+00:00,BTC,0.0001127324332007,return_1h_ahead,hourly_ridge_coldstart_v1
2026-01-31 05:00:00+00:00,BTC,0.0002551207926345,return_1h_ahead,hourly_ridge_coldstart_v1
2026-01-31 06:00:00+00:00,BTC,0.0002840902407433,return_1h_ahead,hourly_ridge_coldstart_v1
2026-01-31 07:00:00+00:00,BTC,0.0004673876789931,return_1h_ahead,hourly_ridge_coldstart_v1
2026-01-31 08:00:00+00:00,BTC,-0.0001568999027925,return_1h_ahead,hourly_ridge_coldstart_v1
2026-01-31 09:00:00+00:00,BTC,3.7709518671994434e-05,return_1h_ahead,hourly_ridge_coldstart_v1
2026-01-31 10:00:00+00:00,BTC,9.92221426754048e-05,return_1h_ahead,hourly_ridge_coldstart_v1
2026-01-31 11:00:00+00:00,BTC,5.680983216578884e-05,return_1h_ahead,hourly_ridge_coldstart_v1
2026-01-31 12:00:00+00:00,BTC,3.304542060321707e-05,return_1h_ahead,hourly_ridge_coldstart_v1
2026-01-31 13:00:00+00:00,BTC,-9.636645574595257e-05,return_1h_ahead,hourly_ridge_coldstart_v1
2026-01-31 14:00:00+00:00,BTC,0.0001348270741477,return_1h_ahead,hourly_ridge_coldstart_v1
2026-01-31 15:00:00+00:00,BTC,-0.0006305049503704,return_1h_ahead,hourly_ridge_coldstart_v1
2026-01-31 16:00:00+00:00,BTC,-0.0002454862053269,return_1h_ahead,hourly_ridge_coldstart_v1
2026-01-31 17:00:00+00:00,BTC,-0.0027673398783538,return_1h_ahead,hourly_ridge_coldstart_v1
2026-01-31 18:00:00+00:00,BTC,-0.0019477203518879,return_1h_ahead,hourly_ridge_coldstart_v1
2026-01-31 19:00:00+00:00,BTC,-0.0018803691550427,return_1h_ahead,hourly_ridge_coldstart_v1
2026-01-31 20:00:00+00:00,BTC,-0.0019038952437466,return_1h_ahead,hourly_ridge_coldstart_v1
2026-01-31 21:00:00+00:00,BTC,-0.0018654250758114,return_1h_ahead,hourly_ridge_coldstart_v1
2026-01-31 22:00:00+00:00,BTC,-0.0018474979900661,return_1h_ahead,hourly_ridge_coldstart_v1
2026-01-31 23:00:00+00:00,BTC,-0.0004522730156493,return_1h_ahead,hourly_ridge_coldstart_v1
2026-02-01 02:00:00+00:00,BTC,-0.0004437281097608,return_1h_ahead,hourly_ridge_coldstart_v1
2026-02-01 05:00:00+00:00,BTC,-0.0002340543458415,return_1h_ahead,hourly_ridge_coldstart_v1
2026-02-01 06:00:00+00:00,BTC,-0.0008067329950471,return_1h_ahead,hourly_ridge_coldstart_v1
2026-02-01 07:00:00+00:00,BTC,-0.0005410795843877,return_1h_ahead,hourly_ridge_coldstart_v1
2026-02-01 08:00:00+00:00,BTC,-0.0002407489105949,return_1h_ahead,hourly_ridge_coldstart_v1
2026-02-01 09:00:00+00:00,BTC,-0.0001194391024624,return_1h_ahead,hourly_ridge_coldstart_v1
2026-02-01 10:00:00+00:00,BTC,-0.0001367470304124,return_1h_ahead,hourly_ridge_coldstart_v1
2026-02-01 11:00:00+00:00,BTC,-0.0007031626793676,return_1h_ahead,hourly_ridge_coldstart_v1
2026-02-01 12:00:00+00:00,BTC,-0.0001945619239952,return_1h_ahead,hourly_ridge_coldstart_v1
2026-02-01 13:00:00+00:00,BTC,-0.0001645852088448,return_1h_ahead,hourly_ridge_coldstart_v1
2026-02-01 14:00:00+00:00,BTC,-0.0005285628426686,return_1h_ahead,hourly_ridge_coldstart_v1
2026-02-01 15:00:00+00:00,BTC,-0.0006949140461952,return_1h_ahead,hourly_ridge_coldstart_v1
2026-02-01 16:00:00+00:00,BTC,-0.0002223749140372,return_1h_ahead,hourly_ridge_coldstart_v1
2026-02-01 17:00:00+00:00,BTC,-0.0002294174411636,return_1h_ahead,hourly_ridge_coldstart_v1
2026-02-01 18:00:00+00:00,BTC,-0.0003883323181821,return_1h_ahead,hourly_ridge_coldstart_v1
2026-02-01 19:00:00+00:00,BTC,-0.0009005785495472,return_1h_ahead,hourly_ridge_coldstart_v1
2026-02-01 20:00:00+00:00,BTC,-0.0010975298502638,return_1h_ahead,hourly_ridge_coldstart_v1
2026-02-01 21:00:00+00:00,BTC,-0.0009275063090037,return_1h_ahead,hourly_ridge_coldstart_v1
2026-02-01 22:00:00+00:00,BTC,-0.0006720965248802,return_1h_ahead,hourly_ridge_coldstart_v1
2026-02-01 23:00:00+00:00,BTC,-0.0009280976046709,return_1h_ahead,hourly_ridge_coldstart_v1
2026-02-02 02:00:00+00:00,BTC,-0.0004742442293408,return_1h_ahead,hourly_ridge_coldstart_v1
2026-02-02 04:00:00+00:00,BTC,-0.0020579976529176,return_1h_ahead,hourly_ridge_coldstart_v1
2026-02-02 06:00:00+00:00,BTC,-0.0017011174961684,return_1h_ahead,hourly_ridge_coldstart_v1
2026-02-02 07:00:00+00:00,BTC,-0.0017712263760904,return_1h_ahead,hourly_ridge_coldstart_v1
2026-02-02 08:00:00+00:00,BTC,-0.0023067343229336,return_1h_ahead,hourly_ridge_coldstart_v1
2026-02-02 09:00:00+00:00,BTC,-0.0021284139275479,return_1h_ahead,hourly_ridge_coldstart_v1
2026-02-02 10:00:00+00:00,BTC,-0.0025130952744914,return_1h_ahead,hourly_ridge_coldstart_v1
2026-02-02 11:00:00+00:00,BTC,-0.0013708704671735,return_1h_ahead,hourly_ridge_coldstart_v1
2026-02-02 12:00:00+00:00,BTC,-0.0010148763990836,return_1h_ahead,hourly_ridge_coldstart_v1
2026-02-02 14:00:00+00:00,BTC,-0.0002927585568672,return_1h_ahead,hourly_ridge_coldstart_v1
2026-02-02 15:00:00+00:00,BTC,-0.0001461364393435,return_1h_ahead,hourly_ridge_coldstart_v1
2026-02-02 16:00:00+00:00,BTC,0.0001417350160592,return_1h_ahead,hourly_ridge_coldstart_v1
2026-02-02 17:00:00+00:00,BTC,0.0002525762164701,return_1h_ahead,hourly_ridge_coldstart_v1
2026-02-02 18:00:00+00:00,BTC,-0.0002894684150688,return_1h_ahead,hourly_ridge_coldstart_v1
2026-02-02 23:00:00+00:00,BTC,-0.0001841166477787,return_1h_ahead,hourly_ridge_coldstart_v1
2026-02-03 02:00:00+00:00,BTC,-7.80549602650092e-05,return_1h_ahead,hourly_ridge_coldstart_v1
2026-02-03 04:00:00+00:00,BTC,0.0001088924843584,return_1h_ahead,hourly_ridge_coldstart_v1
2026-02-03 05:00:00+00:00,BTC,-0.0002479792363894,return_1h_ahead,hourly_ridge_coldstart_v1
2026-02-03 06:00:00+00:00,BTC,-2.074886862649865e-05,return_1h_ahead,hourly_ridge_coldstart_v1
2026-02-03 07:00:00+00:00,BTC,9.944270747348068e-05,return_1h_ahead,hourly_ridge_coldstart_v1
2026-02-03 08:00:00+00:00,BTC,7.276184994455659e-05,return_1h_ahead,hourly_ridge_coldstart_v1
2026-02-03 09:00:00+00:00,BTC,-0.0006214628010018,return_1h_ahead,hourly_ridge_coldstart_v1
2026-02-03 10:00:00+00:00,BTC,-0.0003085601338916,return_1h_ahead,hourly_ridge_coldstart_v1
2026-02-03 11:00:00+00:00,BTC,-0.0001895848993784,return_1h_ahead,hourly_ridge_coldstart_v1
2026-02-03 13:00:00+00:00,BTC,-9.631242419753349e-05,return_1h_ahead,hourly_ridge_coldstart_v1
2026-02-03 14:00:00+00:00,BTC,-0.0001145658862841,return_1h_ahead,hourly_ridge_coldstart_v1
2026-02-03 15:00:00+00:00,BTC,-0.0002700809190149,return_1h_ahead,hourly_ridge_coldstart_v1
2026-02-03 16:00:00+00:00,BTC,-0.0012968006528819,return_1h_ahead,hourly_ridge_coldstart_v1
2026-02-03 17:00:00+00:00,BTC,-0.0018801052080834,return_1h_ahead,hourly_ridge_coldstart_v1
2026-02-03 18:00:00+00:00,BTC,-0.0025560335628164,return_1h_ahead,hourly_ridge_coldstart_v1
2026-02-03 19:00:00+00:00,BTC,-0.0024545194803827,return_1h_ahead,hourly_ridge_coldstart_v1
2026-02-03 20:00:00+00:00,BTC,-0.0032745492332271,return_1h_ahead,hourly_ridge_coldstart_v1
2026-02-03 21:00:00+00:00,BTC,-0.0037823162694493,return_1h_ahead,hourly_ridge_coldstart_v1
2026-02-03 22:00:00+00:00,BTC,-0.0039405921330931,return_1h_ahead,hourly_ridge_coldstart_v1
2026-02-03 23:00:00+00:00,BTC,-0.00325708076594,return_1h_ahead,hourly_ridge_coldstart_v1
2026-02-04 02:00:00+00:00,BTC,-0.0015813585117372,return_1h_ahead,hourly_ridge_coldstart_v1
2026-02-04 04:00:00+00:00,BTC,-0.00115255075785,return_1h_ahead,hourly_ridge_coldstart_v1
2026-02-04 05:00:00+00:00,BTC,-0.0005867723767496,return_1h_ahead,hourly_ridge_coldstart_v1
2026-02-04 06:00:00+00:00,BTC,-0.0003214090008509,return_1h_ahead,hourly_ridge_coldstart_v1
2026-02-04 07:00:00+00:00,BTC,-0.0001544122731788,return_1h_ahead,hourly_ridge_coldstart_v1
2026-02-04 08:00:00+00:00,BTC,-0.0003090002189628,return_1h_ahead,hourly_ridge_coldstart_v1
2026-02-04 09:00:00+00:00,BTC,-7.97911096218904e-05,return_1h_ahead,hourly_ridge_coldstart_v1
2026-02-04 10:00:00+00:00,BTC,9.02371727566223e-05,return_1h_ahead,hourly_ridge_coldstart_v1
2026-02-04 11:00:00+00:00,BTC,-0.0001449556379309,return_1h_ahead,hourly_ridge_coldstart_v1
2026-02-04 12:00:00+00:00,BTC,0.0002045689979967,return_1h_ahead,hourly_ridge_coldstart_v1
2026-02-04 14:00:00+00:00,BTC,-0.0011123335103555,return_1h_ahead,hourly_ridge_coldstart_v1
2026-02-04 15:00:00+00:00,BTC,-0.0009477250870912,return_1h_ahead,hourly_ridge_coldstart_v1
2026-02-04 16:00:00+00:00,BTC,-0.00179286336421,return_1h_ahead,hourly_ridge_coldstart_v1
2026-02-04 17:00:00+00:00,BTC,-0.0012025680707531,return_1h_ahead,hourly_ridge_coldstart_v1
2026-02-04 18:00:00+00:00,BTC,-0.0015122041205102,return_1h_ahead,hourly_ridge_coldstart_v1
2026-02-04 19:00:00+00:00,BTC,-0.0018354373995371,return_1h_ahead,hourly_ridge_coldstart_v1
2026-02-04 20:00:00+00:00,BTC,-0.0015413684843409,return_1h_ahead,hourly_ridge_coldstart_v1
2026-02-04 21:00:00+00:00,BTC,-0.0016749442690345,return_1h_ahead,hourly_ridge_coldstart_v1
2026-02-04 22:00:00+00:00,BTC,-0.0006964528581631,return_1h_ahead,hourly_ridge_coldstart_v1
2026-02-04 23:00:00+00:00,BTC,-0.0006814709512666,return_1h_ahead,hourly_ridge_coldstart_v1
2026-02-05 02:00:00+00:00,BTC,-0.0007126444731367,return_1h_ahead,hourly_ridge_coldstart_v1
2026-02-05 04:00:00+00:00,BTC,-0.0013368448476113,return_1h_ahead,hourly_ridge_coldstart_v1
2026-02-05 05:00:00+00:00,BTC,-0.0009973900492514,return_1h_ahead,hourly_ridge_coldstart_v1
2026-02-05 07:00:00+00:00,BTC,-0.0008932133616009,return_1h_ahead,hourly_ridge_coldstart_v1
2026-02-05 08:00:00+00:00,BTC,-0.0010128058176735,return_1h_ahead,hourly_ridge_coldstart_v1
2026-02-05 09:00:00+00:00,BTC,-0.0012289653699939,return_1h_ahead,hourly_ridge_coldstart_v1
2026-02-05 10:00:00+00:00,BTC,-0.0011193383154009,return_1h_ahead,hourly_ridge_coldstart_v1
2026-02-05 11:00:00+00:00,BTC,-0.0019998009220543,return_1h_ahead,hourly_ridge_coldstart_v1
2026-02-05 13:00:00+00:00,BTC,-0.0017617552482134,return_1h_ahead,hourly_ridge_coldstart_v1
2026-02-05 14:00:00+00:00,BTC,-0.0015610622395567,return_1h_ahead,hourly_ridge_coldstart_v1
2026-02-05 15:00:00+00:00,BTC,-0.0055873910736438,return_1h_ahead,hourly_ridge_coldstart_v1
2026-02-05 16:00:00+00:00,BTC,-0.0041090510739479,return_1h_ahead,hourly_ridge_coldstart_v1
2026-02-05 17:00:00+00:00,BTC,-0.0044363616745385,return_1h_ahead,hourly_ridge_coldstart_v1
2026-02-05 18:00:00+00:00,BTC,-0.0051458596958623,return_1h_ahead,hourly_ridge_coldstart_v1
2026-02-05 19:00:00+00:00,BTC,-0.0044407144890116,return_1h_ahead,hourly_ridge_coldstart_v1
2026-02-05 20:00:00+00:00,BTC,-0.0053611055376659,return_1h_ahead,hourly_ridge_coldstart_v1
2026-02-05 21:00:00+00:00,BTC,-0.0032477068955215,return_1h_ahead,hourly_ridge_coldstart_v1
2026-02-05 22:00:00+00:00,BTC,-0.0030934238501771,return_1h_ahead,hourly_ridge_coldstart_v1
2026-02-05 23:00:00+00:00,BTC,-0.0033868917759171,return_1h_ahead,hourly_ridge_coldstart_v1
2026-02-06 02:00:00+00:00,BTC,-0.0035679216369977,return_1h_ahead,hourly_ridge_coldstart_v1
2026-02-06 04:00:00+00:00,BTC,-0.0050481881835613,return_1h_ahead,hourly_ridge_coldstart_v1
2026-02-06 05:00:00+00:00,BTC,-0.0028179868150014,return_1h_ahead,hourly_ridge_coldstart_v1
2026-02-06 06:00:00+00:00,BTC,-0.0050091137708583,return_1h_ahead,hourly_ridge_coldstart_v1
2026-02-06 07:00:00+00:00,BTC,-0.0041285956912069,return_1h_ahead,hourly_ridge_coldstart_v1
2026-02-06 08:00:00+00:00,BTC,-0.0041132283538656,return_1h_ahead,hourly_ridge_coldstart_v1
2026-02-06 09:00:00+00:00,BTC,-0.0029552133057361,return_1h_ahead,hourly_ridge_coldstart_v1
2026-02-06 10:00:00+00:00,BTC,-0.0027893918991877,return_1h_ahead,hourly_ridge_coldstart_v1
2026-02-06 11:00:00+00:00,BTC,-0.0017788497185475,return_1h_ahead,hourly_ridge_coldstart_v1
2026-02-06 12:00:00+00:00,BTC,-0.0003977187960254,return_1h_ahead,hourly_ridge_coldstart_v1
2026-02-06 14:00:00+00:00,BTC,-0.0003675051616082,return_1h_ahead,hourly_ridge_coldstart_v1
2026-02-06 15:00:00+00:00,BTC,-0.0001877568812352,return_1h_ahead,hourly_ridge_coldstart_v1
2026-02-06 16:00:00+00:00,BTC,-0.0004838925798169,return_1h_ahead,hourly_ridge_coldstart_v1
2026-02-06 17:00:00+00:00,BTC,-0.0004844106113483,return_1h_ahead,hourly_ridge_coldstart_v1
2026-02-06 18:00:00+00:00,BTC,-0.0027255733105529,return_1h_ahead,hourly_ridge_coldstart_v1
2026-02-06 19:00:00+00:00,BTC,-0.0022214391024472,return_1h_ahead,hourly_ridge_coldstart_v1
2026-02-06 20:00:00+00:00,BTC,-0.0022633921300809,return_1h_ahead,hourly_ridge_coldstart_v1
2026-02-06 21:00:00+00:00,BTC,-0.0022323069126844,return_1h_ahead,hourly_ridge_coldstart_v1
2026-02-06 22:00:00+00:00,BTC,-0.0016470858814147,return_1h_ahead,hourly_ridge_coldstart_v1
2026-02-06 23:00:00+00:00,BTC,-0.0007482504095173,return_1h_ahead,hourly_ridge_coldstart_v1
2026-02-07 01:00:00+00:00,BTC,0.0001529141149492,return_1h_ahead,hourly_ridge_coldstart_v1
2026-02-07 04:00:00+00:00,BTC,7.695911982517125e-05,return_1h_ahead,hourly_ridge_coldstart_v1
2026-02-07 05:00:00+00:00,BTC,-0.0015624036391454,return_1h_ahead,hourly_ridge_coldstart_v1
2026-02-07 06:00:00+00:00,BTC,-0.0010560216124587,return_1h_ahead,hourly_ridge_coldstart_v1
2026-02-07 07:00:00+00:00,BTC,-0.0039091799773434,return_1h_ahead,hourly_ridge_coldstart_v1
2026-02-07 08:00:00+00:00,BTC,-0.0028431889500876,return_1h_ahead,hourly_ridge_coldstart_v1
2026-02-07 09:00:00+00:00,BTC,-0.0030809249359724,return_1h_ahead,hourly_ridge_coldstart_v1
2026-02-07 10:00:00+00:00,BTC,-0.0028626889033904,return_1h_ahead,hourly_ridge_coldstart_v1
2026-02-07 11:00:00+00:00,BTC,-0.0026267387780751,return_1h_ahead,hourly_ridge_coldstart_v1
2026-02-07 12:00:00+00:00,BTC,-0.0027252248184533,return_1h_ahead,hourly_ridge_coldstart_v1
2026-02-07 13:00:00+00:00,BTC,-0.0013590374740839,return_1h_ahead,hourly_ridge_coldstart_v1
2026-02-07 14:00:00+00:00,BTC,-0.0011189922813536,return_1h_ahead,hourly_ridge_coldstart_v1
2026-02-07 15:00:00+00:00,BTC,-0.0010151473076399,return_1h_ahead,hourly_ridge_coldstart_v1
2026-02-07 16:00:00+00:00,BTC,-0.0010202990875883,return_1h_ahead,hourly_ridge_coldstart_v1
2026-02-07 17:00:00+00:00,BTC,-0.0013385025187482,return_1h_ahead,hourly_ridge_coldstart_v1
2026-02-07 18:00:00+00:00,BTC,-0.0001632090259742,return_1h_ahead,hourly_ridge_coldstart_v1
2026-02-07 19:00:00+00:00,BTC,-0.000358368005555,return_1h_ahead,hourly_ridge_coldstart_v1
2026-02-07 20:00:00+00:00,BTC,-0.0003499316800618,return_1h_ahead,hourly_ridge_coldstart_v1
2026-02-07 21:00:00+00:00,BTC,-0.0001917044109853,return_1h_ahead,hourly_ridge_coldstart_v1
2026-02-07 22:00:00+00:00,BTC,-0.0002654787740781,return_1h_ahead,hourly_ridge_coldstart_v1
2026-02-07 23:00:00+00:00,BTC,-0.0004736059377312,return_1h_ahead,hourly_ridge_coldstart_v1
2026-02-08 02:00:00+00:00,BTC,8.610189976032088e-05,return_1h_ahead,hourly_ridge_coldstart_v1
2026-02-08 05:00:00+00:00,BTC,-0.0002996669096251,return_1h_ahead,hourly_ridge_coldstart_v1
2026-02-08 06:00:00+00:00,BTC,-0.0001633247604177,return_1h_ahead,hourly_ridge_coldstart_v1
2026-02-08 07:00:00+00:00,BTC,-0.0001357830494798,return_1h_ahead,hourly_ridge_coldstart_v1
2026-02-08 08:00:00+00:00,BTC,-0.0003431614582419,return_1h_ahead,hourly_ridge_coldstart_v1
2026-02-08 09:00:00+00:00,BTC,-0.0003280364173049,return_1h_ahead,hourly_ridge_coldstart_v1
2026-02-08 10:00:00+00:00,BTC,-0.0008785517419568,return_1h_ahead,hourly_ridge_coldstart_v1
2026-02-08 11:00:00+00:00,BTC,-0.0004324708468694,return_1h_ahead,hourly_ridge_coldstart_v1
2026-02-08 12:00:00+00:00,BTC,-0.0005512438551623,return_1h_ahead,hourly_ridge_coldstart_v1
2026-02-08 13:00:00+00:00,BTC,-0.0005997366157616,return_1h_ahead,hourly_ridge_coldstart_v1
2026-02-08 14:00:00+00:00,BTC,-0.0005195319524669,return_1h_ahead,hourly_ridge_coldstart_v1
2026-02-08 15:00:00+00:00,BTC,-0.0006471051623952,return_1h_ahead,hourly_ridge_coldstart_v1
2026-02-08 16:00:00+00:00,BTC,-0.0001796373272136,return_1h_ahead,hourly_ridge_coldstart_v1
2026-02-08 17:00:00+00:00,BTC,-0.0005948109179918,return_1h_ahead,hourly_ridge_coldstart_v1
2026-02-08 18:00:00+00:00,BTC,-0.0003767499720983,return_1h_ahead,hourly_ridge_coldstart_v1
2026-02-08 19:00:00+00:00,BTC,-0.0007394472937899,return_1h_ahead,hourly_ridge_coldstart_v1
2026-02-08 20:00:00+00:00,BTC,-0.0007984111019091,return_1h_ahead,hourly_ridge_coldstart_v1
2026-02-08 21:00:00+00:00,BTC,-0.0007034391410746,return_1h_ahead,hourly_ridge_coldstart_v1
2026-02-08 22:00:00+00:00,BTC,-0.0007607817336401,return_1h_ahead,hourly_ridge_coldstart_v1
2026-02-08 23:00:00+00:00,BTC,-0.0007819938697683,return_1h_ahead,hourly_ridge_coldstart_v1
2026-02-09 02:00:00+00:00,BTC,0.0003119111557277,return_1h_ahead,hourly_ridge_coldstart_v1
2026-02-09 05:00:00+00:00,BTC,-3.034299583001219e-05,return_1h_ahead,hourly_ridge_coldstart_v1
2026-02-09 06:00:00+00:00,BTC,-0.0003431494265157,return_1h_ahead,hourly_ridge_coldstart_v1
2026-02-09 07:00:00+00:00,BTC,-0.0005495978858414,return_1h_ahead,hourly_ridge_coldstart_v1
2026-02-09 08:00:00+00:00,BTC,-0.0007738084888177,return_1h_ahead,hourly_ridge_coldstart_v1
2026-02-09 10:00:00+00:00,BTC,-0.0006384426694805,return_1h_ahead,hourly_ridge_coldstart_v1
2026-02-09 11:00:00+00:00,BTC,-0.0009777435162317,return_1h_ahead,hourly_ridge_coldstart_v1
2026-02-09 13:00:00+00:00,BTC,-4.435636163080918e-05,return_1h_ahead,hourly_ridge_coldstart_v1
2026-02-09 14:00:00+00:00,BTC,-0.000338866115855,return_1h_ahead,hourly_ridge_coldstart_v1
2026-02-09 15:00:00+00:00,BTC,-0.0005142722307445,return_1h_ahead,hourly_ridge_coldstart_v1
2026-02-09 20:00:00+00:00,BTC,-0.0008224541531859,return_1h_ahead,hourly_ridge_coldstart_v1
2026-02-09 21:00:00+00:00,BTC,-0.0018791214864182,return_1h_ahead,hourly_ridge_coldstart_v1
2026-02-09 22:00:00+00:00,BTC,-0.0010160483279288,return_1h_ahead,hourly_ridge_coldstart_v1
2026-02-09 23:00:00+00:00,BTC,-0.0013599594968508,return_1h_ahead,hourly_ridge_coldstart_v1
2026-02-10 02:00:00+00:00,BTC,-0.0013130970308443,return_1h_ahead,hourly_ridge_coldstart_v1
2026-02-10 05:00:00+00:00,BTC,-0.0018366135096331,return_1h_ahead,hourly_ridge_coldstart_v1
2026-02-10 07:00:00+00:00,BTC,-0.0011124475830468,return_1h_ahead,hourly_ridge_coldstart_v1
2026-02-10 08:00:00+00:00,BTC,-0.0006432158169494,return_1h_ahead,hourly_ridge_coldstart_v1
2026-02-10 10:00:00+00:00,BTC,-0.0002898558069286,return_1h_ahead,hourly_ridge_coldstart_v1
2026-02-10 11:00:00+00:00,BTC,-0.0005188131535847,return_1h_ahead,hourly_ridge_coldstart_v1
2026-02-10 13:00:00+00:00,BTC,-0.0003241681956106,return_1h_ahead,hourly_ridge_coldstart_v1
2026-02-10 14:00:00+00:00,BTC,-0.0001851528108821,return_1h_ahead,hourly_ridge_coldstart_v1
2026-02-10 16:00:00+00:00,BTC,-0.0001519802045912,return_1h_ahead,hourly_ridge_coldstart_v1
2026-02-10 18:00:00+00:00,BTC,-0.0004949611683034,return_1h_ahead,hourly_ridge_coldstart_v1
2026-02-10 19:00:00+00:00,BTC,-0.0016537513035621,return_1h_ahead,hourly_ridge_coldstart_v1
2026-02-10 20:00:00+00:00,BTC,-0.0013146133456422,return_1h_ahead,hourly_ridge_coldstart_v1
2026-02-10 21:00:00+00:00,BTC,-0.0014611966131894,return_1h_ahead,hourly_ridge_coldstart_v1
2026-02-10 22:00:00+00:00,BTC,-0.0011782192905364,return_1h_ahead,hourly_ridge_coldstart_v1
2026-02-10 23:00:00+00:00,BTC,-0.0010715179961662,return_1h_ahead,hourly_ridge_coldstart_v1
2026-02-11 02:00:00+00:00,BTC,-0.0005232616472217,return_1h_ahead,hourly_ridge_coldstart_v1
2026-02-11 05:00:00+00:00,BTC,-0.0020505963113259,return_1h_ahead,hourly_ridge_coldstart_v1
2026-02-11 07:00:00+00:00,BTC,-0.0019764576444252,return_1h_ahead,hourly_ridge_coldstart_v1
2026-02-11 08:00:00+00:00,BTC,-0.0016047768344471,return_1h_ahead,hourly_ridge_coldstart_v1
2026-02-11 09:00:00+00:00,BTC,-0.001595009398047,return_1h_ahead,hourly_ridge_coldstart_v1
2026-02-11 10:00:00+00:00,BTC,-0.0015664910832318,return_1h_ahead,hourly_ridge_coldstart_v1
2026-02-11 11:00:00+00:00,BTC,-0.0013043547776764,return_1h_ahead,hourly_ridge_coldstart_v1
2026-02-11 13:00:00+00:00,BTC,-0.0005695018053918,return_1h_ahead,hourly_ridge_coldstart_v1
2026-02-11 14:00:00+00:00,BTC,0.0001463835001212,return_1h_ahead,hourly_ridge_coldstart_v1
2026-02-11 16:00:00+00:00,BTC,-0.0003775629999913,return_1h_ahead,hourly_ridge_coldstart_v1
2026-02-11 17:00:00+00:00,BTC,-9.782218608616027e-05,return_1h_ahead,hourly_ridge_coldstart_v1
2026-02-11 19:00:00+00:00,BTC,-0.0001579553070645,return_1h_ahead,hourly_ridge_coldstart_v1
2026-02-11 20:00:00+00:00,BTC,-0.0002825023869048,return_1h_ahead,hourly_ridge_coldstart_v1
2026-02-11 21:00:00+00:00,BTC,-0.0003446847637572,return_1h_ahead,hourly_ridge_coldstart_v1
2026-02-11 22:00:00+00:00,BTC,-0.001337296848511,return_1h_ahead,hourly_ridge_coldstart_v1
2026-02-11 23:00:00+00:00,BTC,-0.0011510793508333,return_1h_ahead,hourly_ridge_coldstart_v1
2026-02-12 02:00:00+00:00,BTC,-0.0008396727252182,return_1h_ahead,hourly_ridge_coldstart_v1
2026-02-12 04:00:00+00:00,BTC,-0.0016129821536938,return_1h_ahead,hourly_ridge_coldstart_v1
2026-02-12 06:00:00+00:00,BTC,-0.0013195374342179,return_1h_ahead,hourly_ridge_coldstart_v1
2026-02-12 07:00:00+00:00,BTC,-0.0008625863050773,return_1h_ahead,hourly_ridge_coldstart_v1
2026-02-12 08:00:00+00:00,BTC,-0.0008062608800619,return_1h_ahead,hourly_ridge_coldstart_v1
2026-02-12 09:00:00+00:00,BTC,-0.0005500863196358,return_1h_ahead,hourly_ridge_coldstart_v1
2026-02-12 10:00:00+00:00,BTC,-0.0002831599816372,return_1h_ahead,hourly_ridge_coldstart_v1
2026-02-12 11:00:00+00:00,BTC,0.0002046131833641,return_1h_ahead,hourly_ridge_coldstart_v1
2026-02-12 13:00:00+00:00,BTC,-0.0004858198487206,return_1h_ahead,hourly_ridge_coldstart_v1
2026-02-12 14:00:00+00:00,BTC,-0.0003886760010326,return_1h_ahead,hourly_ridge_coldstart_v1
2026-02-12 15:00:00+00:00,BTC,-0.0004690734366156,return_1h_ahead,hourly_ridge_coldstart_v1
2026-02-12 16:00:00+00:00,BTC,-0.0025647899288275,return_1h_ahead,hourly_ridge_coldstart_v1
2026-02-12 18:00:00+00:00,BTC,-0.0017771329594385,return_1h_ahead,hourly_ridge_coldstart_v1
2026-02-12 19:00:00+00:00,BTC,-0.0012892728852115,return_1h_ahead,hourly_ridge_coldstart_v1
2026-02-12 20:00:00+00:00,BTC,-0.0013682579574538,return_1h_ahead,hourly_ridge_coldstart_v1
2026-02-12 21:00:00+00:00,BTC,-0.0014351080601443,return_1h_ahead,hourly_ridge_coldstart_v1
2026-02-12 22:00:00+00:00,BTC,-0.0015326767727159,return_1h_ahead,hourly_ridge_coldstart_v1
2026-02-12 23:00:00+00:00,BTC,6.80843274084274e-05,return_1h_ahead,hourly_ridge_coldstart_v1
2026-02-13 02:00:00+00:00,BTC,0.0002544208873551,return_1h_ahead,hourly_ridge_coldstart_v1
2026-02-13 04:00:00+00:00,BTC,2.8570064069676382e-05,return_1h_ahead,hourly_ridge_coldstart_v1
2026-02-13 05:00:00+00:00,BTC,-5.544534314555011e-05,return_1h_ahead,hourly_ridge_coldstart_v1
2026-02-13 07:00:00+00:00,BTC,5.517259183784854e-05,return_1h_ahead,hourly_ridge_coldstart_v1
2026-02-13 08:00:00+00:00,BTC,9.148266854656335e-05,return_1h_ahead,hourly_ridge_coldstart_v1
2026-02-13 09:00:00+00:00,BTC,0.0003133042950361,return_1h_ahead,hourly_ridge_coldstart_v1
2026-02-13 10:00:00+00:00,BTC,0.0001691117744961,return_1h_ahead,hourly_ridge_coldstart_v1
2026-02-13 11:00:00+00:00,BTC,0.0001025554177451,return_1h_ahead,hourly_ridge_coldstart_v1
2026-02-13 12:00:00+00:00,BTC,0.0003374406002763,return_1h_ahead,hourly_ridge_coldstart_v1
2026-02-13 14:00:00+00:00,BTC,0.0002075691974968,return_1h_ahead,hourly_ridge_coldstart_v1
2026-02-13 15:00:00+00:00,BTC,-0.0008080560206518,return_1h_ahead,hourly_ridge_coldstart_v1
2026-02-13 16:00:00+00:00,BTC,-0.0015125155501578,return_1h_ahead,hourly_ridge_coldstart_v1
2026-02-13 17:00:00+00:00,BTC,-0.0018592438042465,return_1h_ahead,hourly_ridge_coldstart_v1
2026-02-13 18:00:00+00:00,BTC,-0.0016477659510493,return_1h_ahead,hourly_ridge_coldstart_v1
2026-02-13 19:00:00+00:00,BTC,-0.0018934001233332,return_1h_ahead,hourly_ridge_coldstart_v1
2026-02-13 20:00:00+00:00,BTC,-0.00205114517335,return_1h_ahead,hourly_ridge_coldstart_v1
2026-02-13 21:00:00+00:00,BTC,0.0001435383941771,return_1h_ahead,hourly_ridge_coldstart_v1
2026-02-13 22:00:00+00:00,BTC,0.0003236218328141,return_1h_ahead,hourly_ridge_coldstart_v1
2026-02-13 23:00:00+00:00,BTC,0.000361267851776,return_1h_ahead,hourly_ridge_coldstart_v1
2026-02-14 02:00:00+00:00,BTC,0.0004049821291655,return_1h_ahead,hourly_ridge_coldstart_v1
2026-02-14 04:00:00+00:00,BTC,0.0003846534550658,return_1h_ahead,hourly_ridge_coldstart_v1
2026-02-14 05:00:00+00:00,BTC,0.0006304635887642,return_1h_ahead,hourly_ridge_coldstart_v1
2026-02-14 06:00:00+00:00,BTC,0.0007104500196293,return_1h_ahead,hourly_ridge_coldstart_v1
2026-02-14 07:00:00+00:00,BTC,0.000686714425078,return_1h_ahead,hourly_ridge_coldstart_v1
2026-02-14 08:00:00+00:00,BTC,0.0003397470329748,return_1h_ahead,hourly_ridge_coldstart_v1
2026-02-14 09:00:00+00:00,BTC,0.0001555168322197,return_1h_ahead,hourly_ridge_coldstart_v1
2026-02-14 10:00:00+00:00,BTC,0.0001794256782324,return_1h_ahead,hourly_ridge_coldstart_v1
2026-02-14 11:00:00+00:00,BTC,0.0002679506917234,return_1h_ahead,hourly_ridge_coldstart_v1
2026-02-14 12:00:00+00:00,BTC,-0.0002802701772626,return_1h_ahead,hourly_ridge_coldstart_v1
2026-02-14 13:00:00+00:00,BTC,-0.0009371434118114,return_1h_ahead,hourly_ridge_coldstart_v1
2026-02-14 14:00:00+00:00,BTC,-0.0004417709278425,return_1h_ahead,hourly_ridge_coldstart_v1
2026-02-14 15:00:00+00:00,BTC,-0.0004253393615588,return_1h_ahead,hourly_ridge_coldstart_v1
2026-02-14 16:00:00+00:00,BTC,-0.0011094516977381,return_1h_ahead,hourly_ridge_coldstart_v1
2026-02-14 17:00:00+00:00,BTC,-0.0005785876139683,return_1h_ahead,hourly_ridge_coldstart_v1
2026-02-14 18:00:00+00:00,BTC,-0.0008210159770514,return_1h_ahead,hourly_ridge_coldstart_v1
2026-02-14 19:00:00+00:00,BTC,-0.0004789641857453,return_1h_ahead,hourly_ridge_coldstart_v1
2026-02-14 20:00:00+00:00,BTC,-0.0004234349707796,return_1h_ahead,hourly_ridge_coldstart_v1
2026-02-14 21:00:00+00:00,BTC,-0.0001871628248714,return_1h_ahead,hourly_ridge_coldstart_v1
2026-02-14 22:00:00+00:00,BTC,-0.000129425362468,return_1h_ahead,hourly_ridge_coldstart_v1
2026-02-14 23:00:00+00:00,BTC,0.0002939474000751,return_1h_ahead,hourly_ridge_coldstart_v1
2026-02-15 02:00:00+00:00,BTC,4.846494590089791e-05,return_1h_ahead,hourly_ridge_coldstart_v1
2026-02-15 04:00:00+00:00,BTC,-0.0001514685214144,return_1h_ahead,hourly_ridge_coldstart_v1
2026-02-15 05:00:00+00:00,BTC,-0.0004897569983829,return_1h_ahead,hourly_ridge_coldstart_v1
2026-02-15 06:00:00+00:00,BTC,-0.0004781634621831,return_1h_ahead,hourly_ridge_coldstart_v1
2026-02-15 07:00:00+00:00,BTC,-0.0002800835360509,return_1h_ahead,hourly_ridge_coldstart_v1
2026-02-15 08:00:00+00:00,BTC,-0.0010373964948752,return_1h_ahead,hourly_ridge_coldstart_v1
2026-02-15 09:00:00+00:00,BTC,-0.0005661252800675,return_1h_ahead,hourly_ridge_coldstart_v1
2026-02-15 10:00:00+00:00,BTC,-0.0004049102019104,return_1h_ahead,hourly_ridge_coldstart_v1
2026-02-15 11:00:00+00:00,BTC,-0.0003360326995714,return_1h_ahead,hourly_ridge_coldstart_v1
2026-02-15 12:00:00+00:00,BTC,-0.000680953679496,return_1h_ahead,hourly_ridge_coldstart_v1
2026-02-15 13:00:00+00:00,BTC,-0.0011444958603101,return_1h_ahead,hourly_ridge_coldstart_v1
2026-02-15 14:00:00+00:00,BTC,-0.0006931331621395,return_1h_ahead,hourly_ridge_coldstart_v1
2026-02-15 15:00:00+00:00,BTC,-0.0005949664934149,return_1h_ahead,hourly_ridge_coldstart_v1
2026-02-15 16:00:00+00:00,BTC,-0.0006149207649889,return_1h_ahead,hourly_ridge_coldstart_v1
2026-02-15 17:00:00+00:00,BTC,-0.0006520351706039,return_1h_ahead,hourly_ridge_coldstart_v1
2026-02-15 18:00:00+00:00,BTC,-0.0008969088304109,return_1h_ahead,hourly_ridge_coldstart_v1
2026-02-15 19:00:00+00:00,BTC,7.728254967798948e-05,return_1h_ahead,hourly_ridge_coldstart_v1
2026-02-15 20:00:00+00:00,BTC,0.0001436766387414,return_1h_ahead,hourly_ridge_coldstart_v1
2026-02-15 21:00:00+00:00,BTC,2.685093949215847e-05,return_1h_ahead,hourly_ridge_coldstart_v1
2026-02-15 22:00:00+00:00,BTC,-0.0001124195104262,return_1h_ahead,hourly_ridge_coldstart_v1
2026-02-15 23:00:00+00:00,BTC,-0.0004123383037338,return_1h_ahead,hourly_ridge_coldstart_v1
2026-02-16 02:00:00+00:00,BTC,9.930153963261782e-05,return_1h_ahead,hourly_ridge_coldstart_v1
2026-02-16 04:00:00+00:00,BTC,0.000103506307477,return_1h_ahead,hourly_ridge_coldstart_v1
2026-02-16 06:00:00+00:00,BTC,-0.0004872097635348,return_1h_ahead,hourly_ridge_coldstart_v1
2026-02-16 07:00:00+00:00,BTC,-5.245848406317319e-05,return_1h_ahead,hourly_ridge_coldstart_v1
2026-02-16 08:00:00+00:00,BTC,-6.975381436339332e-05,return_1h_ahead,hourly_ridge_coldstart_v1
2026-02-16 09:00:00+00:00,BTC,5.6995501047947495e-05,return_1h_ahead,hourly_ridge_coldstart_v1
2026-02-16 10:00:00+00:00,BTC,-0.0001870723979421,return_1h_ahead,hourly_ridge_coldstart_v1
2026-02-16 11:00:00+00:00,BTC,-0.0001969493354837,return_1h_ahead,hourly_ridge_coldstart_v1
2026-02-16 13:00:00+00:00,BTC,-0.0004171144367099,return_1h_ahead,hourly_ridge_coldstart_v1
2026-02-16 14:00:00+00:00,BTC,-0.0027341389330816,return_1h_ahead,hourly_ridge_coldstart_v1
2026-02-16 15:00:00+00:00,BTC,-0.0030199516208251,return_1h_ahead,hourly_ridge_coldstart_v1
2026-02-16 16:00:00+00:00,BTC,-0.0023754152943617,return_1h_ahead,hourly_ridge_coldstart_v1
2026-02-16 17:00:00+00:00,BTC,-0.0024806277674392,return_1h_ahead,hourly_ridge_coldstart_v1
2026-02-16 18:00:00+00:00,BTC,-0.0026010679463067,return_1h_ahead,hourly_ridge_coldstart_v1
2026-02-16 19:00:00+00:00,BTC,-0.0017474256896965,return_1h_ahead,hourly_ridge_coldstart_v1
2026-02-16 20:00:00+00:00,BTC,-0.0009685539035909,return_1h_ahead,hourly_ridge_coldstart_v1
2026-02-16 21:00:00+00:00,BTC,0.0004458095469809,return_1h_ahead,hourly_ridge_coldstart_v1
2026-02-16 22:00:00+00:00,BTC,0.0004515936248736,return_1h_ahead,hourly_ridge_coldstart_v1
2026-02-16 23:00:00+00:00,BTC,0.0004050863416915,return_1h_ahead,hourly_ridge_coldstart_v1
2026-02-17 02:00:00+00:00,BTC,7.327505822104255e-05,return_1h_ahead,hourly_ridge_coldstart_v1
2026-02-17 04:00:00+00:00,BTC,0.0002017604123043,return_1h_ahead,hourly_ridge_coldstart_v1
2026-02-17 05:00:00+00:00,BTC,4.070416493542008e-05,return_1h_ahead,hourly_ridge_coldstart_v1
2026-02-17 07:00:00+00:00,BTC,0.0003417798035993,return_1h_ahead,hourly_ridge_coldstart_v1
2026-02-17 08:00:00+00:00,BTC,0.0002235275564861,return_1h_ahead,hourly_ridge_coldstart_v1
2026-02-17 09:00:00+00:00,BTC,0.0003044191953533,return_1h_ahead,hourly_ridge_coldstart_v1
2026-02-17 10:00:00+00:00,BTC,0.0001232380772615,return_1h_ahead,hourly_ridge_coldstart_v1
2026-02-17 11:00:00+00:00,BTC,0.0002746064818861,return_1h_ahead,hourly_ridge_coldstart_v1
2026-02-17 13:00:00+00:00,BTC,0.0002847275267166,return_1h_ahead,hourly_ridge_coldstart_v1
2026-02-17 14:00:00+00:00,BTC,-0.0005617616469575,return_1h_ahead,hourly_ridge_coldstart_v1
2026-02-17 15:00:00+00:00,BTC,-0.000264954795924,return_1h_ahead,hourly_ridge_coldstart_v1
2026-02-17 16:00:00+00:00,BTC,-0.0004031732709167,return_1h_ahead,hourly_ridge_coldstart_v1
2026-02-17 17:00:00+00:00,BTC,-0.0010328083274248,return_1h_ahead,hourly_ridge_coldstart_v1
2026-02-17 19:00:00+00:00,BTC,-0.0009209345265673,return_1h_ahead,hourly_ridge_coldstart_v1
2026-02-17 20:00:00+00:00,BTC,-0.0015822397054196,return_1h_ahead,hourly_ridge_coldstart_v1
2026-02-17 21:00:00+00:00,BTC,-0.0010980148279824,return_1h_ahead,hourly_ridge_coldstart_v1
2026-02-17 22:00:00+00:00,BTC,-0.0010009537116734,return_1h_ahead,hourly_ridge_coldstart_v1
2026-02-17 23:00:00+00:00,BTC,-0.0010772479240425,return_1h_ahead,hourly_ridge_coldstart_v1
2026-02-18 02:00:00+00:00,BTC,-0.0008772209500075,return_1h_ahead,hourly_ridge_coldstart_v1
2026-02-18 04:00:00+00:00,BTC,6.272910725415692e-06,return_1h_ahead,hourly_ridge_coldstart_v1
2026-02-18 06:00:00+00:00,BTC,-0.0001070566679058,return_1h_ahead,hourly_ridge_coldstart_v1
2026-02-18 07:00:00+00:00,BTC,-8.590564165081982e-05,return_1h_ahead,hourly_ridge_coldstart_v1
2026-02-18 08:00:00+00:00,BTC,-0.0003467669026249,return_1h_ahead,hourly_ridge_coldstart_v1
2026-02-18 09:00:00+00:00,BTC,-0.0002151755421483,return_1h_ahead,hourly_ridge_coldstart_v1
2026-02-18 10:00:00+00:00,BTC,-0.0005268677812266,return_1h_ahead,hourly_ridge_coldstart_v1
2026-02-18 11:00:00+00:00,BTC,-0.0005175237622264,return_1h_ahead,hourly_ridge_coldstart_v1
2026-02-18 13:00:00+00:00,BTC,-0.0003378085128582,return_1h_ahead,hourly_ridge_coldstart_v1
2026-02-18 14:00:00+00:00,BTC,-9.097326292504946e-05,return_1h_ahead,hourly_ridge_coldstart_v1
2026-02-18 15:00:00+00:00,BTC,-0.0003277987038126,return_1h_ahead,hourly_ridge_coldstart_v1
2026-02-18 17:00:00+00:00,BTC,-0.0011571380038045,return_1h_ahead,hourly_ridge_coldstart_v1
2026-02-18 18:00:00+00:00,BTC,-0.0014010594793699,return_1h_ahead,hourly_ridge_coldstart_v1
2026-02-18 19:00:00+00:00,BTC,-0.0010989298244356,return_1h_ahead,hourly_ridge_coldstart_v1
2026-02-18 20:00:00+00:00,BTC,-0.0010219395931004,return_1h_ahead,hourly_ridge_coldstart_v1
2026-02-18 21:00:00+00:00,BTC,-0.0011095693300643,return_1h_ahead,hourly_ridge_coldstart_v1
2026-02-18 22:00:00+00:00,BTC,-0.0004803339546631,return_1h_ahead,hourly_ridge_coldstart_v1
2026-02-18 23:00:00+00:00,BTC,-0.0003127310722111,return_1h_ahead,hourly_ridge_coldstart_v1
2026-02-19 02:00:00+00:00,BTC,0.0002616471285761,return_1h_ahead,hourly_ridge_coldstart_v1
2026-02-19 04:00:00+00:00,BTC,0.0001121339473024,return_1h_ahead,hourly_ridge_coldstart_v1
2026-02-19 05:00:00+00:00,BTC,0.0001436239376159,return_1h_ahead,hourly_ridge_coldstart_v1
2026-02-19 07:00:00+00:00,BTC,0.000242666343304,return_1h_ahead,hourly_ridge_coldstart_v1
2026-02-19 08:00:00+00:00,BTC,-2.2400277300599423e-05,return_1h_ahead,hourly_ridge_coldstart_v1
2026-02-19 09:00:00+00:00,BTC,0.0001762894883057,return_1h_ahead,hourly_ridge_coldstart_v1
2026-02-19 10:00:00+00:00,BTC,0.0002625657951466,return_1h_ahead,hourly_ridge_coldstart_v1
2026-02-19 11:00:00+00:00,BTC,0.0001088903540583,return_1h_ahead,hourly_ridge_coldstart_v1
2026-02-19 13:00:00+00:00,BTC,3.6224096442733097e-05,return_1h_ahead,hourly_ridge_coldstart_v1
2026-02-19 14:00:00+00:00,BTC,0.0002198037804577,return_1h_ahead,hourly_ridge_coldstart_v1
2026-02-19 15:00:00+00:00,BTC,0.0002038687612669,return_1h_ahead,hourly_ridge_coldstart_v1
2026-02-19 16:00:00+00:00,BTC,8.693816618852068e-05,return_1h_ahead,hourly_ridge_coldstart_v1
2026-02-19 17:00:00+00:00,BTC,9.583295847774968e-05,return_1h_ahead,hourly_ridge_coldstart_v1
2026-02-19 18:00:00+00:00,BTC,-7.126987124603143e-05,return_1h_ahead,hourly_ridge_coldstart_v1
2026-02-19 19:00:00+00:00,BTC,-0.0003555001722296,return_1h_ahead,hourly_ridge_coldstart_v1
2026-02-19 20:00:00+00:00,BTC,-4.599291969417928e-05,return_1h_ahead,hourly_ridge_coldstart_v1
2026-02-19 21:00:00+00:00,BTC,-0.0001006989317593,return_1h_ahead,hourly_ridge_coldstart_v1
2026-02-19 22:00:00+00:00,BTC,-0.0002680732989078,return_1h_ahead,hourly_ridge_coldstart_v1
2026-02-19 23:00:00+00:00,BTC,-3.7744772112261805e-05,return_1h_ahead,hourly_ridge_coldstart_v1
2026-02-20 02:00:00+00:00,BTC,0.0002124790207519,return_1h_ahead,hourly_ridge_coldstart_v1
2026-02-20 04:00:00+00:00,BTC,0.000149775953963,return_1h_ahead,hourly_ridge_coldstart_v1
2026-02-20 05:00:00+00:00,BTC,7.253537864346856e-05,return_1h_ahead,hourly_ridge_coldstart_v1
2026-02-20 06:00:00+00:00,BTC,-0.0002506301625766,return_1h_ahead,hourly_ridge_coldstart_v1
2026-02-20 07:00:00+00:00,BTC,-4.604851379970583e-05,return_1h_ahead,hourly_ridge_coldstart_v1
2026-02-20 08:00:00+00:00,BTC,-0.0001542881968288,return_1h_ahead,hourly_ridge_coldstart_v1
2026-02-20 09:00:00+00:00,BTC,2.745456213572989e-05,return_1h_ahead,hourly_ridge_coldstart_v1
2026-02-20 10:00:00+00:00,BTC,-7.690958980568422e-05,return_1h_ahead,hourly_ridge_coldstart_v1
2026-02-20 11:00:00+00:00,BTC,-9.127570207135176e-05,return_1h_ahead,hourly_ridge_coldstart_v1
2026-02-20 12:00:00+00:00,BTC,-0.0002682946480076,return_1h_ahead,hourly_ridge_coldstart_v1
2026-02-20 14:00:00+00:00,BTC,-0.0007659680404834,return_1h_ahead,hourly_ridge_coldstart_v1
2026-02-20 15:00:00+00:00,BTC,-0.000470407261764,return_1h_ahead,hourly_ridge_coldstart_v1
2026-02-20 16:00:00+00:00,BTC,-0.0004414422295189,return_1h_ahead,hourly_ridge_coldstart_v1
2026-02-20 17:00:00+00:00,BTC,-0.0008438851790662,return_1h_ahead,hourly_ridge_coldstart_v1
2026-02-20 18:00:00+00:00,BTC,-0.0008455234225351,return_1h_ahead,hourly_ridge_coldstart_v1
2026-02-20 19:00:00+00:00,BTC,-0.0011804705294249,return_1h_ahead,hourly_ridge_coldstart_v1
2026-02-20 20:00:00+00:00,BTC,-0.0008558706694494,return_1h_ahead,hourly_ridge_coldstart_v1
2026-02-20 21:00:00+00:00,BTC,-0.000712104426795,return_1h_ahead,hourly_ridge_coldstart_v1
2026-02-20 22:00:00+00:00,BTC,-0.0006029530467138,return_1h_ahead,hourly_ridge_coldstart_v1
2026-02-20 23:00:00+00:00,BTC,-0.0003532695003574,return_1h_ahead,hourly_ridge_coldstart_v1
2026-02-21 01:00:00+00:00,BTC,0.0003215600439868,return_1h_ahead,hourly_ridge_coldstart_v1
2026-02-21 04:00:00+00:00,BTC,7.114023294578536e-05,return_1h_ahead,hourly_ridge_coldstart_v1
2026-02-21 05:00:00+00:00,BTC,0.0003054328318954,return_1h_ahead,hourly_ridge_coldstart_v1
2026-02-21 06:00:00+00:00,BTC,0.0002065739225781,return_1h_ahead,hourly_ridge_coldstart_v1
2026-02-21 07:00:00+00:00,BTC,0.0003256360125553,return_1h_ahead,hourly_ridge_coldstart_v1
2026-02-21 08:00:00+00:00,BTC,0.0003590054102461,return_1h_ahead,hourly_ridge_coldstart_v1
2026-02-21 09:00:00+00:00,BTC,0.0003237381512511,return_1h_ahead,hourly_ridge_coldstart_v1
2026-02-21 10:00:00+00:00,BTC,0.0004231078734787,return_1h_ahead,hourly_ridge_coldstart_v1
2026-02-21 11:00:00+00:00,BTC,0.0005019569001293,return_1h_ahead,hourly_ridge_coldstart_v1
2026-02-21 12:00:00+00:00,BTC,0.0002097063083305,return_1h_ahead,hourly_ridge_coldstart_v1
2026-02-21 13:00:00+00:00,BTC,0.0003559851640512,return_1h_ahead,hourly_ridge_coldstart_v1
2026-02-21 14:00:00+00:00,BTC,0.0003183249039234,return_1h_ahead,hourly_ridge_coldstart_v1
2026-02-21 15:00:00+00:00,BTC,0.0002396459776422,return_1h_ahead,hourly_ridge_coldstart_v1
2026-02-21 16:00:00+00:00,BTC,-0.0001144061168186,return_1h_ahead,hourly_ridge_coldstart_v1
2026-02-21 17:00:00+00:00,BTC,5.760196680618677e-05,return_1h_ahead,hourly_ridge_coldstart_v1
2026-02-21 18:00:00+00:00,BTC,0.0001819272902161,return_1h_ahead,hourly_ridge_coldstart_v1
2026-02-21 19:00:00+00:00,BTC,8.338802316795765e-05,return_1h_ahead,hourly_ridge_coldstart_v1
2026-02-21 20:00:00+00:00,BTC,0.0002138360322997,return_1h_ahead,hourly_ridge_coldstart_v1
2026-02-21 21:00:00+00:00,BTC,5.410380807883964e-05,return_1h_ahead,hourly_ridge_coldstart_v1
2026-02-21 22:00:00+00:00,BTC,0.0003290315455741,return_1h_ahead,hourly_ridge_coldstart_v1
2026-02-21 23:00:00+00:00,BTC,9.664162745680004e-05,return_1h_ahead,hourly_ridge_coldstart_v1
2026-02-22 02:00:00+00:00,BTC,0.0004278400025201,return_1h_ahead,hourly_ridge_coldstart_v1
2026-02-22 04:00:00+00:00,BTC,0.0003251272892712,return_1h_ahead,hourly_ridge_coldstart_v1
2026-02-22 05:00:00+00:00,BTC,0.0003883379485519,return_1h_ahead,hourly_ridge_coldstart_v1
2026-02-22 06:00:00+00:00,BTC,0.0003875808320834,return_1h_ahead,hourly_ridge_coldstart_v1
2026-02-22 07:00:00+00:00,BTC,0.0002922579773939,return_1h_ahead,hourly_ridge_coldstart_v1
2026-02-22 08:00:00+00:00,BTC,0.0003693164620053,return_1h_ahead,hourly_ridge_coldstart_v1
2026-02-22 09:00:00+00:00,BTC,0.0004580314684539,return_1h_ahead,hourly_ridge_coldstart_v1
2026-02-22 10:00:00+00:00,BTC,0.0005199256253159,return_1h_ahead,hourly_ridge_coldstart_v1
2026-02-22 11:00:00+00:00,BTC,0.0005703151640724,return_1h_ahead,hourly_ridge_coldstart_v1
2026-02-22 12:00:00+00:00,BTC,0.0001995186849898,return_1h_ahead,hourly_ridge_coldstart_v1
2026-02-22 13:00:00+00:00,BTC,1.7573211084176562e-05,return_1h_ahead,hourly_ridge_coldstart_v1
2026-02-22 14:00:00+00:00,BTC,0.0001689372175675,return_1h_ahead,hourly_ridge_coldstart_v1
2026-02-22 15:00:00+00:00,BTC,0.0001340374569395,return_1h_ahead,hourly_ridge_coldstart_v1
2026-02-22 16:00:00+00:00,BTC,0.0002341702253053,return_1h_ahead,hourly_ridge_coldstart_v1
2026-02-22 17:00:00+00:00,BTC,0.0002692052440184,return_1h_ahead,hourly_ridge_coldstart_v1
2026-02-22 18:00:00+00:00,BTC,0.0002593624660389,return_1h_ahead,hourly_ridge_coldstart_v1
2026-02-22 19:00:00+00:00,BTC,0.0005094598803741,return_1h_ahead,hourly_ridge_coldstart_v1
2026-02-22 20:00:00+00:00,BTC,0.0004679065993832,return_1h_ahead,hourly_ridge_coldstart_v1
2026-02-22 21:00:00+00:00,BTC,0.0005251639987679,return_1h_ahead,hourly_ridge_coldstart_v1
2026-02-22 22:00:00+00:00,BTC,0.0005263562528264,return_1h_ahead,hourly_ridge_coldstart_v1
2026-02-22 23:00:00+00:00,BTC,0.000421282030614,return_1h_ahead,hourly_ridge_coldstart_v1
2026-02-23 02:00:00+00:00,BTC,-0.0049477468529134,return_1h_ahead,hourly_ridge_coldstart_v1
2026-02-23 04:00:00+00:00,BTC,-0.0035090770613945,return_1h_ahead,hourly_ridge_coldstart_v1
2026-02-23 06:00:00+00:00,BTC,-0.0035574784306818,return_1h_ahead,hourly_ridge_coldstart_v1
2026-02-23 07:00:00+00:00,BTC,-0.0036641631390495,return_1h_ahead,hourly_ridge_coldstart_v1
2026-02-23 08:00:00+00:00,BTC,-0.0041554901167504,return_1h_ahead,hourly_ridge_coldstart_v1
2026-02-23 09:00:00+00:00,BTC,-0.0039023960748022,return_1h_ahead,hourly_ridge_coldstart_v1
2026-02-23 10:00:00+00:00,BTC,-0.0008195814726291,return_1h_ahead,hourly_ridge_coldstart_v1
2026-02-23 11:00:00+00:00,BTC,-0.0009763872784541,return_1h_ahead,hourly_ridge_coldstart_v1
2026-02-23 13:00:00+00:00,BTC,-0.0008477374002404,return_1h_ahead,hourly_ridge_coldstart_v1
2026-02-23 14:00:00+00:00,BTC,-0.0009206783251958,return_1h_ahead,hourly_ridge_coldstart_v1
2026-02-23 15:00:00+00:00,BTC,-0.0006268209973584,return_1h_ahead,hourly_ridge_coldstart_v1
2026-02-23 16:00:00+00:00,BTC,-0.0001557597721924,return_1h_ahead,hourly_ridge_coldstart_v1
2026-02-23 18:00:00+00:00,BTC,-0.000551998376702,return_1h_ahead,hourly_ridge_coldstart_v1
2026-02-23 19:00:00+00:00,BTC,-0.000450465352253,return_1h_ahead,hourly_ridge_coldstart_v1
2026-02-23 20:00:00+00:00,BTC,-0.0001139989306148,return_1h_ahead,hourly_ridge_coldstart_v1
2026-02-23 21:00:00+00:00,BTC,-0.0004439548286279,return_1h_ahead,hourly_ridge_coldstart_v1
2026-02-23 22:00:00+00:00,BTC,-0.0006709444545998,return_1h_ahead,hourly_ridge_coldstart_v1
2026-02-23 23:00:00+00:00,BTC,-0.0006861049711592,return_1h_ahead,hourly_ridge_coldstart_v1
2026-02-24 02:00:00+00:00,BTC,-0.0010695019626186,return_1h_ahead,hourly_ridge_coldstart_v1
2026-02-24 04:00:00+00:00,BTC,-0.0013984949086399,return_1h_ahead,hourly_ridge_coldstart_v1
2026-02-24 05:00:00+00:00,BTC,-0.0011100375221624,return_1h_ahead,hourly_ridge_coldstart_v1
2026-02-24 07:00:00+00:00,BTC,-0.0006525458554584,return_1h_ahead,hourly_ridge_coldstart_v1
2026-02-24 08:00:00+00:00,BTC,-0.0006688172437816,return_1h_ahead,hourly_ridge_coldstart_v1
2026-02-24 09:00:00+00:00,BTC,-0.000761791652894,return_1h_ahead,hourly_ridge_coldstart_v1
2026-02-24 10:00:00+00:00,BTC,-0.0004819350317527,return_1h_ahead,hourly_ridge_coldstart_v1
2026-02-24 11:00:00+00:00,BTC,0.0002544007512803,return_1h_ahead,hourly_ridge_coldstart_v1
2026-02-24 13:00:00+00:00,BTC,0.0001254012780451,return_1h_ahead,hourly_ridge_coldstart_v1
2026-02-24 14:00:00+00:00,BTC,6.803044352719114e-05,return_1h_ahead,hourly_ridge_coldstart_v1
2026-02-24 15:00:00+00:00,BTC,-0.0001690579971957,return_1h_ahead,hourly_ridge_coldstart_v1
2026-02-24 17:00:00+00:00,BTC,-0.0001689049353113,return_1h_ahead,hourly_ridge_coldstart_v1
2026-02-24 19:00:00+00:00,BTC,-0.0003197681991986,return_1h_ahead,hourly_ridge_coldstart_v1
2026-02-24 20:00:00+00:00,BTC,-0.0002970766112581,return_1h_ahead,hourly_ridge_coldstart_v1
2026-02-24 21:00:00+00:00,BTC,-0.0010650605907035,return_1h_ahead,hourly_ridge_coldstart_v1
2026-02-24 22:00:00+00:00,BTC,-0.0005025634992325,return_1h_ahead,hourly_ridge_coldstart_v1
2026-02-24 23:00:00+00:00,BTC,-0.0003956586051369,return_1h_ahead,hourly_ridge_coldstart_v1
2026-02-25 02:00:00+00:00,BTC,-0.001321722383623,return_1h_ahead,hourly_ridge_coldstart_v1
2026-02-25 04:00:00+00:00,BTC,-0.0026797352317766,return_1h_ahead,hourly_ridge_coldstart_v1
2026-02-25 06:00:00+00:00,BTC,-0.0029564454144164,return_1h_ahead,hourly_ridge_coldstart_v1
2026-02-25 07:00:00+00:00,BTC,-0.0023556950016097,return_1h_ahead,hourly_ridge_coldstart_v1
2026-02-25 08:00:00+00:00,BTC,-0.0022526260019642,return_1h_ahead,hourly_ridge_coldstart_v1
2026-02-25 09:00:00+00:00,BTC,-0.0023922081589141,return_1h_ahead,hourly_ridge_coldstart_v1
2026-02-25 10:00:00+00:00,BTC,-0.0006359403165073,return_1h_ahead,hourly_ridge_coldstart_v1
2026-02-25 11:00:00+00:00,BTC,-0.0004180191196536,return_1h_ahead,hourly_ridge_coldstart_v1
2026-02-25 13:00:00+00:00,BTC,9.02382711839355e-05,return_1h_ahead,hourly_ridge_coldstart_v1
2026-02-25 14:00:00+00:00,BTC,-9.308532064529056e-05,return_1h_ahead,hourly_ridge_coldstart_v1
2026-02-25 16:00:00+00:00,BTC,-0.0002090902268274,return_1h_ahead,hourly_ridge_coldstart_v1
2026-02-25 17:00:00+00:00,BTC,-0.0004007275454276,return_1h_ahead,hourly_ridge_coldstart_v1
2026-02-25 19:00:00+00:00,BTC,-0.0005816151551983,return_1h_ahead,hourly_ridge_coldstart_v1
2026-02-25 20:00:00+00:00,BTC,-0.0003792723764328,return_1h_ahead,hourly_ridge_coldstart_v1
2026-02-25 21:00:00+00:00,BTC,-0.0008346128912601,return_1h_ahead,hourly_ridge_coldstart_v1
2026-02-25 22:00:00+00:00,BTC,-0.0012398347079113,return_1h_ahead,hourly_ridge_coldstart_v1
2026-02-25 23:00:00+00:00,BTC,-0.0014655577308012,return_1h_ahead,hourly_ridge_coldstart_v1
2026-02-26 02:00:00+00:00,BTC,-0.0002118150087964,return_1h_ahead,hourly_ridge_coldstart_v1
2026-02-26 04:00:00+00:00,BTC,-0.0001588669874103,return_1h_ahead,hourly_ridge_coldstart_v1
2026-02-26 05:00:00+00:00,BTC,-0.0004862915909166,return_1h_ahead,hourly_ridge_coldstart_v1
2026-02-26 07:00:00+00:00,BTC,-0.0004651504119262,return_1h_ahead,hourly_ridge_coldstart_v1
2026-02-26 08:00:00+00:00,BTC,-0.0004188427514555,return_1h_ahead,hourly_ridge_coldstart_v1
2026-02-26 09:00:00+00:00,BTC,-0.0001958818577281,return_1h_ahead,hourly_ridge_coldstart_v1
2026-02-26 10:00:00+00:00,BTC,-0.0004328345965597,return_1h_ahead,hourly_ridge_coldstart_v1
2026-02-26 11:00:00+00:00,BTC,-0.0002090011698016,return_1h_ahead,hourly_ridge_coldstart_v1
2026-02-26 13:00:00+00:00,BTC,-4.511738794741113e-05,return_1h_ahead,hourly_ridge_coldstart_v1
2026-02-26 14:00:00+00:00,BTC,-0.0005054915810329,return_1h_ahead,hourly_ridge_coldstart_v1
2026-02-26 15:00:00+00:00,BTC,-0.0004428018613904,return_1h_ahead,hourly_ridge_coldstart_v1
2026-02-26 16:00:00+00:00,BTC,-0.0004792622917121,return_1h_ahead,hourly_ridge_coldstart_v1
2026-02-26 17:00:00+00:00,BTC,-0.0002591348903889,return_1h_ahead,hourly_ridge_coldstart_v1
2026-02-26 19:00:00+00:00,BTC,-0.000606351650879,return_1h_ahead,hourly_ridge_coldstart_v1
2026-02-26 20:00:00+00:00,BTC,-0.0008522981413786,return_1h_ahead,hourly_ridge_coldstart_v1
2026-02-26 21:00:00+00:00,BTC,-0.0007811596439114,return_1h_ahead,hourly_ridge_coldstart_v1
2026-02-26 22:00:00+00:00,BTC,-0.0007066939261282,return_1h_ahead,hourly_ridge_coldstart_v1
2026-02-26 23:00:00+00:00,BTC,0.0001582700055339,return_1h_ahead,hourly_ridge_coldstart_v1
2026-02-27 02:00:00+00:00,BTC,-0.0002087282370491,return_1h_ahead,hourly_ridge_coldstart_v1
2026-02-27 04:00:00+00:00,BTC,0.0003161755362535,return_1h_ahead,hourly_ridge_coldstart_v1
2026-02-27 05:00:00+00:00,BTC,0.0001616556938571,return_1h_ahead,hourly_ridge_coldstart_v1
2026-02-27 06:00:00+00:00,BTC,0.0001226704351964,return_1h_ahead,hourly_ridge_coldstart_v1
2026-02-27 07:00:00+00:00,BTC,-3.966218412250103e-05,return_1h_ahead,hourly_ridge_coldstart_v1
2026-02-27 08:00:00+00:00,BTC,0.0001186692761358,return_1h_ahead,hourly_ridge_coldstart_v1
2026-02-27 09:00:00+00:00,BTC,0.0001198176876339,return_1h_ahead,hourly_ridge_coldstart_v1
2026-02-27 10:00:00+00:00,BTC,-0.001102811716446,return_1h_ahead,hourly_ridge_coldstart_v1
2026-02-27 11:00:00+00:00,BTC,-0.0007960392355989,return_1h_ahead,hourly_ridge_coldstart_v1
2026-02-27 12:00:00+00:00,BTC,-0.0011135006551244,return_1h_ahead,hourly_ridge_coldstart_v1
2026-02-27 14:00:00+00:00,BTC,-0.0009229701760351,return_1h_ahead,hourly_ridge_coldstart_v1
2026-02-27 15:00:00+00:00,BTC,-0.0010670299835489,return_1h_ahead,hourly_ridge_coldstart_v1
2026-02-27 16:00:00+00:00,BTC,-0.0009279765224764,return_1h_ahead,hourly_ridge_coldstart_v1
2026-02-27 17:00:00+00:00,BTC,-0.0009300629105131,return_1h_ahead,hourly_ridge_coldstart_v1
2026-02-27 18:00:00+00:00,BTC,-0.000700114375139,return_1h_ahead,hourly_ridge_coldstart_v1
2026-02-27 19:00:00+00:00,BTC,-0.0006383634581593,return_1h_ahead,hourly_ridge_coldstart_v1
2026-02-27 20:00:00+00:00,BTC,-0.0002646792411615,return_1h_ahead,hourly_ridge_coldstart_v1
2026-02-27 21:00:00+00:00,BTC,-0.0003137938614948,return_1h_ahead,hourly_ridge_coldstart_v1
2026-02-27 22:00:00+00:00,BTC,-0.0004751262113546,return_1h_ahead,hourly_ridge_coldstart_v1
2026-02-27 23:00:00+00:00,BTC,0.0001374408473286,return_1h_ahead,hourly_ridge_coldstart_v1
2026-02-28 01:00:00+00:00,BTC,-2.816440651278048e-06,return_1h_ahead,hourly_ridge_coldstart_v1
2026-02-28 03:00:00+00:00,BTC,0.0001258991061782,return_1h_ahead,hourly_ridge_coldstart_v1
2026-02-28 04:00:00+00:00,BTC,6.214035785213494e-05,return_1h_ahead,hourly_ridge_coldstart_v1
2026-02-28 05:00:00+00:00,BTC,9.603499417517412e-05,return_1h_ahead,hourly_ridge_coldstart_v1
2026-02-28 06:00:00+00:00,BTC,-0.0029903836746958,return_1h_ahead,hourly_ridge_coldstart_v1
2026-02-28 07:00:00+00:00,BTC,-0.0019758961546408,return_1h_ahead,hourly_ridge_coldstart_v1
2026-02-28 08:00:00+00:00,BTC,-0.0018519754319442,return_1h_ahead,hourly_ridge_coldstart_v1
2026-02-28 09:00:00+00:00,BTC,-0.0019624670494963,return_1h_ahead,hourly_ridge_coldstart_v1
2026-02-28 10:00:00+00:00,BTC,-0.0021220288768586,return_1h_ahead,hourly_ridge_coldstart_v1
2026-02-28 11:00:00+00:00,BTC,-0.002093727113684,return_1h_ahead,hourly_ridge_coldstart_v1
2026-02-28 12:00:00+00:00,BTC,7.18226401490247e-05,return_1h_ahead,hourly_ridge_coldstart_v1
2026-02-28 13:00:00+00:00,BTC,0.0003696857248389,return_1h_ahead,hourly_ridge_coldstart_v1
2026-02-28 14:00:00+00:00,BTC,0.0001692292907121,return_1h_ahead,hourly_ridge_coldstart_v1
2026-02-28 15:00:00+00:00,BTC,-0.0005539065590519,return_1h_ahead,hourly_ridge_coldstart_v1
2026-02-28 16:00:00+00:00,BTC,-0.0002743969863937,return_1h_ahead,hourly_ridge_coldstart_v1
2026-02-28 17:00:00+00:00,BTC,-0.0006144207651874,return_1h_ahead,hourly_ridge_coldstart_v1
2026-02-28 18:00:00+00:00,BTC,-0.0004056188864179,return_1h_ahead,hourly_ridge_coldstart_v1
2026-02-28 19:00:00+00:00,BTC,-0.0003827955674285,return_1h_ahead,hourly_ridge_coldstart_v1
2026-02-28 20:00:00+00:00,BTC,-0.0005119604648937,return_1h_ahead,hourly_ridge_coldstart_v1
2026-02-28 21:00:00+00:00,BTC,-0.0015420094746526,return_1h_ahead,hourly_ridge_coldstart_v1
2026-02-28 22:00:00+00:00,BTC,-0.0010282128216605,return_1h_ahead,hourly_ridge_coldstart_v1
2026-02-28 23:00:00+00:00,BTC,-0.0013113953426775,return_1h_ahead,hourly_ridge_coldstart_v1
2026-03-01 02:00:00+00:00,BTC,-0.0010187753099873,return_1h_ahead,hourly_ridge_coldstart_v1
2026-03-01 04:00:00+00:00,BTC,-0.0019416821499866,return_1h_ahead,hourly_ridge_coldstart_v1
2026-03-01 05:00:00+00:00,BTC,-0.0010346033025146,return_1h_ahead,hourly_ridge_coldstart_v1
2026-03-01 06:00:00+00:00,BTC,-0.0012916073777158,return_1h_ahead,hourly_ridge_coldstart_v1
2026-03-01 07:00:00+00:00,BTC,-0.0008122621400835,return_1h_ahead,hourly_ridge_coldstart_v1
2026-03-01 08:00:00+00:00,BTC,-0.0007561516482066,return_1h_ahead,hourly_ridge_coldstart_v1
2026-03-01 09:00:00+00:00,BTC,-0.000745705607834,return_1h_ahead,hourly_ridge_coldstart_v1
2026-03-01 10:00:00+00:00,BTC,-0.0004436604359128,return_1h_ahead,hourly_ridge_coldstart_v1
2026-03-01 11:00:00+00:00,BTC,-0.0003567017768234,return_1h_ahead,hourly_ridge_coldstart_v1
2026-03-01 12:00:00+00:00,BTC,-0.0003433390754946,return_1h_ahead,hourly_ridge_coldstart_v1
2026-03-01 13:00:00+00:00,BTC,-0.0002687182416546,return_1h_ahead,hourly_ridge_coldstart_v1
2026-03-01 14:00:00+00:00,BTC,-0.0002752929973996,return_1h_ahead,hourly_ridge_coldstart_v1
2026-03-01 15:00:00+00:00,BTC,-8.955490163718808e-05,return_1h_ahead,hourly_ridge_coldstart_v1
2026-03-01 16:00:00+00:00,BTC,-0.0001870113522599,return_1h_ahead,hourly_ridge_coldstart_v1
2026-03-01 17:00:00+00:00,BTC,-0.0017885971139135,return_1h_ahead,hourly_ridge_coldstart_v1
2026-03-01 18:00:00+00:00,BTC,-0.0011795236419546,return_1h_ahead,hourly_ridge_coldstart_v1
2026-03-01 19:00:00+00:00,BTC,-0.0015410531704946,return_1h_ahead,hourly_ridge_coldstart_v1
2026-03-01 20:00:00+00:00,BTC,-0.001523371115922,return_1h_ahead,hourly_ridge_coldstart_v1
2026-03-01 21:00:00+00:00,BTC,-0.0011302209019994,return_1h_ahead,hourly_ridge_coldstart_v1
2026-03-01 22:00:00+00:00,BTC,-0.0012505946989773,return_1h_ahead,hourly_ridge_coldstart_v1
2026-03-01 23:00:00+00:00,BTC,-0.0008885276522387,return_1h_ahead,hourly_ridge_coldstart_v1
2026-03-02 02:00:00+00:00,BTC,-0.0007000161251666,return_1h_ahead,hourly_ridge_coldstart_v1
2026-03-02 04:00:00+00:00,BTC,-0.0009221111971286,return_1h_ahead,hourly_ridge_coldstart_v1
2026-03-02 05:00:00+00:00,BTC,-0.0004557493320257,return_1h_ahead,hourly_ridge_coldstart_v1
2026-03-02 06:00:00+00:00,BTC,-0.0013664652208785,return_1h_ahead,hourly_ridge_coldstart_v1
2026-03-02 07:00:00+00:00,BTC,-0.0011388763846173,return_1h_ahead,hourly_ridge_coldstart_v1
2026-03-02 08:00:00+00:00,BTC,-0.0009041683143077,return_1h_ahead,hourly_ridge_coldstart_v1
2026-03-02 09:00:00+00:00,BTC,-0.0002952798973461,return_1h_ahead,hourly_ridge_coldstart_v1
2026-03-02 10:00:00+00:00,BTC,-0.0004290757247051,return_1h_ahead,hourly_ridge_coldstart_v1
2026-03-02 11:00:00+00:00,BTC,-0.0004534450770274,return_1h_ahead,hourly_ridge_coldstart_v1
2026-03-02 12:00:00+00:00,BTC,-7.478396372748478e-06,return_1h_ahead,hourly_ridge_coldstart_v1
2026-03-02 14:00:00+00:00,BTC,-0.0005883105353651,return_1h_ahead,hourly_ridge_coldstart_v1
2026-03-02 15:00:00+00:00,BTC,-0.0035783739310335,return_1h_ahead,hourly_ridge_coldstart_v1
2026-03-02 16:00:00+00:00,BTC,-0.0051914748844147,return_1h_ahead,hourly_ridge_coldstart_v1
2026-03-02 17:00:00+00:00,BTC,-0.0063642145919402,return_1h_ahead,hourly_ridge_coldstart_v1
2026-03-02 18:00:00+00:00,BTC,-0.0057667782028418,return_1h_ahead,hourly_ridge_coldstart_v1
2026-03-02 19:00:00+00:00,BTC,-0.0058658230500527,return_1h_ahead,hourly_ridge_coldstart_v1
2026-03-02 20:00:00+00:00,BTC,-0.0054976582826685,return_1h_ahead,hourly_ridge_coldstart_v1
2026-03-02 21:00:00+00:00,BTC,-0.0009927969291185,return_1h_ahead,hourly_ridge_coldstart_v1
2026-03-02 22:00:00+00:00,BTC,-0.0008545613992885,return_1h_ahead,hourly_ridge_coldstart_v1
2026-03-02 23:00:00+00:00,BTC,9.981513151163438e-05,return_1h_ahead,hourly_ridge_coldstart_v1
2026-03-03 02:00:00+00:00,BTC,-0.0004186402852228,return_1h_ahead,hourly_ridge_coldstart_v1
2026-03-03 04:00:00+00:00,BTC,-0.0004137420209543,return_1h_ahead,hourly_ridge_coldstart_v1
2026-03-03 05:00:00+00:00,BTC,-0.000268626375775,return_1h_ahead,hourly_ridge_coldstart_v1
2026-03-03 06:00:00+00:00,BTC,0.0001934548123396,return_1h_ahead,hourly_ridge_coldstart_v1
2026-03-03 07:00:00+00:00,BTC,2.653398239156792e-05,return_1h_ahead,hourly_ridge_coldstart_v1
2026-03-03 08:00:00+00:00,BTC,-0.0005443630184169,return_1h_ahead,hourly_ridge_coldstart_v1
2026-03-03 09:00:00+00:00,BTC,-0.0010390674101788,return_1h_ahead,hourly_ridge_coldstart_v1
2026-03-03 10:00:00+00:00,BTC,-0.0006795346850631,return_1h_ahead,hourly_ridge_coldstart_v1
2026-03-03 11:00:00+00:00,BTC,-0.0007593772799643,return_1h_ahead,hourly_ridge_coldstart_v1
2026-03-03 12:00:00+00:00,BTC,-0.0009645966341848,return_1h_ahead,hourly_ridge_coldstart_v1
2026-03-03 14:00:00+00:00,BTC,-0.0014263915632229,return_1h_ahead,hourly_ridge_coldstart_v1
2026-03-03 15:00:00+00:00,BTC,-0.0010759896425632,return_1h_ahead,hourly_ridge_coldstart_v1
2026-03-03 16:00:00+00:00,BTC,-0.0004805066703215,return_1h_ahead,hourly_ridge_coldstart_v1
2026-03-03 17:00:00+00:00,BTC,-0.0005931314004309,return_1h_ahead,hourly_ridge_coldstart_v1
2026-03-03 18:00:00+00:00,BTC,-0.0004180102069658,return_1h_ahead,hourly_ridge_coldstart_v1
2026-03-03 19:00:00+00:00,BTC,-0.0006412777725263,return_1h_ahead,hourly_ridge_coldstart_v1
2026-03-03 20:00:00+00:00,BTC,-0.0004974271111853,return_1h_ahead,hourly_ridge_coldstart_v1
2026-03-03 21:00:00+00:00,BTC,-0.000775574305386,return_1h_ahead,hourly_ridge_coldstart_v1
2026-03-03 22:00:00+00:00,BTC,-0.0003475920780136,return_1h_ahead,hourly_ridge_coldstart_v1
2026-03-03 23:00:00+00:00,BTC,-0.0004258695662415,return_1h_ahead,hourly_ridge_coldstart_v1
2026-03-04 02:00:00+00:00,BTC,-0.0002381747839348,return_1h_ahead,hourly_ridge_coldstart_v1
2026-03-04 04:00:00+00:00,BTC,-0.0009916969411885,return_1h_ahead,hourly_ridge_coldstart_v1
2026-03-04 05:00:00+00:00,BTC,-0.0006545131968878,return_1h_ahead,hourly_ridge_coldstart_v1
2026-03-04 06:00:00+00:00,BTC,-0.0005823415128606,return_1h_ahead,hourly_ridge_coldstart_v1
2026-03-04 07:00:00+00:00,BTC,-0.000727703588974,return_1h_ahead,hourly_ridge_coldstart_v1
2026-03-04 08:00:00+00:00,BTC,-0.0007406014520931,return_1h_ahead,hourly_ridge_coldstart_v1
2026-03-04 09:00:00+00:00,BTC,-0.0015854937095528,return_1h_ahead,hourly_ridge_coldstart_v1
2026-03-04 10:00:00+00:00,BTC,-0.002369972019757,return_1h_ahead,hourly_ridge_coldstart_v1
2026-03-04 11:00:00+00:00,BTC,-0.002476341625879,return_1h_ahead,hourly_ridge_coldstart_v1
2026-03-04 12:00:00+00:00,BTC,-0.0025865010014611,return_1h_ahead,hourly_ridge_coldstart_v1
2026-03-04 13:00:00+00:00,BTC,-0.0023460726324536,return_1h_ahead,hourly_ridge_coldstart_v1
2026-03-04 14:00:00+00:00,BTC,-0.0024564668923598,return_1h_ahead,hourly_ridge_coldstart_v1
2026-03-04 15:00:00+00:00,BTC,-0.0004724365066172,return_1h_ahead,hourly_ridge_coldstart_v1
2026-03-04 16:00:00+00:00,BTC,-0.0005735420224693,return_1h_ahead,hourly_ridge_coldstart_v1
2026-03-04 17:00:00+00:00,BTC,-0.0007951168375147,return_1h_ahead,hourly_ridge_coldstart_v1
2026-03-04 18:00:00+00:00,BTC,-0.0004466935640955,return_1h_ahead,hourly_ridge_coldstart_v1
2026-03-04 19:00:00+00:00,BTC,-0.0005817988900665,return_1h_ahead,hourly_ridge_coldstart_v1
2026-03-04 20:00:00+00:00,BTC,-0.0009289327840611,return_1h_ahead,hourly_ridge_coldstart_v1
2026-03-04 21:00:00+00:00,BTC,-0.0003798674618239,return_1h_ahead,hourly_ridge_coldstart_v1
2026-03-04 22:00:00+00:00,BTC,0.0001054633444408,return_1h_ahead,hourly_ridge_coldstart_v1
2026-03-04 23:00:00+00:00,BTC,-0.0007236277582788,return_1h_ahead,hourly_ridge_coldstart_v1
2026-03-05 02:00:00+00:00,BTC,-0.000200909456165,return_1h_ahead,hourly_ridge_coldstart_v1
2026-03-05 04:00:00+00:00,BTC,-0.0001780463409572,return_1h_ahead,hourly_ridge_coldstart_v1
2026-03-05 05:00:00+00:00,BTC,-0.0004813049774623,return_1h_ahead,hourly_ridge_coldstart_v1
2026-03-05 06:00:00+00:00,BTC,-0.0002986400384568,return_1h_ahead,hourly_ridge_coldstart_v1
2026-03-05 07:00:00+00:00,BTC,-0.0005384614943384,return_1h_ahead,hourly_ridge_coldstart_v1
2026-03-05 08:00:00+00:00,BTC,-8.778514501252532e-05,return_1h_ahead,hourly_ridge_coldstart_v1
2026-03-05 09:00:00+00:00,BTC,-0.0001058673261876,return_1h_ahead,hourly_ridge_coldstart_v1
2026-03-05 10:00:00+00:00,BTC,-0.0004382683649681,return_1h_ahead,hourly_ridge_coldstart_v1
2026-03-05 11:00:00+00:00,BTC,-0.0008648152109035,return_1h_ahead,hourly_ridge_coldstart_v1
2026-03-05 13:00:00+00:00,BTC,-0.0008147264581192,return_1h_ahead,hourly_ridge_coldstart_v1
2026-03-05 14:00:00+00:00,BTC,-0.000963290124597,return_1h_ahead,hourly_ridge_coldstart_v1
2026-03-05 15:00:00+00:00,BTC,-0.001994884434808,return_1h_ahead,hourly_ridge_coldstart_v1
2026-03-05 18:00:00+00:00,BTC,-0.001613221511899,return_1h_ahead,hourly_ridge_coldstart_v1
2026-03-05 19:00:00+00:00,BTC,-0.0006378019091477,return_1h_ahead,hourly_ridge_coldstart_v1
2026-03-05 20:00:00+00:00,BTC,-0.0008827250653255,return_1h_ahead,hourly_ridge_coldstart_v1
2026-03-05 21:00:00+00:00,BTC,-0.0010229336361056,return_1h_ahead,hourly_ridge_coldstart_v1
2026-03-05 22:00:00+00:00,BTC,-0.0011685377715594,return_1h_ahead,hourly_ridge_coldstart_v1
2026-03-05 23:00:00+00:00,BTC,-0.0005124629886398,return_1h_ahead,hourly_ridge_coldstart_v1
2026-03-06 02:00:00+00:00,BTC,4.385223946554219e-05,return_1h_ahead,hourly_ridge_coldstart_v1
2026-03-06 04:00:00+00:00,BTC,-0.0008862411881883,return_1h_ahead,hourly_ridge_coldstart_v1
2026-03-06 05:00:00+00:00,BTC,-0.0005509945463439,return_1h_ahead,hourly_ridge_coldstart_v1
2026-03-06 06:00:00+00:00,BTC,-0.0005279810037215,return_1h_ahead,hourly_ridge_coldstart_v1
2026-03-06 07:00:00+00:00,BTC,-0.0007220641134832,return_1h_ahead,hourly_ridge_coldstart_v1
2026-03-06 08:00:00+00:00,BTC,-0.0007247201001312,return_1h_ahead,hourly_ridge_coldstart_v1
2026-03-06 09:00:00+00:00,BTC,-0.0011185338054406,return_1h_ahead,hourly_ridge_coldstart_v1
2026-03-06 10:00:00+00:00,BTC,-0.0004485471675381,return_1h_ahead,hourly_ridge_coldstart_v1
2026-03-06 11:00:00+00:00,BTC,-0.0005080523368887,return_1h_ahead,hourly_ridge_coldstart_v1
2026-03-06 12:00:00+00:00,BTC,-0.0007462687637286,return_1h_ahead,hourly_ridge_coldstart_v1
2026-03-06 13:00:00+00:00,BTC,-0.0003777667019998,return_1h_ahead,hourly_ridge_coldstart_v1
2026-03-06 14:00:00+00:00,BTC,-0.0018397266674042,return_1h_ahead,hourly_ridge_coldstart_v1
2026-03-06 15:00:00+00:00,BTC,-0.0012836899200561,return_1h_ahead,hourly_ridge_coldstart_v1
2026-03-06 16:00:00+00:00,BTC,-0.0014723883132107,return_1h_ahead,hourly_ridge_coldstart_v1
2026-03-06 17:00:00+00:00,BTC,-0.0014952792631667,return_1h_ahead,hourly_ridge_coldstart_v1
2026-03-06 18:00:00+00:00,BTC,-0.0013071656208957,return_1h_ahead,hourly_ridge_coldstart_v1
2026-03-06 19:00:00+00:00,BTC,-0.0014780137008783,return_1h_ahead,hourly_ridge_coldstart_v1
2026-03-06 20:00:00+00:00,BTC,-0.0005415519784202,return_1h_ahead,hourly_ridge_coldstart_v1
2026-03-06 21:00:00+00:00,BTC,-4.426866565327564e-05,return_1h_ahead,hourly_ridge_coldstart_v1
2026-03-06 22:00:00+00:00,BTC,-0.0001130929065798,return_1h_ahead,hourly_ridge_coldstart_v1
2026-03-06 23:00:00+00:00,BTC,-2.8429275240090656e-08,return_1h_ahead,hourly_ridge_coldstart_v1
2026-03-07 01:00:00+00:00,BTC,6.278334528325328e-05,return_1h_ahead,hourly_ridge_coldstart_v1
2026-03-07 04:00:00+00:00,BTC,-4.416305364300655e-05,return_1h_ahead,hourly_ridge_coldstart_v1
2026-03-07 05:00:00+00:00,BTC,0.0001625067269055,return_1h_ahead,hourly_ridge_coldstart_v1
2026-03-07 06:00:00+00:00,BTC,0.0001928085934258,return_1h_ahead,hourly_ridge_coldstart_v1
2026-03-07 07:00:00+00:00,BTC,0.0005017547228854,return_1h_ahead,hourly_ridge_coldstart_v1
2026-03-07 08:00:00+00:00,BTC,0.0004231205865339,return_1h_ahead,hourly_ridge_coldstart_v1
2026-03-07 09:00:00+00:00,BTC,0.0003101539540124,return_1h_ahead,hourly_ridge_coldstart_v1
2026-03-07 10:00:00+00:00,BTC,0.0003897126005259,return_1h_ahead,hourly_ridge_coldstart_v1
2026-03-07 11:00:00+00:00,BTC,0.0004397496530069,return_1h_ahead,hourly_ridge_coldstart_v1
2026-03-07 12:00:00+00:00,BTC,0.0001778131933121,return_1h_ahead,hourly_ridge_coldstart_v1
2026-03-07 13:00:00+00:00,BTC,0.0003257475727956,return_1h_ahead,hourly_ridge_coldstart_v1
2026-03-07 15:00:00+00:00,BTC,0.0004157432074658,return_1h_ahead,hourly_ridge_coldstart_v1
2026-03-07 16:00:00+00:00,BTC,0.0003584397849619,return_1h_ahead,hourly_ridge_coldstart_v1
2026-03-07 17:00:00+00:00,BTC,0.0004211209679226,return_1h_ahead,hourly_ridge_coldstart_v1
2026-03-07 18:00:00+00:00,BTC,0.0003510757393452,return_1h_ahead,hourly_ridge_coldstart_v1
2026-03-07 19:00:00+00:00,BTC,0.0004282955021295,return_1h_ahead,hourly_ridge_coldstart_v1
2026-03-07 20:00:00+00:00,BTC,0.0004266021183213,return_1h_ahead,hourly_ridge_coldstart_v1
2026-03-07 21:00:00+00:00,BTC,0.0003915177014275,return_1h_ahead,hourly_ridge_coldstart_v1
2026-03-07 22:00:00+00:00,BTC,0.0002502553303509,return_1h_ahead,hourly_ridge_coldstart_v1
2026-03-07 23:00:00+00:00,BTC,0.000314230711499,return_1h_ahead,hourly_ridge_coldstart_v1
2026-03-08 02:00:00+00:00,BTC,0.0003114133902946,return_1h_ahead,hourly_ridge_coldstart_v1
2026-03-08 04:00:00+00:00,BTC,7.569787325887122e-05,return_1h_ahead,hourly_ridge_coldstart_v1
2026-03-08 05:00:00+00:00,BTC,0.0002291167872957,return_1h_ahead,hourly_ridge_coldstart_v1
2026-03-08 06:00:00+00:00,BTC,0.0001845971258589,return_1h_ahead,hourly_ridge_coldstart_v1
2026-03-08 07:00:00+00:00,BTC,0.0002109394920503,return_1h_ahead,hourly_ridge_coldstart_v1
2026-03-08 08:00:00+00:00,BTC,5.663951656518064e-05,return_1h_ahead,hourly_ridge_coldstart_v1
2026-03-08 09:00:00+00:00,BTC,3.0234826245040345e-05,return_1h_ahead,hourly_ridge_coldstart_v1
2026-03-08 10:00:00+00:00,BTC,0.0001886834046365,return_1h_ahead,hourly_ridge_coldstart_v1
2026-03-08 11:00:00+00:00,BTC,-0.0006517293666184,return_1h_ahead,hourly_ridge_coldstart_v1
2026-03-08 12:00:00+00:00,BTC,-0.0006871311647206,return_1h_ahead,hourly_ridge_coldstart_v1
2026-03-08 13:00:00+00:00,BTC,-0.0006429597363354,return_1h_ahead,hourly_ridge_coldstart_v1
2026-03-08 14:00:00+00:00,BTC,-0.0004778979222346,return_1h_ahead,hourly_ridge_coldstart_v1
2026-03-08 15:00:00+00:00,BTC,-0.0003631958325502,return_1h_ahead,hourly_ridge_coldstart_v1
2026-03-08 16:00:00+00:00,BTC,-9.75630138093032e-05,return_1h_ahead,hourly_ridge_coldstart_v1
2026-03-08 17:00:00+00:00,BTC,0.0001217310108524,return_1h_ahead,hourly_ridge_coldstart_v1
2026-03-08 18:00:00+00:00,BTC,0.0001524739022395,return_1h_ahead,hourly_ridge_coldstart_v1
2026-03-08 19:00:00+00:00,BTC,0.0003088297900323,return_1h_ahead,hourly_ridge_coldstart_v1
2026-03-08 20:00:00+00:00,BTC,0.00038157534833,return_1h_ahead,hourly_ridge_coldstart_v1
2026-03-08 21:00:00+00:00,BTC,0.0003482561612074,return_1h_ahead,hourly_ridge_coldstart_v1
2026-03-08 22:00:00+00:00,BTC,-0.0013922945147324,return_1h_ahead,hourly_ridge_coldstart_v1
2026-03-08 23:00:00+00:00,BTC,-0.0010181542592182,return_1h_ahead,hourly_ridge_coldstart_v1
2026-03-09 02:00:00+00:00,BTC,-0.001519289104975,return_1h_ahead,hourly_ridge_coldstart_v1
2026-03-09 04:00:00+00:00,BTC,-0.0016493787608825,return_1h_ahead,hourly_ridge_coldstart_v1
2026-03-09 05:00:00+00:00,BTC,-0.0021126771501467,return_1h_ahead,hourly_ridge_coldstart_v1
2026-03-09 07:00:00+00:00,BTC,-0.002816779019364,return_1h_ahead,hourly_ridge_coldstart_v1
2026-03-09 08:00:00+00:00,BTC,-0.0014821358167474,return_1h_ahead,hourly_ridge_coldstart_v1
2026-03-09 09:00:00+00:00,BTC,-0.0014598968686501,return_1h_ahead,hourly_ridge_coldstart_v1
2026-03-09 10:00:00+00:00,BTC,-0.0021516344078858,return_1h_ahead,hourly_ridge_coldstart_v1
2026-03-09 11:00:00+00:00,BTC,-0.0011721778345112,return_1h_ahead,hourly_ridge_coldstart_v1
2026-03-09 13:00:00+00:00,BTC,-0.000972073472688,return_1h_ahead,hourly_ridge_coldstart_v1
2026-03-09 14:00:00+00:00,BTC,-0.000800690716161,return_1h_ahead,hourly_ridge_coldstart_v1
2026-03-09 15:00:00+00:00,BTC,-0.0015402312065489,return_1h_ahead,hourly_ridge_coldstart_v1
2026-03-09 17:00:00+00:00,BTC,-0.0013958578184729,return_1h_ahead,hourly_ridge_coldstart_v1
2026-03-09 18:00:00+00:00,BTC,-0.0016280845517756,return_1h_ahead,hourly_ridge_coldstart_v1
2026-03-09 19:00:00+00:00,BTC,-0.0011159587438319,return_1h_ahead,hourly_ridge_coldstart_v1
2026-03-09 20:00:00+00:00,BTC,-0.0013804764007906,return_1h_ahead,hourly_ridge_coldstart_v1
2026-03-09 21:00:00+00:00,BTC,-0.0005182158854262,return_1h_ahead,hourly_ridge_coldstart_v1
2026-03-09 22:00:00+00:00,BTC,-0.0005053457718655,return_1h_ahead,hourly_ridge_coldstart_v1
2026-03-09 23:00:00+00:00,BTC,-0.0006016624856558,return_1h_ahead,hourly_ridge_coldstart_v1
2026-03-10 04:00:00+00:00,BTC,-0.0004832839661161,return_1h_ahead,hourly_ridge_coldstart_v1
2026-03-10 05:00:00+00:00,BTC,-0.0007545929761049,return_1h_ahead,hourly_ridge_coldstart_v1
2026-03-10 06:00:00+00:00,BTC,-0.0007745727701831,return_1h_ahead,hourly_ridge_coldstart_v1
2026-03-10 07:00:00+00:00,BTC,-0.0006154147473111,return_1h_ahead,hourly_ridge_coldstart_v1
2026-03-10 08:00:00+00:00,BTC,-0.0004750920692905,return_1h_ahead,hourly_ridge_coldstart_v1
2026-03-10 09:00:00+00:00,BTC,-0.0004609771879522,return_1h_ahead,hourly_ridge_coldstart_v1
2026-03-10 10:00:00+00:00,BTC,-0.0004015659947075,return_1h_ahead,hourly_ridge_coldstart_v1
2026-03-10 11:00:00+00:00,BTC,-0.0003767015164449,return_1h_ahead,hourly_ridge_coldstart_v1
2026-03-10 13:00:00+00:00,BTC,-0.0003898356345063,return_1h_ahead,hourly_ridge_coldstart_v1
2026-03-10 14:00:00+00:00,BTC,-0.0007395892896337,return_1h_ahead,hourly_ridge_coldstart_v1
2026-03-10 16:00:00+00:00,BTC,-0.0008524485768576,return_1h_ahead,hourly_ridge_coldstart_v1
2026-03-10 17:00:00+00:00,BTC,-0.0015059791462499,return_1h_ahead,hourly_ridge_coldstart_v1
2026-03-10 18:00:00+00:00,BTC,-0.002571813856931,return_1h_ahead,hourly_ridge_coldstart_v1
2026-03-10 19:00:00+00:00,BTC,-0.0021476513043897,return_1h_ahead,hourly_ridge_coldstart_v1
2026-03-10 20:00:00+00:00,BTC,-0.0019574071214093,return_1h_ahead,hourly_ridge_coldstart_v1
2026-03-10 21:00:00+00:00,BTC,-0.002184982787798,return_1h_ahead,hourly_ridge_coldstart_v1
2026-03-10 22:00:00+00:00,BTC,-0.0010719476107404,return_1h_ahead,hourly_ridge_coldstart_v1
2026-03-10 23:00:00+00:00,BTC,-0.000945371109667,return_1h_ahead,hourly_ridge_coldstart_v1
2026-03-11 01:00:00+00:00,BTC,-8.044333495639349e-05,return_1h_ahead,hourly_ridge_coldstart_v1
2026-03-11 04:00:00+00:00,BTC,-0.0005219704279948,return_1h_ahead,hourly_ridge_coldstart_v1
2026-03-11 05:00:00+00:00,BTC,-0.0001149131147151,return_1h_ahead,hourly_ridge_coldstart_v1
2026-03-11 06:00:00+00:00,BTC,-8.669456638799277e-05,return_1h_ahead,hourly_ridge_coldstart_v1
2026-03-11 07:00:00+00:00,BTC,-0.0004886730559652,return_1h_ahead,hourly_ridge_coldstart_v1
2026-03-11 08:00:00+00:00,BTC,-0.0002694841320351,return_1h_ahead,hourly_ridge_coldstart_v1
2026-03-11 09:00:00+00:00,BTC,-0.0002116310881512,return_1h_ahead,hourly_ridge_coldstart_v1
2026-03-11 10:00:00+00:00,BTC,-3.8000327550761744e-05,return_1h_ahead,hourly_ridge_coldstart_v1
2026-03-11 11:00:00+00:00,BTC,-1.0065875917157402e-05,return_1h_ahead,hourly_ridge_coldstart_v1
2026-03-11 13:00:00+00:00,BTC,0.0002337155436359,return_1h_ahead,hourly_ridge_coldstart_v1
2026-03-11 14:00:00+00:00,BTC,-9.117431102929732e-05,return_1h_ahead,hourly_ridge_coldstart_v1
2026-03-11 15:00:00+00:00,BTC,-0.0007480135475792,return_1h_ahead,hourly_ridge_coldstart_v1
2026-03-11 16:00:00+00:00,BTC,-0.0005517714393583,return_1h_ahead,hourly_ridge_coldstart_v1
2026-03-11 17:00:00+00:00,BTC,-0.0008030323935295,return_1h_ahead,hourly_ridge_coldstart_v1
2026-03-11 18:00:00+00:00,BTC,-0.00095068194032,return_1h_ahead,hourly_ridge_coldstart_v1
2026-03-11 19:00:00+00:00,BTC,-0.0008809086525309,return_1h_ahead,hourly_ridge_coldstart_v1
2026-03-11 20:00:00+00:00,BTC,-0.0005225585067817,return_1h_ahead,hourly_ridge_coldstart_v1
2026-03-11 21:00:00+00:00,BTC,-0.0002573515076404,return_1h_ahead,hourly_ridge_coldstart_v1
2026-03-11 22:00:00+00:00,BTC,0.000427248145348,return_1h_ahead,hourly_ridge_coldstart_v1
2026-03-11 23:00:00+00:00,BTC,0.0002859891336915,return_1h_ahead,hourly_ridge_coldstart_v1
2026-03-12 02:00:00+00:00,BTC,-0.0001574124534668,return_1h_ahead,hourly_ridge_coldstart_v1
2026-03-12 04:00:00+00:00,BTC,-0.0002162298536294,return_1h_ahead,hourly_ridge_coldstart_v1
2026-03-12 05:00:00+00:00,BTC,-6.857164195069894e-05,return_1h_ahead,hourly_ridge_coldstart_v1
2026-03-12 06:00:00+00:00,BTC,-3.2776908530735764e-06,return_1h_ahead,hourly_ridge_coldstart_v1
2026-03-12 07:00:00+00:00,BTC,-9.238972182475856e-05,return_1h_ahead,hourly_ridge_coldstart_v1
2026-03-12 08:00:00+00:00,BTC,-0.0002059572118199,return_1h_ahead,hourly_ridge_coldstart_v1
2026-03-12 09:00:00+00:00,BTC,8.100271187267867e-05,return_1h_ahead,hourly_ridge_coldstart_v1
2026-03-12 10:00:00+00:00,BTC,0.0005637080797955,return_1h_ahead,hourly_ridge_coldstart_v1
2026-03-12 11:00:00+00:00,BTC,0.0005325669732058,return_1h_ahead,hourly_ridge_coldstart_v1
2026-03-12 13:00:00+00:00,BTC,0.0001917123452916,return_1h_ahead,hourly_ridge_coldstart_v1
2026-03-12 14:00:00+00:00,BTC,4.543724295980159e-05,return_1h_ahead,hourly_ridge_coldstart_v1
2026-03-12 15:00:00+00:00,BTC,0.0001772510577163,return_1h_ahead,hourly_ridge_coldstart_v1
2026-03-12 17:00:00+00:00,BTC,0.0002186042177763,return_1h_ahead,hourly_ridge_coldstart_v1
2026-03-12 18:00:00+00:00,BTC,-0.000432078671356,return_1h_ahead,hourly_ridge_coldstart_v1
2026-03-12 19:00:00+00:00,BTC,-0.0001209763425439,return_1h_ahead,hourly_ridge_coldstart_v1
2026-03-12 20:00:00+00:00,BTC,-0.0003107803146511,return_1h_ahead,hourly_ridge_coldstart_v1
2026-03-12 21:00:00+00:00,BTC,-0.0002513771319699,return_1h_ahead,hourly_ridge_coldstart_v1
2026-03-12 22:00:00+00:00,BTC,-0.0002579755069577,return_1h_ahead,hourly_ridge_coldstart_v1
2026-03-12 23:00:00+00:00,BTC,-0.0001690547352196,return_1h_ahead,hourly_ridge_coldstart_v1
2026-03-13 02:00:00+00:00,BTC,-0.0001317449694343,return_1h_ahead,hourly_ridge_coldstart_v1
2026-03-13 04:00:00+00:00,BTC,-0.0007923965136215,return_1h_ahead,hourly_ridge_coldstart_v1
2026-03-13 05:00:00+00:00,BTC,-0.0005797117873409,return_1h_ahead,hourly_ridge_coldstart_v1
2026-03-13 06:00:00+00:00,BTC,-0.0009298132510436,return_1h_ahead,hourly_ridge_coldstart_v1
2026-03-13 07:00:00+00:00,BTC,-0.0006464239812557,return_1h_ahead,hourly_ridge_coldstart_v1
2026-03-13 08:00:00+00:00,BTC,-0.0006123657128735,return_1h_ahead,hourly_ridge_coldstart_v1
2026-03-13 09:00:00+00:00,BTC,-6.0299037105364666e-05,return_1h_ahead,hourly_ridge_coldstart_v1
2026-03-13 10:00:00+00:00,BTC,5.673684413187838e-05,return_1h_ahead,hourly_ridge_coldstart_v1
2026-03-13 11:00:00+00:00,BTC,-0.0003578348554622,return_1h_ahead,hourly_ridge_coldstart_v1
2026-03-13 12:00:00+00:00,BTC,6.210718559851208e-05,return_1h_ahead,hourly_ridge_coldstart_v1
2026-03-13 14:00:00+00:00,BTC,2.2201720256124938e-06,return_1h_ahead,hourly_ridge_coldstart_v1
2026-03-13 15:00:00+00:00,BTC,-0.0019760648538165,return_1h_ahead,hourly_ridge_coldstart_v1
2026-03-13 16:00:00+00:00,BTC,-0.00179767066446,return_1h_ahead,hourly_ridge_coldstart_v1
2026-03-13 17:00:00+00:00,BTC,-0.0014250741557584,return_1h_ahead,hourly_ridge_coldstart_v1
2026-03-13 18:00:00+00:00,BTC,-0.0015721725004097,return_1h_ahead,hourly_ridge_coldstart_v1
2026-03-13 19:00:00+00:00,BTC,-0.0012207802115102,return_1h_ahead,hourly_ridge_coldstart_v1
2026-03-13 20:00:00+00:00,BTC,-0.0006011124524022,return_1h_ahead,hourly_ridge_coldstart_v1
2026-03-13 21:00:00+00:00,BTC,-1.3112855276834184e-05,return_1h_ahead,hourly_ridge_coldstart_v1
2026-03-13 22:00:00+00:00,BTC,-0.0002192750961784,return_1h_ahead,hourly_ridge_coldstart_v1
2026-03-13 23:00:00+00:00,BTC,-0.0001094621823537,return_1h_ahead,hourly_ridge_coldstart_v1
2026-03-14 02:00:00+00:00,BTC,-0.0002113760679959,return_1h_ahead,hourly_ridge_coldstart_v1
2026-03-14 04:00:00+00:00,BTC,-0.0001152486745886,return_1h_ahead,hourly_ridge_coldstart_v1
2026-03-14 05:00:00+00:00,BTC,-0.000258077097684,return_1h_ahead,hourly_ridge_coldstart_v1
2026-03-14 06:00:00+00:00,BTC,-0.0006387442651207,return_1h_ahead,hourly_ridge_coldstart_v1
2026-03-14 07:00:00+00:00,BTC,-0.000177259266218,return_1h_ahead,hourly_ridge_coldstart_v1
2026-03-14 08:00:00+00:00,BTC,-0.0001684760239459,return_1h_ahead,hourly_ridge_coldstart_v1
2026-03-14 09:00:00+00:00,BTC,-0.0001371256173833,return_1h_ahead,hourly_ridge_coldstart_v1
2026-03-14 10:00:00+00:00,BTC,-0.000103478136515,return_1h_ahead,hourly_ridge_coldstart_v1
2026-03-14 11:00:00+00:00,BTC,-1.795847388508156e-05,return_1h_ahead,hourly_ridge_coldstart_v1
2026-03-14 12:00:00+00:00,BTC,0.0003442960074477,return_1h_ahead,hourly_ridge_coldstart_v1
2026-03-14 13:00:00+00:00,BTC,0.0004386695511843,return_1h_ahead,hourly_ridge_coldstart_v1
2026-03-14 14:00:00+00:00,BTC,0.0003267238225923,return_1h_ahead,hourly_ridge_coldstart_v1
2026-03-14 15:00:00+00:00,BTC,0.0002802780136995,return_1h_ahead,hourly_ridge_coldstart_v1
2026-03-14 16:00:00+00:00,BTC,0.0004338266117127,return_1h_ahead,hourly_ridge_coldstart_v1
2026-03-14 17:00:00+00:00,BTC,0.0005765655848255,return_1h_ahead,hourly_ridge_coldstart_v1
2026-03-14 18:00:00+00:00,BTC,0.0005328760443171,return_1h_ahead,hourly_ridge_coldstart_v1
2026-03-14 19:00:00+00:00,BTC,0.0006844032273362,return_1h_ahead,hourly_ridge_coldstart_v1
2026-03-14 20:00:00+00:00,BTC,0.0006707244968929,return_1h_ahead,hourly_ridge_coldstart_v1
2026-03-14 21:00:00+00:00,BTC,0.0006500542237986,return_1h_ahead,hourly_ridge_coldstart_v1
2026-03-14 22:00:00+00:00,BTC,0.0006979081341986,return_1h_ahead,hourly_ridge_coldstart_v1
2026-03-14 23:00:00+00:00,BTC,0.000588839525269,return_1h_ahead,hourly_ridge_coldstart_v1
2026-03-15 02:00:00+00:00,BTC,0.0005606093162093,return_1h_ahead,hourly_ridge_coldstart_v1
2026-03-15 05:00:00+00:00,BTC,0.0005370462813262,return_1h_ahead,hourly_ridge_coldstart_v1
2026-03-15 06:00:00+00:00,BTC,0.0002950312579823,return_1h_ahead,hourly_ridge_coldstart_v1
2026-03-15 07:00:00+00:00,BTC,0.0003743320728469,return_1h_ahead,hourly_ridge_coldstart_v1
2026-03-15 08:00:00+00:00,BTC,0.0004156288674015,return_1h_ahead,hourly_ridge_coldstart_v1
2026-03-15 09:00:00+00:00,BTC,0.0004802552188934,return_1h_ahead,hourly_ridge_coldstart_v1
2026-03-15 10:00:00+00:00,BTC,0.0003367038850789,return_1h_ahead,hourly_ridge_coldstart_v1
2026-03-15 11:00:00+00:00,BTC,0.0003206284942945,return_1h_ahead,hourly_ridge_coldstart_v1
2026-03-15 12:00:00+00:00,BTC,0.0002576208628632,return_1h_ahead,hourly_ridge_coldstart_v1
2026-03-15 13:00:00+00:00,BTC,0.0001858361753066,return_1h_ahead,hourly_ridge_coldstart_v1
2026-03-15 14:00:00+00:00,BTC,0.0002769976085865,return_1h_ahead,hourly_ridge_coldstart_v1
2026-03-15 15:00:00+00:00,BTC,0.0005996983663646,return_1h_ahead,hourly_ridge_coldstart_v1
2026-03-15 16:00:00+00:00,BTC,0.0005050829666289,return_1h_ahead,hourly_ridge_coldstart_v1
2026-03-15 17:00:00+00:00,BTC,0.0004910312670838,return_1h_ahead,hourly_ridge_coldstart_v1
2026-03-15 18:00:00+00:00,BTC,0.0004379993847975,return_1h_ahead,hourly_ridge_coldstart_v1
2026-03-15 19:00:00+00:00,BTC,0.0002052115508882,return_1h_ahead,hourly_ridge_coldstart_v1
2026-03-15 20:00:00+00:00,BTC,0.0002595257023543,return_1h_ahead,hourly_ridge_coldstart_v1
2026-03-15 21:00:00+00:00,BTC,0.0002629924985631,return_1h_ahead,hourly_ridge_coldstart_v1
2026-03-15 22:00:00+00:00,BTC,0.0002475024918537,return_1h_ahead,hourly_ridge_coldstart_v1
2026-03-15 23:00:00+00:00,BTC,0.0001276833405327,return_1h_ahead,hourly_ridge_coldstart_v1
2026-03-16 02:00:00+00:00,BTC,-0.0002613951279424,return_1h_ahead,hourly_ridge_coldstart_v1
2026-03-16 05:00:00+00:00,BTC,-0.0004605150400676,return_1h_ahead,hourly_ridge_coldstart_v1
2026-03-16 07:00:00+00:00,BTC,-0.0012052023152753,return_1h_ahead,hourly_ridge_coldstart_v1
2026-03-16 08:00:00+00:00,BTC,-0.0018611296126824,return_1h_ahead,hourly_ridge_coldstart_v1
2026-03-16 10:00:00+00:00,BTC,-0.0015297496712258,return_1h_ahead,hourly_ridge_coldstart_v1
2026-03-16 11:00:00+00:00,BTC,-0.001361712428687,return_1h_ahead,hourly_ridge_coldstart_v1
2026-03-16 13:00:00+00:00,BTC,-0.0013568307270627,return_1h_ahead,hourly_ridge_coldstart_v1
2026-03-16 15:00:00+00:00,BTC,-0.0006034033474243,return_1h_ahead,hourly_ridge_coldstart_v1
2026-03-16 16:00:00+00:00,BTC,-0.0004626576339647,return_1h_ahead,hourly_ridge_coldstart_v1
2026-03-16 18:00:00+00:00,BTC,-7.771382973396923e-05,return_1h_ahead,hourly_ridge_coldstart_v1
2026-03-16 19:00:00+00:00,BTC,-0.0002441252064992,return_1h_ahead,hourly_ridge_coldstart_v1
2026-03-16 20:00:00+00:00,BTC,-0.0004746856108504,return_1h_ahead,hourly_ridge_coldstart_v1
2026-03-16 21:00:00+00:00,BTC,-0.0002989459749714,return_1h_ahead,hourly_ridge_coldstart_v1
2026-03-16 22:00:00+00:00,BTC,-0.0001364150550267,return_1h_ahead,hourly_ridge_coldstart_v1
2026-03-16 23:00:00+00:00,BTC,-0.0001519565574934,return_1h_ahead,hourly_ridge_coldstart_v1
2026-03-17 02:00:00+00:00,BTC,-4.782525545648874e-05,return_1h_ahead,hourly_ridge_coldstart_v1
2026-03-17 04:00:00+00:00,BTC,-0.002256740802057,return_1h_ahead,hourly_ridge_coldstart_v1
2026-03-17 05:00:00+00:00,BTC,-0.0017501851656097,return_1h_ahead,hourly_ridge_coldstart_v1
2026-03-17 07:00:00+00:00,BTC,-0.0014821656698104,return_1h_ahead,hourly_ridge_coldstart_v1
2026-03-17 08:00:00+00:00,BTC,-0.0015882763421508,return_1h_ahead,hourly_ridge_coldstart_v1
2026-03-17 09:00:00+00:00,BTC,-0.0018043053272801,return_1h_ahead,hourly_ridge_coldstart_v1
2026-03-17 10:00:00+00:00,BTC,-0.0011118195511716,return_1h_ahead,hourly_ridge_coldstart_v1
2026-03-17 11:00:00+00:00,BTC,-2.307777905694492e-05,return_1h_ahead,hourly_ridge_coldstart_v1
2026-03-17 13:00:00+00:00,BTC,-0.0003921913429037,return_1h_ahead,hourly_ridge_coldstart_v1
2026-03-17 14:00:00+00:00,BTC,-0.000198947608791,return_1h_ahead,hourly_ridge_coldstart_v1
2026-03-17 16:00:00+00:00,BTC,-0.0005819280616216,return_1h_ahead,hourly_ridge_coldstart_v1
2026-03-17 17:00:00+00:00,BTC,-0.0003059393050135,return_1h_ahead,hourly_ridge_coldstart_v1
2026-03-17 19:00:00+00:00,BTC,-0.000273794358599,return_1h_ahead,hourly_ridge_coldstart_v1
2026-03-17 20:00:00+00:00,BTC,-0.0005017339531461,return_1h_ahead,hourly_ridge_coldstart_v1
2026-03-17 21:00:00+00:00,BTC,-0.0001700455155027,return_1h_ahead,hourly_ridge_coldstart_v1
2026-03-17 22:00:00+00:00,BTC,-0.0005247067114815,return_1h_ahead,hourly_ridge_coldstart_v1
2026-03-17 23:00:00+00:00,BTC,-0.0003870102349441,return_1h_ahead,hourly_ridge_coldstart_v1
2026-03-18 02:00:00+00:00,BTC,1.875891232157816e-05,return_1h_ahead,hourly_ridge_coldstart_v1
2026-03-18 04:00:00+00:00,BTC,0.0001341169013078,return_1h_ahead,hourly_ridge_coldstart_v1
2026-03-18 06:00:00+00:00,BTC,6.744444735125386e-05,return_1h_ahead,hourly_ridge_coldstart_v1
2026-03-18 07:00:00+00:00,BTC,0.0002508391131684,return_1h_ahead,hourly_ridge_coldstart_v1
2026-03-18 08:00:00+00:00,BTC,0.0004223192980863,return_1h_ahead,hourly_ridge_coldstart_v1
2026-03-18 09:00:00+00:00,BTC,0.0004024046299348,return_1h_ahead,hourly_ridge_coldstart_v1
2026-03-18 10:00:00+00:00,BTC,0.0002040235785206,return_1h_ahead,hourly_ridge_coldstart_v1
2026-03-18 11:00:00+00:00,BTC,-0.0006650298468219,return_1h_ahead,hourly_ridge_coldstart_v1
2026-03-18 13:00:00+00:00,BTC,-0.0008657428182626,return_1h_ahead,hourly_ridge_coldstart_v1
2026-03-18 15:00:00+00:00,BTC,-0.0016825760755383,return_1h_ahead,hourly_ridge_coldstart_v1
2026-03-18 17:00:00+00:00,BTC,-0.001030497062136,return_1h_ahead,hourly_ridge_coldstart_v1
2026-03-18 18:00:00+00:00,BTC,-0.0012924059782897,return_1h_ahead,hourly_ridge_coldstart_v1
2026-03-18 19:00:00+00:00,BTC,-0.0019810978365145,return_1h_ahead,hourly_ridge_coldstart_v1
2026-03-18 20:00:00+00:00,BTC,-0.00160146165228,return_1h_ahead,hourly_ridge_coldstart_v1
2026-03-18 21:00:00+00:00,BTC,-0.0015946918527397,return_1h_ahead,hourly_ridge_coldstart_v1
2026-03-18 22:00:00+00:00,BTC,-0.0008966842071958,return_1h_ahead,hourly_ridge_coldstart_v1
2026-03-18 23:00:00+00:00,BTC,-0.0006791925757493,return_1h_ahead,hourly_ridge_coldstart_v1
2026-03-19 02:00:00+00:00,BTC,-0.0004659863777701,return_1h_ahead,hourly_ridge_coldstart_v1
2026-03-19 04:00:00+00:00,BTC,3.5787757537856515e-05,return_1h_ahead,hourly_ridge_coldstart_v1
2026-03-19 05:00:00+00:00,BTC,0.0002742836350994,return_1h_ahead,hourly_ridge_coldstart_v1
2026-03-19 07:00:00+00:00,BTC,-3.803606952549775e-05,return_1h_ahead,hourly_ridge_coldstart_v1
2026-03-19 08:00:00+00:00,BTC,-6.451266820799677e-05,return_1h_ahead,hourly_ridge_coldstart_v1
2026-03-19 09:00:00+00:00,BTC,8.955621947382152e-05,return_1h_ahead,hourly_ridge_coldstart_v1
2026-03-19 10:00:00+00:00,BTC,-0.0001054680337501,return_1h_ahead,hourly_ridge_coldstart_v1
2026-03-19 11:00:00+00:00,BTC,-4.544283237412056e-05,return_1h_ahead,hourly_ridge_coldstart_v1
2026-03-19 13:00:00+00:00,BTC,-0.0007118432606528,return_1h_ahead,hourly_ridge_coldstart_v1
2026-03-19 14:00:00+00:00,BTC,-0.0004024704175958,return_1h_ahead,hourly_ridge_coldstart_v1
2026-03-19 15:00:00+00:00,BTC,-0.0003344644137419,return_1h_ahead,hourly_ridge_coldstart_v1
2026-03-19 16:00:00+00:00,BTC,-0.0002222896475745,return_1h_ahead,hourly_ridge_coldstart_v1
2026-03-19 17:00:00+00:00,BTC,-0.000329384081769,return_1h_ahead,hourly_ridge_coldstart_v1
2026-03-19 19:00:00+00:00,BTC,-0.0005050316049467,return_1h_ahead,hourly_ridge_coldstart_v1
2026-03-19 20:00:00+00:00,BTC,7.612596997262785e-05,return_1h_ahead,hourly_ridge_coldstart_v1
2026-03-19 21:00:00+00:00,BTC,0.000187397831906,return_1h_ahead,hourly_ridge_coldstart_v1
2026-03-19 22:00:00+00:00,BTC,6.305484243900961e-06,return_1h_ahead,hourly_ridge_coldstart_v1
2026-03-19 23:00:00+00:00,BTC,-0.0002596959270216,return_1h_ahead,hourly_ridge_coldstart_v1
2026-03-20 02:00:00+00:00,BTC,6.313731877357948e-05,return_1h_ahead,hourly_ridge_coldstart_v1
2026-03-20 04:00:00+00:00,BTC,0.0003243528741913,return_1h_ahead,hourly_ridge_coldstart_v1
2026-03-20 05:00:00+00:00,BTC,0.0002685211722765,return_1h_ahead,hourly_ridge_coldstart_v1
2026-03-20 06:00:00+00:00,BTC,0.0001091156204751,return_1h_ahead,hourly_ridge_coldstart_v1
2026-03-20 07:00:00+00:00,BTC,0.0002089062738919,return_1h_ahead,hourly_ridge_coldstart_v1
2026-03-20 08:00:00+00:00,BTC,0.0003615321957094,return_1h_ahead,hourly_ridge_coldstart_v1
2026-03-20 09:00:00+00:00,BTC,-0.0004182975914214,return_1h_ahead,hourly_ridge_coldstart_v1
2026-03-20 10:00:00+00:00,BTC,-0.0003305479832034,return_1h_ahead,hourly_ridge_coldstart_v1
2026-03-20 11:00:00+00:00,BTC,-0.000180846396244,return_1h_ahead,hourly_ridge_coldstart_v1
2026-03-20 12:00:00+00:00,BTC,-0.0005729656682891,return_1h_ahead,hourly_ridge_coldstart_v1
2026-03-20 14:00:00+00:00,BTC,-0.0005308317396282,return_1h_ahead,hourly_ridge_coldstart_v1
2026-03-20 15:00:00+00:00,BTC,-0.0001180777959567,return_1h_ahead,hourly_ridge_coldstart_v1
2026-03-20 16:00:00+00:00,BTC,-9.261571679458469e-05,return_1h_ahead,hourly_ridge_coldstart_v1
2026-03-20 17:00:00+00:00,BTC,-0.0001209549300658,return_1h_ahead,hourly_ridge_coldstart_v1
2026-03-20 18:00:00+00:00,BTC,0.0001201903242804,return_1h_ahead,hourly_ridge_coldstart_v1
2026-03-20 19:00:00+00:00,BTC,0.0001069511207837,return_1h_ahead,hourly_ridge_coldstart_v1
2026-03-20 20:00:00+00:00,BTC,0.0004205751953428,return_1h_ahead,hourly_ridge_coldstart_v1
2026-03-20 21:00:00+00:00,BTC,0.0001246697808073,return_1h_ahead,hourly_ridge_coldstart_v1
2026-03-20 22:00:00+00:00,BTC,2.156217602229286e-05,return_1h_ahead,hourly_ridge_coldstart_v1
2026-03-20 23:00:00+00:00,BTC,-0.0002163339865774,return_1h_ahead,hourly_ridge_coldstart_v1
2026-03-21 01:00:00+00:00,BTC,-0.0001220359974489,return_1h_ahead,hourly_ridge_coldstart_v1
2026-03-21 04:00:00+00:00,BTC,6.339765825098603e-06,return_1h_ahead,hourly_ridge_coldstart_v1
2026-03-21 05:00:00+00:00,BTC,-0.0001359049568562,return_1h_ahead,hourly_ridge_coldstart_v1
2026-03-21 06:00:00+00:00,BTC,0.0002847292061673,return_1h_ahead,hourly_ridge_coldstart_v1
2026-03-21 07:00:00+00:00,BTC,0.0003654833143498,return_1h_ahead,hourly_ridge_coldstart_v1
2026-03-21 08:00:00+00:00,BTC,0.0002452780682347,return_1h_ahead,hourly_ridge_coldstart_v1
2026-03-21 09:00:00+00:00,BTC,0.0003583748133799,return_1h_ahead,hourly_ridge_coldstart_v1
2026-03-21 10:00:00+00:00,BTC,0.0005157601826251,return_1h_ahead,hourly_ridge_coldstart_v1
2026-03-21 11:00:00+00:00,BTC,0.0005244719561986,return_1h_ahead,hourly_ridge_coldstart_v1
2026-03-21 12:00:00+00:00,BTC,0.0005213536107584,return_1h_ahead,hourly_ridge_coldstart_v1
2026-03-21 13:00:00+00:00,BTC,0.0004727226758108,return_1h_ahead,hourly_ridge_coldstart_v1
2026-03-21 14:00:00+00:00,BTC,0.0006671886254296,return_1h_ahead,hourly_ridge_coldstart_v1
2026-03-21 15:00:00+00:00,BTC,0.0001045640407832,return_1h_ahead,hourly_ridge_coldstart_v1
2026-03-21 16:00:00+00:00,BTC,0.000109585200151,return_1h_ahead,hourly_ridge_coldstart_v1
2026-03-21 17:00:00+00:00,BTC,0.0001705766796525,return_1h_ahead,hourly_ridge_coldstart_v1
2026-03-21 18:00:00+00:00,BTC,0.0002539413181362,return_1h_ahead,hourly_ridge_coldstart_v1
2026-03-21 19:00:00+00:00,BTC,0.000201264571661,return_1h_ahead,hourly_ridge_coldstart_v1
2026-03-21 20:00:00+00:00,BTC,0.0003719961008371,return_1h_ahead,hourly_ridge_coldstart_v1
2026-03-21 21:00:00+00:00,BTC,0.0005113018925699,return_1h_ahead,hourly_ridge_coldstart_v1
2026-03-21 22:00:00+00:00,BTC,0.000610724333611,return_1h_ahead,hourly_ridge_coldstart_v1
2026-03-21 23:00:00+00:00,BTC,0.0005735459383771,return_1h_ahead,hourly_ridge_coldstart_v1
2026-03-22 02:00:00+00:00,BTC,-0.0013216376690306,return_1h_ahead,hourly_ridge_coldstart_v1
2026-03-22 04:00:00+00:00,BTC,-0.0008198956166186,return_1h_ahead,hourly_ridge_coldstart_v1
2026-03-22 05:00:00+00:00,BTC,-0.0010210193049064,return_1h_ahead,hourly_ridge_coldstart_v1
2026-03-22 06:00:00+00:00,BTC,-0.0009673232470369,return_1h_ahead,hourly_ridge_coldstart_v1
2026-03-22 07:00:00+00:00,BTC,-0.0009991892499035,return_1h_ahead,hourly_ridge_coldstart_v1
2026-03-22 08:00:00+00:00,BTC,-0.0011836732487416,return_1h_ahead,hourly_ridge_coldstart_v1
2026-03-22 09:00:00+00:00,BTC,-1.769057258353278e-05,return_1h_ahead,hourly_ridge_coldstart_v1
2026-03-22 10:00:00+00:00,BTC,0.0002754650172748,return_1h_ahead,hourly_ridge_coldstart_v1
2026-03-22 11:00:00+00:00,BTC,0.0002405393759166,return_1h_ahead,hourly_ridge_coldstart_v1
2026-03-22 12:00:00+00:00,BTC,0.0002501818047336,return_1h_ahead,hourly_ridge_coldstart_v1
2026-03-22 13:00:00+00:00,BTC,0.0002611311573566,return_1h_ahead,hourly_ridge_coldstart_v1
2026-03-22 14:00:00+00:00,BTC,0.0006451896226679,return_1h_ahead,hourly_ridge_coldstart_v1
2026-03-22 15:00:00+00:00,BTC,0.000582318681103,return_1h_ahead,hourly_ridge_coldstart_v1
2026-03-22 16:00:00+00:00,BTC,0.0003546577136328,return_1h_ahead,hourly_ridge_coldstart_v1
2026-03-22 17:00:00+00:00,BTC,0.0004663414307159,return_1h_ahead,hourly_ridge_coldstart_v1
2026-03-22 18:00:00+00:00,BTC,3.691793865820525e-05,return_1h_ahead,hourly_ridge_coldstart_v1
2026-03-22 19:00:00+00:00,BTC,0.0001454797097605,return_1h_ahead,hourly_ridge_coldstart_v1
2026-03-22 20:00:00+00:00,BTC,0.0002933676206448,return_1h_ahead,hourly_ridge_coldstart_v1
2026-03-22 21:00:00+00:00,BTC,-0.0003439735615089,return_1h_ahead,hourly_ridge_coldstart_v1
2026-03-22 22:00:00+00:00,BTC,-0.0003113777804883,return_1h_ahead,hourly_ridge_coldstart_v1
2026-03-22 23:00:00+00:00,BTC,-0.0005638634984513,return_1h_ahead,hourly_ridge_coldstart_v1
2026-03-23 02:00:00+00:00,BTC,-0.0005631233177419,return_1h_ahead,hourly_ridge_coldstart_v1
2026-03-23 05:00:00+00:00,BTC,-0.0005483327501657,return_1h_ahead,hourly_ridge_coldstart_v1
2026-03-23 07:00:00+00:00,BTC,-0.0017177297249578,return_1h_ahead,hourly_ridge_coldstart_v1
2026-03-23 08:00:00+00:00,BTC,-0.0009805474127773,return_1h_ahead,hourly_ridge_coldstart_v1
2026-03-23 10:00:00+00:00,BTC,-0.0011584841517102,return_1h_ahead,hourly_ridge_coldstart_v1
2026-03-23 11:00:00+00:00,BTC,-0.0019670089343286,return_1h_ahead,hourly_ridge_coldstart_v1
2026-03-23 13:00:00+00:00,BTC,-0.0030570095654472,return_1h_ahead,hourly_ridge_coldstart_v1
2026-03-23 14:00:00+00:00,BTC,-0.0027424363977225,return_1h_ahead,hourly_ridge_coldstart_v1
2026-03-23 16:00:00+00:00,BTC,-0.0036994354909994,return_1h_ahead,hourly_ridge_coldstart_v1
2026-03-23 17:00:00+00:00,BTC,-0.0030102835700908,return_1h_ahead,hourly_ridge_coldstart_v1
2026-03-23 18:00:00+00:00,BTC,-0.0029051574122615,return_1h_ahead,hourly_ridge_coldstart_v1
2026-03-23 19:00:00+00:00,BTC,-0.0013906517146103,return_1h_ahead,hourly_ridge_coldstart_v1
2026-03-23 20:00:00+00:00,BTC,-0.0012808935622086,return_1h_ahead,hourly_ridge_coldstart_v1
2026-03-23 21:00:00+00:00,BTC,-0.0010897438000815,return_1h_ahead,hourly_ridge_coldstart_v1
2026-03-23 22:00:00+00:00,BTC,-0.0004347025892585,return_1h_ahead,hourly_ridge_coldstart_v1
2026-03-23 23:00:00+00:00,BTC,-8.488135189174071e-05,return_1h_ahead,hourly_ridge_coldstart_v1
2026-03-24 02:00:00+00:00,BTC,0.0001582681916284,return_1h_ahead,hourly_ridge_coldstart_v1
2026-03-24 04:00:00+00:00,BTC,0.0001016667108096,return_1h_ahead,hourly_ridge_coldstart_v1
2026-03-24 06:00:00+00:00,BTC,0.0002281103191526,return_1h_ahead,hourly_ridge_coldstart_v1
2026-03-24 07:00:00+00:00,BTC,-2.642776924615856e-05,return_1h_ahead,hourly_ridge_coldstart_v1
2026-03-24 08:00:00+00:00,BTC,-3.852233323601483e-05,return_1h_ahead,hourly_ridge_coldstart_v1
2026-03-24 09:00:00+00:00,BTC,-2.7094052234138152e-05,return_1h_ahead,hourly_ridge_coldstart_v1
2026-03-24 10:00:00+00:00,BTC,-0.0001899576176073,return_1h_ahead,hourly_ridge_coldstart_v1
2026-03-24 11:00:00+00:00,BTC,3.1830093596015485e-05,return_1h_ahead,hourly_ridge_coldstart_v1
2026-03-24 13:00:00+00:00,BTC,-0.0005887517807974,return_1h_ahead,hourly_ridge_coldstart_v1
2026-03-24 14:00:00+00:00,BTC,-0.0009990566196302,return_1h_ahead,hourly_ridge_coldstart_v1
2026-03-24 16:00:00+00:00,BTC,-0.000568235294523,return_1h_ahead,hourly_ridge_coldstart_v1
2026-03-24 17:00:00+00:00,BTC,-0.0009715413422655,return_1h_ahead,hourly_ridge_coldstart_v1
2026-03-24 19:00:00+00:00,BTC,-0.0008001190803891,return_1h_ahead,hourly_ridge_coldstart_v1
2026-03-24 20:00:00+00:00,BTC,-0.0010944187445804,return_1h_ahead,hourly_ridge_coldstart_v1
2026-03-24 21:00:00+00:00,BTC,-0.0013045131667126,return_1h_ahead,hourly_ridge_coldstart_v1
2026-03-24 22:00:00+00:00,BTC,-0.0008752963097816,return_1h_ahead,hourly_ridge_coldstart_v1
2026-03-24 23:00:00+00:00,BTC,-0.000813593499695,return_1h_ahead,hourly_ridge_coldstart_v1
2026-03-25 02:00:00+00:00,BTC,-0.0003337207512693,return_1h_ahead,hourly_ridge_coldstart_v1
2026-03-25 04:00:00+00:00,BTC,-0.0001258234812218,return_1h_ahead,hourly_ridge_coldstart_v1
2026-03-25 06:00:00+00:00,BTC,0.000104556967997,return_1h_ahead,hourly_ridge_coldstart_v1
2026-03-25 07:00:00+00:00,BTC,-0.0002093704969789,return_1h_ahead,hourly_ridge_coldstart_v1
2026-03-25 08:00:00+00:00,BTC,-2.097046756433977e-05,return_1h_ahead,hourly_ridge_coldstart_v1
2026-03-25 09:00:00+00:00,BTC,-3.984103358983815e-05,return_1h_ahead,hourly_ridge_coldstart_v1
2026-03-25 10:00:00+00:00,BTC,0.000211694102432,return_1h_ahead,hourly_ridge_coldstart_v1
2026-03-25 11:00:00+00:00,BTC,0.0001709085984267,return_1h_ahead,hourly_ridge_coldstart_v1
2026-03-25 13:00:00+00:00,BTC,-0.0001361038890969,return_1h_ahead,hourly_ridge_coldstart_v1
2026-03-25 15:00:00+00:00,BTC,-0.0003912070687202,return_1h_ahead,hourly_ridge_coldstart_v1
2026-03-25 16:00:00+00:00,BTC,-0.0004548035161464,return_1h_ahead,hourly_ridge_coldstart_v1
2026-03-25 17:00:00+00:00,BTC,-0.0003294513345439,return_1h_ahead,hourly_ridge_coldstart_v1
2026-03-25 19:00:00+00:00,BTC,-7.110602308342567e-05,return_1h_ahead,hourly_ridge_coldstart_v1
2026-03-25 20:00:00+00:00,BTC,4.70290427142771e-05,return_1h_ahead,hourly_ridge_coldstart_v1
2026-03-25 21:00:00+00:00,BTC,2.767600298747357e-05,return_1h_ahead,hourly_ridge_coldstart_v1
2026-03-25 22:00:00+00:00,BTC,4.943719252513776e-05,return_1h_ahead,hourly_ridge_coldstart_v1
2026-03-25 23:00:00+00:00,BTC,0.0003433334939768,return_1h_ahead,hourly_ridge_coldstart_v1
2026-03-26 02:00:00+00:00,BTC,-0.000108980431741,return_1h_ahead,hourly_ridge_coldstart_v1
2026-03-26 05:00:00+00:00,BTC,-9.174819784195272e-05,return_1h_ahead,hourly_ridge_coldstart_v1
2026-03-26 07:00:00+00:00,BTC,-0.0007121218410091,return_1h_ahead,hourly_ridge_coldstart_v1
2026-03-26 08:00:00+00:00,BTC,-0.0002853592996997,return_1h_ahead,hourly_ridge_coldstart_v1
2026-03-26 10:00:00+00:00,BTC,-0.0003415269681332,return_1h_ahead,hourly_ridge_coldstart_v1
2026-03-26 11:00:00+00:00,BTC,1.721853247309453e-05,return_1h_ahead,hourly_ridge_coldstart_v1
2026-03-26 13:00:00+00:00,BTC,-4.802213329602363e-05,return_1h_ahead,hourly_ridge_coldstart_v1
2026-03-26 15:00:00+00:00,BTC,-0.0001457522531938,return_1h_ahead,hourly_ridge_coldstart_v1
2026-03-26 17:00:00+00:00,BTC,-6.954978450723822e-05,return_1h_ahead,hourly_ridge_coldstart_v1
2026-03-26 19:00:00+00:00,BTC,-0.0002166193184704,return_1h_ahead,hourly_ridge_coldstart_v1
2026-03-26 20:00:00+00:00,BTC,-0.000453770757847,return_1h_ahead,hourly_ridge_coldstart_v1
2026-03-26 21:00:00+00:00,BTC,-0.0008668109195119,return_1h_ahead,hourly_ridge_coldstart_v1
2026-03-26 22:00:00+00:00,BTC,-0.0009894231688801,return_1h_ahead,hourly_ridge_coldstart_v1
2026-03-26 23:00:00+00:00,BTC,-0.0008738005042892,return_1h_ahead,hourly_ridge_coldstart_v1
2026-03-27 02:00:00+00:00,BTC,-0.0006782670452988,return_1h_ahead,hourly_ridge_coldstart_v1
2026-03-27 05:00:00+00:00,BTC,-0.0009340587286271,return_1h_ahead,hourly_ridge_coldstart_v1
2026-03-27 07:00:00+00:00,BTC,-3.430133893384007e-05,return_1h_ahead,hourly_ridge_coldstart_v1
2026-03-27 08:00:00+00:00,BTC,-0.0007580762969911,return_1h_ahead,hourly_ridge_coldstart_v1
2026-03-27 09:00:00+00:00,BTC,-0.0004733619852337,return_1h_ahead,hourly_ridge_coldstart_v1
2026-03-27 10:00:00+00:00,BTC,-0.001381103592821,return_1h_ahead,hourly_ridge_coldstart_v1
2026-03-27 11:00:00+00:00,BTC,-0.0006659796071308,return_1h_ahead,hourly_ridge_coldstart_v1
2026-03-27 13:00:00+00:00,BTC,-0.0007174116976733,return_1h_ahead,hourly_ridge_coldstart_v1
2026-03-27 14:00:00+00:00,BTC,-0.0009625579794408,return_1h_ahead,hourly_ridge_coldstart_v1
2026-03-27 15:00:00+00:00,BTC,-0.0007849067176019,return_1h_ahead,hourly_ridge_coldstart_v1
2026-03-27 16:00:00+00:00,BTC,-0.0010950005495094,return_1h_ahead,hourly_ridge_coldstart_v1
2026-03-27 17:00:00+00:00,BTC,-0.0006151895105335,return_1h_ahead,hourly_ridge_coldstart_v1
2026-03-27 18:00:00+00:00,BTC,-0.0005030929565779,return_1h_ahead,hourly_ridge_coldstart_v1
2026-03-27 19:00:00+00:00,BTC,-0.0005960337776649,return_1h_ahead,hourly_ridge_coldstart_v1
2026-03-27 20:00:00+00:00,BTC,-0.0002007091485578,return_1h_ahead,hourly_ridge_coldstart_v1
2026-03-27 21:00:00+00:00,BTC,4.846486030598364e-05,return_1h_ahead,hourly_ridge_coldstart_v1
2026-03-27 22:00:00+00:00,BTC,-2.0073320536152046e-05,return_1h_ahead,hourly_ridge_coldstart_v1
2026-03-27 23:00:00+00:00,BTC,0.000333783060185,return_1h_ahead,hourly_ridge_coldstart_v1
2026-03-28 02:00:00+00:00,BTC,0.0002855337974512,return_1h_ahead,hourly_ridge_coldstart_v1
2026-03-28 04:00:00+00:00,BTC,0.0003272836404162,return_1h_ahead,hourly_ridge_coldstart_v1
2026-03-28 05:00:00+00:00,BTC,0.000382033589886,return_1h_ahead,hourly_ridge_coldstart_v1
2026-03-28 07:00:00+00:00,BTC,0.0005351617653564,return_1h_ahead,hourly_ridge_coldstart_v1
2026-03-28 08:00:00+00:00,BTC,0.0007347931735163,return_1h_ahead,hourly_ridge_coldstart_v1
2026-03-28 09:00:00+00:00,BTC,0.0004134941928052,return_1h_ahead,hourly_ridge_coldstart_v1
2026-03-28 10:00:00+00:00,BTC,0.0004004347112855,return_1h_ahead,hourly_ridge_coldstart_v1
2026-03-28 11:00:00+00:00,BTC,0.0004907793094533,return_1h_ahead,hourly_ridge_coldstart_v1
2026-03-28 12:00:00+00:00,BTC,0.0004660627775558,return_1h_ahead,hourly_ridge_coldstart_v1
2026-03-28 13:00:00+00:00,BTC,0.0003116677915273,return_1h_ahead,hourly_ridge_coldstart_v1
2026-03-28 14:00:00+00:00,BTC,9.64931607088059e-05,return_1h_ahead,hourly_ridge_coldstart_v1
2026-03-28 15:00:00+00:00,BTC,0.0003216352603678,return_1h_ahead,hourly_ridge_coldstart_v1
2026-03-28 16:00:00+00:00,BTC,0.0002689732248009,return_1h_ahead,hourly_ridge_coldstart_v1
2026-03-28 17:00:00+00:00,BTC,-2.825434736214216e-05,return_1h_ahead,hourly_ridge_coldstart_v1
2026-03-28 18:00:00+00:00,BTC,0.0001159686029838,return_1h_ahead,hourly_ridge_coldstart_v1
2026-03-28 19:00:00+00:00,BTC,0.0003434423702661,return_1h_ahead,hourly_ridge_coldstart_v1
2026-03-28 20:00:00+00:00,BTC,0.0003750095255258,return_1h_ahead,hourly_ridge_coldstart_v1
2026-03-28 21:00:00+00:00,BTC,0.0004459782192585,return_1h_ahead,hourly_ridge_coldstart_v1
2026-03-28 22:00:00+00:00,BTC,0.0004538762208316,return_1h_ahead,hourly_ridge_coldstart_v1
2026-03-28 23:00:00+00:00,BTC,0.0001805951779082,return_1h_ahead,hourly_ridge_coldstart_v1
2026-03-29 02:00:00+00:00,BTC,0.0003018526833873,return_1h_ahead,hourly_ridge_coldstart_v1
2026-03-29 05:00:00+00:00,BTC,0.0002010865794678,return_1h_ahead,hourly_ridge_coldstart_v1
2026-03-29 07:00:00+00:00,BTC,0.000145600402523,return_1h_ahead,hourly_ridge_coldstart_v1
2026-03-29 08:00:00+00:00,BTC,0.0002089285807798,return_1h_ahead,hourly_ridge_coldstart_v1
2026-03-29 09:00:00+00:00,BTC,3.409316514226763e-05,return_1h_ahead,hourly_ridge_coldstart_v1
2026-03-29 10:00:00+00:00,BTC,0.0002550531058473,return_1h_ahead,hourly_ridge_coldstart_v1
2026-03-29 11:00:00+00:00,BTC,0.0003477370986598,return_1h_ahead,hourly_ridge_coldstart_v1
2026-03-29 12:00:00+00:00,BTC,0.0002001661325693,return_1h_ahead,hourly_ridge_coldstart_v1
2026-03-29 13:00:00+00:00,BTC,-1.015569525753614e-05,return_1h_ahead,hourly_ridge_coldstart_v1
2026-03-29 14:00:00+00:00,BTC,0.0001126778675032,return_1h_ahead,hourly_ridge_coldstart_v1
2026-03-29 15:00:00+00:00,BTC,6.646548359391983e-06,return_1h_ahead,hourly_ridge_coldstart_v1
2026-03-29 16:00:00+00:00,BTC,0.0001404997375262,return_1h_ahead,hourly_ridge_coldstart_v1
2026-03-29 17:00:00+00:00,BTC,-6.656210485134597e-07,return_1h_ahead,hourly_ridge_coldstart_v1
2026-03-29 18:00:00+00:00,BTC,0.0001139987629642,return_1h_ahead,hourly_ridge_coldstart_v1
2026-03-29 19:00:00+00:00,BTC,3.4017440145653495e-05,return_1h_ahead,hourly_ridge_coldstart_v1
2026-03-29 20:00:00+00:00,BTC,6.965863245849801e-05,return_1h_ahead,hourly_ridge_coldstart_v1
2026-03-29 21:00:00+00:00,BTC,6.547839279530832e-06,return_1h_ahead,hourly_ridge_coldstart_v1
2026-03-29 22:00:00+00:00,BTC,-0.0001757062906552,return_1h_ahead,hourly_ridge_coldstart_v1
2026-03-29 23:00:00+00:00,BTC,-0.0002951191387451,return_1h_ahead,hourly_ridge_coldstart_v1
2026-03-30 02:00:00+00:00,BTC,-0.0002785948306509,return_1h_ahead,hourly_ridge_coldstart_v1
2026-03-30 05:00:00+00:00,BTC,-0.0006772915356046,return_1h_ahead,hourly_ridge_coldstart_v1
2026-03-30 07:00:00+00:00,BTC,-0.0014330692703106,return_1h_ahead,hourly_ridge_coldstart_v1
2026-03-30 09:00:00+00:00,BTC,-0.0011179662034043,return_1h_ahead,hourly_ridge_coldstart_v1
2026-03-30 11:00:00+00:00,BTC,-0.0012862394261208,return_1h_ahead,hourly_ridge_coldstart_v1
2026-03-30 13:00:00+00:00,BTC,-0.0007364627696554,return_1h_ahead,hourly_ridge_coldstart_v1
2026-03-30 15:00:00+00:00,BTC,-0.0009544521311131,return_1h_ahead,hourly_ridge_coldstart_v1
2026-03-30 16:00:00+00:00,BTC,-0.0007300160250081,return_1h_ahead,hourly_ridge_coldstart_v1
2026-03-30 17:00:00+00:00,BTC,-0.0007323267815054,return_1h_ahead,hourly_ridge_coldstart_v1
2026-03-30 19:00:00+00:00,BTC,-0.0005130317834917,return_1h_ahead,hourly_ridge_coldstart_v1
2026-03-30 20:00:00+00:00,BTC,-0.0003828718210946,return_1h_ahead,hourly_ridge_coldstart_v1
2026-03-30 21:00:00+00:00,BTC,-0.000134857834117,return_1h_ahead,hourly_ridge_coldstart_v1
2026-03-30 22:00:00+00:00,BTC,-0.0002978069606468,return_1h_ahead,hourly_ridge_coldstart_v1
2026-03-30 23:00:00+00:00,BTC,-9.3817564650413e-05,return_1h_ahead,hourly_ridge_coldstart_v1
2026-03-31 02:00:00+00:00,BTC,-0.0005991332926256,return_1h_ahead,hourly_ridge_coldstart_v1
2026-03-31 05:00:00+00:00,BTC,-0.0015092527701772,return_1h_ahead,hourly_ridge_coldstart_v1
2026-03-31 07:00:00+00:00,BTC,-0.0014978699443959,return_1h_ahead,hourly_ridge_coldstart_v1
2026-03-31 09:00:00+00:00,BTC,-0.0017706727796994,return_1h_ahead,hourly_ridge_coldstart_v1
2026-03-31 10:00:00+00:00,BTC,-0.0018636080129014,return_1h_ahead,hourly_ridge_coldstart_v1
2026-03-31 11:00:00+00:00,BTC,-0.0015644297631625,return_1h_ahead,hourly_ridge_coldstart_v1
2026-03-31 13:00:00+00:00,BTC,-0.0003285249853715,return_1h_ahead,hourly_ridge_coldstart_v1
2026-03-31 15:00:00+00:00,BTC,-0.0004320892223302,return_1h_ahead,hourly_ridge_coldstart_v1
2026-03-31 16:00:00+00:00,BTC,-0.000640710557999,return_1h_ahead,hourly_ridge_coldstart_v1
2026-03-31 17:00:00+00:00,BTC,-0.0009217832318676,return_1h_ahead,hourly_ridge_coldstart_v1
2026-03-31 19:00:00+00:00,BTC,-0.0003280846188851,return_1h_ahead,hourly_ridge_coldstart_v1
2026-03-31 20:00:00+00:00,BTC,-0.0004594201973261,return_1h_ahead,hourly_ridge_coldstart_v1
2026-03-31 21:00:00+00:00,BTC,-0.0005509885601667,return_1h_ahead,hourly_ridge_coldstart_v1
2026-03-31 22:00:00+00:00,BTC,-0.0005589771653791,return_1h_ahead,hourly_ridge_coldstart_v1
2026-03-31 23:00:00+00:00,BTC,0.0002147740269672,return_1h_ahead,hourly_ridge_coldstart_v1
2026-04-01 02:00:00+00:00,BTC,-0.0006707902446161,return_1h_ahead,hourly_ridge_coldstart_v1
2026-04-01 05:00:00+00:00,BTC,-0.0003880806682698,return_1h_ahead,hourly_ridge_coldstart_v1
2026-04-01 07:00:00+00:00,BTC,-0.0006397464887174,return_1h_ahead,hourly_ridge_coldstart_v1
2026-04-01 09:00:00+00:00,BTC,-0.0011573510844738,return_1h_ahead,hourly_ridge_coldstart_v1
2026-04-01 10:00:00+00:00,BTC,-0.00109762495795,return_1h_ahead,hourly_ridge_coldstart_v1
2026-04-01 11:00:00+00:00,BTC,-0.0009603370668658,return_1h_ahead,hourly_ridge_coldstart_v1
2026-04-01 13:00:00+00:00,BTC,-0.0008322697356039,return_1h_ahead,hourly_ridge_coldstart_v1
2026-04-01 15:00:00+00:00,BTC,-0.0001689894515442,return_1h_ahead,hourly_ridge_coldstart_v1
2026-04-01 16:00:00+00:00,BTC,0.0002142532306488,return_1h_ahead,hourly_ridge_coldstart_v1
2026-04-01 17:00:00+00:00,BTC,-0.0004398254874659,return_1h_ahead,hourly_ridge_coldstart_v1
2026-04-01 19:00:00+00:00,BTC,-0.0002700245692182,return_1h_ahead,hourly_ridge_coldstart_v1
2026-04-01 20:00:00+00:00,BTC,-0.0001422772693023,return_1h_ahead,hourly_ridge_coldstart_v1
2026-04-01 21:00:00+00:00,BTC,-0.0001156250221725,return_1h_ahead,hourly_ridge_coldstart_v1
2026-04-01 22:00:00+00:00,BTC,-0.0003275148029244,return_1h_ahead,hourly_ridge_coldstart_v1
2026-04-01 23:00:00+00:00,BTC,-0.0001199388104643,return_1h_ahead,hourly_ridge_coldstart_v1
2026-04-02 02:00:00+00:00,BTC,-0.0011617723448719,return_1h_ahead,hourly_ridge_coldstart_v1
2026-04-02 05:00:00+00:00,BTC,-0.0011475091771425,return_1h_ahead,hourly_ridge_coldstart_v1
2026-04-02 07:00:00+00:00,BTC,-0.0008394051528131,return_1h_ahead,hourly_ridge_coldstart_v1
2026-04-02 08:00:00+00:00,BTC,-0.0007703900046779,return_1h_ahead,hourly_ridge_coldstart_v1
2026-04-02 10:00:00+00:00,BTC,-0.0007894114926651,return_1h_ahead,hourly_ridge_coldstart_v1
2026-04-02 11:00:00+00:00,BTC,-0.0008113288127616,return_1h_ahead,hourly_ridge_coldstart_v1
2026-04-02 13:00:00+00:00,BTC,-0.0003315572671582,return_1h_ahead,hourly_ridge_coldstart_v1
2026-04-02 14:00:00+00:00,BTC,-0.0002818682945662,return_1h_ahead,hourly_ridge_coldstart_v1
2026-04-02 16:00:00+00:00,BTC,-0.0007489782392572,return_1h_ahead,hourly_ridge_coldstart_v1
2026-04-02 17:00:00+00:00,BTC,-0.0006892387622514,return_1h_ahead,hourly_ridge_coldstart_v1
2026-04-02 18:00:00+00:00,BTC,-0.0006191148945049,return_1h_ahead,hourly_ridge_coldstart_v1
2026-04-02 19:00:00+00:00,BTC,-0.0006447760216491,return_1h_ahead,hourly_ridge_coldstart_v1
2026-04-02 20:00:00+00:00,BTC,-0.0005012846020978,return_1h_ahead,hourly_ridge_coldstart_v1
2026-04-02 21:00:00+00:00,BTC,0.0004738964102095,return_1h_ahead,hourly_ridge_coldstart_v1
2026-04-02 22:00:00+00:00,BTC,0.0005711022783814,return_1h_ahead,hourly_ridge_coldstart_v1
2026-04-02 23:00:00+00:00,BTC,0.0005313696019889,return_1h_ahead,hourly_ridge_coldstart_v1
2026-04-03 02:00:00+00:00,BTC,0.0002523791855202,return_1h_ahead,hourly_ridge_coldstart_v1
2026-04-03 05:00:00+00:00,BTC,0.0004008825616822,return_1h_ahead,hourly_ridge_coldstart_v1
2026-04-03 07:00:00+00:00,BTC,0.0003550091942748,return_1h_ahead,hourly_ridge_coldstart_v1
2026-04-03 08:00:00+00:00,BTC,0.000326836271537,return_1h_ahead,hourly_ridge_coldstart_v1
2026-04-03 09:00:00+00:00,BTC,0.0002041731078039,return_1h_ahead,hourly_ridge_coldstart_v1
2026-04-03 10:00:00+00:00,BTC,0.0002259706346264,return_1h_ahead,hourly_ridge_coldstart_v1
2026-04-03 11:00:00+00:00,BTC,0.0005008847835907,return_1h_ahead,hourly_ridge_coldstart_v1
2026-04-03 13:00:00+00:00,BTC,3.77878844053852e-05,return_1h_ahead,hourly_ridge_coldstart_v1
2026-04-03 14:00:00+00:00,BTC,0.0002629718698922,return_1h_ahead,hourly_ridge_coldstart_v1
2026-04-03 15:00:00+00:00,BTC,0.000212005736342,return_1h_ahead,hourly_ridge_coldstart_v1
2026-04-03 16:00:00+00:00,BTC,0.0002545376001358,return_1h_ahead,hourly_ridge_coldstart_v1
2026-04-03 17:00:00+00:00,BTC,0.0002159019424318,return_1h_ahead,hourly_ridge_coldstart_v1
2026-04-03 18:00:00+00:00,BTC,0.0002616557221711,return_1h_ahead,hourly_ridge_coldstart_v1
2026-04-03 19:00:00+00:00,BTC,0.0005208961294999,return_1h_ahead,hourly_ridge_coldstart_v1
2026-04-03 20:00:00+00:00,BTC,0.0006888415832746,return_1h_ahead,hourly_ridge_coldstart_v1
2026-04-03 21:00:00+00:00,BTC,0.0006658620194768,return_1h_ahead,hourly_ridge_coldstart_v1
2026-04-03 22:00:00+00:00,BTC,0.0006857871605153,return_1h_ahead,hourly_ridge_coldstart_v1
2026-04-03 23:00:00+00:00,BTC,0.0006638846411379,return_1h_ahead,hourly_ridge_coldstart_v1
2026-04-04 02:00:00+00:00,BTC,0.0007477758571139,return_1h_ahead,hourly_ridge_coldstart_v1
2026-04-04 04:00:00+00:00,BTC,0.0007173822768978,return_1h_ahead,hourly_ridge_coldstart_v1
2026-04-04 05:00:00+00:00,BTC,0.0007783306168589,return_1h_ahead,hourly_ridge_coldstart_v1
2026-04-04 07:00:00+00:00,BTC,0.0007454405754028,return_1h_ahead,hourly_ridge_coldstart_v1
2026-04-04 08:00:00+00:00,BTC,0.0006775845671556,return_1h_ahead,hourly_ridge_coldstart_v1
2026-04-04 09:00:00+00:00,BTC,0.0006980010540511,return_1h_ahead,hourly_ridge_coldstart_v1
2026-04-04 10:00:00+00:00,BTC,0.0006643434994595,return_1h_ahead,hourly_ridge_coldstart_v1
2026-04-04 11:00:00+00:00,BTC,0.0006508239814605,return_1h_ahead,hourly_ridge_coldstart_v1
2026-04-04 12:00:00+00:00,BTC,0.0005491761746861,return_1h_ahead,hourly_ridge_coldstart_v1
2026-04-04 13:00:00+00:00,BTC,0.0005937613915991,return_1h_ahead,hourly_ridge_coldstart_v1
2026-04-04 14:00:00+00:00,BTC,0.0005606034549022,return_1h_ahead,hourly_ridge_coldstart_v1
2026-04-04 15:00:00+00:00,BTC,0.0006057033204967,return_1h_ahead,hourly_ridge_coldstart_v1
2026-04-04 16:00:00+00:00,BTC,0.0006213545885192,return_1h_ahead,hourly_ridge_coldstart_v1
2026-04-04 17:00:00+00:00,BTC,0.000670596181175,return_1h_ahead,hourly_ridge_coldstart_v1
2026-04-04 18:00:00+00:00,BTC,0.0005181593137052,return_1h_ahead,hourly_ridge_coldstart_v1
2026-04-04 19:00:00+00:00,BTC,0.000599233586168,return_1h_ahead,hourly_ridge_coldstart_v1
2026-04-04 20:00:00+00:00,BTC,0.0004845432754146,return_1h_ahead,hourly_ridge_coldstart_v1
2026-04-04 21:00:00+00:00,BTC,0.0006093139390244,return_1h_ahead,hourly_ridge_coldstart_v1
2026-04-04 22:00:00+00:00,BTC,0.0005966102473448,return_1h_ahead,hourly_ridge_coldstart_v1
2026-04-04 23:00:00+00:00,BTC,0.0004304477155844,return_1h_ahead,hourly_ridge_coldstart_v1
2026-04-05 02:00:00+00:00,BTC,0.0003131543234994,return_1h_ahead,hourly_ridge_coldstart_v1
2026-04-05 05:00:00+00:00,BTC,0.0004271014240029371,return_1h_ahead,hourly_ridge_coldstart_v1
2026-01-03 16:00:00+00:00,ETH,0.0005084652317259,return_1h_ahead,hourly_ridge_coldstart_v1
2026-01-03 17:00:00+00:00,ETH,0.0006071566277189,return_1h_ahead,hourly_ridge_coldstart_v1
2026-01-03 18:00:00+00:00,ETH,0.0005793905387516,return_1h_ahead,hourly_ridge_coldstart_v1
2026-01-03 19:00:00+00:00,ETH,0.0004951200726104,return_1h_ahead,hourly_ridge_coldstart_v1
2026-01-03 20:00:00+00:00,ETH,0.0004842275751892,return_1h_ahead,hourly_ridge_coldstart_v1
2026-01-03 21:00:00+00:00,ETH,0.0005717492739485,return_1h_ahead,hourly_ridge_coldstart_v1
2026-01-03 22:00:00+00:00,ETH,0.0005538537423789,return_1h_ahead,hourly_ridge_coldstart_v1
2026-01-03 23:00:00+00:00,ETH,0.0005790093367509,return_1h_ahead,hourly_ridge_coldstart_v1
2026-01-04 01:00:00+00:00,ETH,0.0004744059529999,return_1h_ahead,hourly_ridge_coldstart_v1
2026-01-04 03:00:00+00:00,ETH,0.0004279145452807,return_1h_ahead,hourly_ridge_coldstart_v1
2026-01-04 04:00:00+00:00,ETH,0.0004995805023965,return_1h_ahead,hourly_ridge_coldstart_v1
2026-01-04 05:00:00+00:00,ETH,0.0003441110817479,return_1h_ahead,hourly_ridge_coldstart_v1
2026-01-04 06:00:00+00:00,ETH,0.0003700008167454,return_1h_ahead,hourly_ridge_coldstart_v1
2026-01-04 07:00:00+00:00,ETH,6.363859333869429e-05,return_1h_ahead,hourly_ridge_coldstart_v1
2026-01-04 08:00:00+00:00,ETH,0.0003179265333125,return_1h_ahead,hourly_ridge_coldstart_v1
2026-01-04 09:00:00+00:00,ETH,0.0004295651404207,return_1h_ahead,hourly_ridge_coldstart_v1
2026-01-04 10:00:00+00:00,ETH,0.0003867502905042,return_1h_ahead,hourly_ridge_coldstart_v1
2026-01-04 11:00:00+00:00,ETH,0.000323442546888,return_1h_ahead,hourly_ridge_coldstart_v1
2026-01-04 12:00:00+00:00,ETH,0.0003335514147859,return_1h_ahead,hourly_ridge_coldstart_v1
2026-01-04 13:00:00+00:00,ETH,0.0004466190940645,return_1h_ahead,hourly_ridge_coldstart_v1
2026-01-04 14:00:00+00:00,ETH,0.0005920590760004,return_1h_ahead,hourly_ridge_coldstart_v1
2026-01-04 15:00:00+00:00,ETH,0.0006732370916951,return_1h_ahead,hourly_ridge_coldstart_v1
2026-01-04 16:00:00+00:00,ETH,0.0007536011594132,return_1h_ahead,hourly_ridge_coldstart_v1
2026-01-04 17:00:00+00:00,ETH,0.0007316864856441,return_1h_ahead,hourly_ridge_coldstart_v1
2026-01-04 18:00:00+00:00,ETH,0.0005455064027276,return_1h_ahead,hourly_ridge_coldstart_v1
2026-01-04 19:00:00+00:00,ETH,0.0005827600657706,return_1h_ahead,hourly_ridge_coldstart_v1
2026-01-04 20:00:00+00:00,ETH,0.0005131603434674,return_1h_ahead,hourly_ridge_coldstart_v1
2026-01-04 21:00:00+00:00,ETH,0.0004132273966522,return_1h_ahead,hourly_ridge_coldstart_v1
2026-01-04 22:00:00+00:00,ETH,0.0002094615479573,return_1h_ahead,hourly_ridge_coldstart_v1
2026-01-04 23:00:00+00:00,ETH,0.0002509167477401,return_1h_ahead,hourly_ridge_coldstart_v1
2026-01-05 01:00:00+00:00,ETH,-0.0005343757431683,return_1h_ahead,hourly_ridge_coldstart_v1
2026-01-05 03:00:00+00:00,ETH,-0.0015391048941746,return_1h_ahead,hourly_ridge_coldstart_v1
2026-01-05 04:00:00+00:00,ETH,-0.0017505225456122,return_1h_ahead,hourly_ridge_coldstart_v1
2026-01-05 05:00:00+00:00,ETH,-0.0015820952787952,return_1h_ahead,hourly_ridge_coldstart_v1
2026-01-05 06:00:00+00:00,ETH,-0.001737089361394,return_1h_ahead,hourly_ridge_coldstart_v1
2026-01-05 07:00:00+00:00,ETH,-0.0015319734557587,return_1h_ahead,hourly_ridge_coldstart_v1
2026-01-05 08:00:00+00:00,ETH,-1.3879013661325117e-05,return_1h_ahead,hourly_ridge_coldstart_v1
2026-01-05 09:00:00+00:00,ETH,-9.998876146967944e-05,return_1h_ahead,hourly_ridge_coldstart_v1
2026-01-05 10:00:00+00:00,ETH,0.0001807373480699,return_1h_ahead,hourly_ridge_coldstart_v1
2026-01-05 11:00:00+00:00,ETH,9.240580349332325e-06,return_1h_ahead,hourly_ridge_coldstart_v1
2026-01-05 12:00:00+00:00,ETH,0.0002000875653082,return_1h_ahead,hourly_ridge_coldstart_v1
2026-01-05 13:00:00+00:00,ETH,-7.669953449282284e-05,return_1h_ahead,hourly_ridge_coldstart_v1
2026-01-05 14:00:00+00:00,ETH,0.0001750064752339,return_1h_ahead,hourly_ridge_coldstart_v1
2026-01-05 15:00:00+00:00,ETH,0.0002250351874512,return_1h_ahead,hourly_ridge_coldstart_v1
2026-01-05 16:00:00+00:00,ETH,0.0001500086163994,return_1h_ahead,hourly_ridge_coldstart_v1
2026-01-05 17:00:00+00:00,ETH,-0.0001800684403715,return_1h_ahead,hourly_ridge_coldstart_v1
2026-01-05 18:00:00+00:00,ETH,-0.0001192418912328,return_1h_ahead,hourly_ridge_coldstart_v1
2026-01-05 19:00:00+00:00,ETH,1.6597890246796234e-06,return_1h_ahead,hourly_ridge_coldstart_v1
2026-01-05 20:00:00+00:00,ETH,4.623147486206868e-05,return_1h_ahead,hourly_ridge_coldstart_v1
2026-01-05 21:00:00+00:00,ETH,-0.0001379455834784,return_1h_ahead,hourly_ridge_coldstart_v1
2026-01-05 22:00:00+00:00,ETH,-0.0001364449068883,return_1h_ahead,hourly_ridge_coldstart_v1
2026-01-05 23:00:00+00:00,ETH,-0.0003087109802808,return_1h_ahead,hourly_ridge_coldstart_v1
2026-01-06 01:00:00+00:00,ETH,-4.261486391510721e-05,return_1h_ahead,hourly_ridge_coldstart_v1
2026-01-06 03:00:00+00:00,ETH,0.0002235179004712,return_1h_ahead,hourly_ridge_coldstart_v1
2026-01-06 04:00:00+00:00,ETH,0.0005428648224137,return_1h_ahead,hourly_ridge_coldstart_v1
2026-01-06 05:00:00+00:00,ETH,0.0004987094805204,return_1h_ahead,hourly_ridge_coldstart_v1
2026-01-06 06:00:00+00:00,ETH,0.0005484079886608,return_1h_ahead,hourly_ridge_coldstart_v1
2026-01-06 07:00:00+00:00,ETH,0.0005671387243791,return_1h_ahead,hourly_ridge_coldstart_v1
2026-01-06 08:00:00+00:00,ETH,0.0004904796604523,return_1h_ahead,hourly_ridge_coldstart_v1
2026-01-06 09:00:00+00:00,ETH,0.000500678771186,return_1h_ahead,hourly_ridge_coldstart_v1
2026-01-06 10:00:00+00:00,ETH,0.0004205712573987,return_1h_ahead,hourly_ridge_coldstart_v1
2026-01-06 11:00:00+00:00,ETH,0.000454504915601,return_1h_ahead,hourly_ridge_coldstart_v1
2026-01-06 12:00:00+00:00,ETH,0.0004082569784685,return_1h_ahead,hourly_ridge_coldstart_v1
2026-01-06 13:00:00+00:00,ETH,0.000328145049186,return_1h_ahead,hourly_ridge_coldstart_v1
2026-01-06 14:00:00+00:00,ETH,-0.0002928315366585,return_1h_ahead,hourly_ridge_coldstart_v1
2026-01-06 15:00:00+00:00,ETH,-0.0008398738747083,return_1h_ahead,hourly_ridge_coldstart_v1
2026-01-06 16:00:00+00:00,ETH,-0.0019376188949426,return_1h_ahead,hourly_ridge_coldstart_v1
2026-01-06 17:00:00+00:00,ETH,-0.0016023668324897,return_1h_ahead,hourly_ridge_coldstart_v1
2026-01-06 18:00:00+00:00,ETH,-0.0020156498820217,return_1h_ahead,hourly_ridge_coldstart_v1
2026-01-06 19:00:00+00:00,ETH,-0.0016752921229425,return_1h_ahead,hourly_ridge_coldstart_v1
2026-01-06 20:00:00+00:00,ETH,-0.0006477202730348,return_1h_ahead,hourly_ridge_coldstart_v1
2026-01-06 21:00:00+00:00,ETH,-0.001014298274568,return_1h_ahead,hourly_ridge_coldstart_v1
2026-01-06 22:00:00+00:00,ETH,-0.001157774990156,return_1h_ahead,hourly_ridge_coldstart_v1
2026-01-06 23:00:00+00:00,ETH,-0.0008666797620983,return_1h_ahead,hourly_ridge_coldstart_v1
2026-01-07 01:00:00+00:00,ETH,-0.0016864709857057,return_1h_ahead,hourly_ridge_coldstart_v1
2026-01-07 03:00:00+00:00,ETH,-0.0011475437534059,return_1h_ahead,hourly_ridge_coldstart_v1
2026-01-07 04:00:00+00:00,ETH,-0.0015400716063772,return_1h_ahead,hourly_ridge_coldstart_v1
2026-01-07 05:00:00+00:00,ETH,-0.0008420922225051,return_1h_ahead,hourly_ridge_coldstart_v1
2026-01-07 06:00:00+00:00,ETH,-0.00082986302607,return_1h_ahead,hourly_ridge_coldstart_v1
2026-01-07 07:00:00+00:00,ETH,-0.0006325966559958,return_1h_ahead,hourly_ridge_coldstart_v1
2026-01-07 08:00:00+00:00,ETH,4.0211235308237344e-05,return_1h_ahead,hourly_ridge_coldstart_v1
2026-01-07 09:00:00+00:00,ETH,-0.0003308725199612,return_1h_ahead,hourly_ridge_coldstart_v1
2026-01-07 10:00:00+00:00,ETH,-0.0002824429444913,return_1h_ahead,hourly_ridge_coldstart_v1
2026-01-07 11:00:00+00:00,ETH,-0.0001723679918765,return_1h_ahead,hourly_ridge_coldstart_v1
2026-01-07 12:00:00+00:00,ETH,-0.0004119946297839,return_1h_ahead,hourly_ridge_coldstart_v1
2026-01-07 13:00:00+00:00,ETH,-0.0002917893199295,return_1h_ahead,hourly_ridge_coldstart_v1
2026-01-07 14:00:00+00:00,ETH,-0.0006600041537457,return_1h_ahead,hourly_ridge_coldstart_v1
2026-01-07 15:00:00+00:00,ETH,-0.0009413395169576,return_1h_ahead,hourly_ridge_coldstart_v1
2026-01-07 16:00:00+00:00,ETH,-0.0005977732728095,return_1h_ahead,hourly_ridge_coldstart_v1
2026-01-07 17:00:00+00:00,ETH,-0.000532836792392,return_1h_ahead,hourly_ridge_coldstart_v1
2026-01-07 18:00:00+00:00,ETH,-0.0005638529031308,return_1h_ahead,hourly_ridge_coldstart_v1
2026-01-07 19:00:00+00:00,ETH,-0.0007469694160458,return_1h_ahead,hourly_ridge_coldstart_v1
2026-01-07 20:00:00+00:00,ETH,-0.0005141258341145,return_1h_ahead,hourly_ridge_coldstart_v1
2026-01-07 21:00:00+00:00,ETH,-5.79186926320271e-05,return_1h_ahead,hourly_ridge_coldstart_v1
2026-01-07 22:00:00+00:00,ETH,-9.628626981581857e-05,return_1h_ahead,hourly_ridge_coldstart_v1
2026-01-07 23:00:00+00:00,ETH,-0.0001728302553412,return_1h_ahead,hourly_ridge_coldstart_v1
2026-01-08 01:00:00+00:00,ETH,-0.0003242030709669,return_1h_ahead,hourly_ridge_coldstart_v1
2026-01-08 03:00:00+00:00,ETH,-0.0004778300850105,return_1h_ahead,hourly_ridge_coldstart_v1
2026-01-08 04:00:00+00:00,ETH,-0.0002181834693518,return_1h_ahead,hourly_ridge_coldstart_v1
2026-01-08 05:00:00+00:00,ETH,-0.0001180160393063,return_1h_ahead,hourly_ridge_coldstart_v1
2026-01-08 06:00:00+00:00,ETH,-0.0011459347120318,return_1h_ahead,hourly_ridge_coldstart_v1
2026-01-08 07:00:00+00:00,ETH,-0.0004839349604116,return_1h_ahead,hourly_ridge_coldstart_v1
2026-01-08 08:00:00+00:00,ETH,-0.0004586974338338,return_1h_ahead,hourly_ridge_coldstart_v1
2026-01-08 09:00:00+00:00,ETH,-0.0008999217440721,return_1h_ahead,hourly_ridge_coldstart_v1
2026-01-08 10:00:00+00:00,ETH,-0.0006478332670899,return_1h_ahead,hourly_ridge_coldstart_v1
2026-01-08 11:00:00+00:00,ETH,-0.0006628935103983,return_1h_ahead,hourly_ridge_coldstart_v1
2026-01-08 12:00:00+00:00,ETH,-0.0007256888100649,return_1h_ahead,hourly_ridge_coldstart_v1
2026-01-08 13:00:00+00:00,ETH,-0.0004926317465006,return_1h_ahead,hourly_ridge_coldstart_v1
2026-01-08 14:00:00+00:00,ETH,-0.0003422401142267,return_1h_ahead,hourly_ridge_coldstart_v1
2026-01-08 15:00:00+00:00,ETH,-0.0001444502938766,return_1h_ahead,hourly_ridge_coldstart_v1
2026-01-08 16:00:00+00:00,ETH,-0.0003412921161472,return_1h_ahead,hourly_ridge_coldstart_v1
2026-01-08 17:00:00+00:00,ETH,-0.0002708411794898,return_1h_ahead,hourly_ridge_coldstart_v1
2026-01-08 18:00:00+00:00,ETH,-7.495715119324863e-06,return_1h_ahead,hourly_ridge_coldstart_v1
2026-01-08 19:00:00+00:00,ETH,-0.000310592749234,return_1h_ahead,hourly_ridge_coldstart_v1
2026-01-08 20:00:00+00:00,ETH,-0.0003896381479045,return_1h_ahead,hourly_ridge_coldstart_v1
2026-01-08 21:00:00+00:00,ETH,-3.0164622882163496e-05,return_1h_ahead,hourly_ridge_coldstart_v1
2026-01-08 22:00:00+00:00,ETH,-4.214791284044047e-05,return_1h_ahead,hourly_ridge_coldstart_v1
2026-01-08 23:00:00+00:00,ETH,-7.523679072605084e-05,return_1h_ahead,hourly_ridge_coldstart_v1
2026-01-09 01:00:00+00:00,ETH,-0.0005241778817288,return_1h_ahead,hourly_ridge_coldstart_v1
2026-01-09 03:00:00+00:00,ETH,-0.0002615808612186,return_1h_ahead,hourly_ridge_coldstart_v1
2026-01-09 04:00:00+00:00,ETH,-0.0003412860828872,return_1h_ahead,hourly_ridge_coldstart_v1
2026-01-09 05:00:00+00:00,ETH,-0.00027329755878,return_1h_ahead,hourly_ridge_coldstart_v1
2026-01-09 06:00:00+00:00,ETH,-0.0001504126449773,return_1h_ahead,hourly_ridge_coldstart_v1
2026-01-09 07:00:00+00:00,ETH,-0.000213511686906,return_1h_ahead,hourly_ridge_coldstart_v1
2026-01-09 08:00:00+00:00,ETH,0.0001078696181846,return_1h_ahead,hourly_ridge_coldstart_v1
2026-01-09 09:00:00+00:00,ETH,0.0002943479368489,return_1h_ahead,hourly_ridge_coldstart_v1
2026-01-09 10:00:00+00:00,ETH,0.0003875076889618,return_1h_ahead,hourly_ridge_coldstart_v1
2026-01-09 11:00:00+00:00,ETH,0.0004098747130809,return_1h_ahead,hourly_ridge_coldstart_v1
2026-01-09 12:00:00+00:00,ETH,0.0001389226346211,return_1h_ahead,hourly_ridge_coldstart_v1
2026-01-09 13:00:00+00:00,ETH,7.471356586942574e-05,return_1h_ahead,hourly_ridge_coldstart_v1
2026-01-09 14:00:00+00:00,ETH,-0.0003971819072274,return_1h_ahead,hourly_ridge_coldstart_v1
2026-01-09 15:00:00+00:00,ETH,-0.0001451762924083,return_1h_ahead,hourly_ridge_coldstart_v1
2026-01-09 16:00:00+00:00,ETH,-0.00028819367499,return_1h_ahead,hourly_ridge_coldstart_v1
2026-01-09 17:00:00+00:00,ETH,-0.0008806301527123,return_1h_ahead,hourly_ridge_coldstart_v1
2026-01-09 18:00:00+00:00,ETH,-0.0013495922950547,return_1h_ahead,hourly_ridge_coldstart_v1
2026-01-09 19:00:00+00:00,ETH,-0.0008747678460736,return_1h_ahead,hourly_ridge_coldstart_v1
2026-01-09 20:00:00+00:00,ETH,-0.0007538689094228,return_1h_ahead,hourly_ridge_coldstart_v1
2026-01-09 21:00:00+00:00,ETH,-0.0008098667551781,return_1h_ahead,hourly_ridge_coldstart_v1
2026-01-09 22:00:00+00:00,ETH,-0.0001899073569992,return_1h_ahead,hourly_ridge_coldstart_v1
2026-01-09 23:00:00+00:00,ETH,-0.0001569652473131,return_1h_ahead,hourly_ridge_coldstart_v1
2026-01-10 01:00:00+00:00,ETH,0.0005518901721664,return_1h_ahead,hourly_ridge_coldstart_v1
2026-01-10 03:00:00+00:00,ETH,0.0004648789500912,return_1h_ahead,hourly_ridge_coldstart_v1
2026-01-10 04:00:00+00:00,ETH,0.000530524848985,return_1h_ahead,hourly_ridge_coldstart_v1
2026-01-10 05:00:00+00:00,ETH,0.0005613715233788,return_1h_ahead,hourly_ridge_coldstart_v1
2026-01-10 06:00:00+00:00,ETH,0.0006034815841629,return_1h_ahead,hourly_ridge_coldstart_v1
2026-01-10 07:00:00+00:00,ETH,0.0006969724207164,return_1h_ahead,hourly_ridge_coldstart_v1
2026-01-10 08:00:00+00:00,ETH,0.0006520922539007,return_1h_ahead,hourly_ridge_coldstart_v1
2026-01-10 09:00:00+00:00,ETH,0.0007220716765026,return_1h_ahead,hourly_ridge_coldstart_v1
2026-01-10 10:00:00+00:00,ETH,0.0007116489956819,return_1h_ahead,hourly_ridge_coldstart_v1
2026-01-10 11:00:00+00:00,ETH,0.000675162980621,return_1h_ahead,hourly_ridge_coldstart_v1
2026-01-10 12:00:00+00:00,ETH,0.0005433289722321,return_1h_ahead,hourly_ridge_coldstart_v1
2026-01-10 13:00:00+00:00,ETH,0.0005812210652511,return_1h_ahead,hourly_ridge_coldstart_v1
2026-01-10 14:00:00+00:00,ETH,0.0005234359916784,return_1h_ahead,hourly_ridge_coldstart_v1
2026-01-10 15:00:00+00:00,ETH,0.0005654949653353,return_1h_ahead,hourly_ridge_coldstart_v1
2026-01-10 16:00:00+00:00,ETH,0.0007018744546679,return_1h_ahead,hourly_ridge_coldstart_v1
2026-01-10 17:00:00+00:00,ETH,0.0007054349342426,return_1h_ahead,hourly_ridge_coldstart_v1
2026-01-10 18:00:00+00:00,ETH,0.0005747036761211,return_1h_ahead,hourly_ridge_coldstart_v1
2026-01-10 19:00:00+00:00,ETH,0.0006253474569843,return_1h_ahead,hourly_ridge_coldstart_v1
2026-01-10 20:00:00+00:00,ETH,0.0006326685498387,return_1h_ahead,hourly_ridge_coldstart_v1
2026-01-10 21:00:00+00:00,ETH,0.0005930555364505,return_1h_ahead,hourly_ridge_coldstart_v1
2026-01-10 22:00:00+00:00,ETH,0.0005064179077181,return_1h_ahead,hourly_ridge_coldstart_v1
2026-01-10 23:00:00+00:00,ETH,0.0006305753613464,return_1h_ahead,hourly_ridge_coldstart_v1
2026-01-11 01:00:00+00:00,ETH,0.0005310106749625,return_1h_ahead,hourly_ridge_coldstart_v1
2026-01-11 03:00:00+00:00,ETH,0.0004519674403838,return_1h_ahead,hourly_ridge_coldstart_v1
2026-01-11 04:00:00+00:00,ETH,0.0004140633172405,return_1h_ahead,hourly_ridge_coldstart_v1
2026-01-11 05:00:00+00:00,ETH,0.0004610469714462,return_1h_ahead,hourly_ridge_coldstart_v1
2026-01-11 06:00:00+00:00,ETH,0.0005061096042725,return_1h_ahead,hourly_ridge_coldstart_v1
2026-01-11 07:00:00+00:00,ETH,0.000555938870773,return_1h_ahead,hourly_ridge_coldstart_v1
2026-01-11 08:00:00+00:00,ETH,0.0007423067921802,return_1h_ahead,hourly_ridge_coldstart_v1
2026-01-11 09:00:00+00:00,ETH,0.000696224916015,return_1h_ahead,hourly_ridge_coldstart_v1
2026-01-11 10:00:00+00:00,ETH,0.0006710811048537,return_1h_ahead,hourly_ridge_coldstart_v1
2026-01-11 11:00:00+00:00,ETH,0.0005588764414417,return_1h_ahead,hourly_ridge_coldstart_v1
2026-01-11 12:00:00+00:00,ETH,0.0006669952254939,return_1h_ahead,hourly_ridge_coldstart_v1
2026-01-11 13:00:00+00:00,ETH,0.0006290591075481,return_1h_ahead,hourly_ridge_coldstart_v1
2026-01-11 14:00:00+00:00,ETH,0.0006202935856822,return_1h_ahead,hourly_ridge_coldstart_v1
2026-01-11 15:00:00+00:00,ETH,0.000661052872643,return_1h_ahead,hourly_ridge_coldstart_v1
2026-01-11 16:00:00+00:00,ETH,0.0005236413530967,return_1h_ahead,hourly_ridge_coldstart_v1
2026-01-11 17:00:00+00:00,ETH,0.0006450419661236,return_1h_ahead,hourly_ridge_coldstart_v1
2026-01-11 18:00:00+00:00,ETH,0.0004485352949099,return_1h_ahead,hourly_ridge_coldstart_v1
2026-01-11 19:00:00+00:00,ETH,0.0005324848970283,return_1h_ahead,hourly_ridge_coldstart_v1
2026-01-11 20:00:00+00:00,ETH,-0.0003791346251488,return_1h_ahead,hourly_ridge_coldstart_v1
2026-01-11 21:00:00+00:00,ETH,-4.382622800189396e-05,return_1h_ahead,hourly_ridge_coldstart_v1
2026-01-11 22:00:00+00:00,ETH,-0.000180349914347,return_1h_ahead,hourly_ridge_coldstart_v1
2026-01-11 23:00:00+00:00,ETH,-4.425760200572388e-05,return_1h_ahead,hourly_ridge_coldstart_v1
2026-01-12 01:00:00+00:00,ETH,-9.092134389800582e-05,return_1h_ahead,hourly_ridge_coldstart_v1
2026-01-12 03:00:00+00:00,ETH,-0.0002283450785777,return_1h_ahead,hourly_ridge_coldstart_v1
2026-01-12 04:00:00+00:00,ETH,9.640737905598684e-05,return_1h_ahead,hourly_ridge_coldstart_v1
2026-01-12 05:00:00+00:00,ETH,1.3508490931695271e-05,return_1h_ahead,hourly_ridge_coldstart_v1
2026-01-12 06:00:00+00:00,ETH,-0.0002021289725743,return_1h_ahead,hourly_ridge_coldstart_v1
2026-01-12 07:00:00+00:00,ETH,-0.0001542335786885,return_1h_ahead,hourly_ridge_coldstart_v1
2026-01-12 08:00:00+00:00,ETH,-0.0006723574218525,return_1h_ahead,hourly_ridge_coldstart_v1
2026-01-12 09:00:00+00:00,ETH,-8.000146405045286e-05,return_1h_ahead,hourly_ridge_coldstart_v1
2026-01-12 10:00:00+00:00,ETH,0.000148282345199,return_1h_ahead,hourly_ridge_coldstart_v1
2026-01-12 11:00:00+00:00,ETH,0.0002794901776614,return_1h_ahead,hourly_ridge_coldstart_v1
2026-01-12 12:00:00+00:00,ETH,0.0002024795356678,return_1h_ahead,hourly_ridge_coldstart_v1
2026-01-12 13:00:00+00:00,ETH,0.0001470775564044,return_1h_ahead,hourly_ridge_coldstart_v1
2026-01-12 14:00:00+00:00,ETH,-0.0007543090005913,return_1h_ahead,hourly_ridge_coldstart_v1
2026-01-12 15:00:00+00:00,ETH,-0.0007940736696155,return_1h_ahead,hourly_ridge_coldstart_v1
2026-01-12 16:00:00+00:00,ETH,-0.0011237563949428,return_1h_ahead,hourly_ridge_coldstart_v1
2026-01-12 17:00:00+00:00,ETH,-0.0014045080576533,return_1h_ahead,hourly_ridge_coldstart_v1
2026-01-12 18:00:00+00:00,ETH,-0.0014330721399542,return_1h_ahead,hourly_ridge_coldstart_v1
2026-01-12 19:00:00+00:00,ETH,-0.0013567307361681,return_1h_ahead,hourly_ridge_coldstart_v1
2026-01-12 20:00:00+00:00,ETH,-0.0007256207356502,return_1h_ahead,hourly_ridge_coldstart_v1
2026-01-12 21:00:00+00:00,ETH,-5.342358003269639e-05,return_1h_ahead,hourly_ridge_coldstart_v1
2026-01-12 22:00:00+00:00,ETH,0.0004226848505048,return_1h_ahead,hourly_ridge_coldstart_v1
2026-01-12 23:00:00+00:00,ETH,0.0002762453868662,return_1h_ahead,hourly_ridge_coldstart_v1
2026-01-13 01:00:00+00:00,ETH,0.0003779409733241,return_1h_ahead,hourly_ridge_coldstart_v1
2026-01-13 03:00:00+00:00,ETH,0.0001446375875237,return_1h_ahead,hourly_ridge_coldstart_v1
2026-01-13 04:00:00+00:00,ETH,-6.521292565952135e-05,return_1h_ahead,hourly_ridge_coldstart_v1
2026-01-13 05:00:00+00:00,ETH,2.396588087407705e-05,return_1h_ahead,hourly_ridge_coldstart_v1
2026-01-13 06:00:00+00:00,ETH,-0.0004807230368109,return_1h_ahead,hourly_ridge_coldstart_v1
2026-01-13 07:00:00+00:00,ETH,-0.0002972555293043,return_1h_ahead,hourly_ridge_coldstart_v1
2026-01-13 08:00:00+00:00,ETH,-0.0003016307149775,return_1h_ahead,hourly_ridge_coldstart_v1
2026-01-13 09:00:00+00:00,ETH,-6.20049102368117e-05,return_1h_ahead,hourly_ridge_coldstart_v1
2026-01-13 10:00:00+00:00,ETH,-0.0003253566531129,return_1h_ahead,hourly_ridge_coldstart_v1
2026-01-13 11:00:00+00:00,ETH,0.0001508955020237,return_1h_ahead,hourly_ridge_coldstart_v1
2026-01-13 12:00:00+00:00,ETH,0.0002526943728655,return_1h_ahead,hourly_ridge_coldstart_v1
2026-01-13 13:00:00+00:00,ETH,0.0003201986486755,return_1h_ahead,hourly_ridge_coldstart_v1
2026-01-13 14:00:00+00:00,ETH,0.0003466448033727,return_1h_ahead,hourly_ridge_coldstart_v1
2026-01-13 15:00:00+00:00,ETH,0.0003155983565944,return_1h_ahead,hourly_ridge_coldstart_v1
2026-01-13 16:00:00+00:00,ETH,2.018244143903896e-05,return_1h_ahead,hourly_ridge_coldstart_v1
2026-01-13 17:00:00+00:00,ETH,-0.0002689631702154,return_1h_ahead,hourly_ridge_coldstart_v1
2026-01-13 18:00:00+00:00,ETH,-0.0001657059461067,return_1h_ahead,hourly_ridge_coldstart_v1
2026-01-13 19:00:00+00:00,ETH,-0.0002742665978078,return_1h_ahead,hourly_ridge_coldstart_v1
2026-01-13 20:00:00+00:00,ETH,-0.0001387490343552,return_1h_ahead,hourly_ridge_coldstart_v1
2026-01-13 21:00:00+00:00,ETH,-0.0002958818518188,return_1h_ahead,hourly_ridge_coldstart_v1
2026-01-13 22:00:00+00:00,ETH,-0.0014745286317122,return_1h_ahead,hourly_ridge_coldstart_v1
2026-01-13 23:00:00+00:00,ETH,-0.0025687478575319,return_1h_ahead,hourly_ridge_coldstart_v1
2026-01-14 01:00:00+00:00,ETH,-0.0027920126182915,return_1h_ahead,hourly_ridge_coldstart_v1
2026-01-14 03:00:00+00:00,ETH,-0.0026195733681502,return_1h_ahead,hourly_ridge_coldstart_v1
2026-01-14 04:00:00+00:00,ETH,-0.0027703444349127,return_1h_ahead,hourly_ridge_coldstart_v1
2026-01-14 05:00:00+00:00,ETH,-0.0029161233213812,return_1h_ahead,hourly_ridge_coldstart_v1
2026-01-14 06:00:00+00:00,ETH,0.0003271676988986,return_1h_ahead,hourly_ridge_coldstart_v1
2026-01-14 07:00:00+00:00,ETH,0.000387980992025,return_1h_ahead,hourly_ridge_coldstart_v1
2026-01-14 08:00:00+00:00,ETH,0.0003135577730161,return_1h_ahead,hourly_ridge_coldstart_v1
2026-01-14 09:00:00+00:00,ETH,0.0003273092481371,return_1h_ahead,hourly_ridge_coldstart_v1
2026-01-14 10:00:00+00:00,ETH,-6.523231890817046e-05,return_1h_ahead,hourly_ridge_coldstart_v1
2026-01-14 11:00:00+00:00,ETH,-0.0001450639105842,return_1h_ahead,hourly_ridge_coldstart_v1
2026-01-14 12:00:00+00:00,ETH,9.152184755763324e-06,return_1h_ahead,hourly_ridge_coldstart_v1
2026-01-14 13:00:00+00:00,ETH,0.0001547392611254,return_1h_ahead,hourly_ridge_coldstart_v1
2026-01-14 14:00:00+00:00,ETH,-8.066259581972972e-05,return_1h_ahead,hourly_ridge_coldstart_v1
2026-01-14 15:00:00+00:00,ETH,-0.0003659270161985,return_1h_ahead,hourly_ridge_coldstart_v1
2026-01-14 16:00:00+00:00,ETH,-0.0002616075574012,return_1h_ahead,hourly_ridge_coldstart_v1
2026-01-14 17:00:00+00:00,ETH,-0.0001463110422854,return_1h_ahead,hourly_ridge_coldstart_v1
2026-01-14 18:00:00+00:00,ETH,-0.0011300732526906,return_1h_ahead,hourly_ridge_coldstart_v1
2026-01-14 19:00:00+00:00,ETH,-0.0007250805675814,return_1h_ahead,hourly_ridge_coldstart_v1
2026-01-14 20:00:00+00:00,ETH,-0.0006066348676129,return_1h_ahead,hourly_ridge_coldstart_v1
2026-01-14 21:00:00+00:00,ETH,-0.0006332898061341,return_1h_ahead,hourly_ridge_coldstart_v1
2026-01-14 22:00:00+00:00,ETH,-0.0005566584510058,return_1h_ahead,hourly_ridge_coldstart_v1
2026-01-14 23:00:00+00:00,ETH,-0.0005355498243402,return_1h_ahead,hourly_ridge_coldstart_v1
2026-01-15 01:00:00+00:00,ETH,-0.0009532168018786,return_1h_ahead,hourly_ridge_coldstart_v1
2026-01-15 03:00:00+00:00,ETH,-0.0014250331424133,return_1h_ahead,hourly_ridge_coldstart_v1
2026-01-15 04:00:00+00:00,ETH,-0.000709670631683,return_1h_ahead,hourly_ridge_coldstart_v1
2026-01-15 05:00:00+00:00,ETH,-0.0008944205314118,return_1h_ahead,hourly_ridge_coldstart_v1
2026-01-15 06:00:00+00:00,ETH,-0.0009668079542083,return_1h_ahead,hourly_ridge_coldstart_v1
2026-01-15 07:00:00+00:00,ETH,-0.0010384863771241,return_1h_ahead,hourly_ridge_coldstart_v1
2026-01-15 08:00:00+00:00,ETH,-0.0008423476946246,return_1h_ahead,hourly_ridge_coldstart_v1
2026-01-15 09:00:00+00:00,ETH,0.000404265456392,return_1h_ahead,hourly_ridge_coldstart_v1
2026-01-15 10:00:00+00:00,ETH,0.00028325948037,return_1h_ahead,hourly_ridge_coldstart_v1
2026-01-15 11:00:00+00:00,ETH,-0.000492457509803,return_1h_ahead,hourly_ridge_coldstart_v1
2026-01-15 12:00:00+00:00,ETH,-0.0003794523821669,return_1h_ahead,hourly_ridge_coldstart_v1
2026-01-15 13:00:00+00:00,ETH,-0.000302576580658,return_1h_ahead,hourly_ridge_coldstart_v1
2026-01-15 14:00:00+00:00,ETH,-0.000241715117868,return_1h_ahead,hourly_ridge_coldstart_v1
2026-01-15 15:00:00+00:00,ETH,-0.0009792605447968,return_1h_ahead,hourly_ridge_coldstart_v1
2026-01-15 16:00:00+00:00,ETH,-0.0004852005923226,return_1h_ahead,hourly_ridge_coldstart_v1
2026-01-15 17:00:00+00:00,ETH,-0.0002861017404232,return_1h_ahead,hourly_ridge_coldstart_v1
2026-01-15 18:00:00+00:00,ETH,-0.0008122463165798,return_1h_ahead,hourly_ridge_coldstart_v1
2026-01-15 19:00:00+00:00,ETH,-0.0004771385947869,return_1h_ahead,hourly_ridge_coldstart_v1
2026-01-15 20:00:00+00:00,ETH,-0.000332764047272,return_1h_ahead,hourly_ridge_coldstart_v1
2026-01-15 21:00:00+00:00,ETH,-0.0001453298205164,return_1h_ahead,hourly_ridge_coldstart_v1
2026-01-15 22:00:00+00:00,ETH,-6.354212722101636e-05,return_1h_ahead,hourly_ridge_coldstart_v1
2026-01-15 23:00:00+00:00,ETH,-6.120698445078652e-05,return_1h_ahead,hourly_ridge_coldstart_v1
2026-01-16 01:00:00+00:00,ETH,0.0004050522263358,return_1h_ahead,hourly_ridge_coldstart_v1
2026-01-16 03:00:00+00:00,ETH,1.73858704127927e-05,return_1h_ahead,hourly_ridge_coldstart_v1
2026-01-16 04:00:00+00:00,ETH,-0.0001352363180705,return_1h_ahead,hourly_ridge_coldstart_v1
2026-01-16 05:00:00+00:00,ETH,5.2554038378269975e-05,return_1h_ahead,hourly_ridge_coldstart_v1
2026-01-16 06:00:00+00:00,ETH,-4.40492561489046e-06,return_1h_ahead,hourly_ridge_coldstart_v1
2026-01-16 07:00:00+00:00,ETH,-7.738391843708256e-05,return_1h_ahead,hourly_ridge_coldstart_v1
2026-01-16 08:00:00+00:00,ETH,-8.924883988835819e-05,return_1h_ahead,hourly_ridge_coldstart_v1
2026-01-16 09:00:00+00:00,ETH,-8.217869440312671e-05,return_1h_ahead,hourly_ridge_coldstart_v1
2026-01-16 10:00:00+00:00,ETH,0.0001319103977187,return_1h_ahead,hourly_ridge_coldstart_v1
2026-01-16 11:00:00+00:00,ETH,6.872665613579472e-05,return_1h_ahead,hourly_ridge_coldstart_v1
2026-01-16 12:00:00+00:00,ETH,0.0004035321513541,return_1h_ahead,hourly_ridge_coldstart_v1
2026-01-16 13:00:00+00:00,ETH,0.0001868925278867,return_1h_ahead,hourly_ridge_coldstart_v1
2026-01-16 14:00:00+00:00,ETH,0.0002860978076711,return_1h_ahead,hourly_ridge_coldstart_v1
2026-01-16 15:00:00+00:00,ETH,8.26246549392098e-05,return_1h_ahead,hourly_ridge_coldstart_v1
2026-01-16 16:00:00+00:00,ETH,1.949100298279387e-05,return_1h_ahead,hourly_ridge_coldstart_v1
2026-01-16 17:00:00+00:00,ETH,7.916066031959137e-05,return_1h_ahead,hourly_ridge_coldstart_v1
2026-01-16 18:00:00+00:00,ETH,0.0003223480662291,return_1h_ahead,hourly_ridge_coldstart_v1
2026-01-16 19:00:00+00:00,ETH,4.572209907769944e-05,return_1h_ahead,hourly_ridge_coldstart_v1
2026-01-16 20:00:00+00:00,ETH,0.0001649933450481,return_1h_ahead,hourly_ridge_coldstart_v1
2026-01-16 21:00:00+00:00,ETH,0.0001402544040024,return_1h_ahead,hourly_ridge_coldstart_v1
2026-01-16 22:00:00+00:00,ETH,0.0001237207777839,return_1h_ahead,hourly_ridge_coldstart_v1
2026-01-16 23:00:00+00:00,ETH,0.000250987238853,return_1h_ahead,hourly_ridge_coldstart_v1
2026-01-17 01:00:00+00:00,ETH,0.0001080481439567,return_1h_ahead,hourly_ridge_coldstart_v1
2026-01-17 03:00:00+00:00,ETH,0.0003998415922059,return_1h_ahead,hourly_ridge_coldstart_v1
2026-01-17 04:00:00+00:00,ETH,0.0003334156432998,return_1h_ahead,hourly_ridge_coldstart_v1
2026-01-17 05:00:00+00:00,ETH,0.0005445495347658,return_1h_ahead,hourly_ridge_coldstart_v1
2026-01-17 06:00:00+00:00,ETH,0.0004946482186416,return_1h_ahead,hourly_ridge_coldstart_v1
2026-01-17 07:00:00+00:00,ETH,0.0006345451485385,return_1h_ahead,hourly_ridge_coldstart_v1
2026-01-17 08:00:00+00:00,ETH,0.0007109928973959,return_1h_ahead,hourly_ridge_coldstart_v1
2026-01-17 09:00:00+00:00,ETH,0.0006901057107088,return_1h_ahead,hourly_ridge_coldstart_v1
2026-01-17 10:00:00+00:00,ETH,0.0007510456896917,return_1h_ahead,hourly_ridge_coldstart_v1
2026-01-17 11:00:00+00:00,ETH,0.000678611515422,return_1h_ahead,hourly_ridge_coldstart_v1
2026-01-17 12:00:00+00:00,ETH,0.000761925143152,return_1h_ahead,hourly_ridge_coldstart_v1
2026-01-17 13:00:00+00:00,ETH,0.0007257973624124,return_1h_ahead,hourly_ridge_coldstart_v1
2026-01-17 14:00:00+00:00,ETH,0.0007472430167094,return_1h_ahead,hourly_ridge_coldstart_v1
2026-01-17 15:00:00+00:00,ETH,0.0007080716116467,return_1h_ahead,hourly_ridge_coldstart_v1
2026-01-17 16:00:00+00:00,ETH,0.0006717093949328,return_1h_ahead,hourly_ridge_coldstart_v1
2026-01-17 17:00:00+00:00,ETH,0.0006885566749831,return_1h_ahead,hourly_ridge_coldstart_v1
2026-01-17 18:00:00+00:00,ETH,0.0005178022398569,return_1h_ahead,hourly_ridge_coldstart_v1
2026-01-17 19:00:00+00:00,ETH,0.0005047308263868,return_1h_ahead,hourly_ridge_coldstart_v1
2026-01-17 20:00:00+00:00,ETH,0.0005442074642872,return_1h_ahead,hourly_ridge_coldstart_v1
2026-01-17 21:00:00+00:00,ETH,0.0006045917979673,return_1h_ahead,hourly_ridge_coldstart_v1
2026-01-17 22:00:00+00:00,ETH,0.0006720538962333,return_1h_ahead,hourly_ridge_coldstart_v1
2026-01-17 23:00:00+00:00,ETH,0.0007195953718573,return_1h_ahead,hourly_ridge_coldstart_v1
2026-01-18 01:00:00+00:00,ETH,0.0006430966850786,return_1h_ahead,hourly_ridge_coldstart_v1
2026-01-18 03:00:00+00:00,ETH,0.0004448937917461,return_1h_ahead,hourly_ridge_coldstart_v1
2026-01-18 04:00:00+00:00,ETH,0.0002457369545373,return_1h_ahead,hourly_ridge_coldstart_v1
2026-01-18 05:00:00+00:00,ETH,0.0003083972957193,return_1h_ahead,hourly_ridge_coldstart_v1
2026-01-18 06:00:00+00:00,ETH,0.0002809989548543,return_1h_ahead,hourly_ridge_coldstart_v1
2026-01-18 07:00:00+00:00,ETH,0.0002325860925651,return_1h_ahead,hourly_ridge_coldstart_v1
2026-01-18 08:00:00+00:00,ETH,0.0003553013385777,return_1h_ahead,hourly_ridge_coldstart_v1
2026-01-18 09:00:00+00:00,ETH,0.0005814467401018,return_1h_ahead,hourly_ridge_coldstart_v1
2026-01-18 10:00:00+00:00,ETH,0.0005571564881816,return_1h_ahead,hourly_ridge_coldstart_v1
2026-01-18 11:00:00+00:00,ETH,0.0005445047333984,return_1h_ahead,hourly_ridge_coldstart_v1
2026-01-18 12:00:00+00:00,ETH,0.0005838427830303,return_1h_ahead,hourly_ridge_coldstart_v1
2026-01-18 13:00:00+00:00,ETH,0.000362156625041,return_1h_ahead,hourly_ridge_coldstart_v1
2026-01-18 14:00:00+00:00,ETH,0.0002974390906362,return_1h_ahead,hourly_ridge_coldstart_v1
2026-01-18 15:00:00+00:00,ETH,-0.000165437070274,return_1h_ahead,hourly_ridge_coldstart_v1
2026-01-18 16:00:00+00:00,ETH,-5.981010082510628e-07,return_1h_ahead,hourly_ridge_coldstart_v1
2026-01-18 17:00:00+00:00,ETH,-0.0001171860504628,return_1h_ahead,hourly_ridge_coldstart_v1
2026-01-18 18:00:00+00:00,ETH,-2.038531371405689e-05,return_1h_ahead,hourly_ridge_coldstart_v1
2026-01-18 19:00:00+00:00,ETH,7.874397675166158e-05,return_1h_ahead,hourly_ridge_coldstart_v1
2026-01-18 20:00:00+00:00,ETH,7.658861025276943e-05,return_1h_ahead,hourly_ridge_coldstart_v1
2026-01-18 21:00:00+00:00,ETH,0.0001150680856706,return_1h_ahead,hourly_ridge_coldstart_v1
2026-01-18 22:00:00+00:00,ETH,0.0002664834299763,return_1h_ahead,hourly_ridge_coldstart_v1
2026-01-18 23:00:00+00:00,ETH,-0.0001848197115554,return_1h_ahead,hourly_ridge_coldstart_v1
2026-01-19 01:00:00+00:00,ETH,-0.0044438777375189,return_1h_ahead,hourly_ridge_coldstart_v1
2026-01-19 03:00:00+00:00,ETH,-0.0030519296246089,return_1h_ahead,hourly_ridge_coldstart_v1
2026-01-19 04:00:00+00:00,ETH,-0.0031747447407881,return_1h_ahead,hourly_ridge_coldstart_v1
2026-01-19 05:00:00+00:00,ETH,-0.0033207986892505,return_1h_ahead,hourly_ridge_coldstart_v1
2026-01-19 06:00:00+00:00,ETH,-0.0032064351504736,return_1h_ahead,hourly_ridge_coldstart_v1
2026-01-19 07:00:00+00:00,ETH,-0.0031511985762883,return_1h_ahead,hourly_ridge_coldstart_v1
2026-01-19 08:00:00+00:00,ETH,0.0002512971627533,return_1h_ahead,hourly_ridge_coldstart_v1
2026-01-19 09:00:00+00:00,ETH,0.0002203559445261,return_1h_ahead,hourly_ridge_coldstart_v1
2026-01-19 10:00:00+00:00,ETH,0.0002702770846218,return_1h_ahead,hourly_ridge_coldstart_v1
2026-01-19 11:00:00+00:00,ETH,0.0003827323888991,return_1h_ahead,hourly_ridge_coldstart_v1
2026-01-19 12:00:00+00:00,ETH,0.000648583263009,return_1h_ahead,hourly_ridge_coldstart_v1
2026-01-19 13:00:00+00:00,ETH,0.0003335208527244,return_1h_ahead,hourly_ridge_coldstart_v1
2026-01-19 14:00:00+00:00,ETH,0.0001868905126556,return_1h_ahead,hourly_ridge_coldstart_v1
2026-01-19 15:00:00+00:00,ETH,0.0003227235269651,return_1h_ahead,hourly_ridge_coldstart_v1
2026-01-19 16:00:00+00:00,ETH,0.0002776056264701,return_1h_ahead,hourly_ridge_coldstart_v1
2026-01-19 17:00:00+00:00,ETH,0.0002829747127034,return_1h_ahead,hourly_ridge_coldstart_v1
2026-01-19 18:00:00+00:00,ETH,0.000189831626643,return_1h_ahead,hourly_ridge_coldstart_v1
2026-01-19 19:00:00+00:00,ETH,0.0002751312798616,return_1h_ahead,hourly_ridge_coldstart_v1
2026-01-19 20:00:00+00:00,ETH,0.0002298654070698,return_1h_ahead,hourly_ridge_coldstart_v1
2026-01-19 21:00:00+00:00,ETH,0.0001770840687437,return_1h_ahead,hourly_ridge_coldstart_v1
2026-01-19 22:00:00+00:00,ETH,0.0001810839573471,return_1h_ahead,hourly_ridge_coldstart_v1
2026-01-19 23:00:00+00:00,ETH,-0.0006207552120181,return_1h_ahead,hourly_ridge_coldstart_v1
2026-01-20 01:00:00+00:00,ETH,-0.0003394312212957,return_1h_ahead,hourly_ridge_coldstart_v1
2026-01-20 03:00:00+00:00,ETH,-0.0004008230919129,return_1h_ahead,hourly_ridge_coldstart_v1
2026-01-20 04:00:00+00:00,ETH,-0.0004176374612378,return_1h_ahead,hourly_ridge_coldstart_v1
2026-01-20 05:00:00+00:00,ETH,-0.0005797171681307,return_1h_ahead,hourly_ridge_coldstart_v1
2026-01-20 06:00:00+00:00,ETH,-0.0010814437373459,return_1h_ahead,hourly_ridge_coldstart_v1
2026-01-20 07:00:00+00:00,ETH,-0.0005840512704076,return_1h_ahead,hourly_ridge_coldstart_v1
2026-01-20 08:00:00+00:00,ETH,-0.0002289023011189,return_1h_ahead,hourly_ridge_coldstart_v1
2026-01-20 09:00:00+00:00,ETH,-0.0001502682648135,return_1h_ahead,hourly_ridge_coldstart_v1
2026-01-20 10:00:00+00:00,ETH,-0.000207683567359,return_1h_ahead,hourly_ridge_coldstart_v1
2026-01-20 11:00:00+00:00,ETH,-0.0003805671350478,return_1h_ahead,hourly_ridge_coldstart_v1
2026-01-20 12:00:00+00:00,ETH,9.57142025062057e-05,return_1h_ahead,hourly_ridge_coldstart_v1
2026-01-20 13:00:00+00:00,ETH,-0.0003315076882061,return_1h_ahead,hourly_ridge_coldstart_v1
2026-01-20 14:00:00+00:00,ETH,-0.0003155501531383,return_1h_ahead,hourly_ridge_coldstart_v1
2026-01-20 15:00:00+00:00,ETH,-0.0011209842968705,return_1h_ahead,hourly_ridge_coldstart_v1
2026-01-20 16:00:00+00:00,ETH,-0.000560203908661,return_1h_ahead,hourly_ridge_coldstart_v1
2026-01-20 17:00:00+00:00,ETH,-0.0004586270898586,return_1h_ahead,hourly_ridge_coldstart_v1
2026-01-20 18:00:00+00:00,ETH,-0.0001968188977478,return_1h_ahead,hourly_ridge_coldstart_v1
2026-01-20 20:00:00+00:00,ETH,-0.0002710976782177,return_1h_ahead,hourly_ridge_coldstart_v1
2026-01-20 21:00:00+00:00,ETH,-0.0003748080418793,return_1h_ahead,hourly_ridge_coldstart_v1
2026-01-20 22:00:00+00:00,ETH,0.0001511588773795,return_1h_ahead,hourly_ridge_coldstart_v1
2026-01-20 23:00:00+00:00,ETH,-0.001715188475452,return_1h_ahead,hourly_ridge_coldstart_v1
2026-01-21 01:00:00+00:00,ETH,-0.0012878662410769,return_1h_ahead,hourly_ridge_coldstart_v1
2026-01-21 03:00:00+00:00,ETH,-0.001599877661697,return_1h_ahead,hourly_ridge_coldstart_v1
2026-01-21 04:00:00+00:00,ETH,-0.0016476957003934,return_1h_ahead,hourly_ridge_coldstart_v1
2026-01-21 05:00:00+00:00,ETH,-0.0016672942982088,return_1h_ahead,hourly_ridge_coldstart_v1
2026-01-21 06:00:00+00:00,ETH,-0.0016343366536559,return_1h_ahead,hourly_ridge_coldstart_v1
2026-01-21 07:00:00+00:00,ETH,-0.0003235193479725,return_1h_ahead,hourly_ridge_coldstart_v1
2026-01-21 08:00:00+00:00,ETH,0.0001205913085419,return_1h_ahead,hourly_ridge_coldstart_v1
2026-01-21 09:00:00+00:00,ETH,0.0003741858015632,return_1h_ahead,hourly_ridge_coldstart_v1
2026-01-21 10:00:00+00:00,ETH,0.0002622128779314,return_1h_ahead,hourly_ridge_coldstart_v1
2026-01-21 11:00:00+00:00,ETH,0.0003341103444248,return_1h_ahead,hourly_ridge_coldstart_v1
2026-01-21 12:00:00+00:00,ETH,-0.0012539022366446,return_1h_ahead,hourly_ridge_coldstart_v1
2026-01-21 13:00:00+00:00,ETH,-0.0007711630124229,return_1h_ahead,hourly_ridge_coldstart_v1
2026-01-21 14:00:00+00:00,ETH,-0.0011711116399135,return_1h_ahead,hourly_ridge_coldstart_v1
2026-01-21 15:00:00+00:00,ETH,-0.00156165412041,return_1h_ahead,hourly_ridge_coldstart_v1
2026-01-21 16:00:00+00:00,ETH,-0.0044968739854096,return_1h_ahead,hourly_ridge_coldstart_v1
2026-01-21 17:00:00+00:00,ETH,-0.0033863731634851,return_1h_ahead,hourly_ridge_coldstart_v1
2026-01-21 18:00:00+00:00,ETH,-0.0031408701287913,return_1h_ahead,hourly_ridge_coldstart_v1
2026-01-21 19:00:00+00:00,ETH,-0.003048522009834,return_1h_ahead,hourly_ridge_coldstart_v1
2026-01-21 20:00:00+00:00,ETH,-0.0029951927445119,return_1h_ahead,hourly_ridge_coldstart_v1
2026-01-21 21:00:00+00:00,ETH,-0.0036076929642101,return_1h_ahead,hourly_ridge_coldstart_v1
2026-01-21 22:00:00+00:00,ETH,-0.0015303975906342,return_1h_ahead,hourly_ridge_coldstart_v1
2026-01-21 23:00:00+00:00,ETH,-0.0019924096459617,return_1h_ahead,hourly_ridge_coldstart_v1
2026-01-22 01:00:00+00:00,ETH,-0.0017187047150212,return_1h_ahead,hourly_ridge_coldstart_v1
2026-01-22 03:00:00+00:00,ETH,-0.0019738988314869,return_1h_ahead,hourly_ridge_coldstart_v1
2026-01-22 04:00:00+00:00,ETH,-0.0001248790352691,return_1h_ahead,hourly_ridge_coldstart_v1
2026-01-22 05:00:00+00:00,ETH,0.0001333617937977,return_1h_ahead,hourly_ridge_coldstart_v1
2026-01-22 06:00:00+00:00,ETH,5.6666224012953535e-05,return_1h_ahead,hourly_ridge_coldstart_v1
2026-01-22 07:00:00+00:00,ETH,0.0002828980864868,return_1h_ahead,hourly_ridge_coldstart_v1
2026-01-22 08:00:00+00:00,ETH,0.0002082438546823,return_1h_ahead,hourly_ridge_coldstart_v1
2026-01-22 09:00:00+00:00,ETH,0.0002598323132212,return_1h_ahead,hourly_ridge_coldstart_v1
2026-01-22 10:00:00+00:00,ETH,0.0001637539585621,return_1h_ahead,hourly_ridge_coldstart_v1
2026-01-22 11:00:00+00:00,ETH,3.2252193001782445e-05,return_1h_ahead,hourly_ridge_coldstart_v1
2026-01-22 12:00:00+00:00,ETH,7.905947629116902e-05,return_1h_ahead,hourly_ridge_coldstart_v1
2026-01-22 13:00:00+00:00,ETH,-0.0002668131295062,return_1h_ahead,hourly_ridge_coldstart_v1
2026-01-22 14:00:00+00:00,ETH,-2.0327829766974583e-05,return_1h_ahead,hourly_ridge_coldstart_v1
2026-01-22 15:00:00+00:00,ETH,-0.0017100532137482,return_1h_ahead,hourly_ridge_coldstart_v1
2026-01-22 16:00:00+00:00,ETH,-0.0011983864278852,return_1h_ahead,hourly_ridge_coldstart_v1
2026-01-22 17:00:00+00:00,ETH,-0.0014622375112473,return_1h_ahead,hourly_ridge_coldstart_v1
2026-01-22 18:00:00+00:00,ETH,-0.0015205825989398,return_1h_ahead,hourly_ridge_coldstart_v1
2026-01-22 19:00:00+00:00,ETH,-0.0020101131899126,return_1h_ahead,hourly_ridge_coldstart_v1
2026-01-22 20:00:00+00:00,ETH,-0.0017988516803784,return_1h_ahead,hourly_ridge_coldstart_v1
2026-01-22 21:00:00+00:00,ETH,-0.0004440279566171,return_1h_ahead,hourly_ridge_coldstart_v1
2026-01-22 22:00:00+00:00,ETH,-0.0003518376781324,return_1h_ahead,hourly_ridge_coldstart_v1
2026-01-22 23:00:00+00:00,ETH,-0.0003309482477189,return_1h_ahead,hourly_ridge_coldstart_v1
2026-01-23 01:00:00+00:00,ETH,8.544172420305092e-05,return_1h_ahead,hourly_ridge_coldstart_v1
2026-01-23 03:00:00+00:00,ETH,0.0003138894949723,return_1h_ahead,hourly_ridge_coldstart_v1
2026-01-23 04:00:00+00:00,ETH,0.0003850558932647,return_1h_ahead,hourly_ridge_coldstart_v1
2026-01-23 05:00:00+00:00,ETH,-0.0001223095691024,return_1h_ahead,hourly_ridge_coldstart_v1
2026-01-23 06:00:00+00:00,ETH,-0.0005056400892863,return_1h_ahead,hourly_ridge_coldstart_v1
2026-01-23 07:00:00+00:00,ETH,-0.0002883264650533,return_1h_ahead,hourly_ridge_coldstart_v1
2026-01-23 08:00:00+00:00,ETH,-0.0002632977034534,return_1h_ahead,hourly_ridge_coldstart_v1
2026-01-23 09:00:00+00:00,ETH,-0.0002635423455117,return_1h_ahead,hourly_ridge_coldstart_v1
2026-01-23 10:00:00+00:00,ETH,0.0002649110378903,return_1h_ahead,hourly_ridge_coldstart_v1
2026-01-23 11:00:00+00:00,ETH,0.0001380850231898,return_1h_ahead,hourly_ridge_coldstart_v1
2026-01-23 12:00:00+00:00,ETH,0.0002242816918101,return_1h_ahead,hourly_ridge_coldstart_v1
2026-01-23 13:00:00+00:00,ETH,0.0002535831154086,return_1h_ahead,hourly_ridge_coldstart_v1
2026-01-23 14:00:00+00:00,ETH,0.0003641765867513,return_1h_ahead,hourly_ridge_coldstart_v1
2026-01-23 15:00:00+00:00,ETH,0.0002953815894986,return_1h_ahead,hourly_ridge_coldstart_v1
2026-01-23 16:00:00+00:00,ETH,0.0003310657671756,return_1h_ahead,hourly_ridge_coldstart_v1
2026-01-23 17:00:00+00:00,ETH,1.2664954555770864e-05,return_1h_ahead,hourly_ridge_coldstart_v1
2026-01-23 18:00:00+00:00,ETH,-0.000111002355129,return_1h_ahead,hourly_ridge_coldstart_v1
2026-01-23 19:00:00+00:00,ETH,-0.001393000500365,return_1h_ahead,hourly_ridge_coldstart_v1
2026-01-23 20:00:00+00:00,ETH,-0.001350071970264,return_1h_ahead,hourly_ridge_coldstart_v1
2026-01-23 21:00:00+00:00,ETH,-0.0012296225858794,return_1h_ahead,hourly_ridge_coldstart_v1
2026-01-23 22:00:00+00:00,ETH,-0.0011294874976261,return_1h_ahead,hourly_ridge_coldstart_v1
2026-01-23 23:00:00+00:00,ETH,-0.0006764428001268,return_1h_ahead,hourly_ridge_coldstart_v1
2026-01-24 01:00:00+00:00,ETH,-0.000217247291409,return_1h_ahead,hourly_ridge_coldstart_v1
2026-01-24 03:00:00+00:00,ETH,0.0002859071278357,return_1h_ahead,hourly_ridge_coldstart_v1
2026-01-24 04:00:00+00:00,ETH,0.000371895458463,return_1h_ahead,hourly_ridge_coldstart_v1
2026-01-24 05:00:00+00:00,ETH,0.0005032329729446,return_1h_ahead,hourly_ridge_coldstart_v1
2026-01-24 06:00:00+00:00,ETH,0.0004203996083506,return_1h_ahead,hourly_ridge_coldstart_v1
2026-01-24 07:00:00+00:00,ETH,0.0003741402790232,return_1h_ahead,hourly_ridge_coldstart_v1
2026-01-24 08:00:00+00:00,ETH,0.0004332374191355,return_1h_ahead,hourly_ridge_coldstart_v1
2026-01-24 09:00:00+00:00,ETH,0.0006335139514277,return_1h_ahead,hourly_ridge_coldstart_v1
2026-01-24 11:00:00+00:00,ETH,0.0006409925171122,return_1h_ahead,hourly_ridge_coldstart_v1
2026-01-24 12:00:00+00:00,ETH,0.0006296861670675,return_1h_ahead,hourly_ridge_coldstart_v1
2026-01-24 13:00:00+00:00,ETH,0.0006569192419352,return_1h_ahead,hourly_ridge_coldstart_v1
2026-01-24 14:00:00+00:00,ETH,0.0006196212502774,return_1h_ahead,hourly_ridge_coldstart_v1
2026-01-24 15:00:00+00:00,ETH,0.0005940078484964,return_1h_ahead,hourly_ridge_coldstart_v1
2026-01-24 16:00:00+00:00,ETH,0.0002120205462293,return_1h_ahead,hourly_ridge_coldstart_v1
2026-01-24 17:00:00+00:00,ETH,0.000328181021294,return_1h_ahead,hourly_ridge_coldstart_v1
2026-01-24 18:00:00+00:00,ETH,0.0002572010408053,return_1h_ahead,hourly_ridge_coldstart_v1
2026-01-24 19:00:00+00:00,ETH,0.0001317456442647,return_1h_ahead,hourly_ridge_coldstart_v1
2026-01-24 20:00:00+00:00,ETH,0.0002129308360196,return_1h_ahead,hourly_ridge_coldstart_v1
2026-01-24 21:00:00+00:00,ETH,0.0002427566594496,return_1h_ahead,hourly_ridge_coldstart_v1
2026-01-24 22:00:00+00:00,ETH,0.0004192281469604,return_1h_ahead,hourly_ridge_coldstart_v1
2026-01-24 23:00:00+00:00,ETH,0.0002854259027407,return_1h_ahead,hourly_ridge_coldstart_v1
2026-01-25 01:00:00+00:00,ETH,0.0003372111832374,return_1h_ahead,hourly_ridge_coldstart_v1
2026-01-25 03:00:00+00:00,ETH,5.79855107786166e-05,return_1h_ahead,hourly_ridge_coldstart_v1
2026-01-25 04:00:00+00:00,ETH,0.0002049841556551,return_1h_ahead,hourly_ridge_coldstart_v1
2026-01-25 05:00:00+00:00,ETH,0.0001432296176403,return_1h_ahead,hourly_ridge_coldstart_v1
2026-01-25 06:00:00+00:00,ETH,0.0001941759450487,return_1h_ahead,hourly_ridge_coldstart_v1
2026-01-25 07:00:00+00:00,ETH,0.0002731622281992,return_1h_ahead,hourly_ridge_coldstart_v1
2026-01-25 08:00:00+00:00,ETH,0.0002709067744204,return_1h_ahead,hourly_ridge_coldstart_v1
2026-01-25 09:00:00+00:00,ETH,0.0001846317867447,return_1h_ahead,hourly_ridge_coldstart_v1
2026-01-25 10:00:00+00:00,ETH,0.0003889365986068,return_1h_ahead,hourly_ridge_coldstart_v1
2026-01-25 11:00:00+00:00,ETH,0.0003334363723318,return_1h_ahead,hourly_ridge_coldstart_v1
2026-01-25 12:00:00+00:00,ETH,0.0003125594544316,return_1h_ahead,hourly_ridge_coldstart_v1
2026-01-25 13:00:00+00:00,ETH,0.0003115736354839,return_1h_ahead,hourly_ridge_coldstart_v1
2026-01-25 14:00:00+00:00,ETH,0.0003779506163763,return_1h_ahead,hourly_ridge_coldstart_v1
2026-01-25 15:00:00+00:00,ETH,0.0004816477247628,return_1h_ahead,hourly_ridge_coldstart_v1
2026-01-25 16:00:00+00:00,ETH,-0.000921654060592,return_1h_ahead,hourly_ridge_coldstart_v1
2026-01-25 17:00:00+00:00,ETH,-0.0004881532304239,return_1h_ahead,hourly_ridge_coldstart_v1
2026-01-25 18:00:00+00:00,ETH,-0.0008626507234722,return_1h_ahead,hourly_ridge_coldstart_v1
2026-01-25 19:00:00+00:00,ETH,-0.0005710911480909,return_1h_ahead,hourly_ridge_coldstart_v1
2026-01-25 20:00:00+00:00,ETH,-0.0012010207232226,return_1h_ahead,hourly_ridge_coldstart_v1
2026-01-25 21:00:00+00:00,ETH,-0.0009535785295194,return_1h_ahead,hourly_ridge_coldstart_v1
2026-01-25 22:00:00+00:00,ETH,-0.0010490224306831,return_1h_ahead,hourly_ridge_coldstart_v1
2026-01-25 23:00:00+00:00,ETH,-0.0010243711101626,return_1h_ahead,hourly_ridge_coldstart_v1
2026-01-26 01:00:00+00:00,ETH,-0.0020039398035998,return_1h_ahead,hourly_ridge_coldstart_v1
2026-01-26 03:00:00+00:00,ETH,-0.0038972832602543,return_1h_ahead,hourly_ridge_coldstart_v1
2026-01-26 04:00:00+00:00,ETH,-0.0027363059808931,return_1h_ahead,hourly_ridge_coldstart_v1
2026-01-26 05:00:00+00:00,ETH,-0.0029792400809224,return_1h_ahead,hourly_ridge_coldstart_v1
2026-01-26 06:00:00+00:00,ETH,-0.0027643962550883,return_1h_ahead,hourly_ridge_coldstart_v1
2026-01-26 07:00:00+00:00,ETH,-0.0026566410707943,return_1h_ahead,hourly_ridge_coldstart_v1
2026-01-26 08:00:00+00:00,ETH,-0.001104800691604,return_1h_ahead,hourly_ridge_coldstart_v1
2026-01-26 09:00:00+00:00,ETH,-0.0010003599310981,return_1h_ahead,hourly_ridge_coldstart_v1
2026-01-26 10:00:00+00:00,ETH,-0.0004859668752098,return_1h_ahead,hourly_ridge_coldstart_v1
2026-01-26 11:00:00+00:00,ETH,-0.0005458244900864,return_1h_ahead,hourly_ridge_coldstart_v1
2026-01-26 12:00:00+00:00,ETH,-0.0004732895958501,return_1h_ahead,hourly_ridge_coldstart_v1
2026-01-26 13:00:00+00:00,ETH,-0.000367115558545,return_1h_ahead,hourly_ridge_coldstart_v1
2026-01-26 14:00:00+00:00,ETH,-0.0005552501461094,return_1h_ahead,hourly_ridge_coldstart_v1
2026-01-26 15:00:00+00:00,ETH,-0.0001708561721321,return_1h_ahead,hourly_ridge_coldstart_v1
2026-01-26 16:00:00+00:00,ETH,-0.0008066191722394,return_1h_ahead,hourly_ridge_coldstart_v1
2026-01-26 17:00:00+00:00,ETH,-0.0008548453723973,return_1h_ahead,hourly_ridge_coldstart_v1
2026-01-26 18:00:00+00:00,ETH,-0.0007002107373648,return_1h_ahead,hourly_ridge_coldstart_v1
2026-01-26 19:00:00+00:00,ETH,-0.0009843400532474,return_1h_ahead,hourly_ridge_coldstart_v1
2026-01-26 20:00:00+00:00,ETH,-0.0010504246228958,return_1h_ahead,hourly_ridge_coldstart_v1
2026-01-26 21:00:00+00:00,ETH,-0.0006553598761899,return_1h_ahead,hourly_ridge_coldstart_v1
2026-01-26 22:00:00+00:00,ETH,-0.0004055841792076,return_1h_ahead,hourly_ridge_coldstart_v1
2026-01-26 23:00:00+00:00,ETH,-0.0004370494472187,return_1h_ahead,hourly_ridge_coldstart_v1
2026-01-27 01:00:00+00:00,ETH,-2.1138104132072024e-05,return_1h_ahead,hourly_ridge_coldstart_v1
2026-01-27 03:00:00+00:00,ETH,-6.738232279090864e-05,return_1h_ahead,hourly_ridge_coldstart_v1
2026-01-27 04:00:00+00:00,ETH,1.1061865988687262e-05,return_1h_ahead,hourly_ridge_coldstart_v1
2026-01-27 05:00:00+00:00,ETH,0.0001385170844184,return_1h_ahead,hourly_ridge_coldstart_v1
2026-01-27 06:00:00+00:00,ETH,0.0002123929372249,return_1h_ahead,hourly_ridge_coldstart_v1
2026-01-27 07:00:00+00:00,ETH,0.0003365149910276,return_1h_ahead,hourly_ridge_coldstart_v1
2026-01-27 08:00:00+00:00,ETH,0.0001990511643573,return_1h_ahead,hourly_ridge_coldstart_v1
2026-01-27 09:00:00+00:00,ETH,0.0002495188757612,return_1h_ahead,hourly_ridge_coldstart_v1
2026-01-27 10:00:00+00:00,ETH,0.0003612759244506,return_1h_ahead,hourly_ridge_coldstart_v1
2026-01-27 11:00:00+00:00,ETH,0.0002499528875934,return_1h_ahead,hourly_ridge_coldstart_v1
2026-01-27 12:00:00+00:00,ETH,0.0001998312806089,return_1h_ahead,hourly_ridge_coldstart_v1
2026-01-27 13:00:00+00:00,ETH,6.260371768944829e-05,return_1h_ahead,hourly_ridge_coldstart_v1
2026-01-27 14:00:00+00:00,ETH,0.0001321235165763,return_1h_ahead,hourly_ridge_coldstart_v1
2026-01-27 15:00:00+00:00,ETH,-0.0001245401931882,return_1h_ahead,hourly_ridge_coldstart_v1
2026-01-27 16:00:00+00:00,ETH,-0.0005260237210133,return_1h_ahead,hourly_ridge_coldstart_v1
2026-01-27 17:00:00+00:00,ETH,-0.0015459279720934,return_1h_ahead,hourly_ridge_coldstart_v1
2026-01-27 18:00:00+00:00,ETH,-0.0014105894302795,return_1h_ahead,hourly_ridge_coldstart_v1
2026-01-27 19:00:00+00:00,ETH,-0.0011608540431268,return_1h_ahead,hourly_ridge_coldstart_v1
2026-01-27 20:00:00+00:00,ETH,-0.0012889150072325,return_1h_ahead,hourly_ridge_coldstart_v1
2026-01-27 21:00:00+00:00,ETH,-0.0014214272696294,return_1h_ahead,hourly_ridge_coldstart_v1
2026-01-27 22:00:00+00:00,ETH,-0.0012660727946746,return_1h_ahead,hourly_ridge_coldstart_v1
2026-01-27 23:00:00+00:00,ETH,-0.0006384012449161,return_1h_ahead,hourly_ridge_coldstart_v1
2026-01-28 01:00:00+00:00,ETH,-0.0009187044152045,return_1h_ahead,hourly_ridge_coldstart_v1
2026-01-28 03:00:00+00:00,ETH,-0.0008064227772253,return_1h_ahead,hourly_ridge_coldstart_v1
2026-01-28 04:00:00+00:00,ETH,-1.0257074940121444e-05,return_1h_ahead,hourly_ridge_coldstart_v1
2026-01-28 05:00:00+00:00,ETH,6.53882416842697e-05,return_1h_ahead,hourly_ridge_coldstart_v1
2026-01-28 06:00:00+00:00,ETH,0.0001454136470397,return_1h_ahead,hourly_ridge_coldstart_v1
2026-01-28 07:00:00+00:00,ETH,0.0001227845072483,return_1h_ahead,hourly_ridge_coldstart_v1
2026-01-28 08:00:00+00:00,ETH,6.227811546514946e-05,return_1h_ahead,hourly_ridge_coldstart_v1
2026-01-28 09:00:00+00:00,ETH,0.0002438641834475,return_1h_ahead,hourly_ridge_coldstart_v1
2026-01-28 10:00:00+00:00,ETH,0.0001753577093525,return_1h_ahead,hourly_ridge_coldstart_v1
2026-01-28 11:00:00+00:00,ETH,-4.232344109305784e-05,return_1h_ahead,hourly_ridge_coldstart_v1
2026-01-28 12:00:00+00:00,ETH,0.0001523184811178,return_1h_ahead,hourly_ridge_coldstart_v1
2026-01-28 13:00:00+00:00,ETH,0.0001677885594319,return_1h_ahead,hourly_ridge_coldstart_v1
2026-01-28 14:00:00+00:00,ETH,-0.0002344471774667,return_1h_ahead,hourly_ridge_coldstart_v1
2026-01-28 15:00:00+00:00,ETH,-0.0006082604732805,return_1h_ahead,hourly_ridge_coldstart_v1
2026-01-28 16:00:00+00:00,ETH,-0.0001322907237029,return_1h_ahead,hourly_ridge_coldstart_v1
2026-01-28 17:00:00+00:00,ETH,-0.000393127895677,return_1h_ahead,hourly_ridge_coldstart_v1
2026-01-28 18:00:00+00:00,ETH,-0.0001996730092752,return_1h_ahead,hourly_ridge_coldstart_v1
2026-01-28 19:00:00+00:00,ETH,-0.0002645215597254,return_1h_ahead,hourly_ridge_coldstart_v1
2026-01-28 20:00:00+00:00,ETH,-0.0001888992925202,return_1h_ahead,hourly_ridge_coldstart_v1
2026-01-28 21:00:00+00:00,ETH,-0.0004293796760424,return_1h_ahead,hourly_ridge_coldstart_v1
2026-01-28 22:00:00+00:00,ETH,-0.0002516175016159,return_1h_ahead,hourly_ridge_coldstart_v1
2026-01-28 23:00:00+00:00,ETH,-6.406067147413525e-05,return_1h_ahead,hourly_ridge_coldstart_v1
2026-01-29 02:00:00+00:00,ETH,-0.0005741635691573,return_1h_ahead,hourly_ridge_coldstart_v1
2026-01-29 04:00:00+00:00,ETH,-0.0013439126997393,return_1h_ahead,hourly_ridge_coldstart_v1
2026-01-29 05:00:00+00:00,ETH,-0.0006450782392669,return_1h_ahead,hourly_ridge_coldstart_v1
2026-01-29 06:00:00+00:00,ETH,-0.0007694274077696,return_1h_ahead,hourly_ridge_coldstart_v1
2026-01-29 07:00:00+00:00,ETH,-0.0007378652547547,return_1h_ahead,hourly_ridge_coldstart_v1
2026-01-29 08:00:00+00:00,ETH,-0.0007632322158364,return_1h_ahead,hourly_ridge_coldstart_v1
2026-01-29 09:00:00+00:00,ETH,-0.0007451009800116,return_1h_ahead,hourly_ridge_coldstart_v1
2026-01-29 10:00:00+00:00,ETH,0.0003746508780536,return_1h_ahead,hourly_ridge_coldstart_v1
2026-01-29 11:00:00+00:00,ETH,-0.0001499876896919,return_1h_ahead,hourly_ridge_coldstart_v1
2026-01-29 12:00:00+00:00,ETH,4.004055906655456e-05,return_1h_ahead,hourly_ridge_coldstart_v1
2026-01-29 14:00:00+00:00,ETH,-1.1432725275752563e-05,return_1h_ahead,hourly_ridge_coldstart_v1
2026-01-29 15:00:00+00:00,ETH,-0.003679206480399,return_1h_ahead,hourly_ridge_coldstart_v1
2026-01-29 16:00:00+00:00,ETH,-0.0027654202205644,return_1h_ahead,hourly_ridge_coldstart_v1
2026-01-29 17:00:00+00:00,ETH,-0.0026519668265641,return_1h_ahead,hourly_ridge_coldstart_v1
2026-01-29 18:00:00+00:00,ETH,-0.0035830508374609,return_1h_ahead,hourly_ridge_coldstart_v1
2026-01-29 19:00:00+00:00,ETH,-0.0032062765683953,return_1h_ahead,hourly_ridge_coldstart_v1
2026-01-29 20:00:00+00:00,ETH,-0.0029360786152329,return_1h_ahead,hourly_ridge_coldstart_v1
2026-01-29 21:00:00+00:00,ETH,-0.0014941830262843,return_1h_ahead,hourly_ridge_coldstart_v1
2026-01-29 22:00:00+00:00,ETH,-0.0015478275105591,return_1h_ahead,hourly_ridge_coldstart_v1
2026-01-29 23:00:00+00:00,ETH,-0.0011583456801326,return_1h_ahead,hourly_ridge_coldstart_v1
2026-01-30 02:00:00+00:00,ETH,-0.0029853034438312,return_1h_ahead,hourly_ridge_coldstart_v1
2026-01-30 04:00:00+00:00,ETH,-0.0020137443062662,return_1h_ahead,hourly_ridge_coldstart_v1
2026-01-30 05:00:00+00:00,ETH,-0.0020945328763029,return_1h_ahead,hourly_ridge_coldstart_v1
2026-01-30 06:00:00+00:00,ETH,-0.0024755218014946,return_1h_ahead,hourly_ridge_coldstart_v1
2026-01-30 07:00:00+00:00,ETH,-0.0020236985043518,return_1h_ahead,hourly_ridge_coldstart_v1
2026-01-30 08:00:00+00:00,ETH,-0.0021866914267346,return_1h_ahead,hourly_ridge_coldstart_v1
2026-01-30 09:00:00+00:00,ETH,-0.000887358358635,return_1h_ahead,hourly_ridge_coldstart_v1
2026-01-30 10:00:00+00:00,ETH,-0.0008423403171139,return_1h_ahead,hourly_ridge_coldstart_v1
2026-01-30 11:00:00+00:00,ETH,-0.0007772822681136,return_1h_ahead,hourly_ridge_coldstart_v1
2026-01-30 12:00:00+00:00,ETH,0.0001076841394142,return_1h_ahead,hourly_ridge_coldstart_v1
2026-01-30 13:00:00+00:00,ETH,0.0001172015492869,return_1h_ahead,hourly_ridge_coldstart_v1
2026-01-30 14:00:00+00:00,ETH,0.0002326304004639,return_1h_ahead,hourly_ridge_coldstart_v1
2026-01-30 15:00:00+00:00,ETH,-0.0012687230026511,return_1h_ahead,hourly_ridge_coldstart_v1
2026-01-30 16:00:00+00:00,ETH,-0.000922190445941,return_1h_ahead,hourly_ridge_coldstart_v1
2026-01-30 17:00:00+00:00,ETH,-0.0014327537149551,return_1h_ahead,hourly_ridge_coldstart_v1
2026-01-30 18:00:00+00:00,ETH,-0.0026043837637704,return_1h_ahead,hourly_ridge_coldstart_v1
2026-01-30 19:00:00+00:00,ETH,-0.0025364253899469,return_1h_ahead,hourly_ridge_coldstart_v1
2026-01-30 20:00:00+00:00,ETH,-0.0047682730105745,return_1h_ahead,hourly_ridge_coldstart_v1
2026-01-30 21:00:00+00:00,ETH,-0.0037239833999398,return_1h_ahead,hourly_ridge_coldstart_v1
2026-01-30 22:00:00+00:00,ETH,-0.0037325907334011,return_1h_ahead,hourly_ridge_coldstart_v1
2026-01-30 23:00:00+00:00,ETH,-0.0036492645720192,return_1h_ahead,hourly_ridge_coldstart_v1
2026-01-31 01:00:00+00:00,ETH,-0.0031921540570612,return_1h_ahead,hourly_ridge_coldstart_v1
2026-01-31 04:00:00+00:00,ETH,-0.0016975632064465,return_1h_ahead,hourly_ridge_coldstart_v1
2026-01-31 05:00:00+00:00,ETH,0.0002076812946797,return_1h_ahead,hourly_ridge_coldstart_v1
2026-01-31 06:00:00+00:00,ETH,0.0002867317725821,return_1h_ahead,hourly_ridge_coldstart_v1
2026-01-31 07:00:00+00:00,ETH,0.000418094087921,return_1h_ahead,hourly_ridge_coldstart_v1
2026-01-31 08:00:00+00:00,ETH,-0.0005198493536439,return_1h_ahead,hourly_ridge_coldstart_v1
2026-01-31 09:00:00+00:00,ETH,-0.0007166759973951,return_1h_ahead,hourly_ridge_coldstart_v1
2026-01-31 10:00:00+00:00,ETH,-0.0004722473969644,return_1h_ahead,hourly_ridge_coldstart_v1
2026-01-31 11:00:00+00:00,ETH,-0.0005617304270008,return_1h_ahead,hourly_ridge_coldstart_v1
2026-01-31 12:00:00+00:00,ETH,-0.000649906849583,return_1h_ahead,hourly_ridge_coldstart_v1
2026-01-31 13:00:00+00:00,ETH,-0.0007923618949647,return_1h_ahead,hourly_ridge_coldstart_v1
2026-01-31 14:00:00+00:00,ETH,-0.0009634543587873,return_1h_ahead,hourly_ridge_coldstart_v1
2026-01-31 15:00:00+00:00,ETH,-0.00182061933349,return_1h_ahead,hourly_ridge_coldstart_v1
2026-01-31 16:00:00+00:00,ETH,-0.0010357100644728,return_1h_ahead,hourly_ridge_coldstart_v1
2026-01-31 17:00:00+00:00,ETH,-0.0044285294843537,return_1h_ahead,hourly_ridge_coldstart_v1
2026-01-31 18:00:00+00:00,ETH,-0.0030827657053661,return_1h_ahead,hourly_ridge_coldstart_v1
2026-01-31 19:00:00+00:00,ETH,-0.0032603135768891,return_1h_ahead,hourly_ridge_coldstart_v1
2026-01-31 20:00:00+00:00,ETH,-0.0040376379055972,return_1h_ahead,hourly_ridge_coldstart_v1
2026-01-31 21:00:00+00:00,ETH,-0.0036836826521643,return_1h_ahead,hourly_ridge_coldstart_v1
2026-01-31 22:00:00+00:00,ETH,-0.0039079907269907,return_1h_ahead,hourly_ridge_coldstart_v1
2026-01-31 23:00:00+00:00,ETH,-0.0014669979654626,return_1h_ahead,hourly_ridge_coldstart_v1
2026-02-01 02:00:00+00:00,ETH,-0.00137645605142,return_1h_ahead,hourly_ridge_coldstart_v1
2026-02-01 05:00:00+00:00,ETH,-0.0013751668251869,return_1h_ahead,hourly_ridge_coldstart_v1
2026-02-01 06:00:00+00:00,ETH,-0.0016890993360592,return_1h_ahead,hourly_ridge_coldstart_v1
2026-02-01 07:00:00+00:00,ETH,-0.0012532295504742,return_1h_ahead,hourly_ridge_coldstart_v1
2026-02-01 08:00:00+00:00,ETH,-0.0012460895212117,return_1h_ahead,hourly_ridge_coldstart_v1
2026-02-01 09:00:00+00:00,ETH,-0.0006357154531792,return_1h_ahead,hourly_ridge_coldstart_v1
2026-02-01 10:00:00+00:00,ETH,-0.0006640610866597,return_1h_ahead,hourly_ridge_coldstart_v1
2026-02-01 11:00:00+00:00,ETH,-0.0019330790114614,return_1h_ahead,hourly_ridge_coldstart_v1
2026-02-01 12:00:00+00:00,ETH,-0.0010525794087575,return_1h_ahead,hourly_ridge_coldstart_v1
2026-02-01 13:00:00+00:00,ETH,-0.0012035441170813,return_1h_ahead,hourly_ridge_coldstart_v1
2026-02-01 14:00:00+00:00,ETH,-0.0015490810084644,return_1h_ahead,hourly_ridge_coldstart_v1
2026-02-01 15:00:00+00:00,ETH,-0.002211632650078,return_1h_ahead,hourly_ridge_coldstart_v1
2026-02-01 16:00:00+00:00,ETH,-0.0012883396747857,return_1h_ahead,hourly_ridge_coldstart_v1
2026-02-01 17:00:00+00:00,ETH,-0.0012133370579603,return_1h_ahead,hourly_ridge_coldstart_v1
2026-02-01 18:00:00+00:00,ETH,-0.0019361969017918,return_1h_ahead,hourly_ridge_coldstart_v1
2026-02-01 19:00:00+00:00,ETH,-0.0030090227282182,return_1h_ahead,hourly_ridge_coldstart_v1
2026-02-01 20:00:00+00:00,ETH,-0.0031199030268384,return_1h_ahead,hourly_ridge_coldstart_v1
2026-02-01 21:00:00+00:00,ETH,-0.002579439435053,return_1h_ahead,hourly_ridge_coldstart_v1
2026-02-01 22:00:00+00:00,ETH,-0.0023908480657467,return_1h_ahead,hourly_ridge_coldstart_v1
2026-02-01 23:00:00+00:00,ETH,-0.0037785254933812,return_1h_ahead,hourly_ridge_coldstart_v1
2026-02-02 02:00:00+00:00,ETH,-0.0018181560200353,return_1h_ahead,hourly_ridge_coldstart_v1
2026-02-02 04:00:00+00:00,ETH,-0.0032208703504927,return_1h_ahead,hourly_ridge_coldstart_v1
2026-02-02 06:00:00+00:00,ETH,-0.0037665566126384,return_1h_ahead,hourly_ridge_coldstart_v1
2026-02-02 07:00:00+00:00,ETH,-0.00350247643915,return_1h_ahead,hourly_ridge_coldstart_v1
2026-02-02 08:00:00+00:00,ETH,-0.0042215688618856,return_1h_ahead,hourly_ridge_coldstart_v1
2026-02-02 09:00:00+00:00,ETH,-0.0036588529305421,return_1h_ahead,hourly_ridge_coldstart_v1
2026-02-02 10:00:00+00:00,ETH,-0.0052701291651241,return_1h_ahead,hourly_ridge_coldstart_v1
2026-02-02 11:00:00+00:00,ETH,-0.0041767525392053,return_1h_ahead,hourly_ridge_coldstart_v1
2026-02-02 12:00:00+00:00,ETH,-0.0028061737968384,return_1h_ahead,hourly_ridge_coldstart_v1
2026-02-02 14:00:00+00:00,ETH,-0.0026767736603635,return_1h_ahead,hourly_ridge_coldstart_v1
2026-02-02 15:00:00+00:00,ETH,-0.0023736288753332,return_1h_ahead,hourly_ridge_coldstart_v1
2026-02-02 16:00:00+00:00,ETH,-0.0020282307817662,return_1h_ahead,hourly_ridge_coldstart_v1
2026-02-02 17:00:00+00:00,ETH,-0.0014025932007263,return_1h_ahead,hourly_ridge_coldstart_v1
2026-02-02 18:00:00+00:00,ETH,-0.0018744704681512,return_1h_ahead,hourly_ridge_coldstart_v1
2026-02-02 23:00:00+00:00,ETH,-0.0016550523557792,return_1h_ahead,hourly_ridge_coldstart_v1
2026-02-03 02:00:00+00:00,ETH,-0.001485022525271,return_1h_ahead,hourly_ridge_coldstart_v1
2026-02-03 04:00:00+00:00,ETH,-0.0001128093472353,return_1h_ahead,hourly_ridge_coldstart_v1
2026-02-03 05:00:00+00:00,ETH,-0.0008446453292113,return_1h_ahead,hourly_ridge_coldstart_v1
2026-02-03 06:00:00+00:00,ETH,-0.0005351934909928,return_1h_ahead,hourly_ridge_coldstart_v1
2026-02-03 07:00:00+00:00,ETH,-0.0003975988194105,return_1h_ahead,hourly_ridge_coldstart_v1
2026-02-03 08:00:00+00:00,ETH,-0.0004469945201432,return_1h_ahead,hourly_ridge_coldstart_v1
2026-02-03 09:00:00+00:00,ETH,-0.0014199120038518,return_1h_ahead,hourly_ridge_coldstart_v1
2026-02-03 10:00:00+00:00,ETH,-0.0008430005829794,return_1h_ahead,hourly_ridge_coldstart_v1
2026-02-03 11:00:00+00:00,ETH,-0.0006369553685883,return_1h_ahead,hourly_ridge_coldstart_v1
2026-02-03 13:00:00+00:00,ETH,-0.0008149036294117,return_1h_ahead,hourly_ridge_coldstart_v1
2026-02-03 14:00:00+00:00,ETH,-0.0010902774148455,return_1h_ahead,hourly_ridge_coldstart_v1
2026-02-03 15:00:00+00:00,ETH,-0.001374493941392,return_1h_ahead,hourly_ridge_coldstart_v1
2026-02-03 16:00:00+00:00,ETH,-0.0029061652493639,return_1h_ahead,hourly_ridge_coldstart_v1
2026-02-03 17:00:00+00:00,ETH,-0.0026420714329079,return_1h_ahead,hourly_ridge_coldstart_v1
2026-02-03 18:00:00+00:00,ETH,-0.0047809159642589,return_1h_ahead,hourly_ridge_coldstart_v1
2026-02-03 19:00:00+00:00,ETH,-0.0040901194908549,return_1h_ahead,hourly_ridge_coldstart_v1
2026-02-03 20:00:00+00:00,ETH,-0.0056761802728868,return_1h_ahead,hourly_ridge_coldstart_v1
2026-02-03 21:00:00+00:00,ETH,-0.0069595597945897,return_1h_ahead,hourly_ridge_coldstart_v1
2026-02-03 22:00:00+00:00,ETH,-0.007210872028325,return_1h_ahead,hourly_ridge_coldstart_v1
2026-02-03 23:00:00+00:00,ETH,-0.0070744358658879,return_1h_ahead,hourly_ridge_coldstart_v1
2026-02-04 02:00:00+00:00,ETH,-0.0045673836116489,return_1h_ahead,hourly_ridge_coldstart_v1
2026-02-04 04:00:00+00:00,ETH,-0.0042318977432243,return_1h_ahead,hourly_ridge_coldstart_v1
2026-02-04 05:00:00+00:00,ETH,-0.0018781780031455,return_1h_ahead,hourly_ridge_coldstart_v1
2026-02-04 06:00:00+00:00,ETH,-0.001597363247252,return_1h_ahead,hourly_ridge_coldstart_v1
2026-02-04 07:00:00+00:00,ETH,-0.0010685096607254,return_1h_ahead,hourly_ridge_coldstart_v1
2026-02-04 08:00:00+00:00,ETH,-0.0010475826646269,return_1h_ahead,hourly_ridge_coldstart_v1
2026-02-04 09:00:00+00:00,ETH,-0.0009625851098312,return_1h_ahead,hourly_ridge_coldstart_v1
2026-02-04 10:00:00+00:00,ETH,-0.0005694942520432,return_1h_ahead,hourly_ridge_coldstart_v1
2026-02-04 11:00:00+00:00,ETH,-0.0011008719255771,return_1h_ahead,hourly_ridge_coldstart_v1
2026-02-04 12:00:00+00:00,ETH,-0.0006275730758964,return_1h_ahead,hourly_ridge_coldstart_v1
2026-02-04 14:00:00+00:00,ETH,-0.0016133730132876,return_1h_ahead,hourly_ridge_coldstart_v1
2026-02-04 15:00:00+00:00,ETH,-0.0019400691939142,return_1h_ahead,hourly_ridge_coldstart_v1
2026-02-04 16:00:00+00:00,ETH,-0.0024642947800378,return_1h_ahead,hourly_ridge_coldstart_v1
2026-02-04 17:00:00+00:00,ETH,-0.0016796130314879,return_1h_ahead,hourly_ridge_coldstart_v1
2026-02-04 18:00:00+00:00,ETH,-0.0023676344723546,return_1h_ahead,hourly_ridge_coldstart_v1
2026-02-04 19:00:00+00:00,ETH,-0.002901431246374,return_1h_ahead,hourly_ridge_coldstart_v1
2026-02-04 20:00:00+00:00,ETH,-0.0025445817193094,return_1h_ahead,hourly_ridge_coldstart_v1
2026-02-04 21:00:00+00:00,ETH,-0.0028467619380059,return_1h_ahead,hourly_ridge_coldstart_v1
2026-02-04 22:00:00+00:00,ETH,-0.0012904390355416,return_1h_ahead,hourly_ridge_coldstart_v1
2026-02-04 23:00:00+00:00,ETH,-0.0017902626494751,return_1h_ahead,hourly_ridge_coldstart_v1
2026-02-05 02:00:00+00:00,ETH,-0.0010640187659765,return_1h_ahead,hourly_ridge_coldstart_v1
2026-02-05 04:00:00+00:00,ETH,-0.0018098604926921,return_1h_ahead,hourly_ridge_coldstart_v1
2026-02-05 05:00:00+00:00,ETH,-0.0012393554405929,return_1h_ahead,hourly_ridge_coldstart_v1
2026-02-05 07:00:00+00:00,ETH,-0.0008970154225767,return_1h_ahead,hourly_ridge_coldstart_v1
2026-02-05 08:00:00+00:00,ETH,-0.0006896144400915,return_1h_ahead,hourly_ridge_coldstart_v1
2026-02-05 09:00:00+00:00,ETH,-0.0009669838793538,return_1h_ahead,hourly_ridge_coldstart_v1
2026-02-05 10:00:00+00:00,ETH,-0.0012789657036925,return_1h_ahead,hourly_ridge_coldstart_v1
2026-02-05 11:00:00+00:00,ETH,-0.0031402725229629,return_1h_ahead,hourly_ridge_coldstart_v1
2026-02-05 13:00:00+00:00,ETH,-0.0023814350095423,return_1h_ahead,hourly_ridge_coldstart_v1
2026-02-05 14:00:00+00:00,ETH,-0.0022079803138695,return_1h_ahead,hourly_ridge_coldstart_v1
2026-02-05 15:00:00+00:00,ETH,-0.0082173067062316,return_1h_ahead,hourly_ridge_coldstart_v1
2026-02-05 16:00:00+00:00,ETH,-0.0059265553659648,return_1h_ahead,hourly_ridge_coldstart_v1
2026-02-05 17:00:00+00:00,ETH,-0.0061782240139686,return_1h_ahead,hourly_ridge_coldstart_v1
2026-02-05 18:00:00+00:00,ETH,-0.0071293530728919,return_1h_ahead,hourly_ridge_coldstart_v1
2026-02-05 19:00:00+00:00,ETH,-0.0062892158502712,return_1h_ahead,hourly_ridge_coldstart_v1
2026-02-05 20:00:00+00:00,ETH,-0.0075584459424755,return_1h_ahead,hourly_ridge_coldstart_v1
2026-02-05 21:00:00+00:00,ETH,-0.0039043500148793,return_1h_ahead,hourly_ridge_coldstart_v1
2026-02-05 22:00:00+00:00,ETH,-0.0043497196393292,return_1h_ahead,hourly_ridge_coldstart_v1
2026-02-05 23:00:00+00:00,ETH,-0.0041566391755077,return_1h_ahead,hourly_ridge_coldstart_v1
2026-02-06 02:00:00+00:00,ETH,-0.004572177073211,return_1h_ahead,hourly_ridge_coldstart_v1
2026-02-06 04:00:00+00:00,ETH,-0.0062725569107186,return_1h_ahead,hourly_ridge_coldstart_v1
2026-02-06 05:00:00+00:00,ETH,-0.0038418629117965,return_1h_ahead,hourly_ridge_coldstart_v1
2026-02-06 06:00:00+00:00,ETH,-0.0060752507073164,return_1h_ahead,hourly_ridge_coldstart_v1
2026-02-06 07:00:00+00:00,ETH,-0.0051202577464232,return_1h_ahead,hourly_ridge_coldstart_v1
2026-02-06 08:00:00+00:00,ETH,-0.0051809440364676,return_1h_ahead,hourly_ridge_coldstart_v1
2026-02-06 09:00:00+00:00,ETH,-0.0032966716340583,return_1h_ahead,hourly_ridge_coldstart_v1
2026-02-06 10:00:00+00:00,ETH,-0.0032447171984257,return_1h_ahead,hourly_ridge_coldstart_v1
2026-02-06 11:00:00+00:00,ETH,-0.002412362435674,return_1h_ahead,hourly_ridge_coldstart_v1
2026-02-06 12:00:00+00:00,ETH,-0.0017748452994836,return_1h_ahead,hourly_ridge_coldstart_v1
2026-02-06 14:00:00+00:00,ETH,-0.0013858818758735,return_1h_ahead,hourly_ridge_coldstart_v1
2026-02-06 15:00:00+00:00,ETH,-0.0005781327908856,return_1h_ahead,hourly_ridge_coldstart_v1
2026-02-06 16:00:00+00:00,ETH,-0.000913633817067,return_1h_ahead,hourly_ridge_coldstart_v1
2026-02-06 17:00:00+00:00,ETH,-0.0012521878414991,return_1h_ahead,hourly_ridge_coldstart_v1
2026-02-06 18:00:00+00:00,ETH,-0.0030044207149927,return_1h_ahead,hourly_ridge_coldstart_v1
2026-02-06 19:00:00+00:00,ETH,-0.0025862591885932,return_1h_ahead,hourly_ridge_coldstart_v1
2026-02-06 20:00:00+00:00,ETH,-0.0026175319963765,return_1h_ahead,hourly_ridge_coldstart_v1
2026-02-06 21:00:00+00:00,ETH,-0.0025318857482483,return_1h_ahead,hourly_ridge_coldstart_v1
2026-02-06 22:00:00+00:00,ETH,-0.0017500151096162,return_1h_ahead,hourly_ridge_coldstart_v1
2026-02-06 23:00:00+00:00,ETH,-0.0002096358291102,return_1h_ahead,hourly_ridge_coldstart_v1
2026-02-07 01:00:00+00:00,ETH,0.0006213370346112,return_1h_ahead,hourly_ridge_coldstart_v1
2026-02-07 04:00:00+00:00,ETH,-0.0002735986242586,return_1h_ahead,hourly_ridge_coldstart_v1
2026-02-07 05:00:00+00:00,ETH,-0.0016008790662624,return_1h_ahead,hourly_ridge_coldstart_v1
2026-02-07 06:00:00+00:00,ETH,-0.0013410021806961,return_1h_ahead,hourly_ridge_coldstart_v1
2026-02-07 07:00:00+00:00,ETH,-0.0040388818210437,return_1h_ahead,hourly_ridge_coldstart_v1
2026-02-07 08:00:00+00:00,ETH,-0.0030697766373524,return_1h_ahead,hourly_ridge_coldstart_v1
2026-02-07 09:00:00+00:00,ETH,-0.0030154566800017,return_1h_ahead,hourly_ridge_coldstart_v1
2026-02-07 10:00:00+00:00,ETH,-0.0021687612726501,return_1h_ahead,hourly_ridge_coldstart_v1
2026-02-07 11:00:00+00:00,ETH,-0.0020801279705569,return_1h_ahead,hourly_ridge_coldstart_v1
2026-02-07 12:00:00+00:00,ETH,-0.0023765708090397,return_1h_ahead,hourly_ridge_coldstart_v1
2026-02-07 13:00:00+00:00,ETH,-0.001481599571657,return_1h_ahead,hourly_ridge_coldstart_v1
2026-02-07 14:00:00+00:00,ETH,-0.0011390336300239,return_1h_ahead,hourly_ridge_coldstart_v1
2026-02-07 15:00:00+00:00,ETH,-0.001226238124549,return_1h_ahead,hourly_ridge_coldstart_v1
2026-02-07 16:00:00+00:00,ETH,-0.0010354615385137,return_1h_ahead,hourly_ridge_coldstart_v1
2026-02-07 17:00:00+00:00,ETH,-0.0011403715931849,return_1h_ahead,hourly_ridge_coldstart_v1
2026-02-07 18:00:00+00:00,ETH,-0.0007535573722104,return_1h_ahead,hourly_ridge_coldstart_v1
2026-02-07 19:00:00+00:00,ETH,-0.0011612819239336,return_1h_ahead,hourly_ridge_coldstart_v1
2026-02-07 20:00:00+00:00,ETH,-0.0012003130878824,return_1h_ahead,hourly_ridge_coldstart_v1
2026-02-07 21:00:00+00:00,ETH,-0.001044939352354,return_1h_ahead,hourly_ridge_coldstart_v1
2026-02-07 22:00:00+00:00,ETH,-0.0014749230283151,return_1h_ahead,hourly_ridge_coldstart_v1
2026-02-07 23:00:00+00:00,ETH,-0.0017419215216141,return_1h_ahead,hourly_ridge_coldstart_v1
2026-02-08 02:00:00+00:00,ETH,-0.0001624183002793,return_1h_ahead,hourly_ridge_coldstart_v1
2026-02-08 05:00:00+00:00,ETH,-0.0009015146014361,return_1h_ahead,hourly_ridge_coldstart_v1
2026-02-08 06:00:00+00:00,ETH,-0.0006924110686283,return_1h_ahead,hourly_ridge_coldstart_v1
2026-02-08 07:00:00+00:00,ETH,-0.0005212470710249,return_1h_ahead,hourly_ridge_coldstart_v1
2026-02-08 08:00:00+00:00,ETH,-0.0007384690368334,return_1h_ahead,hourly_ridge_coldstart_v1
2026-02-08 09:00:00+00:00,ETH,-0.0009536089376486,return_1h_ahead,hourly_ridge_coldstart_v1
2026-02-08 10:00:00+00:00,ETH,-0.0014404387037223,return_1h_ahead,hourly_ridge_coldstart_v1
2026-02-08 11:00:00+00:00,ETH,-0.0008524750121497,return_1h_ahead,hourly_ridge_coldstart_v1
2026-02-08 12:00:00+00:00,ETH,-0.0009352101625659,return_1h_ahead,hourly_ridge_coldstart_v1
2026-02-08 13:00:00+00:00,ETH,-0.0017127444166776,return_1h_ahead,hourly_ridge_coldstart_v1
2026-02-08 14:00:00+00:00,ETH,-0.0012594203780744,return_1h_ahead,hourly_ridge_coldstart_v1
2026-02-08 15:00:00+00:00,ETH,-0.0014321778566372,return_1h_ahead,hourly_ridge_coldstart_v1
2026-02-08 16:00:00+00:00,ETH,-0.0009323722400852,return_1h_ahead,hourly_ridge_coldstart_v1
2026-02-08 17:00:00+00:00,ETH,-0.0015829691184847,return_1h_ahead,hourly_ridge_coldstart_v1
2026-02-08 18:00:00+00:00,ETH,-0.0009531245708273,return_1h_ahead,hourly_ridge_coldstart_v1
2026-02-08 19:00:00+00:00,ETH,-0.0014591448436798,return_1h_ahead,hourly_ridge_coldstart_v1
2026-02-08 20:00:00+00:00,ETH,-0.0013448875370329,return_1h_ahead,hourly_ridge_coldstart_v1
2026-02-08 21:00:00+00:00,ETH,-0.0014055622728579,return_1h_ahead,hourly_ridge_coldstart_v1
2026-02-08 22:00:00+00:00,ETH,-0.0015314272482673,return_1h_ahead,hourly_ridge_coldstart_v1
2026-02-08 23:00:00+00:00,ETH,-0.0012000763067757,return_1h_ahead,hourly_ridge_coldstart_v1
2026-02-09 02:00:00+00:00,ETH,-0.0002396335419127,return_1h_ahead,hourly_ridge_coldstart_v1
2026-02-09 05:00:00+00:00,ETH,-0.0003226569452768,return_1h_ahead,hourly_ridge_coldstart_v1
2026-02-09 06:00:00+00:00,ETH,-0.0005553925859754,return_1h_ahead,hourly_ridge_coldstart_v1
2026-02-09 07:00:00+00:00,ETH,-0.0010229059157691,return_1h_ahead,hourly_ridge_coldstart_v1
2026-02-09 08:00:00+00:00,ETH,-0.0010449261846903,return_1h_ahead,hourly_ridge_coldstart_v1
2026-02-09 10:00:00+00:00,ETH,-0.0009038476796175,return_1h_ahead,hourly_ridge_coldstart_v1
2026-02-09 11:00:00+00:00,ETH,-0.0010481096401815,return_1h_ahead,hourly_ridge_coldstart_v1
2026-02-09 13:00:00+00:00,ETH,-0.0002700981321119,return_1h_ahead,hourly_ridge_coldstart_v1
2026-02-09 14:00:00+00:00,ETH,-0.0005359944738118,return_1h_ahead,hourly_ridge_coldstart_v1
2026-02-09 15:00:00+00:00,ETH,-0.0006406707627314,return_1h_ahead,hourly_ridge_coldstart_v1
2026-02-09 20:00:00+00:00,ETH,-0.0014515124801938,return_1h_ahead,hourly_ridge_coldstart_v1
2026-02-09 21:00:00+00:00,ETH,-0.0033781734207801,return_1h_ahead,hourly_ridge_coldstart_v1
2026-02-09 22:00:00+00:00,ETH,-0.0022620868998883,return_1h_ahead,hourly_ridge_coldstart_v1
2026-02-09 23:00:00+00:00,ETH,-0.0029649122437714,return_1h_ahead,hourly_ridge_coldstart_v1
2026-02-10 02:00:00+00:00,ETH,-0.002807886323929,return_1h_ahead,hourly_ridge_coldstart_v1
2026-02-10 05:00:00+00:00,ETH,-0.004268660042394,return_1h_ahead,hourly_ridge_coldstart_v1
2026-02-10 07:00:00+00:00,ETH,-0.0036096959767898,return_1h_ahead,hourly_ridge_coldstart_v1
2026-02-10 08:00:00+00:00,ETH,-0.0027440501940246,return_1h_ahead,hourly_ridge_coldstart_v1
2026-02-10 10:00:00+00:00,ETH,-0.0021852851954408,return_1h_ahead,hourly_ridge_coldstart_v1
2026-02-10 11:00:00+00:00,ETH,-0.0023412515653891,return_1h_ahead,hourly_ridge_coldstart_v1
2026-02-10 13:00:00+00:00,ETH,-0.0021756554796836,return_1h_ahead,hourly_ridge_coldstart_v1
2026-02-10 14:00:00+00:00,ETH,-0.0018429769105246,return_1h_ahead,hourly_ridge_coldstart_v1
2026-02-10 16:00:00+00:00,ETH,0.0004377310737364,return_1h_ahead,hourly_ridge_coldstart_v1
2026-02-10 18:00:00+00:00,ETH,5.3702227982273774e-05,return_1h_ahead,hourly_ridge_coldstart_v1
2026-02-10 19:00:00+00:00,ETH,-0.0011713316367957,return_1h_ahead,hourly_ridge_coldstart_v1
2026-02-10 20:00:00+00:00,ETH,-0.000910201378097,return_1h_ahead,hourly_ridge_coldstart_v1
2026-02-10 21:00:00+00:00,ETH,-0.0010492685626138,return_1h_ahead,hourly_ridge_coldstart_v1
2026-02-10 22:00:00+00:00,ETH,-0.0008345276477647,return_1h_ahead,hourly_ridge_coldstart_v1
2026-02-10 23:00:00+00:00,ETH,-0.0010572278438593,return_1h_ahead,hourly_ridge_coldstart_v1
2026-02-11 02:00:00+00:00,ETH,-0.0005844637756455,return_1h_ahead,hourly_ridge_coldstart_v1
2026-02-11 05:00:00+00:00,ETH,-0.0029629792154108,return_1h_ahead,hourly_ridge_coldstart_v1
2026-02-11 07:00:00+00:00,ETH,-0.0026616602299915,return_1h_ahead,hourly_ridge_coldstart_v1
2026-02-11 08:00:00+00:00,ETH,-0.0022868686127754,return_1h_ahead,hourly_ridge_coldstart_v1
2026-02-11 09:00:00+00:00,ETH,-0.0020984722632992,return_1h_ahead,hourly_ridge_coldstart_v1
2026-02-11 10:00:00+00:00,ETH,-0.0020840054598463,return_1h_ahead,hourly_ridge_coldstart_v1
2026-02-11 11:00:00+00:00,ETH,-0.0017776892259676,return_1h_ahead,hourly_ridge_coldstart_v1
2026-02-11 13:00:00+00:00,ETH,-0.0006545650154129,return_1h_ahead,hourly_ridge_coldstart_v1
2026-02-11 14:00:00+00:00,ETH,8.02134904022511e-05,return_1h_ahead,hourly_ridge_coldstart_v1
2026-02-11 16:00:00+00:00,ETH,-0.0010066138790004,return_1h_ahead,hourly_ridge_coldstart_v1
2026-02-11 17:00:00+00:00,ETH,-0.0005962836200971,return_1h_ahead,hourly_ridge_coldstart_v1
2026-02-11 19:00:00+00:00,ETH,-0.000582403944312,return_1h_ahead,hourly_ridge_coldstart_v1
2026-02-11 20:00:00+00:00,ETH,-0.0004716064143943,return_1h_ahead,hourly_ridge_coldstart_v1
2026-02-11 21:00:00+00:00,ETH,-0.0006837142028121,return_1h_ahead,hourly_ridge_coldstart_v1
2026-02-11 22:00:00+00:00,ETH,-0.0016224574788428,return_1h_ahead,hourly_ridge_coldstart_v1
2026-02-11 23:00:00+00:00,ETH,-0.0014793145985879,return_1h_ahead,hourly_ridge_coldstart_v1
2026-02-12 02:00:00+00:00,ETH,-0.0011924190957772,return_1h_ahead,hourly_ridge_coldstart_v1
2026-02-12 04:00:00+00:00,ETH,-0.0017303606266374,return_1h_ahead,hourly_ridge_coldstart_v1
2026-02-12 06:00:00+00:00,ETH,-0.0017236052940516,return_1h_ahead,hourly_ridge_coldstart_v1
2026-02-12 07:00:00+00:00,ETH,-0.0012861833418189,return_1h_ahead,hourly_ridge_coldstart_v1
2026-02-12 08:00:00+00:00,ETH,-0.0013017757423184,return_1h_ahead,hourly_ridge_coldstart_v1
2026-02-12 09:00:00+00:00,ETH,-0.0006487839213036,return_1h_ahead,hourly_ridge_coldstart_v1
2026-02-12 10:00:00+00:00,ETH,6.761538602195166e-05,return_1h_ahead,hourly_ridge_coldstart_v1
2026-02-12 11:00:00+00:00,ETH,4.384732351527128e-05,return_1h_ahead,hourly_ridge_coldstart_v1
2026-02-12 13:00:00+00:00,ETH,-0.0009502789019436,return_1h_ahead,hourly_ridge_coldstart_v1
2026-02-12 14:00:00+00:00,ETH,-0.0006423371756499,return_1h_ahead,hourly_ridge_coldstart_v1
2026-02-12 15:00:00+00:00,ETH,-0.0014106914413266,return_1h_ahead,hourly_ridge_coldstart_v1
2026-02-12 16:00:00+00:00,ETH,-0.00285976978699,return_1h_ahead,hourly_ridge_coldstart_v1
2026-02-12 18:00:00+00:00,ETH,-0.001930910892511,return_1h_ahead,hourly_ridge_coldstart_v1
2026-02-12 19:00:00+00:00,ETH,-0.0017125956264902,return_1h_ahead,hourly_ridge_coldstart_v1
2026-02-12 20:00:00+00:00,ETH,-0.0018705793455609,return_1h_ahead,hourly_ridge_coldstart_v1
2026-02-12 21:00:00+00:00,ETH,-0.0019020856555167,return_1h_ahead,hourly_ridge_coldstart_v1
2026-02-12 22:00:00+00:00,ETH,-0.0017750433363171,return_1h_ahead,hourly_ridge_coldstart_v1
2026-02-12 23:00:00+00:00,ETH,0.000316799754293,return_1h_ahead,hourly_ridge_coldstart_v1
2026-02-13 02:00:00+00:00,ETH,-5.482597776904996e-05,return_1h_ahead,hourly_ridge_coldstart_v1
2026-02-13 04:00:00+00:00,ETH,-8.825233680187673e-05,return_1h_ahead,hourly_ridge_coldstart_v1
2026-02-13 05:00:00+00:00,ETH,-0.0006837750466875,return_1h_ahead,hourly_ridge_coldstart_v1
2026-02-13 07:00:00+00:00,ETH,-0.0004211149628904,return_1h_ahead,hourly_ridge_coldstart_v1
2026-02-13 08:00:00+00:00,ETH,-0.0003279069626318,return_1h_ahead,hourly_ridge_coldstart_v1
2026-02-13 09:00:00+00:00,ETH,-3.574577630944647e-05,return_1h_ahead,hourly_ridge_coldstart_v1
2026-02-13 10:00:00+00:00,ETH,-0.0002502356711092,return_1h_ahead,hourly_ridge_coldstart_v1
2026-02-13 11:00:00+00:00,ETH,-0.0005335312071938,return_1h_ahead,hourly_ridge_coldstart_v1
2026-02-13 12:00:00+00:00,ETH,2.770332836570308e-05,return_1h_ahead,hourly_ridge_coldstart_v1
2026-02-13 14:00:00+00:00,ETH,-4.003630226757297e-05,return_1h_ahead,hourly_ridge_coldstart_v1
2026-02-13 15:00:00+00:00,ETH,-0.0016341745547723,return_1h_ahead,hourly_ridge_coldstart_v1
2026-02-13 16:00:00+00:00,ETH,-0.0024828777517083,return_1h_ahead,hourly_ridge_coldstart_v1
2026-02-13 17:00:00+00:00,ETH,-0.00292222907677,return_1h_ahead,hourly_ridge_coldstart_v1
2026-02-13 18:00:00+00:00,ETH,-0.0027904535471317,return_1h_ahead,hourly_ridge_coldstart_v1
2026-02-13 19:00:00+00:00,ETH,-0.0029851558286706,return_1h_ahead,hourly_ridge_coldstart_v1
2026-02-13 20:00:00+00:00,ETH,-0.0033869782645867,return_1h_ahead,hourly_ridge_coldstart_v1
2026-02-13 21:00:00+00:00,ETH,-0.0005193259915532,return_1h_ahead,hourly_ridge_coldstart_v1
2026-02-13 22:00:00+00:00,ETH,-6.568454308430777e-05,return_1h_ahead,hourly_ridge_coldstart_v1
2026-02-13 23:00:00+00:00,ETH,-5.741494560275841e-05,return_1h_ahead,hourly_ridge_coldstart_v1
2026-02-14 02:00:00+00:00,ETH,-3.0352247106792693e-05,return_1h_ahead,hourly_ridge_coldstart_v1
2026-02-14 04:00:00+00:00,ETH,-3.5966748941711126e-05,return_1h_ahead,hourly_ridge_coldstart_v1
2026-02-14 05:00:00+00:00,ETH,0.00026074496503,return_1h_ahead,hourly_ridge_coldstart_v1
2026-02-14 06:00:00+00:00,ETH,0.0006187957883805,return_1h_ahead,hourly_ridge_coldstart_v1
2026-02-14 07:00:00+00:00,ETH,0.0006383515697049,return_1h_ahead,hourly_ridge_coldstart_v1
2026-02-14 08:00:00+00:00,ETH,0.0003284878037013,return_1h_ahead,hourly_ridge_coldstart_v1
2026-02-14 09:00:00+00:00,ETH,0.0001631982762976,return_1h_ahead,hourly_ridge_coldstart_v1
2026-02-14 10:00:00+00:00,ETH,-3.1907205916784456e-05,return_1h_ahead,hourly_ridge_coldstart_v1
2026-02-14 11:00:00+00:00,ETH,0.0001058392627486,return_1h_ahead,hourly_ridge_coldstart_v1
2026-02-14 12:00:00+00:00,ETH,-0.0008250288980143,return_1h_ahead,hourly_ridge_coldstart_v1
2026-02-14 13:00:00+00:00,ETH,-0.0008161611614394,return_1h_ahead,hourly_ridge_coldstart_v1
2026-02-14 14:00:00+00:00,ETH,-0.00048960427357,return_1h_ahead,hourly_ridge_coldstart_v1
2026-02-14 15:00:00+00:00,ETH,-0.0004815127615584,return_1h_ahead,hourly_ridge_coldstart_v1
2026-02-14 16:00:00+00:00,ETH,-0.0013306038221616,return_1h_ahead,hourly_ridge_coldstart_v1
2026-02-14 17:00:00+00:00,ETH,-0.0007294833704745,return_1h_ahead,hourly_ridge_coldstart_v1
2026-02-14 18:00:00+00:00,ETH,-0.0007814410312568,return_1h_ahead,hourly_ridge_coldstart_v1
2026-02-14 19:00:00+00:00,ETH,-0.0007032814371791,return_1h_ahead,hourly_ridge_coldstart_v1
2026-02-14 20:00:00+00:00,ETH,-0.0006679011118884,return_1h_ahead,hourly_ridge_coldstart_v1
2026-02-14 21:00:00+00:00,ETH,-0.0002707355652605,return_1h_ahead,hourly_ridge_coldstart_v1
2026-02-14 22:00:00+00:00,ETH,8.1090703940277e-05,return_1h_ahead,hourly_ridge_coldstart_v1
2026-02-14 23:00:00+00:00,ETH,0.0005922262102223,return_1h_ahead,hourly_ridge_coldstart_v1
2026-02-15 02:00:00+00:00,ETH,-0.0008724712652578,return_1h_ahead,hourly_ridge_coldstart_v1
2026-02-15 04:00:00+00:00,ETH,-0.0006140867746906,return_1h_ahead,hourly_ridge_coldstart_v1
2026-02-15 05:00:00+00:00,ETH,-0.0008476570320692,return_1h_ahead,hourly_ridge_coldstart_v1
2026-02-15 06:00:00+00:00,ETH,-0.001145246949953,return_1h_ahead,hourly_ridge_coldstart_v1
2026-02-15 07:00:00+00:00,ETH,-0.0009444055008469,return_1h_ahead,hourly_ridge_coldstart_v1
2026-02-15 08:00:00+00:00,ETH,-0.0022101963592677,return_1h_ahead,hourly_ridge_coldstart_v1
2026-02-15 09:00:00+00:00,ETH,-0.0012259968802262,return_1h_ahead,hourly_ridge_coldstart_v1
2026-02-15 10:00:00+00:00,ETH,-0.0013536135673017,return_1h_ahead,hourly_ridge_coldstart_v1
2026-02-15 11:00:00+00:00,ETH,-0.0009995298638822,return_1h_ahead,hourly_ridge_coldstart_v1
2026-02-15 12:00:00+00:00,ETH,-0.0013754140695356,return_1h_ahead,hourly_ridge_coldstart_v1
2026-02-15 13:00:00+00:00,ETH,-0.0018000512458967,return_1h_ahead,hourly_ridge_coldstart_v1
2026-02-15 14:00:00+00:00,ETH,-0.0011306772950546,return_1h_ahead,hourly_ridge_coldstart_v1
2026-02-15 15:00:00+00:00,ETH,-0.0008174863288863,return_1h_ahead,hourly_ridge_coldstart_v1
2026-02-15 16:00:00+00:00,ETH,-0.0010076705729447,return_1h_ahead,hourly_ridge_coldstart_v1
2026-02-15 17:00:00+00:00,ETH,-0.0009855151019924,return_1h_ahead,hourly_ridge_coldstart_v1
2026-02-15 18:00:00+00:00,ETH,-0.002056388803634,return_1h_ahead,hourly_ridge_coldstart_v1
2026-02-15 19:00:00+00:00,ETH,-0.0012837379465069,return_1h_ahead,hourly_ridge_coldstart_v1
2026-02-15 20:00:00+00:00,ETH,-0.0011393813378916,return_1h_ahead,hourly_ridge_coldstart_v1
2026-02-15 21:00:00+00:00,ETH,-0.0010697563686963,return_1h_ahead,hourly_ridge_coldstart_v1
2026-02-15 22:00:00+00:00,ETH,-0.0012673853205937,return_1h_ahead,hourly_ridge_coldstart_v1
2026-02-15 23:00:00+00:00,ETH,-0.0014182759029513,return_1h_ahead,hourly_ridge_coldstart_v1
2026-02-16 02:00:00+00:00,ETH,-0.0001475038617881,return_1h_ahead,hourly_ridge_coldstart_v1
2026-02-16 04:00:00+00:00,ETH,0.0002053839411196,return_1h_ahead,hourly_ridge_coldstart_v1
2026-02-16 06:00:00+00:00,ETH,-0.0004551926154921,return_1h_ahead,hourly_ridge_coldstart_v1
2026-02-16 07:00:00+00:00,ETH,-6.602549474198554e-05,return_1h_ahead,hourly_ridge_coldstart_v1
2026-02-16 08:00:00+00:00,ETH,-0.0001668530091581,return_1h_ahead,hourly_ridge_coldstart_v1
2026-02-16 09:00:00+00:00,ETH,-3.68178630147247e-05,return_1h_ahead,hourly_ridge_coldstart_v1
2026-02-16 10:00:00+00:00,ETH,-0.0004137502831193,return_1h_ahead,hourly_ridge_coldstart_v1
2026-02-16 11:00:00+00:00,ETH,-0.0006868389396482,return_1h_ahead,hourly_ridge_coldstart_v1
2026-02-16 13:00:00+00:00,ETH,-0.0008065785135863,return_1h_ahead,hourly_ridge_coldstart_v1
2026-02-16 14:00:00+00:00,ETH,-0.0032951722231145,return_1h_ahead,hourly_ridge_coldstart_v1
2026-02-16 15:00:00+00:00,ETH,-0.0031806571538085,return_1h_ahead,hourly_ridge_coldstart_v1
2026-02-16 16:00:00+00:00,ETH,-0.0026107064537149,return_1h_ahead,hourly_ridge_coldstart_v1
2026-02-16 17:00:00+00:00,ETH,-0.0028211178979468,return_1h_ahead,hourly_ridge_coldstart_v1
2026-02-16 18:00:00+00:00,ETH,-0.0031066102532148,return_1h_ahead,hourly_ridge_coldstart_v1
2026-02-16 19:00:00+00:00,ETH,-0.002155002722009,return_1h_ahead,hourly_ridge_coldstart_v1
2026-02-16 20:00:00+00:00,ETH,-0.0010362135387929,return_1h_ahead,hourly_ridge_coldstart_v1
2026-02-16 21:00:00+00:00,ETH,-0.0003668186910388,return_1h_ahead,hourly_ridge_coldstart_v1
2026-02-16 22:00:00+00:00,ETH,-0.0001151683318889,return_1h_ahead,hourly_ridge_coldstart_v1
2026-02-16 23:00:00+00:00,ETH,0.0001530888488321,return_1h_ahead,hourly_ridge_coldstart_v1
2026-02-17 02:00:00+00:00,ETH,-0.0003403302604377,return_1h_ahead,hourly_ridge_coldstart_v1
2026-02-17 04:00:00+00:00,ETH,4.309938810614889e-06,return_1h_ahead,hourly_ridge_coldstart_v1
2026-02-17 05:00:00+00:00,ETH,-0.0005360161338914,return_1h_ahead,hourly_ridge_coldstart_v1
2026-02-17 07:00:00+00:00,ETH,-0.0001853370828071,return_1h_ahead,hourly_ridge_coldstart_v1
2026-02-17 08:00:00+00:00,ETH,-0.0002982749169619,return_1h_ahead,hourly_ridge_coldstart_v1
2026-02-17 09:00:00+00:00,ETH,-0.0002049361080967,return_1h_ahead,hourly_ridge_coldstart_v1
2026-02-17 10:00:00+00:00,ETH,-0.0003091747357066,return_1h_ahead,hourly_ridge_coldstart_v1
2026-02-17 11:00:00+00:00,ETH,-2.040165639587339e-05,return_1h_ahead,hourly_ridge_coldstart_v1
2026-02-17 13:00:00+00:00,ETH,0.0001896390147282,return_1h_ahead,hourly_ridge_coldstart_v1
2026-02-17 14:00:00+00:00,ETH,5.591778147911168e-05,return_1h_ahead,hourly_ridge_coldstart_v1
2026-02-17 15:00:00+00:00,ETH,0.0001578050560843,return_1h_ahead,hourly_ridge_coldstart_v1
2026-02-17 16:00:00+00:00,ETH,-0.0003065077458294,return_1h_ahead,hourly_ridge_coldstart_v1
2026-02-17 17:00:00+00:00,ETH,-0.0016925399960875,return_1h_ahead,hourly_ridge_coldstart_v1
2026-02-17 19:00:00+00:00,ETH,-0.0014284611015503,return_1h_ahead,hourly_ridge_coldstart_v1
2026-02-17 20:00:00+00:00,ETH,-0.0021806882802211,return_1h_ahead,hourly_ridge_coldstart_v1
2026-02-17 21:00:00+00:00,ETH,-0.0019850526985123,return_1h_ahead,hourly_ridge_coldstart_v1
2026-02-17 22:00:00+00:00,ETH,-0.0019015965109083,return_1h_ahead,hourly_ridge_coldstart_v1
2026-02-17 23:00:00+00:00,ETH,-0.0019019114046086,return_1h_ahead,hourly_ridge_coldstart_v1
2026-02-18 02:00:00+00:00,ETH,-0.0014538569769699,return_1h_ahead,hourly_ridge_coldstart_v1
2026-02-18 04:00:00+00:00,ETH,8.377925098843308e-05,return_1h_ahead,hourly_ridge_coldstart_v1
2026-02-18 06:00:00+00:00,ETH,-2.666360815406282e-05,return_1h_ahead,hourly_ridge_coldstart_v1
2026-02-18 07:00:00+00:00,ETH,-0.0002269342141228,return_1h_ahead,hourly_ridge_coldstart_v1
2026-02-18 08:00:00+00:00,ETH,-0.0005415840447681,return_1h_ahead,hourly_ridge_coldstart_v1
2026-02-18 09:00:00+00:00,ETH,-0.0005361598781574,return_1h_ahead,hourly_ridge_coldstart_v1
2026-02-18 10:00:00+00:00,ETH,-0.0010075752477685,return_1h_ahead,hourly_ridge_coldstart_v1
2026-02-18 11:00:00+00:00,ETH,-0.0013526236985598,return_1h_ahead,hourly_ridge_coldstart_v1
2026-02-18 13:00:00+00:00,ETH,-0.0010505783195806,return_1h_ahead,hourly_ridge_coldstart_v1
2026-02-18 14:00:00+00:00,ETH,-0.0004733976237486,return_1h_ahead,hourly_ridge_coldstart_v1
2026-02-18 15:00:00+00:00,ETH,-0.0006857916896329,return_1h_ahead,hourly_ridge_coldstart_v1
2026-02-18 17:00:00+00:00,ETH,-0.001502018170612,return_1h_ahead,hourly_ridge_coldstart_v1
2026-02-18 18:00:00+00:00,ETH,-0.001510791654964,return_1h_ahead,hourly_ridge_coldstart_v1
2026-02-18 19:00:00+00:00,ETH,-0.0014394662370544,return_1h_ahead,hourly_ridge_coldstart_v1
2026-02-18 20:00:00+00:00,ETH,-0.0011993383533739,return_1h_ahead,hourly_ridge_coldstart_v1
2026-02-18 21:00:00+00:00,ETH,-0.0014132165798152,return_1h_ahead,hourly_ridge_coldstart_v1
2026-02-18 22:00:00+00:00,ETH,-0.0006831881563901,return_1h_ahead,hourly_ridge_coldstart_v1
2026-02-18 23:00:00+00:00,ETH,-0.0005085836595248,return_1h_ahead,hourly_ridge_coldstart_v1
2026-02-19 02:00:00+00:00,ETH,-0.0003741745112425,return_1h_ahead,hourly_ridge_coldstart_v1
2026-02-19 04:00:00+00:00,ETH,-0.0001074729190598,return_1h_ahead,hourly_ridge_coldstart_v1
2026-02-19 05:00:00+00:00,ETH,-0.0001586658704488,return_1h_ahead,hourly_ridge_coldstart_v1
2026-02-19 07:00:00+00:00,ETH,8.797234149315289e-05,return_1h_ahead,hourly_ridge_coldstart_v1
2026-02-19 08:00:00+00:00,ETH,-0.0005940280920782,return_1h_ahead,hourly_ridge_coldstart_v1
2026-02-19 09:00:00+00:00,ETH,-0.0003418848474446,return_1h_ahead,hourly_ridge_coldstart_v1
2026-02-19 10:00:00+00:00,ETH,-0.0003250987498843,return_1h_ahead,hourly_ridge_coldstart_v1
2026-02-19 11:00:00+00:00,ETH,-0.0003366238071506,return_1h_ahead,hourly_ridge_coldstart_v1
2026-02-19 13:00:00+00:00,ETH,-0.0005655098239019,return_1h_ahead,hourly_ridge_coldstart_v1
2026-02-19 14:00:00+00:00,ETH,-9.726890177120204e-05,return_1h_ahead,hourly_ridge_coldstart_v1
2026-02-19 15:00:00+00:00,ETH,3.529445263416618e-05,return_1h_ahead,hourly_ridge_coldstart_v1
2026-02-19 16:00:00+00:00,ETH,0.0002620954909664,return_1h_ahead,hourly_ridge_coldstart_v1
2026-02-19 17:00:00+00:00,ETH,0.0002006435396841,return_1h_ahead,hourly_ridge_coldstart_v1
2026-02-19 18:00:00+00:00,ETH,-0.0003265967728747,return_1h_ahead,hourly_ridge_coldstart_v1
2026-02-19 19:00:00+00:00,ETH,-0.0006442607945634,return_1h_ahead,hourly_ridge_coldstart_v1
2026-02-19 20:00:00+00:00,ETH,-0.0003247738807697,return_1h_ahead,hourly_ridge_coldstart_v1
2026-02-19 21:00:00+00:00,ETH,-0.0003299459941103,return_1h_ahead,hourly_ridge_coldstart_v1
2026-02-19 22:00:00+00:00,ETH,-0.0004965799217783,return_1h_ahead,hourly_ridge_coldstart_v1
2026-02-19 23:00:00+00:00,ETH,-0.000252906850848,return_1h_ahead,hourly_ridge_coldstart_v1
2026-02-20 02:00:00+00:00,ETH,2.007007281580489e-05,return_1h_ahead,hourly_ridge_coldstart_v1
2026-02-20 04:00:00+00:00,ETH,-0.000361461665599,return_1h_ahead,hourly_ridge_coldstart_v1
2026-02-20 05:00:00+00:00,ETH,-0.0001383649923373,return_1h_ahead,hourly_ridge_coldstart_v1
2026-02-20 06:00:00+00:00,ETH,-0.0003794472933135,return_1h_ahead,hourly_ridge_coldstart_v1
2026-02-20 07:00:00+00:00,ETH,-0.0001403628972933,return_1h_ahead,hourly_ridge_coldstart_v1
2026-02-20 08:00:00+00:00,ETH,-0.0003665459157071,return_1h_ahead,hourly_ridge_coldstart_v1
2026-02-20 09:00:00+00:00,ETH,-0.000184256377272,return_1h_ahead,hourly_ridge_coldstart_v1
2026-02-20 10:00:00+00:00,ETH,-1.888038492849466e-05,return_1h_ahead,hourly_ridge_coldstart_v1
2026-02-20 11:00:00+00:00,ETH,-0.0003385276990349,return_1h_ahead,hourly_ridge_coldstart_v1
2026-02-20 12:00:00+00:00,ETH,-0.0002052868812129,return_1h_ahead,hourly_ridge_coldstart_v1
2026-02-20 14:00:00+00:00,ETH,-0.0003679550653627,return_1h_ahead,hourly_ridge_coldstart_v1
2026-02-20 15:00:00+00:00,ETH,-0.0002530049150832,return_1h_ahead,hourly_ridge_coldstart_v1
2026-02-20 16:00:00+00:00,ETH,-0.0003415643595788,return_1h_ahead,hourly_ridge_coldstart_v1
2026-02-20 17:00:00+00:00,ETH,-0.0007323890292787,return_1h_ahead,hourly_ridge_coldstart_v1
2026-02-20 18:00:00+00:00,ETH,-0.0006268615747283,return_1h_ahead,hourly_ridge_coldstart_v1
2026-02-20 19:00:00+00:00,ETH,-0.0011815864677564,return_1h_ahead,hourly_ridge_coldstart_v1
2026-02-20 20:00:00+00:00,ETH,-0.0009697189231975,return_1h_ahead,hourly_ridge_coldstart_v1
2026-02-20 21:00:00+00:00,ETH,-0.0007645913006968,return_1h_ahead,hourly_ridge_coldstart_v1
2026-02-20 22:00:00+00:00,ETH,-0.0008033006212252,return_1h_ahead,hourly_ridge_coldstart_v1
2026-02-20 23:00:00+00:00,ETH,-0.0006901201166147,return_1h_ahead,hourly_ridge_coldstart_v1
2026-02-21 01:00:00+00:00,ETH,0.0003495842314842,return_1h_ahead,hourly_ridge_coldstart_v1
2026-02-21 04:00:00+00:00,ETH,0.000274501053154,return_1h_ahead,hourly_ridge_coldstart_v1
2026-02-21 05:00:00+00:00,ETH,0.0004144694463955,return_1h_ahead,hourly_ridge_coldstart_v1
2026-02-21 06:00:00+00:00,ETH,0.0004652113831662,return_1h_ahead,hourly_ridge_coldstart_v1
2026-02-21 07:00:00+00:00,ETH,0.0004796203041207,return_1h_ahead,hourly_ridge_coldstart_v1
2026-02-21 08:00:00+00:00,ETH,0.0004703971303668,return_1h_ahead,hourly_ridge_coldstart_v1
2026-02-21 09:00:00+00:00,ETH,0.0003484591875634,return_1h_ahead,hourly_ridge_coldstart_v1
2026-02-21 10:00:00+00:00,ETH,0.000200499339965,return_1h_ahead,hourly_ridge_coldstart_v1
2026-02-21 11:00:00+00:00,ETH,0.0002241802967605,return_1h_ahead,hourly_ridge_coldstart_v1
2026-02-21 12:00:00+00:00,ETH,-0.0005843382842796,return_1h_ahead,hourly_ridge_coldstart_v1
2026-02-21 13:00:00+00:00,ETH,-0.0003101966603898,return_1h_ahead,hourly_ridge_coldstart_v1
2026-02-21 14:00:00+00:00,ETH,-0.0002822121321217,return_1h_ahead,hourly_ridge_coldstart_v1
2026-02-21 15:00:00+00:00,ETH,-0.0005098862126263,return_1h_ahead,hourly_ridge_coldstart_v1
2026-02-21 16:00:00+00:00,ETH,-0.0007483803570143,return_1h_ahead,hourly_ridge_coldstart_v1
2026-02-21 17:00:00+00:00,ETH,-0.0003361438883135,return_1h_ahead,hourly_ridge_coldstart_v1
2026-02-21 18:00:00+00:00,ETH,-3.5803630533631e-05,return_1h_ahead,hourly_ridge_coldstart_v1
2026-02-21 19:00:00+00:00,ETH,-0.0001483603679595,return_1h_ahead,hourly_ridge_coldstart_v1
2026-02-21 20:00:00+00:00,ETH,0.0001912745934565,return_1h_ahead,hourly_ridge_coldstart_v1
2026-02-21 21:00:00+00:00,ETH,-0.0001477458146716,return_1h_ahead,hourly_ridge_coldstart_v1
2026-02-21 22:00:00+00:00,ETH,0.0001590359060189,return_1h_ahead,hourly_ridge_coldstart_v1
2026-02-21 23:00:00+00:00,ETH,0.0001615421863616,return_1h_ahead,hourly_ridge_coldstart_v1
2026-02-22 02:00:00+00:00,ETH,0.0003463640375205,return_1h_ahead,hourly_ridge_coldstart_v1
2026-02-22 04:00:00+00:00,ETH,0.0002086143152443,return_1h_ahead,hourly_ridge_coldstart_v1
2026-02-22 05:00:00+00:00,ETH,0.0002831217472358,return_1h_ahead,hourly_ridge_coldstart_v1
2026-02-22 06:00:00+00:00,ETH,0.0005208751219672,return_1h_ahead,hourly_ridge_coldstart_v1
2026-02-22 07:00:00+00:00,ETH,0.0004671864749484,return_1h_ahead,hourly_ridge_coldstart_v1
2026-02-22 08:00:00+00:00,ETH,0.000385835155174,return_1h_ahead,hourly_ridge_coldstart_v1
2026-02-22 09:00:00+00:00,ETH,0.0004712804677531,return_1h_ahead,hourly_ridge_coldstart_v1
2026-02-22 10:00:00+00:00,ETH,0.0005865648649392,return_1h_ahead,hourly_ridge_coldstart_v1
2026-02-22 11:00:00+00:00,ETH,0.0005502644181953,return_1h_ahead,hourly_ridge_coldstart_v1
2026-02-22 12:00:00+00:00,ETH,-0.0003179422354958,return_1h_ahead,hourly_ridge_coldstart_v1
2026-02-22 13:00:00+00:00,ETH,-0.0006073506847309,return_1h_ahead,hourly_ridge_coldstart_v1
2026-02-22 14:00:00+00:00,ETH,-0.0003436961798464,return_1h_ahead,hourly_ridge_coldstart_v1
2026-02-22 15:00:00+00:00,ETH,-0.0003888916829149,return_1h_ahead,hourly_ridge_coldstart_v1
2026-02-22 16:00:00+00:00,ETH,-0.0002828379731356,return_1h_ahead,hourly_ridge_coldstart_v1
2026-02-22 17:00:00+00:00,ETH,-0.0002162269585774,return_1h_ahead,hourly_ridge_coldstart_v1
2026-02-22 18:00:00+00:00,ETH,-0.0001164947550546,return_1h_ahead,hourly_ridge_coldstart_v1
2026-02-22 19:00:00+00:00,ETH,0.000504103283731,return_1h_ahead,hourly_ridge_coldstart_v1
2026-02-22 20:00:00+00:00,ETH,0.0005375726897512,return_1h_ahead,hourly_ridge_coldstart_v1
2026-02-22 21:00:00+00:00,ETH,0.0005014181921983,return_1h_ahead,hourly_ridge_coldstart_v1
2026-02-22 22:00:00+00:00,ETH,0.0003213515129243,return_1h_ahead,hourly_ridge_coldstart_v1
2026-02-22 23:00:00+00:00,ETH,9.019594142460616e-05,return_1h_ahead,hourly_ridge_coldstart_v1
2026-02-23 02:00:00+00:00,ETH,-0.0054345299232013,return_1h_ahead,hourly_ridge_coldstart_v1
2026-02-23 04:00:00+00:00,ETH,-0.0039629675292467,return_1h_ahead,hourly_ridge_coldstart_v1
2026-02-23 06:00:00+00:00,ETH,-0.0038677484151545,return_1h_ahead,hourly_ridge_coldstart_v1
2026-02-23 07:00:00+00:00,ETH,-0.0039659683444925,return_1h_ahead,hourly_ridge_coldstart_v1
2026-02-23 08:00:00+00:00,ETH,-0.0041918857653799,return_1h_ahead,hourly_ridge_coldstart_v1
2026-02-23 09:00:00+00:00,ETH,-0.0041226134003573,return_1h_ahead,hourly_ridge_coldstart_v1
2026-02-23 10:00:00+00:00,ETH,-0.00119431549572,return_1h_ahead,hourly_ridge_coldstart_v1
2026-02-23 11:00:00+00:00,ETH,-0.0011756712677771,return_1h_ahead,hourly_ridge_coldstart_v1
2026-02-23 13:00:00+00:00,ETH,-0.0010215435660641,return_1h_ahead,hourly_ridge_coldstart_v1
2026-02-23 14:00:00+00:00,ETH,-0.0016409600874964,return_1h_ahead,hourly_ridge_coldstart_v1
2026-02-23 15:00:00+00:00,ETH,-0.0013536636976572,return_1h_ahead,hourly_ridge_coldstart_v1
2026-02-23 16:00:00+00:00,ETH,-0.0007506072713144,return_1h_ahead,hourly_ridge_coldstart_v1
2026-02-23 18:00:00+00:00,ETH,-0.0011952552145047,return_1h_ahead,hourly_ridge_coldstart_v1
2026-02-23 19:00:00+00:00,ETH,-0.0008222071862211,return_1h_ahead,hourly_ridge_coldstart_v1
2026-02-23 20:00:00+00:00,ETH,-0.0004745273475968,return_1h_ahead,hourly_ridge_coldstart_v1
2026-02-23 21:00:00+00:00,ETH,-0.0006355227288286,return_1h_ahead,hourly_ridge_coldstart_v1
2026-02-23 22:00:00+00:00,ETH,-0.0007663244564509,return_1h_ahead,hourly_ridge_coldstart_v1
2026-02-23 23:00:00+00:00,ETH,-0.0006957451888251,return_1h_ahead,hourly_ridge_coldstart_v1
2026-02-24 02:00:00+00:00,ETH,-0.0007935881464468,return_1h_ahead,hourly_ridge_coldstart_v1
2026-02-24 04:00:00+00:00,ETH,-0.0006674499704037,return_1h_ahead,hourly_ridge_coldstart_v1
2026-02-24 05:00:00+00:00,ETH,-0.0005002895604399,return_1h_ahead,hourly_ridge_coldstart_v1
2026-02-24 07:00:00+00:00,ETH,-0.0002485215609968,return_1h_ahead,hourly_ridge_coldstart_v1
2026-02-24 08:00:00+00:00,ETH,-0.0002510504054425,return_1h_ahead,hourly_ridge_coldstart_v1
2026-02-24 09:00:00+00:00,ETH,-0.000466714451393,return_1h_ahead,hourly_ridge_coldstart_v1
2026-02-24 10:00:00+00:00,ETH,0.0001208639963836,return_1h_ahead,hourly_ridge_coldstart_v1
2026-02-24 11:00:00+00:00,ETH,0.0003040127365035,return_1h_ahead,hourly_ridge_coldstart_v1
2026-02-24 13:00:00+00:00,ETH,0.0003612125344401,return_1h_ahead,hourly_ridge_coldstart_v1
2026-02-24 14:00:00+00:00,ETH,0.0002412746968554,return_1h_ahead,hourly_ridge_coldstart_v1
2026-02-24 15:00:00+00:00,ETH,9.362905183518196e-05,return_1h_ahead,hourly_ridge_coldstart_v1
2026-02-24 17:00:00+00:00,ETH,0.000215162989311,return_1h_ahead,hourly_ridge_coldstart_v1
2026-02-24 19:00:00+00:00,ETH,-0.000356021999854,return_1h_ahead,hourly_ridge_coldstart_v1
2026-02-24 20:00:00+00:00,ETH,-0.0001249183748095,return_1h_ahead,hourly_ridge_coldstart_v1
2026-02-24 21:00:00+00:00,ETH,-0.0007035523976086,return_1h_ahead,hourly_ridge_coldstart_v1
2026-02-24 22:00:00+00:00,ETH,-0.0003366240296873,return_1h_ahead,hourly_ridge_coldstart_v1
2026-02-24 23:00:00+00:00,ETH,-0.0004083180866017,return_1h_ahead,hourly_ridge_coldstart_v1
2026-02-25 02:00:00+00:00,ETH,-0.0015783070419904,return_1h_ahead,hourly_ridge_coldstart_v1
2026-02-25 04:00:00+00:00,ETH,-0.0028985895967008,return_1h_ahead,hourly_ridge_coldstart_v1
2026-02-25 06:00:00+00:00,ETH,-0.0033754721177137,return_1h_ahead,hourly_ridge_coldstart_v1
2026-02-25 07:00:00+00:00,ETH,-0.0029135947183124,return_1h_ahead,hourly_ridge_coldstart_v1
2026-02-25 08:00:00+00:00,ETH,-0.0026784716578174,return_1h_ahead,hourly_ridge_coldstart_v1
2026-02-25 09:00:00+00:00,ETH,-0.0027871718850475,return_1h_ahead,hourly_ridge_coldstart_v1
2026-02-25 10:00:00+00:00,ETH,-0.0008066417130668,return_1h_ahead,hourly_ridge_coldstart_v1
2026-02-25 11:00:00+00:00,ETH,-0.0006028585763504,return_1h_ahead,hourly_ridge_coldstart_v1
2026-02-25 13:00:00+00:00,ETH,-0.0001250733426111,return_1h_ahead,hourly_ridge_coldstart_v1
2026-02-25 14:00:00+00:00,ETH,-0.0002438501462005,return_1h_ahead,hourly_ridge_coldstart_v1
2026-02-25 16:00:00+00:00,ETH,-0.0003957139988174,return_1h_ahead,hourly_ridge_coldstart_v1
2026-02-25 17:00:00+00:00,ETH,-0.0006101280186897,return_1h_ahead,hourly_ridge_coldstart_v1
2026-02-25 19:00:00+00:00,ETH,-0.0018282226331012,return_1h_ahead,hourly_ridge_coldstart_v1
2026-02-25 20:00:00+00:00,ETH,-0.001735136998619,return_1h_ahead,hourly_ridge_coldstart_v1
2026-02-25 21:00:00+00:00,ETH,-0.0017244251471032,return_1h_ahead,hourly_ridge_coldstart_v1
2026-02-25 22:00:00+00:00,ETH,-0.0014774761461878,return_1h_ahead,hourly_ridge_coldstart_v1
2026-02-25 23:00:00+00:00,ETH,-0.0028881216925444,return_1h_ahead,hourly_ridge_coldstart_v1
2026-02-26 02:00:00+00:00,ETH,-0.0014766187808641,return_1h_ahead,hourly_ridge_coldstart_v1
2026-02-26 04:00:00+00:00,ETH,-0.0011969906886841,return_1h_ahead,hourly_ridge_coldstart_v1
2026-02-26 05:00:00+00:00,ETH,-0.00176574530784,return_1h_ahead,hourly_ridge_coldstart_v1
2026-02-26 07:00:00+00:00,ETH,-0.001591564664298,return_1h_ahead,hourly_ridge_coldstart_v1
2026-02-26 08:00:00+00:00,ETH,-0.0013446116780864,return_1h_ahead,hourly_ridge_coldstart_v1
2026-02-26 09:00:00+00:00,ETH,-0.0008055998818027,return_1h_ahead,hourly_ridge_coldstart_v1
2026-02-26 10:00:00+00:00,ETH,-0.0009368903586795,return_1h_ahead,hourly_ridge_coldstart_v1
2026-02-26 11:00:00+00:00,ETH,-0.0006971242104472,return_1h_ahead,hourly_ridge_coldstart_v1
2026-02-26 13:00:00+00:00,ETH,-0.0004225020107481,return_1h_ahead,hourly_ridge_coldstart_v1
2026-02-26 14:00:00+00:00,ETH,-0.0008161215887892,return_1h_ahead,hourly_ridge_coldstart_v1
2026-02-26 15:00:00+00:00,ETH,-0.0012375991148022,return_1h_ahead,hourly_ridge_coldstart_v1
2026-02-26 16:00:00+00:00,ETH,-0.0022328613980906,return_1h_ahead,hourly_ridge_coldstart_v1
2026-02-26 17:00:00+00:00,ETH,-0.0015185147864194,return_1h_ahead,hourly_ridge_coldstart_v1
2026-02-26 19:00:00+00:00,ETH,-0.0017660555403177,return_1h_ahead,hourly_ridge_coldstart_v1
2026-02-26 20:00:00+00:00,ETH,-0.0020273614474246,return_1h_ahead,hourly_ridge_coldstart_v1
2026-02-26 21:00:00+00:00,ETH,-0.0023625444291474,return_1h_ahead,hourly_ridge_coldstart_v1
2026-02-26 22:00:00+00:00,ETH,-0.0022222843547557,return_1h_ahead,hourly_ridge_coldstart_v1
2026-02-26 23:00:00+00:00,ETH,-0.0002397987845667,return_1h_ahead,hourly_ridge_coldstart_v1
2026-02-27 02:00:00+00:00,ETH,-0.0007667642534317,return_1h_ahead,hourly_ridge_coldstart_v1
2026-02-27 04:00:00+00:00,ETH,-0.0004166905673141,return_1h_ahead,hourly_ridge_coldstart_v1
2026-02-27 05:00:00+00:00,ETH,-0.0005850423957431,return_1h_ahead,hourly_ridge_coldstart_v1
2026-02-27 06:00:00+00:00,ETH,-0.0007460313437158,return_1h_ahead,hourly_ridge_coldstart_v1
2026-02-27 07:00:00+00:00,ETH,-0.0009522028449477,return_1h_ahead,hourly_ridge_coldstart_v1
2026-02-27 08:00:00+00:00,ETH,-0.0006976526271822,return_1h_ahead,hourly_ridge_coldstart_v1
2026-02-27 09:00:00+00:00,ETH,-0.000722208302864,return_1h_ahead,hourly_ridge_coldstart_v1
2026-02-27 10:00:00+00:00,ETH,-0.0013845805368923,return_1h_ahead,hourly_ridge_coldstart_v1
2026-02-27 11:00:00+00:00,ETH,-0.0012244022208445,return_1h_ahead,hourly_ridge_coldstart_v1
2026-02-27 12:00:00+00:00,ETH,-0.0011642571298182,return_1h_ahead,hourly_ridge_coldstart_v1
2026-02-27 14:00:00+00:00,ETH,-0.0010288886922486,return_1h_ahead,hourly_ridge_coldstart_v1
2026-02-27 15:00:00+00:00,ETH,-0.0010499963960342,return_1h_ahead,hourly_ridge_coldstart_v1
2026-02-27 16:00:00+00:00,ETH,-0.0008016890725372,return_1h_ahead,hourly_ridge_coldstart_v1
2026-02-27 17:00:00+00:00,ETH,-0.0006769037954588,return_1h_ahead,hourly_ridge_coldstart_v1
2026-02-27 18:00:00+00:00,ETH,-0.0005445777677958,return_1h_ahead,hourly_ridge_coldstart_v1
2026-02-27 19:00:00+00:00,ETH,-0.000703354438082,return_1h_ahead,hourly_ridge_coldstart_v1
2026-02-27 20:00:00+00:00,ETH,-0.0005763962844385,return_1h_ahead,hourly_ridge_coldstart_v1
2026-02-27 21:00:00+00:00,ETH,-0.0005286143582506,return_1h_ahead,hourly_ridge_coldstart_v1
2026-02-27 22:00:00+00:00,ETH,-0.0010163257486253,return_1h_ahead,hourly_ridge_coldstart_v1
2026-02-27 23:00:00+00:00,ETH,-0.0002729244870353,return_1h_ahead,hourly_ridge_coldstart_v1
2026-02-28 01:00:00+00:00,ETH,-0.0004916808868248,return_1h_ahead,hourly_ridge_coldstart_v1
2026-02-28 03:00:00+00:00,ETH,-0.0004736730745724,return_1h_ahead,hourly_ridge_coldstart_v1
2026-02-28 04:00:00+00:00,ETH,-0.0003889584420813,return_1h_ahead,hourly_ridge_coldstart_v1
2026-02-28 05:00:00+00:00,ETH,-0.0004394774554382,return_1h_ahead,hourly_ridge_coldstart_v1
2026-02-28 06:00:00+00:00,ETH,-0.0034567403116774,return_1h_ahead,hourly_ridge_coldstart_v1
2026-02-28 07:00:00+00:00,ETH,-0.002277694829357,return_1h_ahead,hourly_ridge_coldstart_v1
2026-02-28 08:00:00+00:00,ETH,-0.0021493060155172,return_1h_ahead,hourly_ridge_coldstart_v1
2026-02-28 09:00:00+00:00,ETH,-0.0023208109859187,return_1h_ahead,hourly_ridge_coldstart_v1
2026-02-28 10:00:00+00:00,ETH,-0.0023585610025809,return_1h_ahead,hourly_ridge_coldstart_v1
2026-02-28 11:00:00+00:00,ETH,-0.0023506287413793,return_1h_ahead,hourly_ridge_coldstart_v1
2026-02-28 12:00:00+00:00,ETH,-0.0002239679587372,return_1h_ahead,hourly_ridge_coldstart_v1
2026-02-28 13:00:00+00:00,ETH,4.059967938601451e-05,return_1h_ahead,hourly_ridge_coldstart_v1
2026-02-28 14:00:00+00:00,ETH,-0.0002855597841006,return_1h_ahead,hourly_ridge_coldstart_v1
2026-02-28 15:00:00+00:00,ETH,-0.0014589583771589,return_1h_ahead,hourly_ridge_coldstart_v1
2026-02-28 16:00:00+00:00,ETH,-0.0009643097178554,return_1h_ahead,hourly_ridge_coldstart_v1
2026-02-28 17:00:00+00:00,ETH,-0.0013886043850545,return_1h_ahead,hourly_ridge_coldstart_v1
2026-02-28 18:00:00+00:00,ETH,-0.0011267313150371,return_1h_ahead,hourly_ridge_coldstart_v1
2026-02-28 19:00:00+00:00,ETH,-0.0010173811345025,return_1h_ahead,hourly_ridge_coldstart_v1
2026-02-28 20:00:00+00:00,ETH,-0.0008977997035996,return_1h_ahead,hourly_ridge_coldstart_v1
2026-02-28 21:00:00+00:00,ETH,-0.0016837474986384,return_1h_ahead,hourly_ridge_coldstart_v1
2026-02-28 22:00:00+00:00,ETH,-0.0011451501297817,return_1h_ahead,hourly_ridge_coldstart_v1
2026-02-28 23:00:00+00:00,ETH,-0.0013909090451346,return_1h_ahead,hourly_ridge_coldstart_v1
2026-03-01 02:00:00+00:00,ETH,-0.0019756658669514,return_1h_ahead,hourly_ridge_coldstart_v1
2026-03-01 04:00:00+00:00,ETH,-0.004345555163785,return_1h_ahead,hourly_ridge_coldstart_v1
2026-03-01 05:00:00+00:00,ETH,-0.0038368286717048,return_1h_ahead,hourly_ridge_coldstart_v1
2026-03-01 06:00:00+00:00,ETH,-0.0041656662109643,return_1h_ahead,hourly_ridge_coldstart_v1
2026-03-01 07:00:00+00:00,ETH,-0.003745210998787,return_1h_ahead,hourly_ridge_coldstart_v1
2026-03-01 08:00:00+00:00,ETH,-0.0036878303824575,return_1h_ahead,hourly_ridge_coldstart_v1
2026-03-01 09:00:00+00:00,ETH,-0.0010878046153127,return_1h_ahead,hourly_ridge_coldstart_v1
2026-03-01 10:00:00+00:00,ETH,-0.0006515306212801,return_1h_ahead,hourly_ridge_coldstart_v1
2026-03-01 11:00:00+00:00,ETH,-0.0005348139911233,return_1h_ahead,hourly_ridge_coldstart_v1
2026-03-01 12:00:00+00:00,ETH,-0.0005712790011917,return_1h_ahead,hourly_ridge_coldstart_v1
2026-03-01 13:00:00+00:00,ETH,-0.0003816387320461,return_1h_ahead,hourly_ridge_coldstart_v1
2026-03-01 14:00:00+00:00,ETH,-0.0008381368402391,return_1h_ahead,hourly_ridge_coldstart_v1
2026-03-01 15:00:00+00:00,ETH,-0.0011287624643193,return_1h_ahead,hourly_ridge_coldstart_v1
2026-03-01 16:00:00+00:00,ETH,-0.0010988466211579,return_1h_ahead,hourly_ridge_coldstart_v1
2026-03-01 17:00:00+00:00,ETH,-0.0029353320316861,return_1h_ahead,hourly_ridge_coldstart_v1
2026-03-01 18:00:00+00:00,ETH,-0.0021036404074281,return_1h_ahead,hourly_ridge_coldstart_v1
2026-03-01 19:00:00+00:00,ETH,-0.0026326807646511,return_1h_ahead,hourly_ridge_coldstart_v1
2026-03-01 20:00:00+00:00,ETH,-0.002431571705517,return_1h_ahead,hourly_ridge_coldstart_v1
2026-03-01 21:00:00+00:00,ETH,-0.0019232249337323,return_1h_ahead,hourly_ridge_coldstart_v1
2026-03-01 22:00:00+00:00,ETH,-0.0019987692869418,return_1h_ahead,hourly_ridge_coldstart_v1
2026-03-01 23:00:00+00:00,ETH,-0.0016718310381298,return_1h_ahead,hourly_ridge_coldstart_v1
2026-03-02 02:00:00+00:00,ETH,-0.0014148325895742,return_1h_ahead,hourly_ridge_coldstart_v1
2026-03-02 04:00:00+00:00,ETH,-0.0016841282511614,return_1h_ahead,hourly_ridge_coldstart_v1
2026-03-02 05:00:00+00:00,ETH,-0.0008373320212213,return_1h_ahead,hourly_ridge_coldstart_v1
2026-03-02 06:00:00+00:00,ETH,-0.0022345945371839,return_1h_ahead,hourly_ridge_coldstart_v1
2026-03-02 07:00:00+00:00,ETH,-0.0016391124271323,return_1h_ahead,hourly_ridge_coldstart_v1
2026-03-02 08:00:00+00:00,ETH,-0.0015057438384594,return_1h_ahead,hourly_ridge_coldstart_v1
2026-03-02 09:00:00+00:00,ETH,-0.0008492422450236,return_1h_ahead,hourly_ridge_coldstart_v1
2026-03-02 10:00:00+00:00,ETH,-0.0009627230587169,return_1h_ahead,hourly_ridge_coldstart_v1
2026-03-02 11:00:00+00:00,ETH,-0.001154484330817,return_1h_ahead,hourly_ridge_coldstart_v1
2026-03-02 12:00:00+00:00,ETH,-0.0001652835069559,return_1h_ahead,hourly_ridge_coldstart_v1
2026-03-02 14:00:00+00:00,ETH,-0.0005584247353883,return_1h_ahead,hourly_ridge_coldstart_v1
2026-03-02 15:00:00+00:00,ETH,-0.0038119521631229,return_1h_ahead,hourly_ridge_coldstart_v1
2026-03-02 16:00:00+00:00,ETH,-0.0053892008848311,return_1h_ahead,hourly_ridge_coldstart_v1
2026-03-02 17:00:00+00:00,ETH,-0.0073133672028406,return_1h_ahead,hourly_ridge_coldstart_v1
2026-03-02 18:00:00+00:00,ETH,-0.0065260954210009,return_1h_ahead,hourly_ridge_coldstart_v1
2026-03-02 19:00:00+00:00,ETH,-0.00636319471932,return_1h_ahead,hourly_ridge_coldstart_v1
2026-03-02 20:00:00+00:00,ETH,-0.0062586856888369,return_1h_ahead,hourly_ridge_coldstart_v1
2026-03-02 21:00:00+00:00,ETH,-0.0020508610299799,return_1h_ahead,hourly_ridge_coldstart_v1
2026-03-02 22:00:00+00:00,ETH,-0.0014152518154389,return_1h_ahead,hourly_ridge_coldstart_v1
2026-03-02 23:00:00+00:00,ETH,0.0001898526769256,return_1h_ahead,hourly_ridge_coldstart_v1
2026-03-03 02:00:00+00:00,ETH,-0.001366279015823,return_1h_ahead,hourly_ridge_coldstart_v1
2026-03-03 04:00:00+00:00,ETH,-0.0008716747670751,return_1h_ahead,hourly_ridge_coldstart_v1
2026-03-03 05:00:00+00:00,ETH,-0.0009293036496209,return_1h_ahead,hourly_ridge_coldstart_v1
2026-03-03 06:00:00+00:00,ETH,-0.000703952630191,return_1h_ahead,hourly_ridge_coldstart_v1
2026-03-03 07:00:00+00:00,ETH,-0.000590664946542,return_1h_ahead,hourly_ridge_coldstart_v1
2026-03-03 08:00:00+00:00,ETH,-0.0012375940095462,return_1h_ahead,hourly_ridge_coldstart_v1
2026-03-03 09:00:00+00:00,ETH,-0.0008152207923505,return_1h_ahead,hourly_ridge_coldstart_v1
2026-03-03 10:00:00+00:00,ETH,-0.0005903036137862,return_1h_ahead,hourly_ridge_coldstart_v1
2026-03-03 11:00:00+00:00,ETH,-0.0006504966793597,return_1h_ahead,hourly_ridge_coldstart_v1
2026-03-03 12:00:00+00:00,ETH,-0.0007528711824748,return_1h_ahead,hourly_ridge_coldstart_v1
2026-03-03 14:00:00+00:00,ETH,-0.0011644114085631,return_1h_ahead,hourly_ridge_coldstart_v1
2026-03-03 15:00:00+00:00,ETH,-0.0005694392080964,return_1h_ahead,hourly_ridge_coldstart_v1
2026-03-03 16:00:00+00:00,ETH,-0.0002458524800132,return_1h_ahead,hourly_ridge_coldstart_v1
2026-03-03 17:00:00+00:00,ETH,-0.000666616913905,return_1h_ahead,hourly_ridge_coldstart_v1
2026-03-03 18:00:00+00:00,ETH,-0.0004811468698129,return_1h_ahead,hourly_ridge_coldstart_v1
2026-03-03 19:00:00+00:00,ETH,-0.0008822516453215,return_1h_ahead,hourly_ridge_coldstart_v1
2026-03-03 20:00:00+00:00,ETH,-0.0005992446617238,return_1h_ahead,hourly_ridge_coldstart_v1
2026-03-03 21:00:00+00:00,ETH,-0.0012562973661789,return_1h_ahead,hourly_ridge_coldstart_v1
2026-03-03 22:00:00+00:00,ETH,-0.0007435941465679,return_1h_ahead,hourly_ridge_coldstart_v1
2026-03-03 23:00:00+00:00,ETH,-0.0008666531297977,return_1h_ahead,hourly_ridge_coldstart_v1
2026-03-04 02:00:00+00:00,ETH,-0.0008165126776825,return_1h_ahead,hourly_ridge_coldstart_v1
2026-03-04 04:00:00+00:00,ETH,-0.0015863606648114,return_1h_ahead,hourly_ridge_coldstart_v1
2026-03-04 05:00:00+00:00,ETH,-0.0011613601789713,return_1h_ahead,hourly_ridge_coldstart_v1
2026-03-04 06:00:00+00:00,ETH,-0.0009874466161729,return_1h_ahead,hourly_ridge_coldstart_v1
2026-03-04 07:00:00+00:00,ETH,-0.0009877685165386,return_1h_ahead,hourly_ridge_coldstart_v1
2026-03-04 08:00:00+00:00,ETH,-0.0010090745778192,return_1h_ahead,hourly_ridge_coldstart_v1
2026-03-04 09:00:00+00:00,ETH,-0.001912075828004,return_1h_ahead,hourly_ridge_coldstart_v1
2026-03-04 10:00:00+00:00,ETH,-0.0025354604684552,return_1h_ahead,hourly_ridge_coldstart_v1
2026-03-04 11:00:00+00:00,ETH,-0.0028575335992569,return_1h_ahead,hourly_ridge_coldstart_v1
2026-03-04 12:00:00+00:00,ETH,-0.0034218044192148,return_1h_ahead,hourly_ridge_coldstart_v1
2026-03-04 13:00:00+00:00,ETH,-0.0028620083004712,return_1h_ahead,hourly_ridge_coldstart_v1
2026-03-04 14:00:00+00:00,ETH,-0.0029224716202695,return_1h_ahead,hourly_ridge_coldstart_v1
2026-03-04 15:00:00+00:00,ETH,-0.0013911957268808,return_1h_ahead,hourly_ridge_coldstart_v1
2026-03-04 16:00:00+00:00,ETH,-0.0018212129247736,return_1h_ahead,hourly_ridge_coldstart_v1
2026-03-04 17:00:00+00:00,ETH,-0.002279990314334,return_1h_ahead,hourly_ridge_coldstart_v1
2026-03-04 18:00:00+00:00,ETH,-0.0013081836851221,return_1h_ahead,hourly_ridge_coldstart_v1
2026-03-04 19:00:00+00:00,ETH,-0.0013041108815195,return_1h_ahead,hourly_ridge_coldstart_v1
2026-03-04 20:00:00+00:00,ETH,-0.0019021962170018,return_1h_ahead,hourly_ridge_coldstart_v1
2026-03-04 21:00:00+00:00,ETH,-0.001520739118908,return_1h_ahead,hourly_ridge_coldstart_v1
2026-03-04 22:00:00+00:00,ETH,-0.0008089067306503,return_1h_ahead,hourly_ridge_coldstart_v1
2026-03-04 23:00:00+00:00,ETH,-0.0017292667267721,return_1h_ahead,hourly_ridge_coldstart_v1
2026-03-05 02:00:00+00:00,ETH,-0.0011334457305048,return_1h_ahead,hourly_ridge_coldstart_v1
2026-03-05 04:00:00+00:00,ETH,-0.0007606600359761,return_1h_ahead,hourly_ridge_coldstart_v1
2026-03-05 05:00:00+00:00,ETH,-0.0013558180524662,return_1h_ahead,hourly_ridge_coldstart_v1
2026-03-05 06:00:00+00:00,ETH,-0.0009589559592241,return_1h_ahead,hourly_ridge_coldstart_v1
2026-03-05 07:00:00+00:00,ETH,-0.0012814896305533,return_1h_ahead,hourly_ridge_coldstart_v1
2026-03-05 08:00:00+00:00,ETH,-0.0010233991233017,return_1h_ahead,hourly_ridge_coldstart_v1
2026-03-05 09:00:00+00:00,ETH,-0.00085591915986,return_1h_ahead,hourly_ridge_coldstart_v1
2026-03-05 10:00:00+00:00,ETH,-0.0010809109233973,return_1h_ahead,hourly_ridge_coldstart_v1
2026-03-05 11:00:00+00:00,ETH,-0.0014657241037179,return_1h_ahead,hourly_ridge_coldstart_v1
2026-03-05 13:00:00+00:00,ETH,-0.0014805196914829,return_1h_ahead,hourly_ridge_coldstart_v1
2026-03-05 14:00:00+00:00,ETH,-0.0018273471336387,return_1h_ahead,hourly_ridge_coldstart_v1
2026-03-05 15:00:00+00:00,ETH,-0.0026491982663461,return_1h_ahead,hourly_ridge_coldstart_v1
2026-03-05 18:00:00+00:00,ETH,-0.0020625530999812,return_1h_ahead,hourly_ridge_coldstart_v1
2026-03-05 19:00:00+00:00,ETH,-0.0010575174533493,return_1h_ahead,hourly_ridge_coldstart_v1
2026-03-05 20:00:00+00:00,ETH,-0.0014668308214195,return_1h_ahead,hourly_ridge_coldstart_v1
2026-03-05 21:00:00+00:00,ETH,-0.0016939649435018,return_1h_ahead,hourly_ridge_coldstart_v1
2026-03-05 22:00:00+00:00,ETH,-0.0017326901321254,return_1h_ahead,hourly_ridge_coldstart_v1
2026-03-05 23:00:00+00:00,ETH,-0.0009397398074531,return_1h_ahead,hourly_ridge_coldstart_v1
2026-03-06 02:00:00+00:00,ETH,-0.0003371436801948,return_1h_ahead,hourly_ridge_coldstart_v1
2026-03-06 04:00:00+00:00,ETH,-0.0009207584964713,return_1h_ahead,hourly_ridge_coldstart_v1
2026-03-06 05:00:00+00:00,ETH,-0.0004346469264305,return_1h_ahead,hourly_ridge_coldstart_v1
2026-03-06 06:00:00+00:00,ETH,-0.0004947957546521,return_1h_ahead,hourly_ridge_coldstart_v1
2026-03-06 07:00:00+00:00,ETH,-0.0006073826721432,return_1h_ahead,hourly_ridge_coldstart_v1
2026-03-06 08:00:00+00:00,ETH,-0.0007270113350269,return_1h_ahead,hourly_ridge_coldstart_v1
2026-03-06 09:00:00+00:00,ETH,-0.0014882613690108,return_1h_ahead,hourly_ridge_coldstart_v1
2026-03-06 10:00:00+00:00,ETH,-0.0008249413549809,return_1h_ahead,hourly_ridge_coldstart_v1
2026-03-06 11:00:00+00:00,ETH,-0.0010005942196213,return_1h_ahead,hourly_ridge_coldstart_v1
2026-03-06 12:00:00+00:00,ETH,-0.0012401802175189,return_1h_ahead,hourly_ridge_coldstart_v1
2026-03-06 13:00:00+00:00,ETH,-0.0009872637120018,return_1h_ahead,hourly_ridge_coldstart_v1
2026-03-06 14:00:00+00:00,ETH,-0.0028418915773884,return_1h_ahead,hourly_ridge_coldstart_v1
2026-03-06 15:00:00+00:00,ETH,-0.0019492434438561,return_1h_ahead,hourly_ridge_coldstart_v1
2026-03-06 16:00:00+00:00,ETH,-0.0019820043357372,return_1h_ahead,hourly_ridge_coldstart_v1
2026-03-06 17:00:00+00:00,ETH,-0.0016912746910956,return_1h_ahead,hourly_ridge_coldstart_v1
2026-03-06 18:00:00+00:00,ETH,-0.0017407729352815,return_1h_ahead,hourly_ridge_coldstart_v1
2026-03-06 19:00:00+00:00,ETH,-0.0019086224801231,return_1h_ahead,hourly_ridge_coldstart_v1
2026-03-06 20:00:00+00:00,ETH,-0.0006569074170645,return_1h_ahead,hourly_ridge_coldstart_v1
2026-03-06 21:00:00+00:00,ETH,-0.0003600959937239,return_1h_ahead,hourly_ridge_coldstart_v1
2026-03-06 22:00:00+00:00,ETH,-4.573639156280692e-05,return_1h_ahead,hourly_ridge_coldstart_v1
2026-03-06 23:00:00+00:00,ETH,-0.0001037922356372,return_1h_ahead,hourly_ridge_coldstart_v1
2026-03-07 01:00:00+00:00,ETH,-0.0001945838692309,return_1h_ahead,hourly_ridge_coldstart_v1
2026-03-07 04:00:00+00:00,ETH,-8.556691521135118e-05,return_1h_ahead,hourly_ridge_coldstart_v1
2026-03-07 05:00:00+00:00,ETH,8.457913192183852e-05,return_1h_ahead,hourly_ridge_coldstart_v1
2026-03-07 06:00:00+00:00,ETH,0.0001699326034573,return_1h_ahead,hourly_ridge_coldstart_v1
2026-03-07 07:00:00+00:00,ETH,0.0004879246086972,return_1h_ahead,hourly_ridge_coldstart_v1
2026-03-07 08:00:00+00:00,ETH,0.0003250138334337,return_1h_ahead,hourly_ridge_coldstart_v1
2026-03-07 09:00:00+00:00,ETH,0.000170376379721,return_1h_ahead,hourly_ridge_coldstart_v1
2026-03-07 10:00:00+00:00,ETH,0.0002370692563126,return_1h_ahead,hourly_ridge_coldstart_v1
2026-03-07 11:00:00+00:00,ETH,0.000427293777944,return_1h_ahead,hourly_ridge_coldstart_v1
2026-03-07 12:00:00+00:00,ETH,4.704976270185829e-05,return_1h_ahead,hourly_ridge_coldstart_v1
2026-03-07 13:00:00+00:00,ETH,7.185497951217706e-05,return_1h_ahead,hourly_ridge_coldstart_v1
2026-03-07 15:00:00+00:00,ETH,0.0003658677345868,return_1h_ahead,hourly_ridge_coldstart_v1
2026-03-07 16:00:00+00:00,ETH,9.569664845285204e-05,return_1h_ahead,hourly_ridge_coldstart_v1
2026-03-07 17:00:00+00:00,ETH,0.0002331141416384,return_1h_ahead,hourly_ridge_coldstart_v1
2026-03-07 18:00:00+00:00,ETH,0.0001487398031839,return_1h_ahead,hourly_ridge_coldstart_v1
2026-03-07 19:00:00+00:00,ETH,0.0001499005500311,return_1h_ahead,hourly_ridge_coldstart_v1
2026-03-07 20:00:00+00:00,ETH,0.0002246372482492,return_1h_ahead,hourly_ridge_coldstart_v1
2026-03-07 21:00:00+00:00,ETH,0.0003020383050533,return_1h_ahead,hourly_ridge_coldstart_v1
2026-03-07 22:00:00+00:00,ETH,0.0002928302909148,return_1h_ahead,hourly_ridge_coldstart_v1
2026-03-07 23:00:00+00:00,ETH,0.0003423675709239,return_1h_ahead,hourly_ridge_coldstart_v1
2026-03-08 02:00:00+00:00,ETH,0.000335841423816,return_1h_ahead,hourly_ridge_coldstart_v1
2026-03-08 04:00:00+00:00,ETH,-0.0006765283654319,return_1h_ahead,hourly_ridge_coldstart_v1
2026-03-08 05:00:00+00:00,ETH,-0.0003128792950475,return_1h_ahead,hourly_ridge_coldstart_v1
2026-03-08 06:00:00+00:00,ETH,-0.0003680808944474,return_1h_ahead,hourly_ridge_coldstart_v1
2026-03-08 07:00:00+00:00,ETH,-0.000327267182327,return_1h_ahead,hourly_ridge_coldstart_v1
2026-03-08 08:00:00+00:00,ETH,-0.0004602621982722,return_1h_ahead,hourly_ridge_coldstart_v1
2026-03-08 09:00:00+00:00,ETH,-0.0004811243559286,return_1h_ahead,hourly_ridge_coldstart_v1
2026-03-08 10:00:00+00:00,ETH,0.0001014506171744,return_1h_ahead,hourly_ridge_coldstart_v1
2026-03-08 11:00:00+00:00,ETH,-0.0009316680570185,return_1h_ahead,hourly_ridge_coldstart_v1
2026-03-08 12:00:00+00:00,ETH,-0.001016966516007,return_1h_ahead,hourly_ridge_coldstart_v1
2026-03-08 13:00:00+00:00,ETH,-0.0009373341021152,return_1h_ahead,hourly_ridge_coldstart_v1
2026-03-08 14:00:00+00:00,ETH,-0.0007684424541577,return_1h_ahead,hourly_ridge_coldstart_v1
2026-03-08 15:00:00+00:00,ETH,-0.000780412259005,return_1h_ahead,hourly_ridge_coldstart_v1
2026-03-08 16:00:00+00:00,ETH,-0.000530977301669,return_1h_ahead,hourly_ridge_coldstart_v1
2026-03-08 17:00:00+00:00,ETH,-0.0003356830330354,return_1h_ahead,hourly_ridge_coldstart_v1
2026-03-08 18:00:00+00:00,ETH,-0.0002088020408388,return_1h_ahead,hourly_ridge_coldstart_v1
2026-03-08 19:00:00+00:00,ETH,-8.540068744931369e-05,return_1h_ahead,hourly_ridge_coldstart_v1
2026-03-08 20:00:00+00:00,ETH,-0.0001799921344653,return_1h_ahead,hourly_ridge_coldstart_v1
2026-03-08 21:00:00+00:00,ETH,-0.0003118899404765,return_1h_ahead,hourly_ridge_coldstart_v1
2026-03-08 22:00:00+00:00,ETH,-0.0013576330404942,return_1h_ahead,hourly_ridge_coldstart_v1
2026-03-08 23:00:00+00:00,ETH,-0.0010635593623944,return_1h_ahead,hourly_ridge_coldstart_v1
2026-03-09 02:00:00+00:00,ETH,-0.0015609288668661,return_1h_ahead,hourly_ridge_coldstart_v1
2026-03-09 04:00:00+00:00,ETH,-0.0015015716141333,return_1h_ahead,hourly_ridge_coldstart_v1
2026-03-09 05:00:00+00:00,ETH,-0.0018913901985483,return_1h_ahead,hourly_ridge_coldstart_v1
2026-03-09 07:00:00+00:00,ETH,-0.0034276378036395,return_1h_ahead,hourly_ridge_coldstart_v1
2026-03-09 08:00:00+00:00,ETH,-0.0021176557870072,return_1h_ahead,hourly_ridge_coldstart_v1
2026-03-09 09:00:00+00:00,ETH,-0.0020244273131137,return_1h_ahead,hourly_ridge_coldstart_v1
2026-03-09 10:00:00+00:00,ETH,-0.0026174230187191,return_1h_ahead,hourly_ridge_coldstart_v1
2026-03-09 11:00:00+00:00,ETH,-0.0020831551238143,return_1h_ahead,hourly_ridge_coldstart_v1
2026-03-09 13:00:00+00:00,ETH,-0.0014243492852674,return_1h_ahead,hourly_ridge_coldstart_v1
2026-03-09 14:00:00+00:00,ETH,-0.000724756491651,return_1h_ahead,hourly_ridge_coldstart_v1
2026-03-09 15:00:00+00:00,ETH,-0.0011243191643427,return_1h_ahead,hourly_ridge_coldstart_v1
2026-03-09 17:00:00+00:00,ETH,-0.0009767355234235,return_1h_ahead,hourly_ridge_coldstart_v1
2026-03-09 18:00:00+00:00,ETH,-0.0012220291948501,return_1h_ahead,hourly_ridge_coldstart_v1
2026-03-09 19:00:00+00:00,ETH,-0.0006168662031967,return_1h_ahead,hourly_ridge_coldstart_v1
2026-03-09 20:00:00+00:00,ETH,-0.0009829426115525,return_1h_ahead,hourly_ridge_coldstart_v1
2026-03-09 21:00:00+00:00,ETH,-0.0003358501823671,return_1h_ahead,hourly_ridge_coldstart_v1
2026-03-09 22:00:00+00:00,ETH,-0.0005130881948688,return_1h_ahead,hourly_ridge_coldstart_v1
2026-03-09 23:00:00+00:00,ETH,-0.0010903502962459,return_1h_ahead,hourly_ridge_coldstart_v1
2026-03-10 04:00:00+00:00,ETH,-0.0010045166188827,return_1h_ahead,hourly_ridge_coldstart_v1
2026-03-10 05:00:00+00:00,ETH,-0.001303619747971,return_1h_ahead,hourly_ridge_coldstart_v1
2026-03-10 06:00:00+00:00,ETH,-0.0013399740519234,return_1h_ahead,hourly_ridge_coldstart_v1
2026-03-10 07:00:00+00:00,ETH,-0.0013006283178428,return_1h_ahead,hourly_ridge_coldstart_v1
2026-03-10 08:00:00+00:00,ETH,-0.001099085323072,return_1h_ahead,hourly_ridge_coldstart_v1
2026-03-10 09:00:00+00:00,ETH,-0.0006811589297986,return_1h_ahead,hourly_ridge_coldstart_v1
2026-03-10 10:00:00+00:00,ETH,-0.0003583102083304,return_1h_ahead,hourly_ridge_coldstart_v1
2026-03-10 11:00:00+00:00,ETH,-9.706601159705994e-05,return_1h_ahead,hourly_ridge_coldstart_v1
2026-03-10 13:00:00+00:00,ETH,-0.000703552291064,return_1h_ahead,hourly_ridge_coldstart_v1
2026-03-10 14:00:00+00:00,ETH,-0.0008999009823018,return_1h_ahead,hourly_ridge_coldstart_v1
2026-03-10 16:00:00+00:00,ETH,-0.0011702974495621,return_1h_ahead,hourly_ridge_coldstart_v1
2026-03-10 17:00:00+00:00,ETH,-0.0018429415748215,return_1h_ahead,hourly_ridge_coldstart_v1
2026-03-10 18:00:00+00:00,ETH,-0.0031531073772541,return_1h_ahead,hourly_ridge_coldstart_v1
2026-03-10 19:00:00+00:00,ETH,-0.002719386050961,return_1h_ahead,hourly_ridge_coldstart_v1
2026-03-10 20:00:00+00:00,ETH,-0.0023878393421415,return_1h_ahead,hourly_ridge_coldstart_v1
2026-03-10 21:00:00+00:00,ETH,-0.0026257157478546,return_1h_ahead,hourly_ridge_coldstart_v1
2026-03-10 22:00:00+00:00,ETH,-0.0014207589541538,return_1h_ahead,hourly_ridge_coldstart_v1
2026-03-10 23:00:00+00:00,ETH,-0.0012329606231126,return_1h_ahead,hourly_ridge_coldstart_v1
2026-03-11 01:00:00+00:00,ETH,-0.0002642145446844,return_1h_ahead,hourly_ridge_coldstart_v1
2026-03-11 04:00:00+00:00,ETH,-0.0005233115607635,return_1h_ahead,hourly_ridge_coldstart_v1
2026-03-11 05:00:00+00:00,ETH,-1.13399024644644e-05,return_1h_ahead,hourly_ridge_coldstart_v1
2026-03-11 06:00:00+00:00,ETH,4.095537294949796e-05,return_1h_ahead,hourly_ridge_coldstart_v1
2026-03-11 07:00:00+00:00,ETH,-0.0003568384038405,return_1h_ahead,hourly_ridge_coldstart_v1
2026-03-11 08:00:00+00:00,ETH,-0.000209286011023,return_1h_ahead,hourly_ridge_coldstart_v1
2026-03-11 09:00:00+00:00,ETH,-0.0004120998536458,return_1h_ahead,hourly_ridge_coldstart_v1
2026-03-11 10:00:00+00:00,ETH,-0.0002140598592976,return_1h_ahead,hourly_ridge_coldstart_v1
2026-03-11 11:00:00+00:00,ETH,-0.0001503837924187,return_1h_ahead,hourly_ridge_coldstart_v1
2026-03-11 13:00:00+00:00,ETH,-0.0001686138412616,return_1h_ahead,hourly_ridge_coldstart_v1
2026-03-11 14:00:00+00:00,ETH,-0.0001257662343214,return_1h_ahead,hourly_ridge_coldstart_v1
2026-03-11 15:00:00+00:00,ETH,-0.0010888708083861,return_1h_ahead,hourly_ridge_coldstart_v1
2026-03-11 16:00:00+00:00,ETH,-0.0008167854858678,return_1h_ahead,hourly_ridge_coldstart_v1
2026-03-11 17:00:00+00:00,ETH,-0.0013648814551166,return_1h_ahead,hourly_ridge_coldstart_v1
2026-03-11 18:00:00+00:00,ETH,-0.0011733165595103,return_1h_ahead,hourly_ridge_coldstart_v1
2026-03-11 19:00:00+00:00,ETH,-0.0013852221600362,return_1h_ahead,hourly_ridge_coldstart_v1
2026-03-11 20:00:00+00:00,ETH,-0.0010891222562693,return_1h_ahead,hourly_ridge_coldstart_v1
2026-03-11 21:00:00+00:00,ETH,-0.0007811787081801,return_1h_ahead,hourly_ridge_coldstart_v1
2026-03-11 22:00:00+00:00,ETH,0.000318428178199,return_1h_ahead,hourly_ridge_coldstart_v1
2026-03-11 23:00:00+00:00,ETH,-0.0002115013284097,return_1h_ahead,hourly_ridge_coldstart_v1
2026-03-12 02:00:00+00:00,ETH,-0.0001147460157712,return_1h_ahead,hourly_ridge_coldstart_v1
2026-03-12 04:00:00+00:00,ETH,-0.0005330786644827,return_1h_ahead,hourly_ridge_coldstart_v1
2026-03-12 05:00:00+00:00,ETH,-0.0002763460214166,return_1h_ahead,hourly_ridge_coldstart_v1
2026-03-12 06:00:00+00:00,ETH,-0.0003291390786028,return_1h_ahead,hourly_ridge_coldstart_v1
2026-03-12 07:00:00+00:00,ETH,-0.0003801268482761,return_1h_ahead,hourly_ridge_coldstart_v1
2026-03-12 08:00:00+00:00,ETH,-0.0004348334608425,return_1h_ahead,hourly_ridge_coldstart_v1
2026-03-12 09:00:00+00:00,ETH,-0.0003327509574428,return_1h_ahead,hourly_ridge_coldstart_v1
2026-03-12 10:00:00+00:00,ETH,0.000383630911893,return_1h_ahead,hourly_ridge_coldstart_v1
2026-03-12 11:00:00+00:00,ETH,0.0001180684319808,return_1h_ahead,hourly_ridge_coldstart_v1
2026-03-12 13:00:00+00:00,ETH,-0.0001832690515351,return_1h_ahead,hourly_ridge_coldstart_v1
2026-03-12 14:00:00+00:00,ETH,3.212183894083133e-05,return_1h_ahead,hourly_ridge_coldstart_v1
2026-03-12 15:00:00+00:00,ETH,-0.0004681242211373,return_1h_ahead,hourly_ridge_coldstart_v1
2026-03-12 17:00:00+00:00,ETH,-0.0003699213167501,return_1h_ahead,hourly_ridge_coldstart_v1
2026-03-12 18:00:00+00:00,ETH,-0.000629999181958,return_1h_ahead,hourly_ridge_coldstart_v1
2026-03-12 19:00:00+00:00,ETH,-0.0003809604135388,return_1h_ahead,hourly_ridge_coldstart_v1
2026-03-12 20:00:00+00:00,ETH,-0.0006390457792115,return_1h_ahead,hourly_ridge_coldstart_v1
2026-03-12 21:00:00+00:00,ETH,-0.0004494438081447,return_1h_ahead,hourly_ridge_coldstart_v1
2026-03-12 22:00:00+00:00,ETH,-0.0003422328870682,return_1h_ahead,hourly_ridge_coldstart_v1
2026-03-12 23:00:00+00:00,ETH,-0.0004184983304826,return_1h_ahead,hourly_ridge_coldstart_v1
2026-03-13 02:00:00+00:00,ETH,-0.0004638957920508,return_1h_ahead,hourly_ridge_coldstart_v1
2026-03-13 04:00:00+00:00,ETH,-0.0014445287709199,return_1h_ahead,hourly_ridge_coldstart_v1
2026-03-13 05:00:00+00:00,ETH,-0.0013222690967637,return_1h_ahead,hourly_ridge_coldstart_v1
2026-03-13 06:00:00+00:00,ETH,-0.0018115191611379,return_1h_ahead,hourly_ridge_coldstart_v1
2026-03-13 07:00:00+00:00,ETH,-0.0014750419146543,return_1h_ahead,hourly_ridge_coldstart_v1
2026-03-13 08:00:00+00:00,ETH,-0.0013526082698243,return_1h_ahead,hourly_ridge_coldstart_v1
2026-03-13 09:00:00+00:00,ETH,-0.0003055852949704,return_1h_ahead,hourly_ridge_coldstart_v1
2026-03-13 10:00:00+00:00,ETH,-0.0003581245886711,return_1h_ahead,hourly_ridge_coldstart_v1
2026-03-13 11:00:00+00:00,ETH,-0.0007593885015196,return_1h_ahead,hourly_ridge_coldstart_v1
2026-03-13 12:00:00+00:00,ETH,-0.0001602182727501,return_1h_ahead,hourly_ridge_coldstart_v1
2026-03-13 14:00:00+00:00,ETH,-0.0005090579345946,return_1h_ahead,hourly_ridge_coldstart_v1
2026-03-13 15:00:00+00:00,ETH,-0.0030718583815178,return_1h_ahead,hourly_ridge_coldstart_v1
2026-03-13 16:00:00+00:00,ETH,-0.0028175339067449,return_1h_ahead,hourly_ridge_coldstart_v1
2026-03-13 17:00:00+00:00,ETH,-0.002539725034893,return_1h_ahead,hourly_ridge_coldstart_v1
2026-03-13 18:00:00+00:00,ETH,-0.0027663737728199,return_1h_ahead,hourly_ridge_coldstart_v1
2026-03-13 19:00:00+00:00,ETH,-0.0023101603895064,return_1h_ahead,hourly_ridge_coldstart_v1
2026-03-13 20:00:00+00:00,ETH,-0.0009578746573194,return_1h_ahead,hourly_ridge_coldstart_v1
2026-03-13 21:00:00+00:00,ETH,-0.00035521175053,return_1h_ahead,hourly_ridge_coldstart_v1
2026-03-13 22:00:00+00:00,ETH,-0.0007570470479374,return_1h_ahead,hourly_ridge_coldstart_v1
2026-03-13 23:00:00+00:00,ETH,-0.0005127908310635,return_1h_ahead,hourly_ridge_coldstart_v1
2026-03-14 02:00:00+00:00,ETH,-0.0004890449745815,return_1h_ahead,hourly_ridge_coldstart_v1
2026-03-14 04:00:00+00:00,ETH,-0.0004216041280214,return_1h_ahead,hourly_ridge_coldstart_v1
2026-03-14 05:00:00+00:00,ETH,-0.0007037094774719,return_1h_ahead,hourly_ridge_coldstart_v1
2026-03-14 06:00:00+00:00,ETH,-0.0008571364968627,return_1h_ahead,hourly_ridge_coldstart_v1
2026-03-14 07:00:00+00:00,ETH,-0.000279684544229,return_1h_ahead,hourly_ridge_coldstart_v1
2026-03-14 08:00:00+00:00,ETH,-0.0002282049280944,return_1h_ahead,hourly_ridge_coldstart_v1
2026-03-14 09:00:00+00:00,ETH,-0.0002440651170973,return_1h_ahead,hourly_ridge_coldstart_v1
2026-03-14 10:00:00+00:00,ETH,-0.0001540994393239,return_1h_ahead,hourly_ridge_coldstart_v1
2026-03-14 11:00:00+00:00,ETH,3.0131581314278262e-05,return_1h_ahead,hourly_ridge_coldstart_v1
2026-03-14 12:00:00+00:00,ETH,0.0002744976542476,return_1h_ahead,hourly_ridge_coldstart_v1
2026-03-14 13:00:00+00:00,ETH,0.0002708918349051,return_1h_ahead,hourly_ridge_coldstart_v1
2026-03-14 14:00:00+00:00,ETH,0.0001598448649043,return_1h_ahead,hourly_ridge_coldstart_v1
2026-03-14 15:00:00+00:00,ETH,0.0002128533152921,return_1h_ahead,hourly_ridge_coldstart_v1
2026-03-14 16:00:00+00:00,ETH,0.0004895710895633,return_1h_ahead,hourly_ridge_coldstart_v1
2026-03-14 17:00:00+00:00,ETH,0.0005593269358265,return_1h_ahead,hourly_ridge_coldstart_v1
2026-03-14 18:00:00+00:00,ETH,0.0005895450491843,return_1h_ahead,hourly_ridge_coldstart_v1
2026-03-14 19:00:00+00:00,ETH,0.0007255705312607,return_1h_ahead,hourly_ridge_coldstart_v1
2026-03-14 20:00:00+00:00,ETH,0.0007386983551542,return_1h_ahead,hourly_ridge_coldstart_v1
2026-03-14 21:00:00+00:00,ETH,0.0006998863757356,return_1h_ahead,hourly_ridge_coldstart_v1
2026-03-14 22:00:00+00:00,ETH,0.0007362665851054,return_1h_ahead,hourly_ridge_coldstart_v1
2026-03-14 23:00:00+00:00,ETH,0.0006922566905156,return_1h_ahead,hourly_ridge_coldstart_v1
2026-03-15 02:00:00+00:00,ETH,0.0006113098948697,return_1h_ahead,hourly_ridge_coldstart_v1
2026-03-15 05:00:00+00:00,ETH,0.0006360922055865,return_1h_ahead,hourly_ridge_coldstart_v1
2026-03-15 06:00:00+00:00,ETH,0.000555956372503,return_1h_ahead,hourly_ridge_coldstart_v1
2026-03-15 07:00:00+00:00,ETH,0.0003548277703845,return_1h_ahead,hourly_ridge_coldstart_v1
2026-03-15 08:00:00+00:00,ETH,0.0004332377125359,return_1h_ahead,hourly_ridge_coldstart_v1
2026-03-15 09:00:00+00:00,ETH,0.0004611947178831,return_1h_ahead,hourly_ridge_coldstart_v1
2026-03-15 10:00:00+00:00,ETH,0.0003804467473585,return_1h_ahead,hourly_ridge_coldstart_v1
2026-03-15 11:00:00+00:00,ETH,0.000354771833754,return_1h_ahead,hourly_ridge_coldstart_v1
2026-03-15 12:00:00+00:00,ETH,6.108485482012076e-05,return_1h_ahead,hourly_ridge_coldstart_v1
2026-03-15 13:00:00+00:00,ETH,-0.0005400459101933,return_1h_ahead,hourly_ridge_coldstart_v1
2026-03-15 14:00:00+00:00,ETH,-0.0002216516464499,return_1h_ahead,hourly_ridge_coldstart_v1
2026-03-15 15:00:00+00:00,ETH,-3.144615259115718e-05,return_1h_ahead,hourly_ridge_coldstart_v1
2026-03-15 16:00:00+00:00,ETH,-1.386886565360023e-05,return_1h_ahead,hourly_ridge_coldstart_v1
2026-03-15 17:00:00+00:00,ETH,-1.7936632313046025e-05,return_1h_ahead,hourly_ridge_coldstart_v1
2026-03-15 18:00:00+00:00,ETH,-0.0001572623858615,return_1h_ahead,hourly_ridge_coldstart_v1
2026-03-15 19:00:00+00:00,ETH,0.0001810027984011,return_1h_ahead,hourly_ridge_coldstart_v1
2026-03-15 20:00:00+00:00,ETH,0.0001494323745234,return_1h_ahead,hourly_ridge_coldstart_v1
2026-03-15 21:00:00+00:00,ETH,0.0001586429847563,return_1h_ahead,hourly_ridge_coldstart_v1
2026-03-15 22:00:00+00:00,ETH,4.804760071493888e-05,return_1h_ahead,hourly_ridge_coldstart_v1
2026-03-15 23:00:00+00:00,ETH,-0.0003039835573491,return_1h_ahead,hourly_ridge_coldstart_v1
2026-03-16 02:00:00+00:00,ETH,-0.0009862056074621,return_1h_ahead,hourly_ridge_coldstart_v1
2026-03-16 05:00:00+00:00,ETH,-0.001726730024829,return_1h_ahead,hourly_ridge_coldstart_v1
2026-03-16 07:00:00+00:00,ETH,-0.0030186016418104,return_1h_ahead,hourly_ridge_coldstart_v1
2026-03-16 08:00:00+00:00,ETH,-0.0037945027285963,return_1h_ahead,hourly_ridge_coldstart_v1
2026-03-16 10:00:00+00:00,ETH,-0.0031638354290273,return_1h_ahead,hourly_ridge_coldstart_v1
2026-03-16 11:00:00+00:00,ETH,-0.003233282624346,return_1h_ahead,hourly_ridge_coldstart_v1
2026-03-16 13:00:00+00:00,ETH,-0.0032766591817551,return_1h_ahead,hourly_ridge_coldstart_v1
2026-03-16 15:00:00+00:00,ETH,-0.0004245144807376,return_1h_ahead,hourly_ridge_coldstart_v1
2026-03-16 16:00:00+00:00,ETH,-0.0006039532853706,return_1h_ahead,hourly_ridge_coldstart_v1
2026-03-16 18:00:00+00:00,ETH,-0.0001799417459586,return_1h_ahead,hourly_ridge_coldstart_v1
2026-03-16 19:00:00+00:00,ETH,-0.0004081137174432,return_1h_ahead,hourly_ridge_coldstart_v1
2026-03-16 20:00:00+00:00,ETH,-0.0008944018000953,return_1h_ahead,hourly_ridge_coldstart_v1
2026-03-16 21:00:00+00:00,ETH,-0.0005595147129601,return_1h_ahead,hourly_ridge_coldstart_v1
2026-03-16 22:00:00+00:00,ETH,-0.0010381573032905,return_1h_ahead,hourly_ridge_coldstart_v1
2026-03-16 23:00:00+00:00,ETH,-0.0012410766267874,return_1h_ahead,hourly_ridge_coldstart_v1
2026-03-17 02:00:00+00:00,ETH,-0.0005984553509656,return_1h_ahead,hourly_ridge_coldstart_v1
2026-03-17 04:00:00+00:00,ETH,-0.0022573432648772,return_1h_ahead,hourly_ridge_coldstart_v1
2026-03-17 05:00:00+00:00,ETH,-0.0016425263914495,return_1h_ahead,hourly_ridge_coldstart_v1
2026-03-17 07:00:00+00:00,ETH,-0.0011799243521418,return_1h_ahead,hourly_ridge_coldstart_v1
2026-03-17 08:00:00+00:00,ETH,-0.001392947416462,return_1h_ahead,hourly_ridge_coldstart_v1
2026-03-17 09:00:00+00:00,ETH,-0.0016502010536544,return_1h_ahead,hourly_ridge_coldstart_v1
2026-03-17 10:00:00+00:00,ETH,-0.0015086089132014,return_1h_ahead,hourly_ridge_coldstart_v1
2026-03-17 11:00:00+00:00,ETH,-0.0002744712425093,return_1h_ahead,hourly_ridge_coldstart_v1
2026-03-17 13:00:00+00:00,ETH,-0.0008353393236677,return_1h_ahead,hourly_ridge_coldstart_v1
2026-03-17 14:00:00+00:00,ETH,-0.0005174742709884,return_1h_ahead,hourly_ridge_coldstart_v1
2026-03-17 16:00:00+00:00,ETH,-0.0014683005887734,return_1h_ahead,hourly_ridge_coldstart_v1
2026-03-17 17:00:00+00:00,ETH,-0.0009669485935161,return_1h_ahead,hourly_ridge_coldstart_v1
2026-03-17 19:00:00+00:00,ETH,-0.001253901112175,return_1h_ahead,hourly_ridge_coldstart_v1
2026-03-17 20:00:00+00:00,ETH,-0.0012006657369909,return_1h_ahead,hourly_ridge_coldstart_v1
2026-03-17 21:00:00+00:00,ETH,-0.0008854417769559,return_1h_ahead,hourly_ridge_coldstart_v1
2026-03-17 22:00:00+00:00,ETH,-0.0010013144557141,return_1h_ahead,hourly_ridge_coldstart_v1
2026-03-17 23:00:00+00:00,ETH,-0.0005181882556977,return_1h_ahead,hourly_ridge_coldstart_v1
2026-03-18 02:00:00+00:00,ETH,4.042734986010367e-06,return_1h_ahead,hourly_ridge_coldstart_v1
2026-03-18 04:00:00+00:00,ETH,-0.0001293643046949,return_1h_ahead,hourly_ridge_coldstart_v1
2026-03-18 06:00:00+00:00,ETH,-0.0001713249979641,return_1h_ahead,hourly_ridge_coldstart_v1
2026-03-18 07:00:00+00:00,ETH,0.0002190882086283,return_1h_ahead,hourly_ridge_coldstart_v1
2026-03-18 08:00:00+00:00,ETH,0.0003652006764862,return_1h_ahead,hourly_ridge_coldstart_v1
2026-03-18 09:00:00+00:00,ETH,0.0003161001247828,return_1h_ahead,hourly_ridge_coldstart_v1
2026-03-18 10:00:00+00:00,ETH,-0.0002972413294164,return_1h_ahead,hourly_ridge_coldstart_v1
2026-03-18 11:00:00+00:00,ETH,-0.0012829154210935,return_1h_ahead,hourly_ridge_coldstart_v1
2026-03-18 13:00:00+00:00,ETH,-0.0018130043414702,return_1h_ahead,hourly_ridge_coldstart_v1
2026-03-18 15:00:00+00:00,ETH,-0.0027375002713531,return_1h_ahead,hourly_ridge_coldstart_v1
2026-03-18 17:00:00+00:00,ETH,-0.0018129193911306,return_1h_ahead,hourly_ridge_coldstart_v1
2026-03-18 18:00:00+00:00,ETH,-0.0023083038218654,return_1h_ahead,hourly_ridge_coldstart_v1
2026-03-18 19:00:00+00:00,ETH,-0.0032395603243323,return_1h_ahead,hourly_ridge_coldstart_v1
2026-03-18 20:00:00+00:00,ETH,-0.002881470850194,return_1h_ahead,hourly_ridge_coldstart_v1
2026-03-18 21:00:00+00:00,ETH,-0.0025439945680498,return_1h_ahead,hourly_ridge_coldstart_v1
2026-03-18 22:00:00+00:00,ETH,-0.0015844748448213,return_1h_ahead,hourly_ridge_coldstart_v1
2026-03-18 23:00:00+00:00,ETH,-0.0014392131991596,return_1h_ahead,hourly_ridge_coldstart_v1
2026-03-19 02:00:00+00:00,ETH,-0.0006492208972381,return_1h_ahead,hourly_ridge_coldstart_v1
2026-03-19 04:00:00+00:00,ETH,-6.204089232462968e-05,return_1h_ahead,hourly_ridge_coldstart_v1
2026-03-19 05:00:00+00:00,ETH,-3.474273965136076e-05,return_1h_ahead,hourly_ridge_coldstart_v1
2026-03-19 07:00:00+00:00,ETH,0.0001044687001051,return_1h_ahead,hourly_ridge_coldstart_v1
2026-03-19 08:00:00+00:00,ETH,-0.000219273106365,return_1h_ahead,hourly_ridge_coldstart_v1
2026-03-19 09:00:00+00:00,ETH,-0.0002282997996964,return_1h_ahead,hourly_ridge_coldstart_v1
2026-03-19 10:00:00+00:00,ETH,-0.0005608496805658,return_1h_ahead,hourly_ridge_coldstart_v1
2026-03-19 11:00:00+00:00,ETH,-0.0006059634652836,return_1h_ahead,hourly_ridge_coldstart_v1
2026-03-19 13:00:00+00:00,ETH,-0.0019019077267574,return_1h_ahead,hourly_ridge_coldstart_v1
2026-03-19 14:00:00+00:00,ETH,-0.0015865027891665,return_1h_ahead,hourly_ridge_coldstart_v1
2026-03-19 15:00:00+00:00,ETH,-0.0013561015192327,return_1h_ahead,hourly_ridge_coldstart_v1
2026-03-19 16:00:00+00:00,ETH,-0.0010461311037191,return_1h_ahead,hourly_ridge_coldstart_v1
2026-03-19 17:00:00+00:00,ETH,-0.0010989464297538,return_1h_ahead,hourly_ridge_coldstart_v1
2026-03-19 19:00:00+00:00,ETH,-0.0013552686474891,return_1h_ahead,hourly_ridge_coldstart_v1
2026-03-19 20:00:00+00:00,ETH,-0.0005770135420808,return_1h_ahead,hourly_ridge_coldstart_v1
2026-03-19 21:00:00+00:00,ETH,-5.606706586634859e-05,return_1h_ahead,hourly_ridge_coldstart_v1
2026-03-19 22:00:00+00:00,ETH,-6.672831520771079e-05,return_1h_ahead,hourly_ridge_coldstart_v1
2026-03-19 23:00:00+00:00,ETH,-0.0003106312462821,return_1h_ahead,hourly_ridge_coldstart_v1
2026-03-20 02:00:00+00:00,ETH,3.237953887077642e-05,return_1h_ahead,hourly_ridge_coldstart_v1
2026-03-20 04:00:00+00:00,ETH,6.355657409854896e-06,return_1h_ahead,hourly_ridge_coldstart_v1
2026-03-20 05:00:00+00:00,ETH,0.0001584295685056,return_1h_ahead,hourly_ridge_coldstart_v1
2026-03-20 06:00:00+00:00,ETH,2.7569219401120664e-05,return_1h_ahead,hourly_ridge_coldstart_v1
2026-03-20 07:00:00+00:00,ETH,2.440784288641073e-05,return_1h_ahead,hourly_ridge_coldstart_v1
2026-03-20 08:00:00+00:00,ETH,2.583805144624541e-06,return_1h_ahead,hourly_ridge_coldstart_v1
2026-03-20 09:00:00+00:00,ETH,-0.0008501076900282,return_1h_ahead,hourly_ridge_coldstart_v1
2026-03-20 10:00:00+00:00,ETH,-0.0006223430509225,return_1h_ahead,hourly_ridge_coldstart_v1
2026-03-20 11:00:00+00:00,ETH,-0.000466610068501,return_1h_ahead,hourly_ridge_coldstart_v1
2026-03-20 12:00:00+00:00,ETH,-0.0007680309838479,return_1h_ahead,hourly_ridge_coldstart_v1
2026-03-20 14:00:00+00:00,ETH,-0.0007419368883351,return_1h_ahead,hourly_ridge_coldstart_v1
2026-03-20 15:00:00+00:00,ETH,-0.0002499017719045,return_1h_ahead,hourly_ridge_coldstart_v1
2026-03-20 16:00:00+00:00,ETH,-6.48696163516017e-05,return_1h_ahead,hourly_ridge_coldstart_v1
2026-03-20 17:00:00+00:00,ETH,-0.000294831741095,return_1h_ahead,hourly_ridge_coldstart_v1
2026-03-20 18:00:00+00:00,ETH,-5.169276864423983e-06,return_1h_ahead,hourly_ridge_coldstart_v1
2026-03-20 19:00:00+00:00,ETH,1.4115515458915822e-05,return_1h_ahead,hourly_ridge_coldstart_v1
2026-03-20 20:00:00+00:00,ETH,0.0002976395021533,return_1h_ahead,hourly_ridge_coldstart_v1
2026-03-20 21:00:00+00:00,ETH,-0.0001294843405313,return_1h_ahead,hourly_ridge_coldstart_v1
2026-03-20 22:00:00+00:00,ETH,-0.0004198989893083,return_1h_ahead,hourly_ridge_coldstart_v1
2026-03-20 23:00:00+00:00,ETH,-0.0006872341390971,return_1h_ahead,hourly_ridge_coldstart_v1
2026-03-21 01:00:00+00:00,ETH,-0.0004780152934454,return_1h_ahead,hourly_ridge_coldstart_v1
2026-03-21 04:00:00+00:00,ETH,-0.0003116482903323,return_1h_ahead,hourly_ridge_coldstart_v1
2026-03-21 05:00:00+00:00,ETH,-0.0004886640970744,return_1h_ahead,hourly_ridge_coldstart_v1
2026-03-21 06:00:00+00:00,ETH,0.0001837789033241,return_1h_ahead,hourly_ridge_coldstart_v1
2026-03-21 07:00:00+00:00,ETH,0.0002574441980604,return_1h_ahead,hourly_ridge_coldstart_v1
2026-03-21 08:00:00+00:00,ETH,0.0002840888575649,return_1h_ahead,hourly_ridge_coldstart_v1
2026-03-21 09:00:00+00:00,ETH,0.0004109893928727,return_1h_ahead,hourly_ridge_coldstart_v1
2026-03-21 10:00:00+00:00,ETH,0.0004734909908958,return_1h_ahead,hourly_ridge_coldstart_v1
2026-03-21 11:00:00+00:00,ETH,0.0005065757218969,return_1h_ahead,hourly_ridge_coldstart_v1
2026-03-21 12:00:00+00:00,ETH,0.0005146919503133,return_1h_ahead,hourly_ridge_coldstart_v1
2026-03-21 13:00:00+00:00,ETH,0.0004481255476461,return_1h_ahead,hourly_ridge_coldstart_v1
2026-03-21 14:00:00+00:00,ETH,0.0006009116582097,return_1h_ahead,hourly_ridge_coldstart_v1
2026-03-21 15:00:00+00:00,ETH,8.353830112992823e-05,return_1h_ahead,hourly_ridge_coldstart_v1
2026-03-21 16:00:00+00:00,ETH,0.0002015240927208,return_1h_ahead,hourly_ridge_coldstart_v1
2026-03-21 17:00:00+00:00,ETH,0.0002134531682252,return_1h_ahead,hourly_ridge_coldstart_v1
2026-03-21 18:00:00+00:00,ETH,0.000259266414353,return_1h_ahead,hourly_ridge_coldstart_v1
2026-03-21 19:00:00+00:00,ETH,0.0001732995807004,return_1h_ahead,hourly_ridge_coldstart_v1
2026-03-21 20:00:00+00:00,ETH,0.000321957628998,return_1h_ahead,hourly_ridge_coldstart_v1
2026-03-21 21:00:00+00:00,ETH,0.000571554766136,return_1h_ahead,hourly_ridge_coldstart_v1
2026-03-21 22:00:00+00:00,ETH,0.0005022223721504,return_1h_ahead,hourly_ridge_coldstart_v1
2026-03-21 23:00:00+00:00,ETH,0.0004457767851113,return_1h_ahead,hourly_ridge_coldstart_v1
2026-03-22 02:00:00+00:00,ETH,-0.00267972508868,return_1h_ahead,hourly_ridge_coldstart_v1
2026-03-22 04:00:00+00:00,ETH,-0.0020202175869115,return_1h_ahead,hourly_ridge_coldstart_v1
2026-03-22 05:00:00+00:00,ETH,-0.0025593545061105,return_1h_ahead,hourly_ridge_coldstart_v1
2026-03-22 06:00:00+00:00,ETH,-0.00254914324979,return_1h_ahead,hourly_ridge_coldstart_v1
2026-03-22 07:00:00+00:00,ETH,-0.0025199846665648,return_1h_ahead,hourly_ridge_coldstart_v1
2026-03-22 08:00:00+00:00,ETH,-0.0029357817101326,return_1h_ahead,hourly_ridge_coldstart_v1
2026-03-22 09:00:00+00:00,ETH,-0.0012488445202001,return_1h_ahead,hourly_ridge_coldstart_v1
2026-03-22 10:00:00+00:00,ETH,-0.0003054423590283,return_1h_ahead,hourly_ridge_coldstart_v1
2026-03-22 11:00:00+00:00,ETH,-0.0003488336432364,return_1h_ahead,hourly_ridge_coldstart_v1
2026-03-22 12:00:00+00:00,ETH,-0.0003787879235066,return_1h_ahead,hourly_ridge_coldstart_v1
2026-03-22 13:00:00+00:00,ETH,-0.0004242039091478,return_1h_ahead,hourly_ridge_coldstart_v1
2026-03-22 14:00:00+00:00,ETH,0.0005412654891649,return_1h_ahead,hourly_ridge_coldstart_v1
2026-03-22 15:00:00+00:00,ETH,0.0005574001558125,return_1h_ahead,hourly_ridge_coldstart_v1
2026-03-22 16:00:00+00:00,ETH,0.0005528362118882,return_1h_ahead,hourly_ridge_coldstart_v1
2026-03-22 17:00:00+00:00,ETH,0.0005613462557635,return_1h_ahead,hourly_ridge_coldstart_v1
2026-03-22 18:00:00+00:00,ETH,-0.0003382432559832,return_1h_ahead,hourly_ridge_coldstart_v1
2026-03-22 19:00:00+00:00,ETH,-7.743651189526962e-05,return_1h_ahead,hourly_ridge_coldstart_v1
2026-03-22 20:00:00+00:00,ETH,-1.8349613832860047e-06,return_1h_ahead,hourly_ridge_coldstart_v1
2026-03-22 21:00:00+00:00,ETH,-0.001064641052848,return_1h_ahead,hourly_ridge_coldstart_v1
2026-03-22 22:00:00+00:00,ETH,-0.0007608050413806,return_1h_ahead,hourly_ridge_coldstart_v1
2026-03-22 23:00:00+00:00,ETH,-0.000968854655302,return_1h_ahead,hourly_ridge_coldstart_v1
2026-03-23 02:00:00+00:00,ETH,-0.0011648762962144,return_1h_ahead,hourly_ridge_coldstart_v1
2026-03-23 05:00:00+00:00,ETH,-0.0009434514555269,return_1h_ahead,hourly_ridge_coldstart_v1
2026-03-23 07:00:00+00:00,ETH,-0.0022664167253466,return_1h_ahead,hourly_ridge_coldstart_v1
2026-03-23 08:00:00+00:00,ETH,-0.001273718668945,return_1h_ahead,hourly_ridge_coldstart_v1
2026-03-23 10:00:00+00:00,ETH,-0.0014168237214076,return_1h_ahead,hourly_ridge_coldstart_v1
2026-03-23 11:00:00+00:00,ETH,-0.0035143831987642,return_1h_ahead,hourly_ridge_coldstart_v1
2026-03-23 13:00:00+00:00,ETH,-0.0055949552253103,return_1h_ahead,hourly_ridge_coldstart_v1
2026-03-23 14:00:00+00:00,ETH,-0.0049196675225977,return_1h_ahead,hourly_ridge_coldstart_v1
2026-03-23 16:00:00+00:00,ETH,-0.0064174048100028,return_1h_ahead,hourly_ridge_coldstart_v1
2026-03-23 17:00:00+00:00,ETH,-0.0055879177029791,return_1h_ahead,hourly_ridge_coldstart_v1
2026-03-23 18:00:00+00:00,ETH,-0.0052593051645991,return_1h_ahead,hourly_ridge_coldstart_v1
2026-03-23 19:00:00+00:00,ETH,-0.0025186059294607,return_1h_ahead,hourly_ridge_coldstart_v1
2026-03-23 20:00:00+00:00,ETH,-0.0022899792295121,return_1h_ahead,hourly_ridge_coldstart_v1
2026-03-23 21:00:00+00:00,ETH,-0.0019821812877328,return_1h_ahead,hourly_ridge_coldstart_v1
2026-03-23 22:00:00+00:00,ETH,-0.0008482590011924,return_1h_ahead,hourly_ridge_coldstart_v1
2026-03-23 23:00:00+00:00,ETH,-0.0005895509458121,return_1h_ahead,hourly_ridge_coldstart_v1
2026-03-24 02:00:00+00:00,ETH,-2.778795096946955e-05,return_1h_ahead,hourly_ridge_coldstart_v1
2026-03-24 04:00:00+00:00,ETH,3.409826149327038e-05,return_1h_ahead,hourly_ridge_coldstart_v1
2026-03-24 06:00:00+00:00,ETH,0.0002444242700752,return_1h_ahead,hourly_ridge_coldstart_v1
2026-03-24 07:00:00+00:00,ETH,-0.0003826266531214,return_1h_ahead,hourly_ridge_coldstart_v1
2026-03-24 08:00:00+00:00,ETH,-0.0006903470704221,return_1h_ahead,hourly_ridge_coldstart_v1
2026-03-24 09:00:00+00:00,ETH,-0.0005499226798368,return_1h_ahead,hourly_ridge_coldstart_v1
2026-03-24 10:00:00+00:00,ETH,-0.0006608914083656,return_1h_ahead,hourly_ridge_coldstart_v1
2026-03-24 11:00:00+00:00,ETH,-0.0003640709050264,return_1h_ahead,hourly_ridge_coldstart_v1
2026-03-24 13:00:00+00:00,ETH,-0.0012423779572433,return_1h_ahead,hourly_ridge_coldstart_v1
2026-03-24 14:00:00+00:00,ETH,-0.0008070509881748,return_1h_ahead,hourly_ridge_coldstart_v1
2026-03-24 16:00:00+00:00,ETH,-0.0005761560981657,return_1h_ahead,hourly_ridge_coldstart_v1
2026-03-24 17:00:00+00:00,ETH,-0.001356370460325,return_1h_ahead,hourly_ridge_coldstart_v1
2026-03-24 19:00:00+00:00,ETH,-0.0010317854321839,return_1h_ahead,hourly_ridge_coldstart_v1
2026-03-24 20:00:00+00:00,ETH,-0.0012466102259917,return_1h_ahead,hourly_ridge_coldstart_v1
2026-03-24 21:00:00+00:00,ETH,-0.0015772026199649,return_1h_ahead,hourly_ridge_coldstart_v1
2026-03-24 22:00:00+00:00,ETH,-0.0013917092550561,return_1h_ahead,hourly_ridge_coldstart_v1
2026-03-24 23:00:00+00:00,ETH,-0.0012335315029539,return_1h_ahead,hourly_ridge_coldstart_v1
2026-03-25 02:00:00+00:00,ETH,-0.0007681253671114,return_1h_ahead,hourly_ridge_coldstart_v1
2026-03-25 04:00:00+00:00,ETH,-0.0005518676892142,return_1h_ahead,hourly_ridge_coldstart_v1
2026-03-25 06:00:00+00:00,ETH,-1.7340953124851905e-05,return_1h_ahead,hourly_ridge_coldstart_v1
2026-03-25 07:00:00+00:00,ETH,-0.0001327402281294,return_1h_ahead,hourly_ridge_coldstart_v1
2026-03-25 08:00:00+00:00,ETH,6.068812795969938e-05,return_1h_ahead,hourly_ridge_coldstart_v1
2026-03-25 09:00:00+00:00,ETH,0.000165051815095,return_1h_ahead,hourly_ridge_coldstart_v1
2026-03-25 10:00:00+00:00,ETH,0.0003910161569332,return_1h_ahead,hourly_ridge_coldstart_v1
2026-03-25 11:00:00+00:00,ETH,0.0004252016686338,return_1h_ahead,hourly_ridge_coldstart_v1
2026-03-25 13:00:00+00:00,ETH,-0.0001950009529846,return_1h_ahead,hourly_ridge_coldstart_v1
2026-03-25 15:00:00+00:00,ETH,-0.0002280361255542,return_1h_ahead,hourly_ridge_coldstart_v1
2026-03-25 16:00:00+00:00,ETH,-0.0004340400800041,return_1h_ahead,hourly_ridge_coldstart_v1
2026-03-25 17:00:00+00:00,ETH,-0.0001768771464918,return_1h_ahead,hourly_ridge_coldstart_v1
2026-03-25 19:00:00+00:00,ETH,-0.0001501546045683,return_1h_ahead,hourly_ridge_coldstart_v1
2026-03-25 20:00:00+00:00,ETH,-0.0001056713431685,return_1h_ahead,hourly_ridge_coldstart_v1
2026-03-25 21:00:00+00:00,ETH,1.2257917459509516e-05,return_1h_ahead,hourly_ridge_coldstart_v1
2026-03-25 22:00:00+00:00,ETH,-1.0672747169788151e-05,return_1h_ahead,hourly_ridge_coldstart_v1
2026-03-25 23:00:00+00:00,ETH,0.0001911352883999,return_1h_ahead,hourly_ridge_coldstart_v1
2026-03-26 02:00:00+00:00,ETH,-0.000384911427913,return_1h_ahead,hourly_ridge_coldstart_v1
2026-03-26 05:00:00+00:00,ETH,-0.0001992347296341,return_1h_ahead,hourly_ridge_coldstart_v1
2026-03-26 07:00:00+00:00,ETH,-0.0010324225486814,return_1h_ahead,hourly_ridge_coldstart_v1
2026-03-26 08:00:00+00:00,ETH,-0.0006045725148612,return_1h_ahead,hourly_ridge_coldstart_v1
2026-03-26 10:00:00+00:00,ETH,-0.0014851596586169,return_1h_ahead,hourly_ridge_coldstart_v1
2026-03-26 11:00:00+00:00,ETH,-0.0009275307321316,return_1h_ahead,hourly_ridge_coldstart_v1
2026-03-26 13:00:00+00:00,ETH,-0.0010437483312174,return_1h_ahead,hourly_ridge_coldstart_v1
2026-03-26 15:00:00+00:00,ETH,-0.001246856072751,return_1h_ahead,hourly_ridge_coldstart_v1
2026-03-26 17:00:00+00:00,ETH,-0.0011838587821065,return_1h_ahead,hourly_ridge_coldstart_v1
2026-03-26 19:00:00+00:00,ETH,-0.0012243565562203,return_1h_ahead,hourly_ridge_coldstart_v1
2026-03-26 20:00:00+00:00,ETH,-0.0005907054322701,return_1h_ahead,hourly_ridge_coldstart_v1
2026-03-26 21:00:00+00:00,ETH,-0.0008969196863445,return_1h_ahead,hourly_ridge_coldstart_v1
2026-03-26 22:00:00+00:00,ETH,-0.0011596691754485,return_1h_ahead,hourly_ridge_coldstart_v1
2026-03-26 23:00:00+00:00,ETH,-0.0010107263310185,return_1h_ahead,hourly_ridge_coldstart_v1
2026-03-27 02:00:00+00:00,ETH,-0.0008029733186235,return_1h_ahead,hourly_ridge_coldstart_v1
2026-03-27 05:00:00+00:00,ETH,-0.0012490089120251,return_1h_ahead,hourly_ridge_coldstart_v1
2026-03-27 07:00:00+00:00,ETH,-0.0003393595863094,return_1h_ahead,hourly_ridge_coldstart_v1
2026-03-27 08:00:00+00:00,ETH,-0.0007398109054464,return_1h_ahead,hourly_ridge_coldstart_v1
2026-03-27 09:00:00+00:00,ETH,-0.0005565504983489,return_1h_ahead,hourly_ridge_coldstart_v1
2026-03-27 10:00:00+00:00,ETH,-0.0017120996120268,return_1h_ahead,hourly_ridge_coldstart_v1
2026-03-27 11:00:00+00:00,ETH,-0.0010668646301071,return_1h_ahead,hourly_ridge_coldstart_v1
2026-03-27 13:00:00+00:00,ETH,-0.0009169394733106,return_1h_ahead,hourly_ridge_coldstart_v1
2026-03-27 14:00:00+00:00,ETH,-0.0006027962190781,return_1h_ahead,hourly_ridge_coldstart_v1
2026-03-27 15:00:00+00:00,ETH,-0.0007668753904356,return_1h_ahead,hourly_ridge_coldstart_v1
2026-03-27 16:00:00+00:00,ETH,-0.0010468923068813,return_1h_ahead,hourly_ridge_coldstart_v1
2026-03-27 17:00:00+00:00,ETH,-0.0003957589276331,return_1h_ahead,hourly_ridge_coldstart_v1
2026-03-27 18:00:00+00:00,ETH,-0.000124613560838,return_1h_ahead,hourly_ridge_coldstart_v1
2026-03-27 19:00:00+00:00,ETH,-0.0001950477700967,return_1h_ahead,hourly_ridge_coldstart_v1
2026-03-27 20:00:00+00:00,ETH,-0.0004600277401937,return_1h_ahead,hourly_ridge_coldstart_v1
2026-03-27 21:00:00+00:00,ETH,-6.9871496757703e-05,return_1h_ahead,hourly_ridge_coldstart_v1
2026-03-27 22:00:00+00:00,ETH,-0.0001922415180298,return_1h_ahead,hourly_ridge_coldstart_v1
2026-03-27 23:00:00+00:00,ETH,7.100945284186229e-05,return_1h_ahead,hourly_ridge_coldstart_v1
2026-03-28 02:00:00+00:00,ETH,0.0001183984557027,return_1h_ahead,hourly_ridge_coldstart_v1
2026-03-28 04:00:00+00:00,ETH,0.0001848371136582,return_1h_ahead,hourly_ridge_coldstart_v1
2026-03-28 05:00:00+00:00,ETH,0.0005162167073902,return_1h_ahead,hourly_ridge_coldstart_v1
2026-03-28 07:00:00+00:00,ETH,0.000539464963225,return_1h_ahead,hourly_ridge_coldstart_v1
2026-03-28 08:00:00+00:00,ETH,0.0005742098112045,return_1h_ahead,hourly_ridge_coldstart_v1
2026-03-28 09:00:00+00:00,ETH,0.0002928379215324,return_1h_ahead,hourly_ridge_coldstart_v1
2026-03-28 10:00:00+00:00,ETH,0.000310842044033,return_1h_ahead,hourly_ridge_coldstart_v1
2026-03-28 11:00:00+00:00,ETH,0.0003813863752064,return_1h_ahead,hourly_ridge_coldstart_v1
2026-03-28 12:00:00+00:00,ETH,0.000402458069126,return_1h_ahead,hourly_ridge_coldstart_v1
2026-03-28 13:00:00+00:00,ETH,-5.937646051856142e-05,return_1h_ahead,hourly_ridge_coldstart_v1
2026-03-28 14:00:00+00:00,ETH,-0.000479662680966,return_1h_ahead,hourly_ridge_coldstart_v1
2026-03-28 15:00:00+00:00,ETH,-0.0003103694883079,return_1h_ahead,hourly_ridge_coldstart_v1
2026-03-28 16:00:00+00:00,ETH,-0.0003750828369575,return_1h_ahead,hourly_ridge_coldstart_v1
2026-03-28 17:00:00+00:00,ETH,-0.0005454754760813,return_1h_ahead,hourly_ridge_coldstart_v1
2026-03-28 18:00:00+00:00,ETH,-0.0004838150674908,return_1h_ahead,hourly_ridge_coldstart_v1
2026-03-28 19:00:00+00:00,ETH,0.0005115900326155,return_1h_ahead,hourly_ridge_coldstart_v1
2026-03-28 20:00:00+00:00,ETH,0.0005285946246367,return_1h_ahead,hourly_ridge_coldstart_v1
2026-03-28 21:00:00+00:00,ETH,0.0004493699758605,return_1h_ahead,hourly_ridge_coldstart_v1
2026-03-28 22:00:00+00:00,ETH,0.0002807201124615,return_1h_ahead,hourly_ridge_coldstart_v1
2026-03-28 23:00:00+00:00,ETH,-7.053089099987503e-05,return_1h_ahead,hourly_ridge_coldstart_v1
2026-03-29 02:00:00+00:00,ETH,6.226940712241035e-05,return_1h_ahead,hourly_ridge_coldstart_v1
2026-03-29 05:00:00+00:00,ETH,-0.0001097413953518,return_1h_ahead,hourly_ridge_coldstart_v1
2026-03-29 07:00:00+00:00,ETH,-1.171861808824939e-05,return_1h_ahead,hourly_ridge_coldstart_v1
2026-03-29 08:00:00+00:00,ETH,-1.4465791685859682e-05,return_1h_ahead,hourly_ridge_coldstart_v1
2026-03-29 09:00:00+00:00,ETH,-0.0001745607125396,return_1h_ahead,hourly_ridge_coldstart_v1
2026-03-29 10:00:00+00:00,ETH,0.0001270171091674,return_1h_ahead,hourly_ridge_coldstart_v1
2026-03-29 11:00:00+00:00,ETH,0.0002958730955871,return_1h_ahead,hourly_ridge_coldstart_v1
2026-03-29 12:00:00+00:00,ETH,0.0001508534811329,return_1h_ahead,hourly_ridge_coldstart_v1
2026-03-29 13:00:00+00:00,ETH,-0.0002399971201147,return_1h_ahead,hourly_ridge_coldstart_v1
2026-03-29 14:00:00+00:00,ETH,9.132710683187612e-06,return_1h_ahead,hourly_ridge_coldstart_v1
2026-03-29 15:00:00+00:00,ETH,-8.582245572034633e-05,return_1h_ahead,hourly_ridge_coldstart_v1
2026-03-29 16:00:00+00:00,ETH,-6.706413807814661e-06,return_1h_ahead,hourly_ridge_coldstart_v1
2026-03-29 17:00:00+00:00,ETH,-0.00030255769062,return_1h_ahead,hourly_ridge_coldstart_v1
2026-03-29 18:00:00+00:00,ETH,-0.0001535136553418,return_1h_ahead,hourly_ridge_coldstart_v1
2026-03-29 19:00:00+00:00,ETH,-8.599414155362032e-05,return_1h_ahead,hourly_ridge_coldstart_v1
2026-03-29 20:00:00+00:00,ETH,-1.1642668141151368e-05,return_1h_ahead,hourly_ridge_coldstart_v1
2026-03-29 21:00:00+00:00,ETH,-6.872375824509754e-05,return_1h_ahead,hourly_ridge_coldstart_v1
2026-03-29 22:00:00+00:00,ETH,-0.0002943462358533,return_1h_ahead,hourly_ridge_coldstart_v1
2026-03-29 23:00:00+00:00,ETH,-0.0003220171729216,return_1h_ahead,hourly_ridge_coldstart_v1
2026-03-30 02:00:00+00:00,ETH,-0.0005083822958529,return_1h_ahead,hourly_ridge_coldstart_v1
2026-03-30 05:00:00+00:00,ETH,-0.0011103467621744,return_1h_ahead,hourly_ridge_coldstart_v1
2026-03-30 07:00:00+00:00,ETH,-0.0020433462436829,return_1h_ahead,hourly_ridge_coldstart_v1
2026-03-30 09:00:00+00:00,ETH,-0.001642920142741,return_1h_ahead,hourly_ridge_coldstart_v1
2026-03-30 11:00:00+00:00,ETH,-0.0017851409338215,return_1h_ahead,hourly_ridge_coldstart_v1
2026-03-30 13:00:00+00:00,ETH,-0.0011666034443614,return_1h_ahead,hourly_ridge_coldstart_v1
2026-03-30 15:00:00+00:00,ETH,-0.0013501989256287,return_1h_ahead,hourly_ridge_coldstart_v1
2026-03-30 16:00:00+00:00,ETH,-0.0007471166543127,return_1h_ahead,hourly_ridge_coldstart_v1
2026-03-30 17:00:00+00:00,ETH,-0.0009851537529415,return_1h_ahead,hourly_ridge_coldstart_v1
2026-03-30 19:00:00+00:00,ETH,-0.0010127346071915,return_1h_ahead,hourly_ridge_coldstart_v1
2026-03-30 20:00:00+00:00,ETH,-0.0007007564106783,return_1h_ahead,hourly_ridge_coldstart_v1
2026-03-30 21:00:00+00:00,ETH,-0.0005359980878926,return_1h_ahead,hourly_ridge_coldstart_v1
2026-03-30 22:00:00+00:00,ETH,-0.0009207157783355,return_1h_ahead,hourly_ridge_coldstart_v1
2026-03-30 23:00:00+00:00,ETH,-0.0009292002737353,return_1h_ahead,hourly_ridge_coldstart_v1
2026-03-31 02:00:00+00:00,ETH,-0.0015068754113935,return_1h_ahead,hourly_ridge_coldstart_v1
2026-03-31 05:00:00+00:00,ETH,-0.0025247137241463,return_1h_ahead,hourly_ridge_coldstart_v1
2026-03-31 07:00:00+00:00,ETH,-0.0024479668189919,return_1h_ahead,hourly_ridge_coldstart_v1
2026-03-31 09:00:00+00:00,ETH,-0.0025142182715534,return_1h_ahead,hourly_ridge_coldstart_v1
2026-03-31 10:00:00+00:00,ETH,-0.0026776192309938,return_1h_ahead,hourly_ridge_coldstart_v1
2026-03-31 11:00:00+00:00,ETH,-0.0022359955676689,return_1h_ahead,hourly_ridge_coldstart_v1
2026-03-31 13:00:00+00:00,ETH,-0.0008100720667127,return_1h_ahead,hourly_ridge_coldstart_v1
2026-03-31 15:00:00+00:00,ETH,-0.0011470666594314,return_1h_ahead,hourly_ridge_coldstart_v1
2026-03-31 16:00:00+00:00,ETH,-0.0011940985898012,return_1h_ahead,hourly_ridge_coldstart_v1
2026-03-31 17:00:00+00:00,ETH,-0.0015195432967355,return_1h_ahead,hourly_ridge_coldstart_v1
2026-03-31 19:00:00+00:00,ETH,-0.0010075604327321,return_1h_ahead,hourly_ridge_coldstart_v1
2026-03-31 20:00:00+00:00,ETH,-0.0010326713969968,return_1h_ahead,hourly_ridge_coldstart_v1
2026-03-31 21:00:00+00:00,ETH,-0.0011881434271063,return_1h_ahead,hourly_ridge_coldstart_v1
2026-03-31 22:00:00+00:00,ETH,-0.0013101913733924,return_1h_ahead,hourly_ridge_coldstart_v1
2026-03-31 23:00:00+00:00,ETH,0.000137887995485,return_1h_ahead,hourly_ridge_coldstart_v1
2026-04-01 02:00:00+00:00,ETH,-0.0005735150715637,return_1h_ahead,hourly_ridge_coldstart_v1
2026-04-01 05:00:00+00:00,ETH,-0.0007181703073044,return_1h_ahead,hourly_ridge_coldstart_v1
2026-04-01 07:00:00+00:00,ETH,-0.0010916176018996,return_1h_ahead,hourly_ridge_coldstart_v1
2026-04-01 09:00:00+00:00,ETH,-0.0014928248770201,return_1h_ahead,hourly_ridge_coldstart_v1
2026-04-01 10:00:00+00:00,ETH,-0.001421123302287,return_1h_ahead,hourly_ridge_coldstart_v1
2026-04-01 11:00:00+00:00,ETH,-0.0012983818835933,return_1h_ahead,hourly_ridge_coldstart_v1
2026-04-01 13:00:00+00:00,ETH,-0.0011899492518563,return_1h_ahead,hourly_ridge_coldstart_v1
2026-04-01 15:00:00+00:00,ETH,-0.0004377435495498,return_1h_ahead,hourly_ridge_coldstart_v1
2026-04-01 16:00:00+00:00,ETH,3.3541348045101795e-05,return_1h_ahead,hourly_ridge_coldstart_v1
2026-04-01 17:00:00+00:00,ETH,-0.0005277390770827,return_1h_ahead,hourly_ridge_coldstart_v1
2026-04-01 19:00:00+00:00,ETH,-0.0004687168077219,return_1h_ahead,hourly_ridge_coldstart_v1
2026-04-01 20:00:00+00:00,ETH,-0.000319596657487,return_1h_ahead,hourly_ridge_coldstart_v1
2026-04-01 21:00:00+00:00,ETH,-0.0003542004488518,return_1h_ahead,hourly_ridge_coldstart_v1
2026-04-01 22:00:00+00:00,ETH,-0.0009450392490721,return_1h_ahead,hourly_ridge_coldstart_v1
2026-04-01 23:00:00+00:00,ETH,-0.0005585724132027,return_1h_ahead,hourly_ridge_coldstart_v1
2026-04-02 02:00:00+00:00,ETH,-0.002705309770576,return_1h_ahead,hourly_ridge_coldstart_v1
2026-04-02 05:00:00+00:00,ETH,-0.0029380695397299,return_1h_ahead,hourly_ridge_coldstart_v1
2026-04-02 07:00:00+00:00,ETH,-0.0021881945492186,return_1h_ahead,hourly_ridge_coldstart_v1
2026-04-02 08:00:00+00:00,ETH,-0.0017110059165121,return_1h_ahead,hourly_ridge_coldstart_v1
2026-04-02 10:00:00+00:00,ETH,-0.001870064528071,return_1h_ahead,hourly_ridge_coldstart_v1
2026-04-02 11:00:00+00:00,ETH,-0.0018960580300348,return_1h_ahead,hourly_ridge_coldstart_v1
2026-04-02 13:00:00+00:00,ETH,-0.0010887078906046,return_1h_ahead,hourly_ridge_coldstart_v1
2026-04-02 14:00:00+00:00,ETH,-0.0008719307400991,return_1h_ahead,hourly_ridge_coldstart_v1
2026-04-02 16:00:00+00:00,ETH,-0.0016526228945774,return_1h_ahead,hourly_ridge_coldstart_v1
2026-04-02 17:00:00+00:00,ETH,-0.0017043738164528,return_1h_ahead,hourly_ridge_coldstart_v1
2026-04-02 18:00:00+00:00,ETH,-0.0014980368804983,return_1h_ahead,hourly_ridge_coldstart_v1
2026-04-02 19:00:00+00:00,ETH,-0.0014378907747244,return_1h_ahead,hourly_ridge_coldstart_v1
2026-04-02 20:00:00+00:00,ETH,-0.0011851384725469,return_1h_ahead,hourly_ridge_coldstart_v1
2026-04-02 21:00:00+00:00,ETH,-0.0001141197684501,return_1h_ahead,hourly_ridge_coldstart_v1
2026-04-02 22:00:00+00:00,ETH,5.122934128831577e-05,return_1h_ahead,hourly_ridge_coldstart_v1
2026-04-02 23:00:00+00:00,ETH,8.674361505044359e-05,return_1h_ahead,hourly_ridge_coldstart_v1
2026-04-03 02:00:00+00:00,ETH,0.0002110163847606,return_1h_ahead,hourly_ridge_coldstart_v1
2026-04-03 05:00:00+00:00,ETH,0.0002742425332348,return_1h_ahead,hourly_ridge_coldstart_v1
2026-04-03 07:00:00+00:00,ETH,0.0003232105932189,return_1h_ahead,hourly_ridge_coldstart_v1
2026-04-03 08:00:00+00:00,ETH,0.0002919365466071,return_1h_ahead,hourly_ridge_coldstart_v1
2026-04-03 09:00:00+00:00,ETH,0.0003686982324693,return_1h_ahead,hourly_ridge_coldstart_v1
2026-04-03 10:00:00+00:00,ETH,0.0002627244870197,return_1h_ahead,hourly_ridge_coldstart_v1
2026-04-03 11:00:00+00:00,ETH,0.00035886414928,return_1h_ahead,hourly_ridge_coldstart_v1
2026-04-03 13:00:00+00:00,ETH,-0.0002427937567486,return_1h_ahead,hourly_ridge_coldstart_v1
2026-04-03 14:00:00+00:00,ETH,0.0001304013664639,return_1h_ahead,hourly_ridge_coldstart_v1
2026-04-03 15:00:00+00:00,ETH,0.0001049476970727,return_1h_ahead,hourly_ridge_coldstart_v1
2026-04-03 16:00:00+00:00,ETH,0.0001314432377048,return_1h_ahead,hourly_ridge_coldstart_v1
2026-04-03 17:00:00+00:00,ETH,4.626204254956721e-05,return_1h_ahead,hourly_ridge_coldstart_v1
2026-04-03 18:00:00+00:00,ETH,0.0002142187651463,return_1h_ahead,hourly_ridge_coldstart_v1
2026-04-03 19:00:00+00:00,ETH,0.0006261680392531,return_1h_ahead,hourly_ridge_coldstart_v1
2026-04-03 20:00:00+00:00,ETH,0.0006459440005846,return_1h_ahead,hourly_ridge_coldstart_v1
2026-04-03 21:00:00+00:00,ETH,0.0006012104851766,return_1h_ahead,hourly_ridge_coldstart_v1
2026-04-03 22:00:00+00:00,ETH,0.0004645919464651,return_1h_ahead,hourly_ridge_coldstart_v1
2026-04-03 23:00:00+00:00,ETH,0.0004536166763288,return_1h_ahead,hourly_ridge_coldstart_v1
2026-04-04 02:00:00+00:00,ETH,0.0005218800416755,return_1h_ahead,hourly_ridge_coldstart_v1
2026-04-04 04:00:00+00:00,ETH,0.0004741582367257,return_1h_ahead,hourly_ridge_coldstart_v1
2026-04-04 05:00:00+00:00,ETH,0.0005412208021112,return_1h_ahead,hourly_ridge_coldstart_v1
2026-04-04 07:00:00+00:00,ETH,0.0006137540417391,return_1h_ahead,hourly_ridge_coldstart_v1
2026-04-04 08:00:00+00:00,ETH,0.0005241363807454,return_1h_ahead,hourly_ridge_coldstart_v1
2026-04-04 09:00:00+00:00,ETH,0.0005515167303312,return_1h_ahead,hourly_ridge_coldstart_v1
2026-04-04 10:00:00+00:00,ETH,0.0005691816343273,return_1h_ahead,hourly_ridge_coldstart_v1
2026-04-04 11:00:00+00:00,ETH,0.0005837904871227,return_1h_ahead,hourly_ridge_coldstart_v1
2026-04-04 12:00:00+00:00,ETH,0.0005030983730178,return_1h_ahead,hourly_ridge_coldstart_v1
2026-04-04 13:00:00+00:00,ETH,0.0005687994068105,return_1h_ahead,hourly_ridge_coldstart_v1
2026-04-04 14:00:00+00:00,ETH,0.0005715624666995,return_1h_ahead,hourly_ridge_coldstart_v1
2026-04-04 15:00:00+00:00,ETH,0.0006217668805857,return_1h_ahead,hourly_ridge_coldstart_v1
2026-04-04 16:00:00+00:00,ETH,0.0006414940686678,return_1h_ahead,hourly_ridge_coldstart_v1
2026-04-04 17:00:00+00:00,ETH,0.0005915751263934,return_1h_ahead,hourly_ridge_coldstart_v1
2026-04-04 18:00:00+00:00,ETH,0.0005765268737841,return_1h_ahead,hourly_ridge_coldstart_v1
2026-04-04 19:00:00+00:00,ETH,0.0004330797956945,return_1h_ahead,hourly_ridge_coldstart_v1
2026-04-04 20:00:00+00:00,ETH,3.787246453794733e-05,return_1h_ahead,hourly_ridge_coldstart_v1
2026-04-04 21:00:00+00:00,ETH,0.0001728125080767,return_1h_ahead,hourly_ridge_coldstart_v1
2026-04-04 22:00:00+00:00,ETH,0.000186073670595,return_1h_ahead,hourly_ridge_coldstart_v1
2026-04-04 23:00:00+00:00,ETH,-0.0001020440560956,return_1h_ahead,hourly_ridge_coldstart_v1
2026-04-05 02:00:00+00:00,ETH,-0.0001485284703631,return_1h_ahead,hourly_ridge_coldstart_v1
2026-04-05 05:00:00+00:00,ETH,0.00025777204029584655,return_1h_ahead,hourly_ridge_coldstart_v1
